#
# There is insufficient memory for the Java Runtime Environment to continue.
# Native memory allocation (mmap) failed to map 11534336 bytes. Error detail: G1 virtual space
# Possible reasons:
#   The system is out of physical RAM or swap space
#   This process is running with CompressedOops enabled, and the Java Heap may be blocking the growth of the native heap
# Possible solutions:
#   Reduce memory load on the system
#   Increase physical memory or swap space
#   Check if swap backing store is full
#   Decrease Java heap size (-Xmx/-Xms)
#   Decrease number of Java threads
#   Decrease Java thread stack sizes (-Xss)
#   Set larger code cache with -XX:ReservedCodeCacheSize=
#   JVM is running with Unscaled Compressed Oops mode in which the Java heap is
#     placed in the first 4GB address space. The Java Heap base address is the
#     maximum limit for the native heap growth. Please use -XX:HeapBaseMinAddress
#     to set the Java Heap base and to place the Java Heap above 4GB virtual address.
# This output file may be truncated or incomplete.
#
#  Out of Memory Error (os_windows.cpp:3926), pid=35940, tid=21160
#
# JRE version: OpenJDK Runtime Environment (21.0.10) (build 21.0.10+-14961533-b1163.108)
# Java VM: OpenJDK 64-Bit Server VM (21.0.10+-14961533-b1163.108, mixed mode, tiered, compressed oops, compressed class ptrs, g1 gc, windows-amd64)
# No core dump will be written. Minidumps are not enabled by default on client versions of Windows
#

---------------  S U M M A R Y ------------

Command Line: --add-opens=java.base/java.lang=ALL-UNNAMED --add-opens=java.base/java.lang.invoke=ALL-UNNAMED --add-opens=java.base/java.util=ALL-UNNAMED --add-opens=java.prefs/java.util.prefs=ALL-UNNAMED --add-exports=jdk.compiler/com.sun.tools.javac.api=ALL-UNNAMED --add-exports=jdk.compiler/com.sun.tools.javac.util=ALL-UNNAMED --add-opens=java.base/java.util=ALL-UNNAMED --add-opens=java.prefs/java.util.prefs=ALL-UNNAMED --add-opens=java.base/java.nio.charset=ALL-UNNAMED --add-opens=java.base/java.net=ALL-UNNAMED --add-opens=java.base/java.util.concurrent.atomic=ALL-UNNAMED --add-opens=java.xml/javax.xml.namespace=ALL-UNNAMED -Xmx2048m -Dfile.encoding=UTF-8 -Duser.country=IN -Duser.language=en -Duser.variant -javaagent:C:\Users\Apoorv Rathore\AndroidStudioProjects\.gradle\wrapper\dists\gradle-8.13-bin\5xuhj0ry160q40clulazy9h7d\gradle-8.13\lib\agents\gradle-instrumentation-agent-8.13.jar org.gradle.launcher.daemon.bootstrap.GradleDaemon 8.13

Host: AMD Ryzen 5 5500U with Radeon Graphics         , 12 cores, 7G,  Windows 11 , 64 bit Build 26100 (10.0.26100.8115)
Time: Thu Apr 16 12:42:54 2026 India Standard Time elapsed time: 790.802460 seconds (0d 0h 13m 10s)

---------------  T H R E A D  ---------------

Current thread (0x000002427d02ee20):  VMThread "VM Thread"          [id=21160, stack(0x0000005161600000,0x0000005161700000) (1024K)]

Stack: [0x0000005161600000,0x0000005161700000]
Native frames: (J=compiled Java code, j=interpreted, Vv=VM code, C=native code)
V  [jvm.dll+0x6d78a9]
V  [jvm.dll+0x8665b3]
V  [jvm.dll+0x868bde]
V  [jvm.dll+0x8692c3]
V  [jvm.dll+0x280ee6]
V  [jvm.dll+0x6d4165]
V  [jvm.dll+0x6c77fa]
V  [jvm.dll+0x358f4b]
V  [jvm.dll+0x360bc6]
V  [jvm.dll+0x3b2ea6]
V  [jvm.dll+0x3b3178]
V  [jvm.dll+0x32b65c]
V  [jvm.dll+0x32e066]
V  [jvm.dll+0x337f3d]
V  [jvm.dll+0x36f6a5]
V  [jvm.dll+0x86f048]
V  [jvm.dll+0x870394]
V  [jvm.dll+0x8708d0]
V  [jvm.dll+0x870b63]
V  [jvm.dll+0x80fd28]
V  [jvm.dll+0x6d60fd]
C  [ucrtbase.dll+0x37b0]
C  [KERNEL32.DLL+0x2e8d7]
C  [ntdll.dll+0x8c3fc]

VM_Operation (0x00000051611ff540): G1PauseRemark, mode: safepoint, requested by thread 0x000002425f255d10


---------------  P R O C E S S  ---------------

Threads class SMR info:
_java_thread_list=0x0000024201ca92c0, length=105, elements={
0x000002425f1efd00, 0x000002427d07b570, 0x000002427d08b290, 0x000002427d08c860,
0x000002427d0a5c40, 0x000002427d0a7510, 0x000002427d0a7f70, 0x000002427d0b2800,
0x000002427d0b4100, 0x000002427d0b7720, 0x000002427d3a8990, 0x000002427e1bc8c0,
0x000002427ee8ba80, 0x000002427e504470, 0x000002427d61d110, 0x000002427df81ac0,
0x000002427eb574f0, 0x000002427e3fdd70, 0x000002427ee6e7a0, 0x000002427ee6c6d0,
0x000002427ee6f4c0, 0x000002427ee6c040, 0x000002427ee6ee30, 0x000002427ee6e110,
0x000002427ee6da80, 0x000002427e0ff0a0, 0x000002427e102bb0, 0x000002427e0ffdc0,
0x000002427e0ff730, 0x000002427e101e90, 0x000002427e103240, 0x000002427e101800,
0x000002427e100450, 0x000002427e102520, 0x000002427e1038d0, 0x000002427e103f60,
0x000002427e100ae0, 0x000002427e1045f0, 0x000002427e101170, 0x000002427e104c80,
0x000002427e105310, 0x000002427e1059a0, 0x000002427e1066c0, 0x000002420246b240,
0x0000024202469e90, 0x0000024202469800, 0x0000024202468ae0, 0x000002420246a520,
0x000002420246d310, 0x000002420246bf60, 0x000002420246c5f0, 0x000002420246cc80,
0x000002420246e030, 0x000002420246abb0, 0x000002420246e6c0, 0x000002420246ed50,
0x000002420246b8d0, 0x000002420246f3e0, 0x000002420246fa70, 0x0000024202470100,
0x0000024200ccf0e0, 0x0000024200ccbc60, 0x0000024200ccc2f0, 0x0000024200ccd6a0,
0x0000024200ccfe00, 0x0000024200ccc980, 0x0000024200ccd010, 0x0000024200ccf770,
0x0000024200ccea50, 0x0000024200cd0490, 0x0000024200cd2bf0, 0x0000024200cd1ed0,
0x0000024200cd2560, 0x0000024200cd3280, 0x000002427ee6cd60, 0x00000242020e5180,
0x00000242020e5810, 0x00000242020e4af0, 0x00000242020e5ea0, 0x00000242020e2a20,
0x00000242020e4460, 0x00000242020e6530, 0x00000242020e30b0, 0x00000242020e6bc0,
0x00000242020e3740, 0x00000242020e7250, 0x00000242020e3dd0, 0x00000242020e9320,
0x00000242020e8600, 0x00000242020e7f70, 0x00000242020e78e0, 0x00000242020e8c90,
0x0000024201264e60, 0x0000024201266f30, 0x00000242012675c0, 0x0000024201268970,
0x00000242012654f0, 0x0000024201269000, 0x0000024201265b80, 0x0000024201269690,
0x0000024201266210, 0x00000242012668a0, 0x0000024201269d20, 0x000002420126a3b0,
0x0000024200a140e0
}

Java Threads: ( => current thread )
  0x000002425f1efd00 JavaThread "main"                              [_thread_blocked, id=19020, stack(0x0000005160f00000,0x0000005161000000) (1024K)]
  0x000002427d07b570 JavaThread "Common-Cleaner"             daemon [_thread_blocked, id=25268, stack(0x0000005161700000,0x0000005161800000) (1024K)]
  0x000002427d08b290 JavaThread "Reference Handler"          daemon [_thread_blocked, id=8292, stack(0x0000005161800000,0x0000005161900000) (1024K)]
  0x000002427d08c860 JavaThread "Finalizer"                  daemon [_thread_blocked, id=24196, stack(0x0000005161900000,0x0000005161a00000) (1024K)]
  0x000002427d0a5c40 JavaThread "Signal Dispatcher"          daemon [_thread_blocked, id=8992, stack(0x0000005161a00000,0x0000005161b00000) (1024K)]
  0x000002427d0a7510 JavaThread "Attach Listener"            daemon [_thread_blocked, id=22448, stack(0x0000005161b00000,0x0000005161c00000) (1024K)]
  0x000002427d0a7f70 JavaThread "Service Thread"             daemon [_thread_blocked, id=34732, stack(0x0000005161c00000,0x0000005161d00000) (1024K)]
  0x000002427d0b2800 JavaThread "Monitor Deflation Thread"   daemon [_thread_blocked, id=17464, stack(0x0000005161d00000,0x0000005161e00000) (1024K)]
  0x000002427d0b4100 JavaThread "C2 CompilerThread0"         daemon [_thread_blocked, id=24968, stack(0x0000005161e00000,0x0000005161f00000) (1024K)]
  0x000002427d0b7720 JavaThread "C1 CompilerThread0"         daemon [_thread_blocked, id=36844, stack(0x0000005161f00000,0x0000005162000000) (1024K)]
  0x000002427d3a8990 JavaThread "Notification Thread"        daemon [_thread_blocked, id=28472, stack(0x0000005162000000,0x0000005162100000) (1024K)]
  0x000002427e1bc8c0 JavaThread "Daemon health stats"               [_thread_blocked, id=28780, stack(0x0000005162600000,0x0000005162700000) (1024K)]
  0x000002427ee8ba80 JavaThread "Incoming local TCP Connector on port 58993"        [_thread_in_native, id=4736, stack(0x0000005162700000,0x0000005162800000) (1024K)]
  0x000002427e504470 JavaThread "Daemon periodic checks"            [_thread_blocked, id=32644, stack(0x0000005162800000,0x0000005162900000) (1024K)]
  0x000002427d61d110 JavaThread "Daemon"                            [_thread_blocked, id=17960, stack(0x0000005162900000,0x0000005162a00000) (1024K)]
  0x000002427df81ac0 JavaThread "Handler for socket connection from /127.0.0.1:58993 to /127.0.0.1:59002"        [_thread_in_native, id=36728, stack(0x0000005162a00000,0x0000005162b00000) (1024K)]
  0x000002427eb574f0 JavaThread "Cancel handler"                    [_thread_blocked, id=4136, stack(0x0000005163100000,0x0000005163200000) (1024K)]
  0x000002427e3fdd70 JavaThread "Daemon worker"                     [_thread_blocked, id=3700, stack(0x0000005163200000,0x0000005163300000) (1024K)]
  0x000002427ee6e7a0 JavaThread "Asynchronous log dispatcher for DefaultDaemonConnection: socket connection from /127.0.0.1:58993 to /127.0.0.1:59002"        [_thread_blocked, id=36640, stack(0x0000005163300000,0x0000005163400000) (1024K)]
  0x000002427ee6c6d0 JavaThread "Stdin handler"                     [_thread_blocked, id=19036, stack(0x0000005163400000,0x0000005163500000) (1024K)]
  0x000002427ee6f4c0 JavaThread "Daemon client event forwarder"        [_thread_blocked, id=23072, stack(0x0000005163500000,0x0000005163600000) (1024K)]
  0x000002427ee6c040 JavaThread "Cache worker for journal cache (C:\Users\Apoorv Rathore\AndroidStudioProjects\.gradle\caches\journal-1)"        [_thread_blocked, id=11576, stack(0x0000005163600000,0x0000005163700000) (1024K)]
  0x000002427ee6ee30 JavaThread "File lock request listener"        [_thread_in_native, id=26356, stack(0x0000005163700000,0x0000005163800000) (1024K)]
  0x000002427ee6e110 JavaThread "Cache worker for file hash cache (C:\Users\Apoorv Rathore\AndroidStudioProjects\.gradle\caches\8.13\fileHashes)"        [_thread_blocked, id=23608, stack(0x0000005163900000,0x0000005163a00000) (1024K)]
  0x000002427ee6da80 JavaThread "Cache worker for file hash cache (C:\Users\Apoorv Rathore\MySanjeevni\.gradle\8.13\fileHashes)"        [_thread_blocked, id=18412, stack(0x0000005163a00000,0x0000005163b00000) (1024K)]
  0x000002427e0ff0a0 JavaThread "Cache worker for Build Output Cleanup Cache (C:\Users\Apoorv Rathore\MySanjeevni\.gradle\buildOutputCleanup)"        [_thread_blocked, id=24244, stack(0x0000005163b00000,0x0000005163c00000) (1024K)]
  0x000002427e102bb0 JavaThread "File watcher server"        daemon [_thread_in_native, id=18948, stack(0x0000005160c00000,0x0000005160d00000) (1024K)]
  0x000002427e0ffdc0 JavaThread "File watcher consumer"      daemon [_thread_blocked, id=27692, stack(0x0000005160d00000,0x0000005160e00000) (1024K)]
  0x000002427e0ff730 JavaThread "jar transforms"                    [_thread_blocked, id=6012, stack(0x0000005163c00000,0x0000005163d00000) (1024K)]
  0x000002427e101e90 JavaThread "jar transforms Thread 2"           [_thread_blocked, id=10880, stack(0x0000005163d00000,0x0000005163e00000) (1024K)]
  0x000002427e103240 JavaThread "jar transforms Thread 3"           [_thread_blocked, id=24080, stack(0x0000005163e00000,0x0000005163f00000) (1024K)]
  0x000002427e101800 JavaThread "jar transforms Thread 4"           [_thread_blocked, id=12396, stack(0x0000005163f00000,0x0000005164000000) (1024K)]
  0x000002427e100450 JavaThread "jar transforms Thread 5"           [_thread_blocked, id=33848, stack(0x0000005164000000,0x0000005164100000) (1024K)]
  0x000002427e102520 JavaThread "jar transforms Thread 6"           [_thread_blocked, id=32728, stack(0x0000005164100000,0x0000005164200000) (1024K)]
  0x000002427e1038d0 JavaThread "jar transforms Thread 7"           [_thread_blocked, id=31696, stack(0x0000005164200000,0x0000005164300000) (1024K)]
  0x000002427e103f60 JavaThread "jar transforms Thread 8"           [_thread_blocked, id=18440, stack(0x0000005164300000,0x0000005164400000) (1024K)]
  0x000002427e100ae0 JavaThread "jar transforms Thread 9"           [_thread_blocked, id=15568, stack(0x0000005164400000,0x0000005164500000) (1024K)]
  0x000002427e1045f0 JavaThread "jar transforms Thread 10"          [_thread_blocked, id=9224, stack(0x0000005164500000,0x0000005164600000) (1024K)]
  0x000002427e101170 JavaThread "jar transforms Thread 11"          [_thread_blocked, id=34320, stack(0x0000005164600000,0x0000005164700000) (1024K)]
  0x000002427e104c80 JavaThread "jar transforms Thread 12"          [_thread_blocked, id=36280, stack(0x0000005164700000,0x0000005164800000) (1024K)]
  0x000002427e105310 JavaThread "Cache worker for checksums cache (C:\Users\Apoorv Rathore\MySanjeevni\.gradle\8.13\checksums)"        [_thread_blocked, id=21936, stack(0x0000005160e00000,0x0000005160f00000) (1024K)]
  0x000002427e1059a0 JavaThread "Cache worker for file content cache (C:\Users\Apoorv Rathore\AndroidStudioProjects\.gradle\caches\8.13\fileContent)"        [_thread_blocked, id=4752, stack(0x0000005164800000,0x0000005164900000) (1024K)]
  0x000002427e1066c0 JavaThread "Cache worker for cache directory md-supplier (C:\Users\Apoorv Rathore\AndroidStudioProjects\.gradle\caches\8.13\md-supplier)"        [_thread_blocked, id=21060, stack(0x0000005164900000,0x0000005164a00000) (1024K)]
  0x000002420246b240 JavaThread "Cache worker for cache directory md-rule (C:\Users\Apoorv Rathore\AndroidStudioProjects\.gradle\caches\8.13\md-rule)"        [_thread_blocked, id=22104, stack(0x0000005164a00000,0x0000005164b00000) (1024K)]
  0x0000024202469e90 JavaThread "Unconstrained build operations"        [_thread_blocked, id=15272, stack(0x0000005164b00000,0x0000005164c00000) (1024K)]
  0x0000024202469800 JavaThread "Unconstrained build operations Thread 2"        [_thread_blocked, id=15192, stack(0x0000005164c00000,0x0000005164d00000) (1024K)]
  0x0000024202468ae0 JavaThread "Unconstrained build operations Thread 3"        [_thread_blocked, id=2584, stack(0x0000005164d00000,0x0000005164e00000) (1024K)]
  0x000002420246a520 JavaThread "Unconstrained build operations Thread 4"        [_thread_blocked, id=26280, stack(0x0000005164e00000,0x0000005164f00000) (1024K)]
  0x000002420246d310 JavaThread "Unconstrained build operations Thread 5"        [_thread_blocked, id=3908, stack(0x0000005164f00000,0x0000005165000000) (1024K)]
  0x000002420246bf60 JavaThread "Unconstrained build operations Thread 6"        [_thread_blocked, id=34628, stack(0x0000005165000000,0x0000005165100000) (1024K)]
  0x000002420246c5f0 JavaThread "Unconstrained build operations Thread 7"        [_thread_blocked, id=27184, stack(0x0000005165100000,0x0000005165200000) (1024K)]
  0x000002420246cc80 JavaThread "Unconstrained build operations Thread 8"        [_thread_blocked, id=14516, stack(0x0000005165200000,0x0000005165300000) (1024K)]
  0x000002420246e030 JavaThread "Unconstrained build operations Thread 9"        [_thread_blocked, id=16060, stack(0x0000005165300000,0x0000005165400000) (1024K)]
  0x000002420246abb0 JavaThread "Unconstrained build operations Thread 10"        [_thread_blocked, id=11344, stack(0x0000005165400000,0x0000005165500000) (1024K)]
  0x000002420246e6c0 JavaThread "Unconstrained build operations Thread 11"        [_thread_blocked, id=4628, stack(0x0000005165500000,0x0000005165600000) (1024K)]
  0x000002420246ed50 JavaThread "Unconstrained build operations Thread 12"        [_thread_blocked, id=28960, stack(0x0000005165600000,0x0000005165700000) (1024K)]
  0x000002420246b8d0 JavaThread "Unconstrained build operations Thread 13"        [_thread_blocked, id=25776, stack(0x0000005165700000,0x0000005165800000) (1024K)]
  0x000002420246f3e0 JavaThread "Unconstrained build operations Thread 14"        [_thread_blocked, id=22908, stack(0x0000005165800000,0x0000005165900000) (1024K)]
  0x000002420246fa70 JavaThread "Unconstrained build operations Thread 15"        [_thread_blocked, id=14340, stack(0x0000005165900000,0x0000005165a00000) (1024K)]
  0x0000024202470100 JavaThread "Unconstrained build operations Thread 16"        [_thread_blocked, id=33476, stack(0x0000005165a00000,0x0000005165b00000) (1024K)]
  0x0000024200ccf0e0 JavaThread "Unconstrained build operations Thread 17"        [_thread_blocked, id=16976, stack(0x0000005165b00000,0x0000005165c00000) (1024K)]
  0x0000024200ccbc60 JavaThread "Unconstrained build operations Thread 18"        [_thread_blocked, id=31192, stack(0x0000005165c00000,0x0000005165d00000) (1024K)]
  0x0000024200ccc2f0 JavaThread "Unconstrained build operations Thread 19"        [_thread_blocked, id=27836, stack(0x0000005165d00000,0x0000005165e00000) (1024K)]
  0x0000024200ccd6a0 JavaThread "Unconstrained build operations Thread 20"        [_thread_blocked, id=15936, stack(0x0000005165e00000,0x0000005165f00000) (1024K)]
  0x0000024200ccfe00 JavaThread "Unconstrained build operations Thread 21"        [_thread_blocked, id=17748, stack(0x0000005165f00000,0x0000005166000000) (1024K)]
  0x0000024200ccc980 JavaThread "Unconstrained build operations Thread 22"        [_thread_blocked, id=29160, stack(0x0000005166000000,0x0000005166100000) (1024K)]
  0x0000024200ccd010 JavaThread "Unconstrained build operations Thread 23"        [_thread_blocked, id=10336, stack(0x0000005166100000,0x0000005166200000) (1024K)]
  0x0000024200ccf770 JavaThread "Unconstrained build operations Thread 24"        [_thread_blocked, id=30620, stack(0x0000005166200000,0x0000005166300000) (1024K)]
  0x0000024200ccea50 JavaThread "Unconstrained build operations Thread 25"        [_thread_blocked, id=15268, stack(0x0000005166300000,0x0000005166400000) (1024K)]
  0x0000024200cd0490 JavaThread "Unconstrained build operations Thread 26"        [_thread_blocked, id=31552, stack(0x0000005166400000,0x0000005166500000) (1024K)]
  0x0000024200cd2bf0 JavaThread "Unconstrained build operations Thread 27"        [_thread_blocked, id=28424, stack(0x0000005166500000,0x0000005166600000) (1024K)]
  0x0000024200cd1ed0 JavaThread "Unconstrained build operations Thread 28"        [_thread_blocked, id=36840, stack(0x0000005166600000,0x0000005166700000) (1024K)]
  0x0000024200cd2560 JavaThread "Unconstrained build operations Thread 29"        [_thread_blocked, id=37296, stack(0x0000005166700000,0x0000005166800000) (1024K)]
  0x0000024200cd3280 JavaThread "Unconstrained build operations Thread 30"        [_thread_blocked, id=22636, stack(0x0000005166800000,0x0000005166900000) (1024K)]
  0x000002427ee6cd60 JavaThread "Unconstrained build operations Thread 31"        [_thread_blocked, id=13572, stack(0x0000005166900000,0x0000005166a00000) (1024K)]
  0x00000242020e5180 JavaThread "Unconstrained build operations Thread 32"        [_thread_blocked, id=33516, stack(0x0000005166a00000,0x0000005166b00000) (1024K)]
  0x00000242020e5810 JavaThread "Unconstrained build operations Thread 33"        [_thread_blocked, id=13004, stack(0x0000005166b00000,0x0000005166c00000) (1024K)]
  0x00000242020e4af0 JavaThread "Unconstrained build operations Thread 34"        [_thread_blocked, id=14800, stack(0x0000005166c00000,0x0000005166d00000) (1024K)]
  0x00000242020e5ea0 JavaThread "Unconstrained build operations Thread 35"        [_thread_blocked, id=20168, stack(0x0000005166d00000,0x0000005166e00000) (1024K)]
  0x00000242020e2a20 JavaThread "Unconstrained build operations Thread 36"        [_thread_blocked, id=23024, stack(0x0000005166e00000,0x0000005166f00000) (1024K)]
  0x00000242020e4460 JavaThread "Unconstrained build operations Thread 37"        [_thread_blocked, id=14284, stack(0x0000005166f00000,0x0000005167000000) (1024K)]
  0x00000242020e6530 JavaThread "Unconstrained build operations Thread 38"        [_thread_blocked, id=9496, stack(0x0000005167000000,0x0000005167100000) (1024K)]
  0x00000242020e30b0 JavaThread "Unconstrained build operations Thread 39"        [_thread_blocked, id=21616, stack(0x0000005167100000,0x0000005167200000) (1024K)]
  0x00000242020e6bc0 JavaThread "Unconstrained build operations Thread 40"        [_thread_blocked, id=19212, stack(0x0000005167200000,0x0000005167300000) (1024K)]
  0x00000242020e3740 JavaThread "Unconstrained build operations Thread 41"        [_thread_blocked, id=36916, stack(0x0000005167300000,0x0000005167400000) (1024K)]
  0x00000242020e7250 JavaThread "Unconstrained build operations Thread 42"        [_thread_blocked, id=27232, stack(0x0000005167400000,0x0000005167500000) (1024K)]
  0x00000242020e3dd0 JavaThread "Unconstrained build operations Thread 43"        [_thread_blocked, id=15064, stack(0x0000005167500000,0x0000005167600000) (1024K)]
  0x00000242020e9320 JavaThread "Unconstrained build operations Thread 44"        [_thread_blocked, id=21532, stack(0x0000005167600000,0x0000005167700000) (1024K)]
  0x00000242020e8600 JavaThread "Unconstrained build operations Thread 45"        [_thread_blocked, id=6256, stack(0x0000005167700000,0x0000005167800000) (1024K)]
  0x00000242020e7f70 JavaThread "Unconstrained build operations Thread 46"        [_thread_blocked, id=13580, stack(0x0000005167800000,0x0000005167900000) (1024K)]
  0x00000242020e78e0 JavaThread "Unconstrained build operations Thread 47"        [_thread_blocked, id=21096, stack(0x0000005167900000,0x0000005167a00000) (1024K)]
  0x00000242020e8c90 JavaThread "Unconstrained build operations Thread 48"        [_thread_blocked, id=34028, stack(0x0000005167a00000,0x0000005167b00000) (1024K)]
  0x0000024201264e60 JavaThread "Unconstrained build operations Thread 49"        [_thread_blocked, id=23988, stack(0x0000005167d00000,0x0000005167e00000) (1024K)]
  0x0000024201266f30 JavaThread "Unconstrained build operations Thread 50"        [_thread_blocked, id=30600, stack(0x0000005167e00000,0x0000005167f00000) (1024K)]
  0x00000242012675c0 JavaThread "Unconstrained build operations Thread 51"        [_thread_blocked, id=2504, stack(0x0000005167f00000,0x0000005168000000) (1024K)]
  0x0000024201268970 JavaThread "Unconstrained build operations Thread 52"        [_thread_blocked, id=12276, stack(0x0000005168000000,0x0000005168100000) (1024K)]
  0x00000242012654f0 JavaThread "Unconstrained build operations Thread 53"        [_thread_blocked, id=7536, stack(0x0000005168100000,0x0000005168200000) (1024K)]
  0x0000024201269000 JavaThread "Unconstrained build operations Thread 54"        [_thread_blocked, id=19520, stack(0x0000005168200000,0x0000005168300000) (1024K)]
  0x0000024201265b80 JavaThread "Unconstrained build operations Thread 55"        [_thread_blocked, id=6088, stack(0x0000005168300000,0x0000005168400000) (1024K)]
  0x0000024201269690 JavaThread "Unconstrained build operations Thread 56"        [_thread_blocked, id=5616, stack(0x0000005168400000,0x0000005168500000) (1024K)]
  0x0000024201266210 JavaThread "Unconstrained build operations Thread 57"        [_thread_blocked, id=30936, stack(0x0000005168500000,0x0000005168600000) (1024K)]
  0x00000242012668a0 JavaThread "Unconstrained build operations Thread 58"        [_thread_blocked, id=12764, stack(0x0000005168600000,0x0000005168700000) (1024K)]
  0x0000024201269d20 JavaThread "Unconstrained build operations Thread 59"        [_thread_blocked, id=22132, stack(0x0000005168700000,0x0000005168800000) (1024K)]
  0x000002420126a3b0 JavaThread "Memory manager"                    [_thread_blocked, id=37320, stack(0x0000005167c00000,0x0000005167d00000) (1024K)]
  0x0000024200a140e0 JavaThread "build event listener"              [_thread_blocked, id=31484, stack(0x0000005168800000,0x0000005168900000) (1024K)]
Total: 105

Other Threads:
=>0x000002427d02ee20 VMThread "VM Thread"                           [id=21160, stack(0x0000005161600000,0x0000005161700000) (1024K)]
  0x0000024278d9ce70 WatcherThread "VM Periodic Task Thread"        [id=32264, stack(0x0000005161500000,0x0000005161600000) (1024K)]
  0x000002425f09e020 WorkerThread "GC Thread#0"                     [id=10544, stack(0x0000005161000000,0x0000005161100000) (1024K)]
  0x000002427d6e4e90 WorkerThread "GC Thread#1"                     [id=31548, stack(0x0000005162100000,0x0000005162200000) (1024K)]
  0x000002427d1206d0 WorkerThread "GC Thread#2"                     [id=25456, stack(0x0000005162200000,0x0000005162300000) (1024K)]
  0x000002427d895ef0 WorkerThread "GC Thread#3"                     [id=13384, stack(0x0000005162300000,0x0000005162400000) (1024K)]
  0x000002427d662850 WorkerThread "GC Thread#4"                     [id=19708, stack(0x0000005162400000,0x0000005162500000) (1024K)]
  0x000002427d2cb130 WorkerThread "GC Thread#5"                     [id=19316, stack(0x0000005162500000,0x0000005162600000) (1024K)]
  0x000002427edec970 WorkerThread "GC Thread#6"                     [id=11688, stack(0x0000005162b00000,0x0000005162c00000) (1024K)]
  0x000002427e18b0f0 WorkerThread "GC Thread#7"                     [id=11748, stack(0x0000005162c00000,0x0000005162d00000) (1024K)]
  0x000002427e400fb0 WorkerThread "GC Thread#8"                     [id=19372, stack(0x0000005162d00000,0x0000005162e00000) (1024K)]
  0x000002427e401360 WorkerThread "GC Thread#9"                     [id=19152, stack(0x0000005162e00000,0x0000005162f00000) (1024K)]
  0x000002425f255d10 ConcurrentGCThread "G1 Main Marker"            [id=25824, stack(0x0000005161100000,0x0000005161200000) (1024K)]
  0x000002425f257b40 WorkerThread "G1 Conc#0"                       [id=33824, stack(0x0000005161200000,0x0000005161300000) (1024K)]
  0x000002427e4000f0 WorkerThread "G1 Conc#1"                       [id=36480, stack(0x0000005162f00000,0x0000005163000000) (1024K)]
  0x000002427e3ff990 WorkerThread "G1 Conc#2"                       [id=26544, stack(0x0000005163000000,0x0000005163100000) (1024K)]
  0x0000024278c714c0 ConcurrentGCThread "G1 Refine#0"               [id=29740, stack(0x0000005161300000,0x0000005161400000) (1024K)]
  0x0000024278c71df0 ConcurrentGCThread "G1 Service"                [id=13928, stack(0x0000005161400000,0x0000005161500000) (1024K)]
Total: 18

Threads with active compile tasks:
C1 CompilerThread0  790846 11832       3       java.lang.Class::isLocalClass (27 bytes)
Total: 1

VM state: at safepoint (normal execution)

VM Mutex/Monitor currently owned by a thread:  ([mutex/lock_event])
[0x00007ff8e09586d0] Threads_lock - owner thread: 0x000002427d02ee20
[0x00007ff8e09587d0] Heap_lock - owner thread: 0x000002425f255d10

Heap address: 0x0000000080000000, size: 2048 MB, Compressed Oops mode: 32-bit

CDS archive(s) not mapped
Compressed class space mapped at: 0x0000000100000000-0x0000000140000000, reserved size: 1073741824
Narrow klass base: 0x0000000000000000, Narrow klass shift: 3, Narrow klass range: 0x140000000

GC Precious Log:
 CardTable entry size: 512
 Card Set container configuration: InlinePtr #cards 5 size 8 Array Of Cards #cards 12 size 40 Howl #buckets 4 coarsen threshold 1843 Howl Bitmap #cards 512 size 80 coarsen threshold 460 Card regions per heap region 1 cards per card region 2048
 CPUs: 12 total, 12 available
 Memory: 7563M
 Large Page Support: Disabled
 NUMA Support: Disabled
 Compressed Oops: Enabled (32-bit)
 Heap Region Size: 1M
 Heap Min Capacity: 8M
 Heap Initial Capacity: 120M
 Heap Max Capacity: 2G
 Pre-touch: Disabled
 Parallel Workers: 10
 Concurrent Workers: 3
 Concurrent Refinement Workers: 10
 Periodic GC: Disabled

Heap:
 garbage-first heap   total 192512K, used 123987K [0x0000000080000000, 0x0000000100000000)
  region size 1024K, 10 young (10240K), 6 survivors (6144K)
 Metaspace       used 99725K, committed 101760K, reserved 1179648K
  class space    used 13726K, committed 14720K, reserved 1048576K

Heap Regions: E=young(eden), S=young(survivor), O=old, HS=humongous(starts), HC=humongous(continues), CS=collection set, F=free, TAMS=top-at-mark-start, PB=parsable bottom
|   0|0x0000000080000000, 0x0000000080100000, 0x0000000080100000|100%|HS|  |TAMS 0x0000000080100000| PB 0x0000000080000000| Complete 
|   1|0x0000000080100000, 0x0000000080200000, 0x0000000080200000|100%|HC|  |TAMS 0x0000000080200000| PB 0x0000000080100000| Complete 
|   2|0x0000000080200000, 0x0000000080300000, 0x0000000080300000|100%|HC|  |TAMS 0x0000000080300000| PB 0x0000000080200000| Complete 
|   3|0x0000000080300000, 0x0000000080400000, 0x0000000080400000|100%| O|  |TAMS 0x0000000080400000| PB 0x0000000080400000| Untracked 
|   4|0x0000000080400000, 0x0000000080500000, 0x0000000080500000|100%| O|  |TAMS 0x0000000080500000| PB 0x0000000080500000| Untracked 
|   5|0x0000000080500000, 0x0000000080600000, 0x0000000080600000|100%| O|  |TAMS 0x0000000080600000| PB 0x0000000080600000| Untracked 
|   6|0x0000000080600000, 0x0000000080700000, 0x0000000080700000|100%|HS|  |TAMS 0x0000000080700000| PB 0x0000000080600000| Complete 
|   7|0x0000000080700000, 0x0000000080800000, 0x0000000080800000|100%| O|  |TAMS 0x0000000080800000| PB 0x0000000080800000| Untracked 
|   8|0x0000000080800000, 0x0000000080900000, 0x0000000080900000|100%| O|  |TAMS 0x0000000080900000| PB 0x0000000080900000| Untracked 
|   9|0x0000000080900000, 0x0000000080a00000, 0x0000000080a00000|100%| O|  |TAMS 0x0000000080a00000| PB 0x0000000080a00000| Untracked 
|  10|0x0000000080a00000, 0x0000000080b00000, 0x0000000080b00000|100%| O|  |TAMS 0x0000000080b00000| PB 0x0000000080b00000| Untracked 
|  11|0x0000000080b00000, 0x0000000080c00000, 0x0000000080c00000|100%| O|  |TAMS 0x0000000080c00000| PB 0x0000000080c00000| Updating 
|  12|0x0000000080c00000, 0x0000000080d00000, 0x0000000080d00000|100%| O|  |TAMS 0x0000000080d00000| PB 0x0000000080d00000| Untracked 
|  13|0x0000000080d00000, 0x0000000080e00000, 0x0000000080e00000|100%| O|  |TAMS 0x0000000080e00000| PB 0x0000000080e00000| Untracked 
|  14|0x0000000080e00000, 0x0000000080f00000, 0x0000000080f00000|100%| O|  |TAMS 0x0000000080f00000| PB 0x0000000080f00000| Untracked 
|  15|0x0000000080f00000, 0x0000000081000000, 0x0000000081000000|100%| O|  |TAMS 0x0000000081000000| PB 0x0000000081000000| Untracked 
|  16|0x0000000081000000, 0x0000000081100000, 0x0000000081100000|100%| O|  |TAMS 0x0000000081100000| PB 0x0000000081100000| Updating 
|  17|0x0000000081100000, 0x0000000081200000, 0x0000000081200000|100%| O|  |TAMS 0x0000000081200000| PB 0x0000000081200000| Untracked 
|  18|0x0000000081200000, 0x0000000081300000, 0x0000000081300000|100%|HS|  |TAMS 0x0000000081300000| PB 0x0000000081200000| Complete 
|  19|0x0000000081300000, 0x0000000081400000, 0x0000000081400000|100%|HC|  |TAMS 0x0000000081400000| PB 0x0000000081300000| Complete 
|  20|0x0000000081400000, 0x0000000081500000, 0x0000000081500000|100%|HC|  |TAMS 0x0000000081500000| PB 0x0000000081400000| Complete 
|  21|0x0000000081500000, 0x0000000081600000, 0x0000000081600000|100%|HC|  |TAMS 0x0000000081600000| PB 0x0000000081500000| Complete 
|  22|0x0000000081600000, 0x0000000081700000, 0x0000000081700000|100%|HC|  |TAMS 0x0000000081700000| PB 0x0000000081600000| Complete 
|  23|0x0000000081700000, 0x0000000081800000, 0x0000000081800000|100%|HC|  |TAMS 0x0000000081800000| PB 0x0000000081700000| Complete 
|  24|0x0000000081800000, 0x0000000081900000, 0x0000000081900000|100%|HS|  |TAMS 0x0000000081900000| PB 0x0000000081800000| Complete 
|  25|0x0000000081900000, 0x0000000081a00000, 0x0000000081a00000|100%|HC|  |TAMS 0x0000000081a00000| PB 0x0000000081900000| Complete 
|  26|0x0000000081a00000, 0x0000000081b00000, 0x0000000081b00000|100%|HS|  |TAMS 0x0000000081b00000| PB 0x0000000081a00000| Complete 
|  27|0x0000000081b00000, 0x0000000081c00000, 0x0000000081c00000|100%|HS|  |TAMS 0x0000000081c00000| PB 0x0000000081b00000| Complete 
|  28|0x0000000081c00000, 0x0000000081d00000, 0x0000000081d00000|100%|HC|  |TAMS 0x0000000081d00000| PB 0x0000000081c00000| Complete 
|  29|0x0000000081d00000, 0x0000000081e00000, 0x0000000081e00000|100%|HC|  |TAMS 0x0000000081e00000| PB 0x0000000081d00000| Complete 
|  30|0x0000000081e00000, 0x0000000081f00000, 0x0000000081f00000|100%|HC|  |TAMS 0x0000000081f00000| PB 0x0000000081e00000| Complete 
|  31|0x0000000081f00000, 0x0000000082000000, 0x0000000082000000|100%|HC|  |TAMS 0x0000000082000000| PB 0x0000000081f00000| Complete 
|  32|0x0000000082000000, 0x0000000082100000, 0x0000000082100000|100%|HC|  |TAMS 0x0000000082100000| PB 0x0000000082000000| Complete 
|  33|0x0000000082100000, 0x0000000082200000, 0x0000000082200000|100%|HS|  |TAMS 0x0000000082200000| PB 0x0000000082100000| Complete 
|  34|0x0000000082200000, 0x0000000082300000, 0x0000000082300000|100%|HC|  |TAMS 0x0000000082300000| PB 0x0000000082200000| Complete 
|  35|0x0000000082300000, 0x0000000082400000, 0x0000000082400000|100%|HS|  |TAMS 0x0000000082400000| PB 0x0000000082300000| Complete 
|  36|0x0000000082400000, 0x0000000082500000, 0x0000000082500000|100%| O|  |TAMS 0x0000000082500000| PB 0x0000000082500000| Untracked 
|  37|0x0000000082500000, 0x0000000082600000, 0x0000000082600000|100%| O|  |TAMS 0x0000000082600000| PB 0x0000000082600000| Untracked 
|  38|0x0000000082600000, 0x0000000082700000, 0x0000000082700000|100%| O|  |TAMS 0x0000000082700000| PB 0x0000000082700000| Untracked 
|  39|0x0000000082700000, 0x0000000082800000, 0x0000000082800000|100%| O|  |TAMS 0x0000000082800000| PB 0x0000000082800000| Untracked 
|  40|0x0000000082800000, 0x0000000082900000, 0x0000000082900000|100%| O|  |TAMS 0x0000000082900000| PB 0x0000000082900000| Untracked 
|  41|0x0000000082900000, 0x0000000082a00000, 0x0000000082a00000|100%| O|  |TAMS 0x0000000082a00000| PB 0x0000000082a00000| Untracked 
|  42|0x0000000082a00000, 0x0000000082b00000, 0x0000000082b00000|100%| O|  |TAMS 0x0000000082b00000| PB 0x0000000082b00000| Untracked 
|  43|0x0000000082b00000, 0x0000000082c00000, 0x0000000082c00000|100%| O|  |TAMS 0x0000000082c00000| PB 0x0000000082c00000| Untracked 
|  44|0x0000000082c00000, 0x0000000082d00000, 0x0000000082d00000|100%| O|  |TAMS 0x0000000082d00000| PB 0x0000000082d00000| Updating 
|  45|0x0000000082d00000, 0x0000000082e00000, 0x0000000082e00000|100%| O|  |TAMS 0x0000000082e00000| PB 0x0000000082e00000| Updating 
|  46|0x0000000082e00000, 0x0000000082f00000, 0x0000000082f00000|100%| O|  |TAMS 0x0000000082f00000| PB 0x0000000082f00000| Updating 
|  47|0x0000000082f00000, 0x0000000083000000, 0x0000000083000000|100%| O|  |TAMS 0x0000000083000000| PB 0x0000000083000000| Untracked 
|  48|0x0000000083000000, 0x0000000083100000, 0x0000000083100000|100%| O|  |TAMS 0x0000000083100000| PB 0x0000000083100000| Updating 
|  49|0x0000000083100000, 0x0000000083200000, 0x0000000083200000|100%|HS|  |TAMS 0x0000000083200000| PB 0x0000000083100000| Complete 
|  50|0x0000000083200000, 0x0000000083300000, 0x0000000083300000|100%|HC|  |TAMS 0x0000000083300000| PB 0x0000000083200000| Complete 
|  51|0x0000000083300000, 0x0000000083400000, 0x0000000083400000|100%| O|  |TAMS 0x0000000083400000| PB 0x0000000083400000| Updating 
|  52|0x0000000083400000, 0x0000000083500000, 0x0000000083500000|100%| O|  |TAMS 0x0000000083500000| PB 0x0000000083500000| Untracked 
|  53|0x0000000083500000, 0x0000000083600000, 0x0000000083600000|100%| O|  |TAMS 0x0000000083600000| PB 0x0000000083600000| Untracked 
|  54|0x0000000083600000, 0x0000000083700000, 0x0000000083700000|100%| O|  |TAMS 0x0000000083700000| PB 0x0000000083700000| Untracked 
|  55|0x0000000083700000, 0x0000000083800000, 0x0000000083800000|100%| O|  |TAMS 0x0000000083800000| PB 0x0000000083800000| Untracked 
|  56|0x0000000083800000, 0x0000000083900000, 0x0000000083900000|100%| O|  |TAMS 0x0000000083900000| PB 0x0000000083900000| Untracked 
|  57|0x0000000083900000, 0x0000000083900000, 0x0000000083a00000|  0%| F|  |TAMS 0x0000000083900000| PB 0x0000000083900000| Untracked 
|  58|0x0000000083a00000, 0x0000000083b00000, 0x0000000083b00000|100%| O|  |TAMS 0x0000000083b00000| PB 0x0000000083b00000| Untracked 
|  59|0x0000000083b00000, 0x0000000083b00000, 0x0000000083c00000|  0%| F|  |TAMS 0x0000000083b00000| PB 0x0000000083b00000| Untracked 
|  60|0x0000000083c00000, 0x0000000083d00000, 0x0000000083d00000|100%| O|  |TAMS 0x0000000083d00000| PB 0x0000000083d00000| Updating 
|  61|0x0000000083d00000, 0x0000000083e00000, 0x0000000083e00000|100%| O|  |TAMS 0x0000000083e00000| PB 0x0000000083e00000| Untracked 
|  62|0x0000000083e00000, 0x0000000083f00000, 0x0000000083f00000|100%| O|  |TAMS 0x0000000083f00000| PB 0x0000000083f00000| Untracked 
|  63|0x0000000083f00000, 0x0000000084000000, 0x0000000084000000|100%| O|  |TAMS 0x0000000084000000| PB 0x0000000084000000| Updating 
|  64|0x0000000084000000, 0x0000000084100000, 0x0000000084100000|100%| O|  |TAMS 0x0000000084100000| PB 0x0000000084100000| Untracked 
|  65|0x0000000084100000, 0x0000000084200000, 0x0000000084200000|100%| O|  |TAMS 0x0000000084200000| PB 0x0000000084200000| Untracked 
|  66|0x0000000084200000, 0x0000000084300000, 0x0000000084300000|100%| O|  |TAMS 0x0000000084300000| PB 0x0000000084300000| Untracked 
|  67|0x0000000084300000, 0x0000000084400000, 0x0000000084400000|100%| O|  |TAMS 0x0000000084400000| PB 0x0000000084400000| Updating 
|  68|0x0000000084400000, 0x0000000084500000, 0x0000000084500000|100%| O|  |TAMS 0x0000000084500000| PB 0x0000000084500000| Untracked 
|  69|0x0000000084500000, 0x0000000084600000, 0x0000000084600000|100%|HS|  |TAMS 0x0000000084600000| PB 0x0000000084500000| Complete 
|  70|0x0000000084600000, 0x0000000084700000, 0x0000000084700000|100%|HS|  |TAMS 0x0000000084700000| PB 0x0000000084600000| Complete 
|  71|0x0000000084700000, 0x0000000084800000, 0x0000000084800000|100%|HS|  |TAMS 0x0000000084800000| PB 0x0000000084700000| Complete 
|  72|0x0000000084800000, 0x0000000084900000, 0x0000000084900000|100%|HC|  |TAMS 0x0000000084900000| PB 0x0000000084800000| Complete 
|  73|0x0000000084900000, 0x0000000084a00000, 0x0000000084a00000|100%|HS|  |TAMS 0x0000000084a00000| PB 0x0000000084900000| Complete 
|  74|0x0000000084a00000, 0x0000000084b00000, 0x0000000084b00000|100%|HC|  |TAMS 0x0000000084b00000| PB 0x0000000084a00000| Complete 
|  75|0x0000000084b00000, 0x0000000084c00000, 0x0000000084c00000|100%|HS|  |TAMS 0x0000000084c00000| PB 0x0000000084b00000| Complete 
|  76|0x0000000084c00000, 0x0000000084d00000, 0x0000000084d00000|100%|HC|  |TAMS 0x0000000084d00000| PB 0x0000000084c00000| Complete 
|  77|0x0000000084d00000, 0x0000000084e00000, 0x0000000084e00000|100%|HC|  |TAMS 0x0000000084e00000| PB 0x0000000084d00000| Complete 
|  78|0x0000000084e00000, 0x0000000084f00000, 0x0000000084f00000|100%|HS|  |TAMS 0x0000000084f00000| PB 0x0000000084e00000| Complete 
|  79|0x0000000084f00000, 0x0000000085000000, 0x0000000085000000|100%|HS|  |TAMS 0x0000000085000000| PB 0x0000000084f00000| Complete 
|  80|0x0000000085000000, 0x0000000085100000, 0x0000000085100000|100%| O|  |TAMS 0x0000000085100000| PB 0x0000000085100000| Untracked 
|  81|0x0000000085100000, 0x0000000085200000, 0x0000000085200000|100%|HS|  |TAMS 0x0000000085200000| PB 0x0000000085100000| Complete 
|  82|0x0000000085200000, 0x0000000085300000, 0x0000000085300000|100%|HS|  |TAMS 0x0000000085300000| PB 0x0000000085200000| Complete 
|  83|0x0000000085300000, 0x0000000085400000, 0x0000000085400000|100%| O|  |TAMS 0x0000000085400000| PB 0x0000000085400000| Untracked 
|  84|0x0000000085400000, 0x0000000085500000, 0x0000000085500000|100%| O|  |TAMS 0x0000000085500000| PB 0x0000000085500000| Untracked 
|  85|0x0000000085500000, 0x0000000085600000, 0x0000000085600000|100%| O|  |TAMS 0x0000000085600000| PB 0x0000000085600000| Untracked 
|  86|0x0000000085600000, 0x0000000085700000, 0x0000000085700000|100%| O|  |TAMS 0x0000000085700000| PB 0x0000000085700000| Untracked 
|  87|0x0000000085700000, 0x0000000085800000, 0x0000000085800000|100%| O|  |TAMS 0x0000000085800000| PB 0x0000000085800000| Untracked 
|  88|0x0000000085800000, 0x0000000085900000, 0x0000000085900000|100%| O|  |TAMS 0x0000000085900000| PB 0x0000000085900000| Untracked 
|  89|0x0000000085900000, 0x0000000085a00000, 0x0000000085a00000|100%| O|  |TAMS 0x0000000085a00000| PB 0x0000000085a00000| Untracked 
|  90|0x0000000085a00000, 0x0000000085b00000, 0x0000000085b00000|100%| O|  |TAMS 0x0000000085b00000| PB 0x0000000085b00000| Untracked 
|  91|0x0000000085b00000, 0x0000000085c00000, 0x0000000085c00000|100%| O|  |TAMS 0x0000000085c00000| PB 0x0000000085c00000| Updating 
|  92|0x0000000085c00000, 0x0000000085d00000, 0x0000000085d00000|100%| O|  |TAMS 0x0000000085d00000| PB 0x0000000085d00000| Untracked 
|  93|0x0000000085d00000, 0x0000000085e00000, 0x0000000085e00000|100%|HS|  |TAMS 0x0000000085e00000| PB 0x0000000085d00000| Complete 
|  94|0x0000000085e00000, 0x0000000085f00000, 0x0000000085f00000|100%|HS|  |TAMS 0x0000000085f00000| PB 0x0000000085e00000| Complete 
|  95|0x0000000085f00000, 0x0000000086000000, 0x0000000086000000|100%|HC|  |TAMS 0x0000000086000000| PB 0x0000000085f00000| Complete 
|  96|0x0000000086000000, 0x0000000086100000, 0x0000000086100000|100%|HC|  |TAMS 0x0000000086100000| PB 0x0000000086000000| Complete 
|  97|0x0000000086100000, 0x0000000086200000, 0x0000000086200000|100%| O|  |TAMS 0x0000000086200000| PB 0x0000000086200000| Untracked 
|  98|0x0000000086200000, 0x0000000086300000, 0x0000000086300000|100%| O|  |TAMS 0x0000000086300000| PB 0x0000000086300000| Untracked 
|  99|0x0000000086300000, 0x0000000086400000, 0x0000000086400000|100%| O|  |TAMS 0x0000000086400000| PB 0x0000000086400000| Untracked 
| 100|0x0000000086400000, 0x0000000086500000, 0x0000000086500000|100%| O|  |TAMS 0x0000000086500000| PB 0x0000000086500000| Untracked 
| 101|0x0000000086500000, 0x00000000865d4f08, 0x0000000086600000| 83%| O|  |TAMS 0x00000000865d4f08| PB 0x00000000865d4f08| Updating 
| 102|0x0000000086600000, 0x0000000086600000, 0x0000000086700000|  0%| F|  |TAMS 0x0000000086600000| PB 0x0000000086600000| Untracked 
| 103|0x0000000086700000, 0x0000000086700000, 0x0000000086800000|  0%| F|  |TAMS 0x0000000086700000| PB 0x0000000086700000| Untracked 
| 104|0x0000000086800000, 0x0000000086800000, 0x0000000086900000|  0%| F|  |TAMS 0x0000000086800000| PB 0x0000000086800000| Untracked 
| 105|0x0000000086900000, 0x0000000086900000, 0x0000000086a00000|  0%| F|  |TAMS 0x0000000086900000| PB 0x0000000086900000| Untracked 
| 106|0x0000000086a00000, 0x0000000086a00000, 0x0000000086b00000|  0%| F|  |TAMS 0x0000000086a00000| PB 0x0000000086a00000| Untracked 
| 107|0x0000000086b00000, 0x0000000086b400e0, 0x0000000086c00000| 25%| S|CS|TAMS 0x0000000086b00000| PB 0x0000000086b00000| Complete 
| 108|0x0000000086c00000, 0x0000000086d00000, 0x0000000086d00000|100%| S|CS|TAMS 0x0000000086c00000| PB 0x0000000086c00000| Complete 
| 109|0x0000000086d00000, 0x0000000086e00000, 0x0000000086e00000|100%| S|CS|TAMS 0x0000000086d00000| PB 0x0000000086d00000| Complete 
| 110|0x0000000086e00000, 0x0000000086f00000, 0x0000000086f00000|100%| S|CS|TAMS 0x0000000086e00000| PB 0x0000000086e00000| Complete 
| 111|0x0000000086f00000, 0x0000000086f00000, 0x0000000087000000|  0%| F|  |TAMS 0x0000000086f00000| PB 0x0000000086f00000| Untracked 
| 112|0x0000000087000000, 0x0000000087000000, 0x0000000087100000|  0%| F|  |TAMS 0x0000000087000000| PB 0x0000000087000000| Untracked 
| 113|0x0000000087100000, 0x0000000087200000, 0x0000000087200000|100%| S|CS|TAMS 0x0000000087100000| PB 0x0000000087100000| Complete 
| 114|0x0000000087200000, 0x0000000087300000, 0x0000000087300000|100%| S|CS|TAMS 0x0000000087200000| PB 0x0000000087200000| Complete 
| 115|0x0000000087300000, 0x0000000087300000, 0x0000000087400000|  0%| F|  |TAMS 0x0000000087300000| PB 0x0000000087300000| Untracked 
| 116|0x0000000087400000, 0x0000000087400000, 0x0000000087500000|  0%| F|  |TAMS 0x0000000087400000| PB 0x0000000087400000| Untracked 
| 117|0x0000000087500000, 0x0000000087500000, 0x0000000087600000|  0%| F|  |TAMS 0x0000000087500000| PB 0x0000000087500000| Untracked 
| 118|0x0000000087600000, 0x0000000087600000, 0x0000000087700000|  0%| F|  |TAMS 0x0000000087600000| PB 0x0000000087600000| Untracked 
| 119|0x0000000087700000, 0x0000000087700000, 0x0000000087800000|  0%| F|  |TAMS 0x0000000087700000| PB 0x0000000087700000| Untracked 
| 120|0x0000000087800000, 0x0000000087800000, 0x0000000087900000|  0%| F|  |TAMS 0x0000000087800000| PB 0x0000000087800000| Untracked 
| 121|0x0000000087900000, 0x0000000087900000, 0x0000000087a00000|  0%| F|  |TAMS 0x0000000087900000| PB 0x0000000087900000| Untracked 
| 122|0x0000000087a00000, 0x0000000087a00000, 0x0000000087b00000|  0%| F|  |TAMS 0x0000000087a00000| PB 0x0000000087a00000| Untracked 
| 123|0x0000000087b00000, 0x0000000087b00000, 0x0000000087c00000|  0%| F|  |TAMS 0x0000000087b00000| PB 0x0000000087b00000| Untracked 
| 124|0x0000000087c00000, 0x0000000087c00000, 0x0000000087d00000|  0%| F|  |TAMS 0x0000000087c00000| PB 0x0000000087c00000| Untracked 
| 125|0x0000000087d00000, 0x0000000087d00000, 0x0000000087e00000|  0%| F|  |TAMS 0x0000000087d00000| PB 0x0000000087d00000| Untracked 
| 126|0x0000000087e00000, 0x0000000087e00000, 0x0000000087f00000|  0%| F|  |TAMS 0x0000000087e00000| PB 0x0000000087e00000| Untracked 
| 127|0x0000000087f00000, 0x0000000087f00000, 0x0000000088000000|  0%| F|  |TAMS 0x0000000087f00000| PB 0x0000000087f00000| Untracked 
| 128|0x0000000088000000, 0x0000000088000000, 0x0000000088100000|  0%| F|  |TAMS 0x0000000088000000| PB 0x0000000088000000| Untracked 
| 129|0x0000000088100000, 0x0000000088100000, 0x0000000088200000|  0%| F|  |TAMS 0x0000000088100000| PB 0x0000000088100000| Untracked 
| 130|0x0000000088200000, 0x0000000088200000, 0x0000000088300000|  0%| F|  |TAMS 0x0000000088200000| PB 0x0000000088200000| Untracked 
| 131|0x0000000088300000, 0x0000000088300000, 0x0000000088400000|  0%| F|  |TAMS 0x0000000088300000| PB 0x0000000088300000| Untracked 
| 132|0x0000000088400000, 0x0000000088400000, 0x0000000088500000|  0%| F|  |TAMS 0x0000000088400000| PB 0x0000000088400000| Untracked 
| 133|0x0000000088500000, 0x0000000088500000, 0x0000000088600000|  0%| F|  |TAMS 0x0000000088500000| PB 0x0000000088500000| Untracked 
| 134|0x0000000088600000, 0x0000000088600000, 0x0000000088700000|  0%| F|  |TAMS 0x0000000088600000| PB 0x0000000088600000| Untracked 
| 135|0x0000000088700000, 0x0000000088700000, 0x0000000088800000|  0%| F|  |TAMS 0x0000000088700000| PB 0x0000000088700000| Untracked 
| 136|0x0000000088800000, 0x0000000088800000, 0x0000000088900000|  0%| F|  |TAMS 0x0000000088800000| PB 0x0000000088800000| Untracked 
| 137|0x0000000088900000, 0x0000000088900000, 0x0000000088a00000|  0%| F|  |TAMS 0x0000000088900000| PB 0x0000000088900000| Untracked 
| 138|0x0000000088a00000, 0x0000000088a00000, 0x0000000088b00000|  0%| F|  |TAMS 0x0000000088a00000| PB 0x0000000088a00000| Untracked 
| 139|0x0000000088b00000, 0x0000000088b00000, 0x0000000088c00000|  0%| F|  |TAMS 0x0000000088b00000| PB 0x0000000088b00000| Untracked 
| 140|0x0000000088c00000, 0x0000000088c00000, 0x0000000088d00000|  0%| F|  |TAMS 0x0000000088c00000| PB 0x0000000088c00000| Untracked 
| 141|0x0000000088d00000, 0x0000000088d00000, 0x0000000088e00000|  0%| F|  |TAMS 0x0000000088d00000| PB 0x0000000088d00000| Untracked 
| 142|0x0000000088e00000, 0x0000000088e00000, 0x0000000088f00000|  0%| F|  |TAMS 0x0000000088e00000| PB 0x0000000088e00000| Untracked 
| 143|0x0000000088f00000, 0x0000000088f00000, 0x0000000089000000|  0%| F|  |TAMS 0x0000000088f00000| PB 0x0000000088f00000| Untracked 
| 144|0x0000000089000000, 0x0000000089000000, 0x0000000089100000|  0%| F|  |TAMS 0x0000000089000000| PB 0x0000000089000000| Untracked 
| 145|0x0000000089100000, 0x0000000089100000, 0x0000000089200000|  0%| F|  |TAMS 0x0000000089100000| PB 0x0000000089100000| Untracked 
| 146|0x0000000089200000, 0x0000000089200000, 0x0000000089300000|  0%| F|  |TAMS 0x0000000089200000| PB 0x0000000089200000| Untracked 
| 147|0x0000000089300000, 0x0000000089300000, 0x0000000089400000|  0%| F|  |TAMS 0x0000000089300000| PB 0x0000000089300000| Untracked 
| 148|0x0000000089400000, 0x0000000089400000, 0x0000000089500000|  0%| F|  |TAMS 0x0000000089400000| PB 0x0000000089400000| Untracked 
| 149|0x0000000089500000, 0x0000000089500000, 0x0000000089600000|  0%| F|  |TAMS 0x0000000089500000| PB 0x0000000089500000| Untracked 
| 150|0x0000000089600000, 0x0000000089600000, 0x0000000089700000|  0%| F|  |TAMS 0x0000000089600000| PB 0x0000000089600000| Untracked 
| 151|0x0000000089700000, 0x0000000089700000, 0x0000000089800000|  0%| F|  |TAMS 0x0000000089700000| PB 0x0000000089700000| Untracked 
| 152|0x0000000089800000, 0x0000000089800000, 0x0000000089900000|  0%| F|  |TAMS 0x0000000089800000| PB 0x0000000089800000| Untracked 
| 153|0x0000000089900000, 0x0000000089900000, 0x0000000089a00000|  0%| F|  |TAMS 0x0000000089900000| PB 0x0000000089900000| Untracked 
| 154|0x0000000089a00000, 0x0000000089a00000, 0x0000000089b00000|  0%| F|  |TAMS 0x0000000089a00000| PB 0x0000000089a00000| Untracked 
| 155|0x0000000089b00000, 0x0000000089b00000, 0x0000000089c00000|  0%| F|  |TAMS 0x0000000089b00000| PB 0x0000000089b00000| Untracked 
| 156|0x0000000089c00000, 0x0000000089c00000, 0x0000000089d00000|  0%| F|  |TAMS 0x0000000089c00000| PB 0x0000000089c00000| Untracked 
| 157|0x0000000089d00000, 0x0000000089d00000, 0x0000000089e00000|  0%| F|  |TAMS 0x0000000089d00000| PB 0x0000000089d00000| Untracked 
| 158|0x0000000089e00000, 0x0000000089e00000, 0x0000000089f00000|  0%| F|  |TAMS 0x0000000089e00000| PB 0x0000000089e00000| Untracked 
| 159|0x0000000089f00000, 0x0000000089f00000, 0x000000008a000000|  0%| F|  |TAMS 0x0000000089f00000| PB 0x0000000089f00000| Untracked 
| 160|0x000000008a000000, 0x000000008a000000, 0x000000008a100000|  0%| F|  |TAMS 0x000000008a000000| PB 0x000000008a000000| Untracked 
| 161|0x000000008a100000, 0x000000008a100000, 0x000000008a200000|  0%| F|  |TAMS 0x000000008a100000| PB 0x000000008a100000| Untracked 
| 162|0x000000008a200000, 0x000000008a200000, 0x000000008a300000|  0%| F|  |TAMS 0x000000008a200000| PB 0x000000008a200000| Untracked 
| 163|0x000000008a300000, 0x000000008a300000, 0x000000008a400000|  0%| F|  |TAMS 0x000000008a300000| PB 0x000000008a300000| Untracked 
| 164|0x000000008a400000, 0x000000008a400000, 0x000000008a500000|  0%| F|  |TAMS 0x000000008a400000| PB 0x000000008a400000| Untracked 
| 165|0x000000008a500000, 0x000000008a500000, 0x000000008a600000|  0%| F|  |TAMS 0x000000008a500000| PB 0x000000008a500000| Untracked 
| 166|0x000000008a600000, 0x000000008a600000, 0x000000008a700000|  0%| F|  |TAMS 0x000000008a600000| PB 0x000000008a600000| Untracked 
| 167|0x000000008a700000, 0x000000008a700000, 0x000000008a800000|  0%| F|  |TAMS 0x000000008a700000| PB 0x000000008a700000| Untracked 
| 168|0x000000008a800000, 0x000000008a800000, 0x000000008a900000|  0%| F|  |TAMS 0x000000008a800000| PB 0x000000008a800000| Untracked 
| 169|0x000000008a900000, 0x000000008a900000, 0x000000008aa00000|  0%| F|  |TAMS 0x000000008a900000| PB 0x000000008a900000| Untracked 
| 170|0x000000008aa00000, 0x000000008aa00000, 0x000000008ab00000|  0%| F|  |TAMS 0x000000008aa00000| PB 0x000000008aa00000| Untracked 
| 171|0x000000008ab00000, 0x000000008ab82a28, 0x000000008ac00000| 51%| E|  |TAMS 0x000000008ab00000| PB 0x000000008ab00000| Complete 
| 172|0x000000008ac00000, 0x000000008ad00000, 0x000000008ad00000|100%| E|CS|TAMS 0x000000008ac00000| PB 0x000000008ac00000| Complete 
| 173|0x000000008ad00000, 0x000000008ae00000, 0x000000008ae00000|100%| E|CS|TAMS 0x000000008ad00000| PB 0x000000008ad00000| Complete 
|2034|0x00000000ff200000, 0x00000000ff300000, 0x00000000ff300000|100%| O|  |TAMS 0x00000000ff300000| PB 0x00000000ff300000| Updating 
|2035|0x00000000ff300000, 0x00000000ff400000, 0x00000000ff400000|100%| E|CS|TAMS 0x00000000ff300000| PB 0x00000000ff300000| Complete 
|2036|0x00000000ff400000, 0x00000000ff500000, 0x00000000ff500000|100%| O|  |TAMS 0x00000000ff500000| PB 0x00000000ff500000| Updating 
|2037|0x00000000ff500000, 0x00000000ff600000, 0x00000000ff600000|100%| O|  |TAMS 0x00000000ff600000| PB 0x00000000ff600000| Updating 
|2038|0x00000000ff600000, 0x00000000ff700000, 0x00000000ff700000|100%| O|  |TAMS 0x00000000ff700000| PB 0x00000000ff700000| Updating 
|2039|0x00000000ff700000, 0x00000000ff800000, 0x00000000ff800000|100%| O|  |TAMS 0x00000000ff800000| PB 0x00000000ff800000| Untracked 
|2040|0x00000000ff800000, 0x00000000ff900000, 0x00000000ff900000|100%| O|  |TAMS 0x00000000ff900000| PB 0x00000000ff900000| Untracked 
|2041|0x00000000ff900000, 0x00000000ffa00000, 0x00000000ffa00000|100%| O|  |TAMS 0x00000000ffa00000| PB 0x00000000ffa00000| Untracked 
|2042|0x00000000ffa00000, 0x00000000ffb00000, 0x00000000ffb00000|100%| O|  |TAMS 0x00000000ffb00000| PB 0x00000000ffb00000| Untracked 
|2043|0x00000000ffb00000, 0x00000000ffc00000, 0x00000000ffc00000|100%| O|  |TAMS 0x00000000ffc00000| PB 0x00000000ffc00000| Untracked 
|2044|0x00000000ffc00000, 0x00000000ffd00000, 0x00000000ffd00000|100%| O|  |TAMS 0x00000000ffd00000| PB 0x00000000ffd00000| Untracked 
|2045|0x00000000ffd00000, 0x00000000ffe00000, 0x00000000ffe00000|100%| O|  |TAMS 0x00000000ffe00000| PB 0x00000000ffe00000| Untracked 
|2046|0x00000000ffe00000, 0x00000000fff00000, 0x00000000fff00000|100%| O|  |TAMS 0x00000000fff00000| PB 0x00000000fff00000| Untracked 
|2047|0x00000000fff00000, 0x0000000100000000, 0x0000000100000000|100%| O|  |TAMS 0x0000000100000000| PB 0x0000000100000000| Untracked 

Card table byte_map: [0x0000024273cd0000,0x00000242740d0000] _byte_map_base: 0x00000242738d0000

Marking Bits: (CMBitMap*) 0x000002425f09e640
 Bits: [0x00000242740d0000, 0x00000242760d0000)

Polling page: 0x0000024263c20000

Metaspace:

Usage:
  Non-class:     83.98 MB used.
      Class:     13.40 MB used.
       Both:     97.39 MB used.

Virtual space:
  Non-class space:      128.00 MB reserved,      85.00 MB ( 66%) committed,  2 nodes.
      Class space:        1.00 GB reserved,      14.38 MB (  1%) committed,  1 nodes.
             Both:        1.12 GB reserved,      99.38 MB (  9%) committed. 

Chunk freelists:
   Non-Class:  10.78 MB
       Class:  1.66 MB
        Both:  12.44 MB

MaxMetaspaceSize: unlimited
CompressedClassSpaceSize: 1.00 GB
Initial GC threshold: 21.00 MB
Current GC threshold: 145.44 MB
CDS: off
 - commit_granule_bytes: 65536.
 - commit_granule_words: 8192.
 - virtual_space_node_default_size: 8388608.
 - enlarge_chunks_in_place: 1.
 - use_allocation_guard: 0.


Internal statistics:

num_allocs_failed_limit: 6.
num_arena_births: 3924.
num_arena_deaths: 0.
num_vsnodes_births: 3.
num_vsnodes_deaths: 0.
num_space_committed: 1590.
num_space_uncommitted: 0.
num_chunks_returned_to_freelist: 6.
num_chunks_taken_from_freelist: 8162.
num_chunk_merges: 6.
num_chunk_splits: 5285.
num_chunks_enlarged: 3250.
num_inconsistent_stats: 0.

CodeHeap 'non-profiled nmethods': size=120000Kb used=6194Kb max_used=6555Kb free=113806Kb
 bounds [0x000002426b710000, 0x000002426bd80000, 0x0000024272c40000]
CodeHeap 'profiled nmethods': size=120000Kb used=17887Kb max_used=18304Kb free=102112Kb
 bounds [0x0000024263c40000, 0x0000024264e30000, 0x000002426b170000]
CodeHeap 'non-nmethods': size=5760Kb used=2666Kb max_used=2698Kb free=3093Kb
 bounds [0x000002426b170000, 0x000002426b420000, 0x000002426b710000]
CodeCache: size=245760Kb, used=26747Kb, max_used=27557Kb, free=219011Kb
 total_blobs=10743, nmethods=9790, adapters=857, full_count=0
Compilation: enabled, stopped_count=0, restarted_count=0

Compilation events (20 events):
Event: 785.982 Thread 0x000002427d0b7720 11822       3       kotlin.reflect.jvm.internal.impl.name.FqNameUnsafe::<init> (18 bytes)
Event: 785.983 Thread 0x000002427d0b7720 nmethod 11822 0x0000024264e1a390 code [0x0000024264e1a540, 0x0000024264e1a770]
Event: 785.983 Thread 0x000002427d0b7720 11823       3       kotlin.reflect.jvm.internal.impl.name.FqNameUnsafe::topLevel (28 bytes)
Event: 785.983 Thread 0x000002427d0b7720 nmethod 11823 0x0000024264e1a890 code [0x0000024264e1aaa0, 0x0000024264e1b058]
Event: 785.983 Thread 0x000002427d0b7720 11824       1       kotlin.reflect.jvm.internal.impl.descriptors.impl.PackageFragmentDescriptorImpl::getFqName (5 bytes)
Event: 785.983 Thread 0x000002427d0b7720 nmethod 11824 0x000002426bd76610 code [0x000002426bd767a0, 0x000002426bd76868]
Event: 785.983 Thread 0x000002427d0b7720 11825       1       kotlin.reflect.jvm.internal.impl.descriptors.impl.ModuleDescriptorImpl::isValid (5 bytes)
Event: 785.983 Thread 0x000002427d0b7720 nmethod 11825 0x000002426bd76910 code [0x000002426bd76aa0, 0x000002426bd76b70]
Event: 785.983 Thread 0x000002427d0b7720 11826       3       kotlin.reflect.jvm.internal.impl.storage.DefaultSimpleLock::lock (10 bytes)
Event: 785.984 Thread 0x000002427d0b7720 nmethod 11826 0x0000024264e1b290 code [0x0000024264e1b440, 0x0000024264e1b610]
Event: 785.984 Thread 0x000002427d0b7720 11827       3       kotlin.reflect.jvm.internal.impl.storage.DefaultSimpleLock::unlock (10 bytes)
Event: 785.984 Thread 0x000002427d0b7720 nmethod 11827 0x0000024264e1b710 code [0x0000024264e1b8c0, 0x0000024264e1ba90]
Event: 785.985 Thread 0x000002427d0b7720 11828       3       kotlin.jvm.JvmClassMappingKt::getJavaClass (22 bytes)
Event: 785.986 Thread 0x000002427d0b7720 nmethod 11828 0x0000024264e1bb90 code [0x0000024264e1be40, 0x0000024264e1c978]
Event: 785.986 Thread 0x000002427d0b7720 11829       3       kotlin.reflect.jvm.internal.impl.name.ClassId$Companion::topLevel (34 bytes)
Event: 785.987 Thread 0x000002427d0b7720 nmethod 11829 0x0000024264e1cd90 code [0x0000024264e1d020, 0x0000024264e1d830]
Event: 785.987 Thread 0x000002427d0b7720 11830       3       kotlin.reflect.jvm.internal.impl.name.FqNameUnsafe::compute (76 bytes)
Event: 785.989 Thread 0x000002427d0b7720 nmethod 11830 0x0000024264e1db90 code [0x0000024264e1df20, 0x0000024264e1f368]
Event: 786.002 Thread 0x000002427d0b7720 11832       3       java.lang.Class::isLocalClass (27 bytes)
Event: 787.002 Thread 0x000002427d0b7720 nmethod 11832 0x0000024264e1fb10 code [0x0000024264e1fd00, 0x0000024264e200a0]

GC Heap History (20 events):
Event: 693.783 GC heap before
{Heap before GC invocations=24 (full 0):
 garbage-first heap   total 167936K, used 81418K [0x0000000080000000, 0x0000000100000000)
  region size 1024K, 12 young (12288K), 11 survivors (11264K)
 Metaspace       used 75287K, committed 77120K, reserved 1179648K
  class space    used 10555K, committed 11456K, reserved 1048576K
}
Event: 693.825 GC heap after
{Heap after GC invocations=25 (full 0):
 garbage-first heap   total 167936K, used 82384K [0x0000000080000000, 0x0000000100000000)
  region size 1024K, 2 young (2048K), 2 survivors (2048K)
 Metaspace       used 75287K, committed 77120K, reserved 1179648K
  class space    used 10555K, committed 11456K, reserved 1048576K
}
Event: 694.699 GC heap before
{Heap before GC invocations=26 (full 0):
 garbage-first heap   total 167936K, used 153040K [0x0000000080000000, 0x0000000100000000)
  region size 1024K, 72 young (73728K), 2 survivors (2048K)
 Metaspace       used 75517K, committed 77312K, reserved 1179648K
  class space    used 10555K, committed 11456K, reserved 1048576K
}
Event: 694.706 GC heap after
{Heap after GC invocations=27 (full 0):
 garbage-first heap   total 167936K, used 85775K [0x0000000080000000, 0x0000000100000000)
  region size 1024K, 5 young (5120K), 5 survivors (5120K)
 Metaspace       used 75517K, committed 77312K, reserved 1179648K
  class space    used 10555K, committed 11456K, reserved 1048576K
}
Event: 695.239 GC heap before
{Heap before GC invocations=27 (full 0):
 garbage-first heap   total 167936K, used 153359K [0x0000000080000000, 0x0000000100000000)
  region size 1024K, 72 young (73728K), 5 survivors (5120K)
 Metaspace       used 75541K, committed 77376K, reserved 1179648K
  class space    used 10556K, committed 11456K, reserved 1048576K
}
Event: 695.245 GC heap after
{Heap after GC invocations=28 (full 0):
 garbage-first heap   total 167936K, used 87323K [0x0000000080000000, 0x0000000100000000)
  region size 1024K, 7 young (7168K), 7 survivors (7168K)
 Metaspace       used 75541K, committed 77376K, reserved 1179648K
  class space    used 10556K, committed 11456K, reserved 1048576K
}
Event: 706.064 GC heap before
{Heap before GC invocations=28 (full 0):
 garbage-first heap   total 167936K, used 135451K [0x0000000080000000, 0x0000000100000000)
  region size 1024K, 56 young (57344K), 7 survivors (7168K)
 Metaspace       used 75705K, committed 77632K, reserved 1179648K
  class space    used 10575K, committed 11520K, reserved 1048576K
}
Event: 706.111 GC heap after
{Heap after GC invocations=29 (full 0):
 garbage-first heap   total 167936K, used 84826K [0x0000000080000000, 0x0000000100000000)
  region size 1024K, 3 young (3072K), 3 survivors (3072K)
 Metaspace       used 75705K, committed 77632K, reserved 1179648K
  class space    used 10575K, committed 11520K, reserved 1048576K
}
Event: 716.622 GC heap before
{Heap before GC invocations=30 (full 0):
 garbage-first heap   total 167936K, used 165722K [0x0000000080000000, 0x0000000100000000)
  region size 1024K, 69 young (70656K), 3 survivors (3072K)
 Metaspace       used 80014K, committed 81920K, reserved 1179648K
  class space    used 11071K, committed 11968K, reserved 1048576K
}
Event: 716.656 GC heap after
{Heap after GC invocations=31 (full 0):
 garbage-first heap   total 179200K, used 106857K [0x0000000080000000, 0x0000000100000000)
  region size 1024K, 9 young (9216K), 9 survivors (9216K)
 Metaspace       used 80014K, committed 81920K, reserved 1179648K
  class space    used 11071K, committed 11968K, reserved 1048576K
}
Event: 730.324 GC heap before
{Heap before GC invocations=31 (full 0):
 garbage-first heap   total 179200K, used 166249K [0x0000000080000000, 0x0000000100000000)
  region size 1024K, 67 young (68608K), 9 survivors (9216K)
 Metaspace       used 85927K, committed 87872K, reserved 1179648K
  class space    used 11831K, committed 12800K, reserved 1048576K
}
Event: 730.376 GC heap after
{Heap after GC invocations=32 (full 0):
 garbage-first heap   total 180224K, used 107282K [0x0000000080000000, 0x0000000100000000)
  region size 1024K, 3 young (3072K), 3 survivors (3072K)
 Metaspace       used 85927K, committed 87872K, reserved 1179648K
  class space    used 11831K, committed 12800K, reserved 1048576K
}
Event: 732.630 GC heap before
{Heap before GC invocations=32 (full 0):
 garbage-first heap   total 180224K, used 114450K [0x0000000080000000, 0x0000000100000000)
  region size 1024K, 11 young (11264K), 3 survivors (3072K)
 Metaspace       used 87314K, committed 89280K, reserved 1179648K
  class space    used 11992K, committed 12992K, reserved 1048576K
}
Event: 732.669 GC heap after
{Heap after GC invocations=33 (full 0):
 garbage-first heap   total 180224K, used 108682K [0x0000000080000000, 0x0000000100000000)
  region size 1024K, 4 young (4096K), 4 survivors (4096K)
 Metaspace       used 87314K, committed 89280K, reserved 1179648K
  class space    used 11992K, committed 12992K, reserved 1048576K
}
Event: 741.163 GC heap before
{Heap before GC invocations=34 (full 0):
 garbage-first heap   total 191488K, used 173194K [0x0000000080000000, 0x0000000100000000)
  region size 1024K, 62 young (63488K), 4 survivors (4096K)
 Metaspace       used 90418K, committed 92352K, reserved 1179648K
  class space    used 12427K, committed 13376K, reserved 1048576K
}
Event: 741.232 GC heap after
{Heap after GC invocations=35 (full 0):
 garbage-first heap   total 191488K, used 114216K [0x0000000080000000, 0x0000000100000000)
  region size 1024K, 8 young (8192K), 8 survivors (8192K)
 Metaspace       used 90418K, committed 92352K, reserved 1179648K
  class space    used 12427K, committed 13376K, reserved 1048576K
}
Event: 773.969 GC heap before
{Heap before GC invocations=35 (full 0):
 garbage-first heap   total 191488K, used 178728K [0x0000000080000000, 0x0000000100000000)
  region size 1024K, 68 young (69632K), 8 survivors (8192K)
 Metaspace       used 95876K, committed 97856K, reserved 1179648K
  class space    used 13160K, committed 14144K, reserved 1048576K
}
Event: 774.018 GC heap after
{Heap after GC invocations=36 (full 0):
 garbage-first heap   total 192512K, used 118769K [0x0000000080000000, 0x0000000100000000)
  region size 1024K, 4 young (4096K), 4 survivors (4096K)
 Metaspace       used 95876K, committed 97856K, reserved 1179648K
  class space    used 13160K, committed 14144K, reserved 1048576K
}
Event: 784.957 GC heap before
{Heap before GC invocations=36 (full 0):
 garbage-first heap   total 192512K, used 179185K [0x0000000080000000, 0x0000000100000000)
  region size 1024K, 63 young (64512K), 4 survivors (4096K)
 Metaspace       used 99546K, committed 101568K, reserved 1179648K
  class space    used 13704K, committed 14656K, reserved 1048576K
}
Event: 785.749 GC heap after
{Heap after GC invocations=37 (full 0):
 garbage-first heap   total 192512K, used 120915K [0x0000000080000000, 0x0000000100000000)
  region size 1024K, 6 young (6144K), 6 survivors (6144K)
 Metaspace       used 99546K, committed 101568K, reserved 1179648K
  class space    used 13704K, committed 14656K, reserved 1048576K
}

Dll operation events (3 events):
Event: 0.147 Loaded shared library C:\Program Files\Android\Android Studio\jbr\bin\java.dll
Event: 0.167 Loaded shared library C:\Program Files\Android\Android Studio\jbr\bin\zip.dll
Event: 15.784 Loaded shared library C:\Program Files\Android\Android Studio\jbr\bin\verify.dll

Deoptimization events (20 events):
Event: 778.920 Thread 0x000002427e3fdd70 Uncommon trap: trap_request=0xffffff45 fr.pc=0x000002426bb3e79c relative=0x0000000000000b1c
Event: 778.920 Thread 0x000002427e3fdd70 Uncommon trap: reason=unstable_if action=reinterpret pc=0x000002426bb3e79c method=java.util.regex.Pattern.escape(ZZZ)I @ 8 c2
Event: 778.920 Thread 0x000002427e3fdd70 DEOPT PACKING pc=0x000002426bb3e79c sp=0x00000051632f54e0
Event: 778.920 Thread 0x000002427e3fdd70 DEOPT UNPACKING pc=0x000002426b1c43a2 sp=0x00000051632f5478 mode 2
Event: 781.362 Thread 0x000002427e3fdd70 DEOPT PACKING pc=0x0000024264419289 sp=0x00000051632f5120
Event: 781.362 Thread 0x000002427e3fdd70 DEOPT UNPACKING pc=0x000002426b1c4b42 sp=0x00000051632f4610 mode 0
Event: 783.863 Thread 0x000002427e3fdd70 DEOPT PACKING pc=0x0000024263cf1fde sp=0x00000051632f6f40
Event: 783.863 Thread 0x000002427e3fdd70 DEOPT UNPACKING pc=0x000002426b1c4b42 sp=0x00000051632f6428 mode 0
Event: 784.114 Thread 0x000002427e3fdd70 Uncommon trap: trap_request=0xffffffd6 fr.pc=0x000002426bd65614 relative=0x0000000000001834
Event: 784.114 Thread 0x000002427e3fdd70 Uncommon trap: reason=array_check action=maybe_recompile pc=0x000002426bd65614 method=java.util.TimSort.reverseRange([Ljava/lang/Object;II)V @ 20 c2
Event: 784.114 Thread 0x000002427e3fdd70 DEOPT PACKING pc=0x000002426bd65614 sp=0x00000051632f68c0
Event: 784.114 Thread 0x000002427e3fdd70 DEOPT UNPACKING pc=0x000002426b1c43a2 sp=0x00000051632f6758 mode 2
Event: 784.172 Thread 0x000002427e3fdd70 Uncommon trap: trap_request=0xffffffd6 fr.pc=0x000002426bd65614 relative=0x0000000000001834
Event: 784.172 Thread 0x000002427e3fdd70 Uncommon trap: reason=array_check action=maybe_recompile pc=0x000002426bd65614 method=java.util.TimSort.reverseRange([Ljava/lang/Object;II)V @ 20 c2
Event: 784.172 Thread 0x000002427e3fdd70 DEOPT PACKING pc=0x000002426bd65614 sp=0x00000051632f68c0
Event: 784.172 Thread 0x000002427e3fdd70 DEOPT UNPACKING pc=0x000002426b1c43a2 sp=0x00000051632f6758 mode 2
Event: 784.190 Thread 0x000002427e3fdd70 DEOPT PACKING pc=0x00000242648a3ce8 sp=0x00000051632f5ff0
Event: 784.190 Thread 0x000002427e3fdd70 DEOPT UNPACKING pc=0x000002426b1c4b42 sp=0x00000051632f5510 mode 0
Event: 784.321 Thread 0x000002427e3fdd70 DEOPT PACKING pc=0x0000024264cb7db4 sp=0x00000051632f64a0
Event: 784.321 Thread 0x000002427e3fdd70 DEOPT UNPACKING pc=0x000002426b1c4b42 sp=0x00000051632f5a60 mode 0

Classes loaded (20 events):
Event: 751.945 Loading class javax/management/NotificationListener
Event: 751.947 Loading class javax/management/NotificationListener done
Event: 751.947 Loading class javax/management/NotificationFilter
Event: 751.947 Loading class javax/management/NotificationFilter done
Event: 751.947 Loading class javax/management/ListenerNotFoundException
Event: 751.948 Loading class javax/management/OperationsException
Event: 751.948 Loading class javax/management/JMException
Event: 751.948 Loading class javax/management/JMException done
Event: 751.949 Loading class javax/management/OperationsException done
Event: 751.949 Loading class javax/management/ListenerNotFoundException done
Event: 751.949 Loading class jdk/jfr/FlightRecorder
Event: 751.953 Loading class jdk/jfr/FlightRecorder done
Event: 751.953 Loading class jdk/management/jfr/FlightRecorderMXBeanImpl$MXBeanListener
Event: 751.953 Loading class jdk/jfr/FlightRecorderListener
Event: 751.953 Loading class jdk/jfr/FlightRecorderListener done
Event: 751.953 Loading class jdk/management/jfr/FlightRecorderMXBeanImpl$MXBeanListener done
Event: 752.504 Loading class com/sun/jmx/mbeanserver/StandardMBeanSupport
Event: 752.509 Loading class com/sun/jmx/mbeanserver/StandardMBeanSupport done
Event: 752.509 Loading class com/sun/jmx/mbeanserver/StandardMBeanIntrospector
Event: 752.567 Loading class com/sun/jmx/mbeanserver/StandardMBeanIntrospector done

Classes unloaded (0 events):
No events

Classes redefined (0 events):
No events

Internal exceptions (20 events):
Event: 785.765 Thread 0x000002427e3fdd70 Exception <a 'sun/nio/fs/WindowsException'{0x00000000ff312498}> (0x00000000ff312498) 
thrown [s\src\hotspot\share\prims\jni.cpp, line 537]
Event: 785.766 Thread 0x000002427e3fdd70 Exception <a 'sun/nio/fs/WindowsException'{0x00000000ff319f58}> (0x00000000ff319f58) 
thrown [s\src\hotspot\share\prims\jni.cpp, line 537]
Event: 785.767 Thread 0x000002427e3fdd70 Exception <a 'sun/nio/fs/WindowsException'{0x00000000ff326c60}> (0x00000000ff326c60) 
thrown [s\src\hotspot\share\prims\jni.cpp, line 537]
Event: 785.769 Thread 0x000002427e3fdd70 Exception <a 'sun/nio/fs/WindowsException'{0x00000000ff333b90}> (0x00000000ff333b90) 
thrown [s\src\hotspot\share\prims\jni.cpp, line 537]
Event: 785.770 Thread 0x000002427e3fdd70 Exception <a 'sun/nio/fs/WindowsException'{0x00000000ff336130}> (0x00000000ff336130) 
thrown [s\src\hotspot\share\prims\jni.cpp, line 537]
Event: 785.771 Thread 0x000002427e3fdd70 Exception <a 'sun/nio/fs/WindowsException'{0x00000000ff33e030}> (0x00000000ff33e030) 
thrown [s\src\hotspot\share\prims\jni.cpp, line 537]
Event: 785.772 Thread 0x000002427e3fdd70 Exception <a 'sun/nio/fs/WindowsException'{0x00000000ff340618}> (0x00000000ff340618) 
thrown [s\src\hotspot\share\prims\jni.cpp, line 537]
Event: 785.773 Thread 0x000002427e3fdd70 Exception <a 'sun/nio/fs/WindowsException'{0x00000000ff342d78}> (0x00000000ff342d78) 
thrown [s\src\hotspot\share\prims\jni.cpp, line 537]
Event: 785.773 Thread 0x000002427e504470 Exception <a 'sun/nio/fs/WindowsException'{0x00000000ff396288}> (0x00000000ff396288) 
thrown [s\src\hotspot\share\prims\jni.cpp, line 537]
Event: 785.774 Thread 0x000002427e3fdd70 Exception <a 'sun/nio/fs/WindowsException'{0x00000000ff3453c0}> (0x00000000ff3453c0) 
thrown [s\src\hotspot\share\prims\jni.cpp, line 537]
Event: 785.774 Thread 0x000002427e504470 Exception <a 'sun/nio/fs/WindowsException'{0x00000000ff397fd0}> (0x00000000ff397fd0) 
thrown [s\src\hotspot\share\prims\jni.cpp, line 537]
Event: 785.775 Thread 0x000002427e3fdd70 Exception <a 'sun/nio/fs/WindowsException'{0x00000000ff34ce88}> (0x00000000ff34ce88) 
thrown [s\src\hotspot\share\prims\jni.cpp, line 537]
Event: 785.776 Thread 0x000002427e504470 Exception <a 'sun/nio/fs/WindowsException'{0x00000000ff39f430}> (0x00000000ff39f430) 
thrown [s\src\hotspot\share\prims\jni.cpp, line 537]
Event: 785.777 Thread 0x000002427e3fdd70 Exception <a 'sun/nio/fs/WindowsException'{0x00000000ff354e80}> (0x00000000ff354e80) 
thrown [s\src\hotspot\share\prims\jni.cpp, line 537]
Event: 785.777 Thread 0x000002427e3fdd70 Exception <a 'sun/nio/fs/WindowsException'{0x00000000ff3573c8}> (0x00000000ff3573c8) 
thrown [s\src\hotspot\share\prims\jni.cpp, line 537]
Event: 785.779 Thread 0x000002427e3fdd70 Exception <a 'sun/nio/fs/WindowsException'{0x00000000ff35f468}> (0x00000000ff35f468) 
thrown [s\src\hotspot\share\prims\jni.cpp, line 537]
Event: 785.780 Thread 0x000002427e3fdd70 Exception <a 'sun/nio/fs/WindowsException'{0x00000000ff366fc8}> (0x00000000ff366fc8) 
thrown [s\src\hotspot\share\prims\jni.cpp, line 537]
Event: 785.782 Thread 0x000002427e3fdd70 Exception <a 'sun/nio/fs/WindowsException'{0x00000000ff36ef70}> (0x00000000ff36ef70) 
thrown [s\src\hotspot\share\prims\jni.cpp, line 537]
Event: 785.988 Thread 0x000002427e3fdd70 Exception <a 'sun/nio/fs/WindowsException'{0x000000008ace9f00}> (0x000000008ace9f00) 
thrown [s\src\hotspot\share\prims\jni.cpp, line 537]
Event: 785.993 Thread 0x000002427e3fdd70 Exception <a 'sun/nio/fs/WindowsException'{0x000000008ab04ee0}> (0x000000008ab04ee0) 
thrown [s\src\hotspot\share\prims\jni.cpp, line 537]

ZGC Phase Switch (0 events):
No events

VM Operations (20 events):
Event: 777.047 Executing safepoint VM operation: Cleanup done
Event: 779.058 Executing safepoint VM operation: Cleanup
Event: 779.058 Executing safepoint VM operation: Cleanup done
Event: 780.072 Executing safepoint VM operation: Cleanup
Event: 780.072 Executing safepoint VM operation: Cleanup done
Event: 781.084 Executing safepoint VM operation: Cleanup
Event: 781.100 Executing safepoint VM operation: Cleanup done
Event: 781.740 Executing non-safepoint VM operation: HandshakeAllThreads (HandshakeForDeflation)
Event: 781.753 Executing non-safepoint VM operation: HandshakeAllThreads (HandshakeForDeflation) done
Event: 781.753 Executing non-safepoint VM operation: RendezvousGCThreads
Event: 781.753 Executing non-safepoint VM operation: RendezvousGCThreads done
Event: 782.765 Executing safepoint VM operation: Cleanup
Event: 782.766 Executing safepoint VM operation: Cleanup done
Event: 783.777 Executing safepoint VM operation: Cleanup
Event: 783.777 Executing safepoint VM operation: Cleanup done
Event: 784.788 Executing safepoint VM operation: Cleanup
Event: 784.820 Executing safepoint VM operation: Cleanup done
Event: 784.957 Executing safepoint VM operation: G1CollectForAllocation (G1 Evacuation Pause)
Event: 785.749 Executing safepoint VM operation: G1CollectForAllocation (G1 Evacuation Pause) done
Event: 786.061 Executing safepoint VM operation: G1PauseRemark

Memory protections (0 events):
No events

Nmethod flushes (20 events):
Event: 787.573 Thread 0x000002427d02ee20 flushing  nmethod 0x000002426b9b5d10
Event: 787.573 Thread 0x000002427d02ee20 flushing  nmethod 0x000002426ba10510
Event: 787.573 Thread 0x000002427d02ee20 flushing  nmethod 0x000002426ba11610
Event: 787.573 Thread 0x000002427d02ee20 flushing  nmethod 0x000002426ba1c810
Event: 787.573 Thread 0x000002427d02ee20 flushing  nmethod 0x0000024263c64e10
Event: 787.573 Thread 0x000002427d02ee20 flushing  nmethod 0x0000024263c68510
Event: 787.573 Thread 0x000002427d02ee20 flushing  nmethod 0x0000024263c6a590
Event: 787.573 Thread 0x000002427d02ee20 flushing  nmethod 0x0000024263c6af90
Event: 787.573 Thread 0x000002427d02ee20 flushing  nmethod 0x0000024263d25210
Event: 787.573 Thread 0x000002427d02ee20 flushing  nmethod 0x0000024263e42610
Event: 787.573 Thread 0x000002427d02ee20 flushing  nmethod 0x0000024263e43810
Event: 787.573 Thread 0x000002427d02ee20 flushing  nmethod 0x0000024263fedb90
Event: 787.573 Thread 0x000002427d02ee20 flushing  nmethod 0x0000024263fee190
Event: 787.573 Thread 0x000002427d02ee20 flushing  nmethod 0x0000024263ff9d90
Event: 787.573 Thread 0x000002427d02ee20 flushing  nmethod 0x0000024264019e10
Event: 787.573 Thread 0x000002427d02ee20 flushing  nmethod 0x000002426401b390
Event: 787.573 Thread 0x000002427d02ee20 flushing  nmethod 0x000002426401e710
Event: 787.573 Thread 0x000002427d02ee20 flushing  nmethod 0x000002426409eb90
Event: 787.573 Thread 0x000002427d02ee20 flushing  nmethod 0x000002426409ee90
Event: 787.573 Thread 0x000002427d02ee20 flushing  nmethod 0x0000024264392e90

Events (20 events):
Event: 693.300 Thread 0x000002427e3fdd70 Thread added: 0x00000242020e78e0
Event: 693.304 Thread 0x000002427e3fdd70 Thread added: 0x00000242020e8c90
Event: 693.826 Thread 0x000002427d0b7720 Thread added: 0x0000024200c36410
Event: 693.933 Thread 0x000002427d0b7720 Thread added: 0x0000024200c35d40
Event: 694.313 Thread 0x000002427e3fdd70 Thread added: 0x0000024201264e60
Event: 694.314 Thread 0x000002427e3fdd70 Thread added: 0x0000024201266f30
Event: 694.316 Thread 0x000002427e3fdd70 Thread added: 0x00000242012675c0
Event: 694.317 Thread 0x000002427e3fdd70 Thread added: 0x0000024201268970
Event: 694.319 Thread 0x000002427e3fdd70 Thread added: 0x00000242012654f0
Event: 694.320 Thread 0x000002427e3fdd70 Thread added: 0x0000024201269000
Event: 694.321 Thread 0x000002427e3fdd70 Thread added: 0x0000024201265b80
Event: 694.322 Thread 0x000002427e3fdd70 Thread added: 0x0000024201269690
Event: 694.324 Thread 0x000002427e3fdd70 Thread added: 0x0000024201266210
Event: 694.326 Thread 0x000002427e3fdd70 Thread added: 0x00000242012668a0
Event: 694.327 Thread 0x000002427e3fdd70 Thread added: 0x0000024201269d20
Event: 695.681 Thread 0x0000024200c35d40 Thread exited: 0x0000024200c35d40
Event: 695.715 Thread 0x0000024200c36410 Thread exited: 0x0000024200c36410
Event: 727.717 Thread 0x000002427e3fdd70 Thread added: 0x000002420126a3b0
Event: 756.370 Thread 0x000002427e3fdd70 Thread added: 0x0000024200a140e0
Event: 765.615 Thread 0x0000024200cd11b0 Thread exited: 0x0000024200cd11b0


Dynamic libraries:
0x00007ff6db730000 - 0x00007ff6db73a000 	C:\Program Files\Android\Android Studio\jbr\bin\java.exe
0x00007ff95a620000 - 0x00007ff95a887000 	C:\WINDOWS\SYSTEM32\ntdll.dll
0x00007ff9598f0000 - 0x00007ff9599b9000 	C:\WINDOWS\System32\KERNEL32.DLL
0x00007ff957940000 - 0x00007ff957d34000 	C:\WINDOWS\System32\KERNELBASE.dll
0x00007ff957d40000 - 0x00007ff957e8b000 	C:\WINDOWS\System32\ucrtbase.dll
0x00007ff92f200000 - 0x00007ff92f218000 	C:\Program Files\Android\Android Studio\jbr\bin\jli.dll
0x00007ff9599c0000 - 0x00007ff959b85000 	C:\WINDOWS\System32\USER32.dll
0x00007ff958380000 - 0x00007ff9583a7000 	C:\WINDOWS\System32\win32u.dll
0x00007ff95a5b0000 - 0x00007ff95a5db000 	C:\WINDOWS\System32\GDI32.dll
0x00007ff957760000 - 0x00007ff95788a000 	C:\WINDOWS\System32\gdi32full.dll
0x00007ff957890000 - 0x00007ff957933000 	C:\WINDOWS\System32\msvcp_win.dll
0x00007ff9457a0000 - 0x00007ff945a33000 	C:\WINDOWS\WinSxS\amd64_microsoft.windows.common-controls_6595b64144ccf1df_6.0.26100.8115_none_3e075c82e3354f9c\COMCTL32.dll
0x00007ff958be0000 - 0x00007ff958c89000 	C:\WINDOWS\System32\msvcrt.dll
0x00007ff938dc0000 - 0x00007ff938ddb000 	C:\Program Files\Android\Android Studio\jbr\bin\VCRUNTIME140.dll
0x00007ff95a2d0000 - 0x00007ff95a302000 	C:\WINDOWS\System32\IMM32.DLL
0x00007ff938db0000 - 0x00007ff938dbc000 	C:\Program Files\Android\Android Studio\jbr\bin\vcruntime140_1.dll
0x00007ff91e2e0000 - 0x00007ff91e36d000 	C:\Program Files\Android\Android Studio\jbr\bin\msvcp140.dll
0x00007ff8dfda0000 - 0x00007ff8e0a36000 	C:\Program Files\Android\Android Studio\jbr\bin\server\jvm.dll
0x00007ff9595d0000 - 0x00007ff959686000 	C:\WINDOWS\System32\ADVAPI32.dll
0x00007ff959e00000 - 0x00007ff959ea7000 	C:\WINDOWS\System32\sechost.dll
0x00007ff9594b0000 - 0x00007ff9595c8000 	C:\WINDOWS\System32\RPCRT4.dll
0x00007ff959720000 - 0x00007ff9597a0000 	C:\WINDOWS\System32\WS2_32.dll
0x00007ff956ca0000 - 0x00007ff956cfe000 	C:\WINDOWS\SYSTEM32\POWRPROF.dll
0x00007ff950870000 - 0x00007ff95087b000 	C:\WINDOWS\SYSTEM32\VERSION.dll
0x00007ff950830000 - 0x00007ff950866000 	C:\WINDOWS\SYSTEM32\WINMM.dll
0x00007ff956c80000 - 0x00007ff956c94000 	C:\WINDOWS\SYSTEM32\UMPDC.dll
0x00007ff955c80000 - 0x00007ff955c9b000 	C:\WINDOWS\SYSTEM32\kernel.appcore.dll
0x00007ff938da0000 - 0x00007ff938daa000 	C:\Program Files\Android\Android Studio\jbr\bin\jimage.dll
0x00007ff954e30000 - 0x00007ff955072000 	C:\WINDOWS\SYSTEM32\DBGHELP.DLL
0x00007ff959eb0000 - 0x00007ff95a232000 	C:\WINDOWS\System32\combase.dll
0x00007ff958670000 - 0x00007ff958747000 	C:\WINDOWS\System32\OLEAUT32.dll
0x00007ff945500000 - 0x00007ff94553b000 	C:\WINDOWS\SYSTEM32\dbgcore.DLL
0x00007ff958000000 - 0x00007ff9580a5000 	C:\WINDOWS\System32\bcryptPrimitives.dll
0x00007ff952040000 - 0x00007ff95204e000 	C:\Program Files\Android\Android Studio\jbr\bin\instrument.dll
0x00007ff938d80000 - 0x00007ff938da0000 	C:\Program Files\Android\Android Studio\jbr\bin\java.dll
0x00007ff8f4bd0000 - 0x00007ff8f4be8000 	C:\Program Files\Android\Android Studio\jbr\bin\zip.dll
0x00007ff958c90000 - 0x00007ff9593f6000 	C:\WINDOWS\System32\SHELL32.dll
0x00007ff957e90000 - 0x00007ff957ffa000 	C:\WINDOWS\System32\wintypes.dll
0x00007ff956ef0000 - 0x00007ff957755000 	C:\WINDOWS\System32\windows.storage.dll
0x00007ff959d00000 - 0x00007ff959df7000 	C:\WINDOWS\System32\SHCORE.dll
0x00007ff95a240000 - 0x00007ff95a2a6000 	C:\WINDOWS\System32\shlwapi.dll
0x00007ff956e10000 - 0x00007ff956e39000 	C:\WINDOWS\SYSTEM32\profapi.dll
0x00007ff938d70000 - 0x00007ff938d80000 	C:\Program Files\Android\Android Studio\jbr\bin\net.dll
0x00007ff94dd50000 - 0x00007ff94de7d000 	C:\WINDOWS\SYSTEM32\WINHTTP.dll
0x00007ff9561f0000 - 0x00007ff95625c000 	C:\WINDOWS\system32\mswsock.dll
0x00007ff8ee650000 - 0x00007ff8ee666000 	C:\Program Files\Android\Android Studio\jbr\bin\nio.dll
0x00007ff92d300000 - 0x00007ff92d310000 	C:\Program Files\Android\Android Studio\jbr\bin\verify.dll
0x00007ff8df6a0000 - 0x00007ff8df6c7000 	C:\Users\Apoorv Rathore\AndroidStudioProjects\.gradle\native\1def1411415f61bf3af743bc5b6707747c0891f09f0c88961ee8f79bc544acac\windows-amd64\native-platform.dll
0x00007ff91e260000 - 0x00007ff91e2d8000 	C:\Users\Apoorv Rathore\AndroidStudioProjects\.gradle\native\0.2.7\x86_64-windows-gnu\gradle-fileevents.dll
0x00007ff954220000 - 0x00007ff954229000 	C:\Program Files\Android\Android Studio\jbr\bin\management.dll
0x00007ff9541c0000 - 0x00007ff9541cb000 	C:\Program Files\Android\Android Studio\jbr\bin\management_ext.dll
0x00007ff95a570000 - 0x00007ff95a578000 	C:\WINDOWS\System32\PSAPI.DLL
0x00007ff955560000 - 0x00007ff955592000 	C:\WINDOWS\SYSTEM32\IPHLPAPI.DLL
0x00007ff959cf0000 - 0x00007ff959cfa000 	C:\WINDOWS\System32\NSI.dll
0x00007ff954230000 - 0x00007ff954239000 	C:\Program Files\Android\Android Studio\jbr\bin\extnet.dll
0x00007ff9564d0000 - 0x00007ff9564eb000 	C:\WINDOWS\SYSTEM32\CRYPTSP.dll
0x00007ff955be0000 - 0x00007ff955c19000 	C:\WINDOWS\system32\rsaenh.dll
0x00007ff9562a0000 - 0x00007ff9562d3000 	C:\WINDOWS\SYSTEM32\USERENV.dll
0x00007ff956de0000 - 0x00007ff956e0a000 	C:\WINDOWS\SYSTEM32\bcrypt.dll
0x00007ff9564f0000 - 0x00007ff9564fc000 	C:\WINDOWS\SYSTEM32\CRYPTBASE.dll
0x00007ff92d2d0000 - 0x00007ff92d2d8000 	C:\WINDOWS\system32\wshunix.dll

JVMTI agents:
C:\Users\Apoorv Rathore\AndroidStudioProjects\.gradle\wrapper\dists\gradle-8.13-bin\5xuhj0ry160q40clulazy9h7d\gradle-8.13\lib\agents\gradle-instrumentation-agent-8.13.jar path:C:\Program Files\Android\Android Studio\jbr\bin\instrument.dll, loaded, initialized, instrumentlib options:none

dbghelp: loaded successfully - version: 4.0.5 - missing functions: none
symbol engine: initialized successfully - sym options: 0x614 - pdb path: .;C:\Program Files\Android\Android Studio\jbr\bin;C:\WINDOWS\SYSTEM32;C:\WINDOWS\WinSxS\amd64_microsoft.windows.common-controls_6595b64144ccf1df_6.0.26100.8115_none_3e075c82e3354f9c;C:\Program Files\Android\Android Studio\jbr\bin\server;C:\Users\Apoorv Rathore\AndroidStudioProjects\.gradle\native\1def1411415f61bf3af743bc5b6707747c0891f09f0c88961ee8f79bc544acac\windows-amd64;C:\Users\Apoorv Rathore\AndroidStudioProjects\.gradle\native\0.2.7\x86_64-windows-gnu

VM Arguments:
jvm_args: --add-opens=java.base/java.lang=ALL-UNNAMED --add-opens=java.base/java.lang.invoke=ALL-UNNAMED --add-opens=java.base/java.util=ALL-UNNAMED --add-opens=java.prefs/java.util.prefs=ALL-UNNAMED --add-exports=jdk.compiler/com.sun.tools.javac.api=ALL-UNNAMED --add-exports=jdk.compiler/com.sun.tools.javac.util=ALL-UNNAMED --add-opens=java.base/java.util=ALL-UNNAMED --add-opens=java.prefs/java.util.prefs=ALL-UNNAMED --add-opens=java.base/java.nio.charset=ALL-UNNAMED --add-opens=java.base/java.net=ALL-UNNAMED --add-opens=java.base/java.util.concurrent.atomic=ALL-UNNAMED --add-opens=java.xml/javax.xml.namespace=ALL-UNNAMED -Xmx2048m -Dfile.encoding=UTF-8 -Duser.country=IN -Duser.language=en -Duser.variant -javaagent:C:\Users\Apoorv Rathore\AndroidStudioProjects\.gradle\wrapper\dists\gradle-8.13-bin\5xuhj0ry160q40clulazy9h7d\gradle-8.13\lib\agents\gradle-instrumentation-agent-8.13.jar 
java_command: org.gradle.launcher.daemon.bootstrap.GradleDaemon 8.13
java_class_path (initial): C:\Users\Apoorv Rathore\AndroidStudioProjects\.gradle\wrapper\dists\gradle-8.13-bin\5xuhj0ry160q40clulazy9h7d\gradle-8.13\lib\gradle-daemon-main-8.13.jar
Launcher Type: SUN_STANDARD

[Global flags]
     intx CICompilerCount                          = 4                                         {product} {ergonomic}
     uint ConcGCThreads                            = 3                                         {product} {ergonomic}
     uint G1ConcRefinementThreads                  = 10                                        {product} {ergonomic}
   size_t G1HeapRegionSize                         = 1048576                                   {product} {ergonomic}
    uintx GCDrainStackTargetSize                   = 64                                        {product} {ergonomic}
   size_t InitialHeapSize                          = 125829120                                 {product} {ergonomic}
   size_t MarkStackSize                            = 4194304                                   {product} {ergonomic}
   size_t MaxHeapSize                              = 2147483648                                {product} {command line}
   size_t MaxNewSize                               = 1287651328                                {product} {ergonomic}
   size_t MinHeapDeltaBytes                        = 1048576                                   {product} {ergonomic}
   size_t MinHeapSize                              = 8388608                                   {product} {ergonomic}
    uintx NonNMethodCodeHeapSize                   = 5839372                                {pd product} {ergonomic}
    uintx NonProfiledCodeHeapSize                  = 122909434                              {pd product} {ergonomic}
    uintx ProfiledCodeHeapSize                     = 122909434                              {pd product} {ergonomic}
    uintx ReservedCodeCacheSize                    = 251658240                              {pd product} {ergonomic}
     bool SegmentedCodeCache                       = true                                      {product} {ergonomic}
   size_t SoftMaxHeapSize                          = 2147483648                             {manageable} {ergonomic}
     bool UseCompressedOops                        = true                           {product lp64_product} {ergonomic}
     bool UseG1GC                                  = true                                      {product} {ergonomic}
     bool UseLargePagesIndividualAllocation        = false                                  {pd product} {ergonomic}

Logging:
Log output configuration:
 #0: stdout all=warning uptime,level,tags foldmultilines=false
 #1: stderr all=off uptime,level,tags foldmultilines=false

Release file:
JAVA_VERSION="21.0.10" 
MODULES="java.base java.compiler java.datatransfer java.xml java.prefs java.desktop java.instrument java.logging java.management java.security.sasl java.naming java.rmi java.management.rmi java.net.http java.scripting java.security.jgss java.transaction.xa java.sql java.sql.rowset java.xml.crypto java.se java.smartcardio jdk.accessibility jdk.internal.jvmstat jdk.attach jdk.charsets jdk.internal.opt jdk.zipfs jdk.compiler jdk.crypto.ec jdk.crypto.cryptoki jdk.dynalink jdk.hotspot.agent jdk.httpserver jdk.internal.ed jdk.internal.le jdk.internal.vm.ci jdk.jartool jdk.javadoc jdk.jcmd jdk.jdeps jdk.jdwp.agent jdk.jdi jdk.jfr jdk.jlink jdk.jsobject jdk.localedata jdk.management jdk.management.agent jdk.management.jfr jdk.naming.dns jdk.naming.rmi jdk.net jdk.sctp jdk.security.auth jdk.security.jgss jdk.unsupported jdk.unsupported.desktop jdk.xml.dom" 
IMPLEMENTOR="JetBrains s.r.o." 
JAVA_RUNTIME_VERSION="21.0.10+-14961533-b1163.108" 
LIBC="default" 
OS_ARCH="x86_64" 
OS_NAME="Windows" 
SOURCE=".:git:1351622c2ff2" 

Environment Variables:
PATH=C:\Python313\Scripts\;C:\Python313\;C:\Program Files\Common Files\Oracle\Java\javapath;C:\WINDOWS\system32;C:\WINDOWS;C:\WINDOWS\System32\Wbem;C:\WINDOWS\System32\WindowsPowerShell\v1.0\;C:\WINDOWS\System32\OpenSSH\;C:\Users\Apoorv Rathore\Desktop\MinGW Installer.lnk;C:\MinGW\bin;C:\Program Files\Java\jdk-18.0.2\bin;C:\ProgramData\chocolatey\bin;C:\xampp\php;C:\composer;C:\Program Files\Git\cmd;C:\Program Files\MongoDB\Server\8.0\bin;C:\Program Files\nodejs\;C:\Program Files\MySQL\MySQL Shell 8.0\bin\;C:\Users\Apoorv Rathore\Scripts\;C:\Users\Apoorv Rathore\;C:\Users\Apoorv Rathore\AppData\Local\Microsoft\WindowsApps;C:\Users\Apoorv Rathore\AppData\Local\Programs\Microsoft VS Code\bin;C:\Program Files\JetBrains\IntelliJ IDEA Community Edition 2022.1.4\bin;;C:\Users\Apoorv Rathore\Downloads\flutter_windows_3.7.8-stable\flutter\bin;C:\Users\Apoorv Rathore\Downloads\dartsdk-windows-x64-release\dart-sdk\bin;C:\tools\dart-sdk\bin;C:\Users\Apoorv Rathore\AppData\Roaming\Pub\Cache\bin;C:\Program Files\JetBrains\PyCharm Community Edition 2023.2.1\bin;;C:\Users\Apoorv Rathore\AppData\Roaming\Composer\vendor\bin;C:\Users\Apoorv Rathore\AppData\Local\Programs\mongosh\;C:\Users\Apoorv Rathore\AppData\Roaming\npm;C:\Program Files\JetBrains\PyCharm 2025.3.1\bin
USERNAME=Apoorv Rathore
OS=Windows_NT
PROCESSOR_IDENTIFIER=AMD64 Family 23 Model 104 Stepping 1, AuthenticAMD
TMP=C:\Users\APOORV~1\AppData\Local\Temp
TEMP=C:\Users\APOORV~1\AppData\Local\Temp




Periodic native trim disabled

JNI global refs:
JNI global refs: 27, weak refs: 1

JNI global refs memory usage: 835, weak refs: 833

Process memory usage:
Resident Set Size: 285228K (3% of 7745280K total physical memory with 986312K free physical memory)

OOME stack traces (most recent first):
Classloader memory used:
Loader org.gradle.internal.classloader.VisitableURLClassLoader                         : 40425K
Loader bootstrap                                                                       : 27942K
Loader org.gradle.internal.classloader.VisitableURLClassLoader$InstrumentingVisitableURLClassLoader: 16969K
Loader org.gradle.initialization.MixInLegacyTypesClassLoader                           : 11974K
Loader org.gradle.internal.classloader.VisitableURLClassLoader                         : 1112K
Loader jdk.internal.loader.ClassLoaders$PlatformClassLoader                            : 528K
Loader jdk.internal.reflect.DelegatingClassLoader                                      : 399K
Loader jdk.internal.loader.ClassLoaders$AppClassLoader                                 : 235K
Loader org.gradle.groovy.scripts.internal.DefaultScriptCompilationHandler$ScriptClassLoader: 90856B
Loader org.codehaus.groovy.runtime.callsite.CallSiteClassLoader                        : 49912B

Classes loaded by more than one classloader:
Class Program                                                                         : loaded 4 times (x 74B)
Class com.google.common.collect.PeekingIterator                                       : loaded 3 times (x 70B)
Class com.google.common.base.Preconditions                                            : loaded 3 times (x 71B)
Class org.gradle.internal.IoActions                                                   : loaded 3 times (x 71B)
Class org.gradle.api.GradleException                                                  : loaded 3 times (x 82B)
Class org.gradle.api.Action                                                           : loaded 3 times (x 70B)
Class org.gradle.internal.Cast                                                        : loaded 3 times (x 71B)
Class com.google.common.collect.ImmutableList                                         : loaded 3 times (x 206B)
Class com.google.common.collect.Iterators$9                                           : loaded 3 times (x 81B)
Class com.google.common.collect.Lists                                                 : loaded 3 times (x 71B)
Class com.google.common.collect.ImmutableCollection                                   : loaded 3 times (x 125B)
Class com.google.common.collect.Iterators$5                                           : loaded 3 times (x 82B)
Class com.google.common.collect.Iterators$4                                           : loaded 3 times (x 82B)
Class com.google.common.collect.Iterators$1                                           : loaded 3 times (x 81B)
Class com.google.common.collect.Iterators$MergingIterator                             : loaded 3 times (x 81B)
Class com.google.common.collect.UnmodifiableListIterator                              : loaded 3 times (x 95B)
Class com.google.common.collect.AbstractIndexedListIterator                           : loaded 3 times (x 96B)
Class com.google.common.collect.AbstractIterator                                      : loaded 3 times (x 82B)
Class com.google.common.collect.Lists$StringAsImmutableList                           : loaded 3 times (x 207B)
Class com.google.common.collect.Iterators                                             : loaded 3 times (x 71B)
Class com.google.common.collect.UnmodifiableIterator                                  : loaded 3 times (x 80B)
Class com.google.common.collect.Iterators$ArrayItr                                    : loaded 3 times (x 97B)
Class org.gradle.internal.classloader.ClassLoaderVisitor                              : loaded 2 times (x 76B)
Class [Lcom.google.common.collect.ImmutableMapEntry;                                  : loaded 2 times (x 69B)
Class org.gradle.api.internal.classpath.EffectiveClassPath                            : loaded 2 times (x 90B)
Class com.google.common.collect.ListMultimap                                          : loaded 2 times (x 70B)
Class com.google.common.collect.ImmutableEnumMap                                      : loaded 2 times (x 126B)
Class org.gradle.tooling.internal.gradle.DefaultProjectIdentifier                     : loaded 2 times (x 86B)
Class com.google.common.collect.Sets$1                                                : loaded 2 times (x 139B)
Class org.objectweb.asm.AnnotationVisitor                                             : loaded 2 times (x 78B)
Class org.gradle.api.internal.DefaultClassPathProvider                                : loaded 2 times (x 76B)
Class com.google.common.collect.Sets$2                                                : loaded 2 times (x 139B)
Class [Lorg.gradle.api.internal.ClassPathProvider;                                    : loaded 2 times (x 69B)
Class org.gradle.api.internal.ClassPathProvider                                       : loaded 2 times (x 70B)
Class [Lorg.objectweb.asm.AnnotationVisitor;                                          : loaded 2 times (x 69B)
Class com.google.common.collect.Sets$3                                                : loaded 2 times (x 139B)
Class com.google.common.util.concurrent.AbstractFuture$SafeAtomicHelper               : loaded 2 times (x 79B)
Class com.google.common.cache.LocalCache$LocalLoadingCache                            : loaded 2 times (x 134B)
Class org.gradle.internal.service.UnknownServiceException                             : loaded 2 times (x 83B)
Class com.google.common.collect.Sets$4                                                : loaded 2 times (x 139B)
Class org.objectweb.asm.ModuleVisitor                                                 : loaded 2 times (x 81B)
Class com.google.common.cache.LocalCache$Strength$1                                   : loaded 2 times (x 81B)
Class com.google.common.util.concurrent.SettableFuture                                : loaded 2 times (x 114B)
Class com.google.common.cache.LocalCache$Strength$2                                   : loaded 2 times (x 81B)
Class com.google.common.cache.LocalCache$Strength$3                                   : loaded 2 times (x 81B)
Class com.google.common.collect.MapDifference                                         : loaded 2 times (x 70B)
Class org.objectweb.asm.FieldWriter                                                   : loaded 2 times (x 78B)
Class com.google.common.cache.CacheBuilder$NullListener                               : loaded 2 times (x 82B)
Class org.gradle.internal.classpath.TransformedClassPath                              : loaded 2 times (x 96B)
Class org.gradle.internal.classloader.InstrumentingClassLoader                        : loaded 2 times (x 70B)
Class com.google.common.cache.CacheLoader$FunctionToCacheLoader                       : loaded 2 times (x 75B)
Class kotlin.collections.AbstractList$Companion                                       : loaded 2 times (x 71B)
Class com.google.common.collect.ImmutableCollection$Builder                           : loaded 2 times (x 76B)
Class kotlin.enums.EnumEntriesList                                                    : loaded 2 times (x 223B)
Class com.google.common.base.Joiner                                                   : loaded 2 times (x 79B)
Class com.google.common.base.MoreObjects                                              : loaded 2 times (x 71B)
Class com.google.common.collect.Platform                                              : loaded 2 times (x 71B)
Class [Lorg.objectweb.asm.Type;                                                       : loaded 2 times (x 69B)
Class org.gradle.internal.classloader.DefaultClassLoaderFactory                       : loaded 2 times (x 82B)
Class org.gradle.internal.service.ServiceLocator                                      : loaded 2 times (x 70B)
Class com.google.common.base.Ascii                                                    : loaded 2 times (x 71B)
Class com.google.common.collect.SingletonImmutableBiMap                               : loaded 2 times (x 143B)
Class com.google.common.cache.LocalCache$1                                            : loaded 2 times (x 89B)
Class com.google.common.collect.Iterators$SingletonIterator                           : loaded 2 times (x 81B)
Class com.google.common.collect.AbstractMapEntry                                      : loaded 2 times (x 81B)
Class com.intellij.gradle.toolingExtension.util.GradleVersionUtil                     : loaded 2 times (x 71B)
Class ijInit11_3p6r7s8db8df35xslejiqcavf                                              : loaded 2 times (x 179B)
Class org.gradle.tooling.model.UnsupportedMethodException                             : loaded 2 times (x 82B)
Class com.google.common.collect.AbstractMultimap                                      : loaded 2 times (x 123B)
Class com.google.common.cache.LocalCache$2                                            : loaded 2 times (x 142B)
Class com.google.common.util.concurrent.AbstractFuture$UnsafeAtomicHelper$1           : loaded 2 times (x 76B)
Class com.google.common.collect.RegularImmutableAsList                                : loaded 2 times (x 217B)
Class com.google.common.util.concurrent.AbstractFuture$Trusted                        : loaded 2 times (x 70B)
Class com.google.common.base.Suppliers                                                : loaded 2 times (x 71B)
Class [Lcom.google.common.cache.CacheBuilder$OneWeigher;                              : loaded 2 times (x 69B)
Class com.google.common.util.concurrent.UncheckedExecutionException                   : loaded 2 times (x 82B)
Class org.gradle.kotlin.dsl.VersionCatalogAccessorsKt                                 : loaded 2 times (x 71B)
Class org.gradle.internal.InternalTransformer                                         : loaded 2 times (x 70B)
Class org.objectweb.asm.ClassWriter                                                   : loaded 2 times (x 106B)
Class com.google.common.base.CharMatcher$And                                          : loaded 2 times (x 112B)
Class com.google.common.cache.CacheLoader$UnsupportedLoadingOperationException        : loaded 2 times (x 82B)
Class org.gradle.internal.time.DefaultTimer                                           : loaded 2 times (x 80B)
Class org.gradle.internal.classloader.ClasspathUtil$1                                 : loaded 2 times (x 76B)
Class org.objectweb.asm.FieldVisitor                                                  : loaded 2 times (x 77B)
Class com.google.common.collect.IndexedImmutableSet                                   : loaded 2 times (x 152B)
Class com.google.common.collect.ImmutableMap$1                                        : loaded 2 times (x 81B)
Class com.google.common.collect.BiMap                                                 : loaded 2 times (x 70B)
Class org.gradle.api.internal.classpath.DefaultModuleRegistry$DefaultModule           : loaded 2 times (x 86B)
Class com.google.common.primitives.Ints                                               : loaded 2 times (x 71B)
Class org.objectweb.asm.MethodTooLargeException                                       : loaded 2 times (x 83B)
Class com.google.common.collect.ObjectArrays                                          : loaded 2 times (x 71B)
Class com.google.common.collect.Multiset                                              : loaded 2 times (x 70B)
Class com.google.common.collect.ArrayListMultimapGwtSerializationDependencies         : loaded 2 times (x 172B)
Class org.gradle.internal.operations.MultipleBuildOperationFailures                   : loaded 2 times (x 95B)
Class com.google.common.math.MathPreconditions                                        : loaded 2 times (x 71B)
Class org.gradle.internal.time.DefaultCountdownTimer                                  : loaded 2 times (x 88B)
Class com.google.common.collect.ImmutableMapEntrySet                                  : loaded 2 times (x 152B)
Class org.gradle.tooling.internal.gradle.DefaultBuildIdentifier                       : loaded 2 times (x 79B)
Class org.gradle.api.internal.classpath.Module                                        : loaded 2 times (x 70B)
Class com.google.common.cache.Weigher                                                 : loaded 2 times (x 70B)
Class org.gradle.api.internal.classpath.UnknownModuleException                        : loaded 2 times (x 82B)
Class com.google.common.base.Stopwatch                                                : loaded 2 times (x 72B)
Class com.google.common.cache.LocalCache$Strength                                     : loaded 2 times (x 81B)
Class com.google.common.cache.Cache                                                   : loaded 2 times (x 70B)
Class com.google.common.util.concurrent.AbstractFuture$Cancellation                   : loaded 2 times (x 72B)
Class com.google.common.collect.ImmutableMap$Builder                                  : loaded 2 times (x 82B)
Class com.google.common.cache.RemovalListener                                         : loaded 2 times (x 70B)
Class org.gradle.tooling.internal.gradle.GradleProjectIdentity                        : loaded 2 times (x 70B)
Class org.gradle.api.internal.DefaultClassPathRegistry                                : loaded 2 times (x 76B)
Class com.google.common.primitives.IntsMethodsForWeb                                  : loaded 2 times (x 71B)
Class com.google.common.collect.Multimap                                              : loaded 2 times (x 70B)
Class org.gradle.api.internal.ClassPathRegistry                                       : loaded 2 times (x 70B)
Class org.gradle.internal.classpath.DefaultClassPath$ImmutableUniqueList              : loaded 2 times (x 199B)
Class com.google.common.cache.CacheBuilder                                            : loaded 2 times (x 72B)
Class com.google.common.collect.SingletonImmutableList                                : loaded 2 times (x 207B)
Class org.objectweb.asm.ClassVisitor                                                  : loaded 2 times (x 88B)
Class Settings_gradle$1                                                               : loaded 2 times (x 74B)
Class org.gradle.internal.classpath.ClassPath                                         : loaded 2 times (x 70B)
Class org.gradle.api.UncheckedIOException                                             : loaded 2 times (x 82B)
Class com.google.common.collect.ImmutableList$ReverseImmutableList                    : loaded 2 times (x 209B)
Class org.objectweb.asm.SymbolTable$Entry                                             : loaded 2 times (x 74B)
Class com.google.common.util.concurrent.AbstractFuture$AtomicHelper                   : loaded 2 times (x 78B)
Class org.objectweb.asm.Edge                                                          : loaded 2 times (x 72B)
Class com.google.common.base.Suppliers$SupplierOfInstance                             : loaded 2 times (x 79B)
Class [Lorg.objectweb.asm.Symbol;                                                     : loaded 2 times (x 69B)
Class org.gradle.tooling.model.Model                                                  : loaded 2 times (x 70B)
Class com.google.common.cache.LocalCache$ComputingValueReference                      : loaded 2 times (x 96B)
Class com.google.common.collect.SingletonImmutableSet                                 : loaded 2 times (x 146B)
Class com.google.common.collect.ImmutableMap$IteratorBasedImmutableMap                : loaded 2 times (x 126B)
Class kotlin.UninitializedPropertyAccessException                                     : loaded 2 times (x 82B)
Class com.google.common.cache.LocalCache$Segment                                      : loaded 2 times (x 154B)
Class com.google.common.collect.AbstractListMultimap                                  : loaded 2 times (x 172B)
Class [Lorg.objectweb.asm.SymbolTable$Entry;                                          : loaded 2 times (x 69B)
Class com.google.common.cache.CacheLoader                                             : loaded 2 times (x 74B)
Class com.google.common.collect.ImmutableMap$MapViewOfValuesAsSingletonSets           : loaded 2 times (x 126B)
Class com.google.common.collect.ImmutableBiMap                                        : loaded 2 times (x 143B)
Class org.gradle.internal.installation.GradleInstallation$1                           : loaded 2 times (x 75B)
Class org.gradle.api.internal.classpath.ModuleRegistry                                : loaded 2 times (x 70B)
Class com.google.common.util.concurrent.internal.InternalFutureFailureAccess          : loaded 2 times (x 72B)
Class com.google.common.collect.RegularImmutableMap                                   : loaded 2 times (x 121B)
Class com.google.common.collect.ImmutableSet$JdkBackedSetBuilderImpl                  : loaded 2 times (x 76B)
Class com.google.common.util.concurrent.AbstractFuture$UnsafeAtomicHelper             : loaded 2 times (x 78B)
Class com.google.common.base.CharMatcher$ForPredicate                                 : loaded 2 times (x 112B)
Class com.google.common.cache.LocalCache$LocalManualCache$1                           : loaded 2 times (x 75B)
Class com.google.common.base.CharMatcher$AnyOf                                        : loaded 2 times (x 112B)
Class org.gradle.api.internal.classpath.ManifestUtil                                  : loaded 2 times (x 71B)
Class org.gradle.api.internal.classpath.DefaultModuleRegistry                         : loaded 2 times (x 86B)
Class com.google.common.collect.ImmutableList$1                                       : loaded 2 times (x 97B)
Class com.google.common.util.concurrent.ListenableFuture                              : loaded 2 times (x 70B)
Class com.google.common.cache.ReferenceEntry                                          : loaded 2 times (x 70B)
Class com.google.common.base.Converter                                                : loaded 2 times (x 90B)
Class com.google.common.collect.ImmutableSet$CachingAsList                            : loaded 2 times (x 148B)
Class com.google.common.collect.AbstractMapBasedMultimap                              : loaded 2 times (x 139B)
Class com.google.common.util.concurrent.AbstractFuture                                : loaded 2 times (x 106B)
Class com.google.common.base.FunctionalEquivalence                                    : loaded 2 times (x 83B)
Class com.google.common.util.concurrent.ExecutionError                                : loaded 2 times (x 82B)
Class com.google.common.collect.ImmutableAsList                                       : loaded 2 times (x 209B)
Class com.google.common.collect.ImmutableEnumSet                                      : loaded 2 times (x 146B)
Class com.google.common.cache.CacheLoader$SupplierToCacheLoader                       : loaded 2 times (x 75B)
Class com.google.common.collect.Maps$EntryTransformer                                 : loaded 2 times (x 70B)
Class org.gradle.internal.time.MonotonicClock                                         : loaded 2 times (x 77B)
Class org.gradle.internal.service.ServiceLookupException                              : loaded 2 times (x 82B)
Class [Lcom.google.common.cache.LocalCache$EntryFactory;                              : loaded 2 times (x 69B)
Class org.gradle.internal.classloader.ClassLoaderFactory                              : loaded 2 times (x 70B)
Class com.google.common.base.CharMatcher$IsNot                                        : loaded 2 times (x 111B)
Class com.google.common.cache.LocalCache$LocalManualCache                             : loaded 2 times (x 99B)
Class org.gradle.internal.service.CachingServiceLocator                               : loaded 2 times (x 82B)
Class com.google.common.math.IntMath                                                  : loaded 2 times (x 71B)
Class sync_studio_tooling28111_e0o0v0lbr0po9nruxdqum0bfq                              : loaded 2 times (x 179B)
Class com.google.common.collect.ImmutableMapEntry                                     : loaded 2 times (x 85B)
Class org.gradle.internal.time.TimeSource                                             : loaded 2 times (x 70B)
Class com.google.common.base.Equivalence                                              : loaded 2 times (x 82B)
Class com.google.common.base.Function                                                 : loaded 2 times (x 70B)
Class com.google.common.collect.ImmutableMapEntry$NonTerminalImmutableMapEntry        : loaded 2 times (x 85B)
Class org.gradle.tooling.internal.gradle.GradleBuildIdentity                          : loaded 2 times (x 70B)
Class kotlin.enums.EnumEntries                                                        : loaded 2 times (x 70B)
Class com.google.common.collect.IndexedImmutableSet$1                                 : loaded 2 times (x 213B)
Class com.google.common.cache.CacheBuilder$OneWeigher                                 : loaded 2 times (x 82B)
Class com.google.common.collect.RegularImmutableList                                  : loaded 2 times (x 213B)
Class org.gradle.internal.exceptions.ResolutionProvider                               : loaded 2 times (x 70B)
Class org.gradle.tooling.model.ProjectIdentifier                                      : loaded 2 times (x 70B)
Class org.gradle.internal.classloader.ClasspathUtil                                   : loaded 2 times (x 71B)
Class org.jetbrains.kotlin.tooling.core.HasExtras                                     : loaded 2 times (x 70B)
Class com.google.common.base.Charsets                                                 : loaded 2 times (x 71B)
Class com.google.common.util.concurrent.Uninterruptibles                              : loaded 2 times (x 71B)
Class com.google.common.collect.Maps                                                  : loaded 2 times (x 71B)
Class org.gradle.internal.time.TimeSource$1                                           : loaded 2 times (x 77B)
Class kotlin.jvm.internal.DefaultConstructorMarker                                    : loaded 2 times (x 71B)
Class org.gradle.api.specs.Spec                                                       : loaded 2 times (x 70B)
Class [Lcom.google.common.collect.ImmutableEntry;                                     : loaded 2 times (x 69B)
Class com.google.common.cache.LocalCache$LoadingValueReference                        : loaded 2 times (x 96B)
Class Build_gradle$1                                                                  : loaded 2 times (x 78B)
Class com.intellij.gradle.toolingExtension.impl.model.utilDummyModel.DummyModel       : loaded 2 times (x 70B)
Class org.gradle.internal.time.Clock                                                  : loaded 2 times (x 70B)
Class [Lorg.objectweb.asm.AnnotationWriter;                                           : loaded 2 times (x 69B)
Class com.google.common.collect.Maps$8                                                : loaded 2 times (x 82B)
Class kotlin.collections.AbstractList                                                 : loaded 2 times (x 197B)
Class kotlin.collections.AbstractCollection                                           : loaded 2 times (x 117B)
Class org.jetbrains.kotlin.tooling.core.Extras                                        : loaded 2 times (x 70B)
Class com.google.common.collect.Sets$SetView                                          : loaded 2 times (x 138B)
Class com.google.common.cache.LocalCache$StrongValueReference                         : loaded 2 times (x 90B)
Class com.google.common.util.concurrent.AbstractFuture$SynchronizedHelper             : loaded 2 times (x 78B)
Class org.objectweb.asm.Type                                                          : loaded 2 times (x 72B)
Class org.gradle.internal.classloader.VisitableURLClassLoader$InstrumentingVisitableURLClassLoader: loaded 2 times (x 123B)
Class org.objectweb.asm.ByteVector                                                    : loaded 2 times (x 79B)
Class [Lcom.google.common.cache.CacheBuilder$NullListener;                            : loaded 2 times (x 69B)
Class com.google.common.math.IntMath$1                                                : loaded 2 times (x 71B)
Class org.gradle.internal.classloader.VisitableURLClassLoader$Spec                    : loaded 2 times (x 74B)
Class org.gradle.internal.classpath.DefaultClassPath                                  : loaded 2 times (x 90B)
Class org.objectweb.asm.Symbol                                                        : loaded 2 times (x 73B)
Class org.gradle.util.internal.DefaultGradleVersion                                   : loaded 2 times (x 82B)
Class com.google.common.base.CharMatcher$Ascii                                        : loaded 2 times (x 112B)
Class com.google.common.base.CharMatcher$BitSetMatcher                                : loaded 2 times (x 112B)
Class com.google.common.collect.ImmutableSet                                          : loaded 2 times (x 145B)
Class com.google.common.collect.RegularImmutableMap$Values                            : loaded 2 times (x 207B)
Class org.gradle.internal.classloader.ClassLoaderSpec                                 : loaded 2 times (x 71B)
Class org.objectweb.asm.AnnotationWriter                                              : loaded 2 times (x 79B)
Class com.google.common.cache.CacheStats                                              : loaded 2 times (x 71B)
Class org.objectweb.asm.RecordComponentWriter                                         : loaded 2 times (x 78B)
Class com.google.common.util.concurrent.AbstractFuture$Listener                       : loaded 2 times (x 72B)
Class com.google.common.base.CharMatcher$Or                                           : loaded 2 times (x 112B)
Class Settings_gradle$1$1                                                             : loaded 2 times (x 74B)
Class org.objectweb.asm.Attribute                                                     : loaded 2 times (x 77B)
Class com.google.common.base.Supplier                                                 : loaded 2 times (x 70B)
Class org.gradle.internal.classloader.VisitableURLClassLoader                         : loaded 2 times (x 117B)
Class com.google.common.util.concurrent.AbstractFuture$Waiter                         : loaded 2 times (x 72B)
Class Settings_gradle                                                                 : loaded 2 times (x 128B)
Class org.gradle.internal.classloader.ClassLoaderHierarchy                            : loaded 2 times (x 70B)
Class com.google.common.base.CharMatcher$IsEither                                     : loaded 2 times (x 111B)
Class com.google.common.collect.Sets                                                  : loaded 2 times (x 71B)
Class org.objectweb.asm.Handler                                                       : loaded 2 times (x 72B)
Class com.google.common.base.CharMatcher$FastMatcher                                  : loaded 2 times (x 111B)
Class com.google.common.base.Ticker                                                   : loaded 2 times (x 72B)
Class [Lcom.google.common.cache.LocalCache$Segment;                                   : loaded 2 times (x 69B)
Class com.google.common.base.Predicate                                                : loaded 2 times (x 70B)
Class [Lcom.google.common.cache.LocalCache$Strength;                                  : loaded 2 times (x 69B)
Class com.google.common.cache.CacheBuilder$1                                          : loaded 2 times (x 85B)
Class com.google.common.collect.ImmutableMap                                          : loaded 2 times (x 120B)
Class org.gradle.internal.classpath.DefaultClassPath$ImmutableUniqueList$Builder      : loaded 2 times (x 75B)
Class com.google.common.base.CharMatcher$NegatedFastMatcher                           : loaded 2 times (x 113B)
Class com.google.common.cache.LocalCache                                              : loaded 2 times (x 187B)
Class com.google.common.cache.CacheBuilder$2                                          : loaded 2 times (x 79B)
Class com.google.common.collect.ArrayListMultimap                                     : loaded 2 times (x 172B)
Class com.google.common.cache.CacheBuilder$3                                          : loaded 2 times (x 72B)
Class [Lcom.google.common.collect.AbstractMapEntry;                                   : loaded 2 times (x 69B)
Class com.google.common.collect.ImmutableEntry                                        : loaded 2 times (x 82B)
Class org.gradle.internal.classloader.FilteringClassLoader                            : loaded 2 times (x 105B)
Class org.gradle.internal.exceptions.NonGradleCauseExceptionsHolder                   : loaded 2 times (x 70B)
Class com.google.common.collect.CollectPreconditions                                  : loaded 2 times (x 71B)
Class com.google.common.collect.SortedMapDifference                                   : loaded 2 times (x 70B)
Class com.google.common.cache.LocalCache$EntryFactory                                 : loaded 2 times (x 83B)
Class org.jetbrains.kotlin.tooling.core.HasMutableExtras                              : loaded 2 times (x 70B)
Class com.google.common.cache.LocalCache$AbstractReferenceEntry                       : loaded 2 times (x 107B)
Class kotlin.NotImplementedError                                                      : loaded 2 times (x 82B)
Class kotlin.enums.EnumEntriesKt                                                      : loaded 2 times (x 71B)
Class org.objectweb.asm.SymbolTable                                                   : loaded 2 times (x 72B)
Class com.google.common.cache.CacheLoader$InvalidCacheLoadException                   : loaded 2 times (x 82B)
Class com.google.common.collect.ImmutableSet$RegularSetBuilderImpl                    : loaded 2 times (x 77B)
Class org.gradle.internal.classloader.SystemClassLoaderSpec                           : loaded 2 times (x 71B)
Class com.google.common.cache.LocalCache$StrongEntry                                  : loaded 2 times (x 108B)
Class com.google.common.util.concurrent.AbstractFuture$TrustedFuture                  : loaded 2 times (x 114B)
Class com.google.common.cache.LoadingCache                                            : loaded 2 times (x 70B)
Class org.gradle.internal.exceptions.MultiCauseException                              : loaded 2 times (x 70B)
Class org.gradle.internal.time.CountdownTimer                                         : loaded 2 times (x 70B)
Class kotlin.jvm.internal.Intrinsics                                                  : loaded 2 times (x 71B)
Class org.objectweb.asm.MethodWriter                                                  : loaded 2 times (x 106B)
Class [Lcom.google.common.cache.Weigher;                                              : loaded 2 times (x 69B)
Class com.google.common.collect.RegularImmutableMap$BucketOverflowException           : loaded 2 times (x 82B)
Class org.gradle.tooling.model.ProjectModel                                           : loaded 2 times (x 70B)
Class kotlin.KotlinNullPointerException                                               : loaded 2 times (x 83B)
Class com.google.common.collect.RegularImmutableBiMap                                 : loaded 2 times (x 149B)
Class com.google.common.base.CharMatcher$Is                                           : loaded 2 times (x 111B)
Class com.google.common.base.CharMatcher$Negated                                      : loaded 2 times (x 113B)
Class com.google.common.cache.LocalCache$ValueReference                               : loaded 2 times (x 70B)
Class org.gradle.internal.exceptions.DefaultMultiCauseException                       : loaded 2 times (x 95B)
Class com.google.common.util.concurrent.AbstractFuture$Failure                        : loaded 2 times (x 72B)
Class com.google.common.base.Equivalence$Equals                                       : loaded 2 times (x 82B)
Class com.google.common.collect.Hashing                                               : loaded 2 times (x 71B)
Class com.google.common.collect.RegularImmutableMap$KeySet                            : loaded 2 times (x 152B)
Class com.google.common.base.Joiner$1                                                 : loaded 2 times (x 80B)
Class org.objectweb.asm.Label                                                         : loaded 2 times (x 73B)
Class org.objectweb.asm.CurrentFrame                                                  : loaded 2 times (x 73B)
Class org.objectweb.asm.ClassTooLargeException                                        : loaded 2 times (x 83B)
Class com.google.common.base.CharMatcher                                              : loaded 2 times (x 111B)
Class com.google.common.base.Equivalence$Identity                                     : loaded 2 times (x 82B)
Class org.gradle.internal.time.Time                                                   : loaded 2 times (x 71B)
Class com.google.common.base.Joiner$2                                                 : loaded 2 times (x 79B)
Class org.objectweb.asm.Frame                                                         : loaded 2 times (x 73B)
Class org.objectweb.asm.MethodVisitor                                                 : loaded 2 times (x 105B)
Class com.google.common.base.CharMatcher$1                                            : loaded 2 times (x 113B)
Class com.google.common.base.CharMatcher$NamedFastMatcher                             : loaded 2 times (x 112B)
Class com.google.common.cache.LocalCache$EntryFactory$1                               : loaded 2 times (x 83B)
Class [Lcom.google.common.cache.RemovalListener;                                      : loaded 2 times (x 69B)
Class com.google.common.cache.LocalCache$EntryFactory$2                               : loaded 2 times (x 83B)
Class org.gradle.api.internal.classpath.GlobalCacheRootsProvider                      : loaded 2 times (x 70B)
Class org.objectweb.asm.ModuleWriter                                                  : loaded 2 times (x 82B)
Class com.google.common.cache.LocalCache$EntryFactory$3                               : loaded 2 times (x 83B)
Class com.google.common.base.Ticker$1                                                 : loaded 2 times (x 72B)
Class com.google.common.collect.Maps$BiMapConverter                                   : loaded 2 times (x 90B)
Class com.google.common.collect.ImmutableMapEntrySet$RegularEntrySet                  : loaded 2 times (x 152B)
Class org.gradle.tooling.model.BuildIdentifier                                        : loaded 2 times (x 70B)
Class kotlin.NoWhenBranchMatchedException                                             : loaded 2 times (x 82B)
Class com.google.common.base.CharMatcher$InRange                                      : loaded 2 times (x 111B)
Class com.google.common.cache.LocalCache$EntryFactory$4                               : loaded 2 times (x 83B)
Class com.google.common.collect.ImmutableSet$Builder                                  : loaded 2 times (x 85B)
Class com.google.common.cache.LocalCache$EntryFactory$5                               : loaded 2 times (x 83B)
Class com.google.common.cache.LocalCache$EntryFactory$6                               : loaded 2 times (x 83B)
Class Build_gradle                                                                    : loaded 2 times (x 72B)
Class org.gradle.internal.time.Timer                                                  : loaded 2 times (x 70B)
Class kotlin.jvm.internal.markers.KMappedMarker                                       : loaded 2 times (x 70B)
Class org.gradle.internal.installation.CurrentGradleInstallationLocator               : loaded 2 times (x 71B)
Class com.google.common.cache.LocalCache$EntryFactory$7                               : loaded 2 times (x 83B)
Class com.google.common.collect.ImmutableSet$EmptySetBuilderImpl                      : loaded 2 times (x 76B)
Class org.objectweb.asm.RecordComponentVisitor                                        : loaded 2 times (x 77B)
Class org.gradle.internal.service.DefaultServiceLocator                               : loaded 2 times (x 83B)
Class com.google.common.cache.LocalCache$EntryFactory$8                               : loaded 2 times (x 83B)
Class com.google.common.collect.ImmutableSet$SetBuilderImpl                           : loaded 2 times (x 76B)
Class org.gradle.util.GradleVersion                                                   : loaded 2 times (x 81B)
Class org.gradle.internal.installation.CurrentGradleInstallation                      : loaded 2 times (x 73B)
Class com.google.common.cache.CacheLoader$1                                           : loaded 2 times (x 75B)
Class com.google.common.collect.ImmutableList$SubList                                 : loaded 2 times (x 209B)
Class org.gradle.util.internal.GUtil                                                  : loaded 2 times (x 71B)
Class com.google.common.util.concurrent.AbstractFuture$SetFuture                      : loaded 2 times (x 75B)
Class com.google.common.cache.AbstractCache$StatsCounter                              : loaded 2 times (x 70B)
Class com.google.common.base.PairwiseEquivalence                                      : loaded 2 times (x 83B)
Class com.google.common.collect.RegularImmutableSet                                   : loaded 2 times (x 149B)
Class org.gradle.internal.installation.GradleInstallation                             : loaded 2 times (x 75B)
Class com.google.common.collect.Iterables                                             : loaded 2 times (x 71B)

---------------  S Y S T E M  ---------------

OS:
 Windows 11 , 64 bit Build 26100 (10.0.26100.8115)
OS uptime: 4 days 20:49 hours
Hyper-V role detected

CPU: total 12 (initial active 12) (12 cores per cpu, 2 threads per core) family 23 model 104 stepping 1 microcode 0x8608103, cx8, cmov, fxsr, ht, mmx, 3dnowpref, sse, sse2, sse3, ssse3, sse4a, sse4.1, sse4.2, popcnt, lzcnt, tsc, tscinvbit, avx, avx2, aes, clmul, bmi1, bmi2, adx, sha, fma, vzeroupper, clflush, clflushopt, hv, rdtscp, rdpid, f16c
Processor Information for processor 0
  Max Mhz: 2100, Current Mhz: 1988, Mhz Limit: 2100
Processor Information for processor 1
  Max Mhz: 2100, Current Mhz: 1988, Mhz Limit: 2100
Processor Information for processor 2
  Max Mhz: 2100, Current Mhz: 1988, Mhz Limit: 2100
Processor Information for processor 3
  Max Mhz: 2100, Current Mhz: 1988, Mhz Limit: 2100
Processor Information for processor 4
  Max Mhz: 2100, Current Mhz: 1988, Mhz Limit: 2100
Processor Information for processor 5
  Max Mhz: 2100, Current Mhz: 1988, Mhz Limit: 2100
Processor Information for processor 6
  Max Mhz: 2100, Current Mhz: 2100, Mhz Limit: 2100
Processor Information for processor 7
  Max Mhz: 2100, Current Mhz: 1988, Mhz Limit: 2100
Processor Information for processor 8
  Max Mhz: 2100, Current Mhz: 1988, Mhz Limit: 2100
Processor Information for processor 9
  Max Mhz: 2100, Current Mhz: 2100, Mhz Limit: 2100
Processor Information for processor 10
  Max Mhz: 2100, Current Mhz: 1988, Mhz Limit: 2100
Processor Information for processor 11
  Max Mhz: 2100, Current Mhz: 1988, Mhz Limit: 2100

Memory: 4k page, system-wide physical 7563M (964M free)
TotalPageFile size 31115M (AvailPageFile size 0M)
current process WorkingSet (physical memory assigned to process): 279M, peak: 279M
current process commit charge ("private bytes"): 483M, peak: 495M

vm_info: OpenJDK 64-Bit Server VM (21.0.10+-14961533-b1163.108) for windows-amd64 JRE (21.0.10+-14961533-b1163.108), built on 2026-03-02T19:58:50Z by "builder" with MS VC++ 16.10 / 16.11 (VS2019)

END.
