#
# There is insufficient memory for the Java Runtime Environment to continue.
# Native memory allocation (malloc) failed to allocate 679456 bytes. Error detail: Chunk::new
# Possible reasons:
#   The system is out of physical RAM or swap space
#   This process is running with CompressedOops enabled, and the Java Heap may be blocking the growth of the native heap
# Possible solutions:
#   Reduce memory load on the system
#   Increase physical memory or swap space
#   Check if swap backing store is full
#   Decrease Java heap size (-Xmx/-Xms)
#   Decrease number of Java threads
#   Decrease Java thread stack sizes (-Xss)
#   Set larger code cache with -XX:ReservedCodeCacheSize=
#   JVM is running with Unscaled Compressed Oops mode in which the Java heap is
#     placed in the first 4GB address space. The Java Heap base address is the
#     maximum limit for the native heap growth. Please use -XX:HeapBaseMinAddress
#     to set the Java Heap base and to place the Java Heap above 4GB virtual address.
# This output file may be truncated or incomplete.
#
#  Out of Memory Error (arena.cpp:168), pid=408, tid=37716
#
# JRE version: OpenJDK Runtime Environment (21.0.10) (build 21.0.10+-14961533-b1163.108)
# Java VM: OpenJDK 64-Bit Server VM (21.0.10+-14961533-b1163.108, mixed mode, tiered, compressed oops, compressed class ptrs, g1 gc, windows-amd64)
# No core dump will be written. Minidumps are not enabled by default on client versions of Windows
#

---------------  S U M M A R Y ------------

Command Line: --add-opens=java.base/java.lang=ALL-UNNAMED --add-opens=java.base/java.lang.invoke=ALL-UNNAMED --add-opens=java.base/java.util=ALL-UNNAMED --add-opens=java.prefs/java.util.prefs=ALL-UNNAMED --add-exports=jdk.compiler/com.sun.tools.javac.api=ALL-UNNAMED --add-exports=jdk.compiler/com.sun.tools.javac.util=ALL-UNNAMED --add-opens=java.base/java.util=ALL-UNNAMED --add-opens=java.prefs/java.util.prefs=ALL-UNNAMED --add-opens=java.base/java.nio.charset=ALL-UNNAMED --add-opens=java.base/java.net=ALL-UNNAMED --add-opens=java.base/java.util.concurrent.atomic=ALL-UNNAMED --add-opens=java.xml/javax.xml.namespace=ALL-UNNAMED -Xmx2048m -Dfile.encoding=UTF-8 -Duser.country=IN -Duser.language=en -Duser.variant -javaagent:C:\Users\Apoorv Rathore\AndroidStudioProjects\.gradle\wrapper\dists\gradle-8.13-bin\5xuhj0ry160q40clulazy9h7d\gradle-8.13\lib\agents\gradle-instrumentation-agent-8.13.jar org.gradle.launcher.daemon.bootstrap.GradleDaemon 8.13

Host: AMD Ryzen 5 5500U with Radeon Graphics         , 12 cores, 7G,  Windows 11 , 64 bit Build 26100 (10.0.26100.8115)
Time: Thu Apr 16 12:42:53 2026 India Standard Time elapsed time: 790.074408 seconds (0d 0h 13m 10s)

---------------  T H R E A D  ---------------

Current thread (0x0000015fda0a5aa0):  JavaThread "C2 CompilerThread1" daemon [_thread_in_native, id=37716, stack(0x0000002a4d500000,0x0000002a4d600000) (1024K)]


Current CompileTask:
C2:790074 16809       4       org.gradle.api.internal.artifacts.ivyservice.resolveengine.graph.builder.DependencyGraphBuilder::performSelectionSerially (119 bytes)

Stack: [0x0000002a4d500000,0x0000002a4d600000]
Native frames: (J=compiled Java code, j=interpreted, Vv=VM code, C=native code)
V  [jvm.dll+0x6d78a9]
V  [jvm.dll+0x8665b3]
V  [jvm.dll+0x868bde]
V  [jvm.dll+0x8692c3]
V  [jvm.dll+0x280ee6]
V  [jvm.dll+0xc07cd]
V  [jvm.dll+0xc0d03]
V  [jvm.dll+0x2f6170]
V  [jvm.dll+0x6003e9]
V  [jvm.dll+0x252ce2]
V  [jvm.dll+0x24b1a4]
V  [jvm.dll+0x24909e]
V  [jvm.dll+0x1c76e4]
V  [jvm.dll+0x25891e]
V  [jvm.dll+0x256e66]
V  [jvm.dll+0x3f513e]
V  [jvm.dll+0x80fd28]
V  [jvm.dll+0x6d60fd]
C  [ucrtbase.dll+0x37b0]
C  [KERNEL32.DLL+0x2e8d7]
C  [ntdll.dll+0x8c3fc]


---------------  P R O C E S S  ---------------

Threads class SMR info:
_java_thread_list=0x0000015fd05e3f10, length=183, elements={
0x0000015fafd07660, 0x0000015fce06c6e0, 0x0000015fce08b7b0, 0x0000015fce08c210,
0x0000015fce094c60, 0x0000015fce0956c0, 0x0000015fce096120, 0x0000015fce096b80,
0x0000015fce098920, 0x0000015fce099750, 0x0000015fce3812e0, 0x0000015fcfd8e4e0,
0x0000015fcf109b80, 0x0000015fceedbf90, 0x0000015fcf322360, 0x0000015fcf323210,
0x0000015fcf071880, 0x0000015fcfc426c0, 0x0000015fcfc44e20, 0x0000015fcfc43a70,
0x0000015fcfc44100, 0x0000015fcfc42d50, 0x0000015fcfc433e0, 0x0000015fcfc44790,
0x0000015fd00be4f0, 0x0000015fd00c12e0, 0x0000015fd00bf8a0, 0x0000015fd00beb80,
0x0000015fd00c0c50, 0x0000015fd00c05c0, 0x0000015fd00bf210, 0x0000015fd00c1970,
0x0000015fd00bff30, 0x0000015fd09f2180, 0x0000015fd09f2ea0, 0x0000015fd09f2810,
0x0000015fd09f3530, 0x0000015fd09f0dd0, 0x0000015fd09f3bc0, 0x0000015fd09f4250,
0x0000015fd09f1af0, 0x0000015fd09f5c90, 0x0000015fd09f6320, 0x0000015fd09f5600,
0x0000015fd09f76d0, 0x0000015fd09f7d60, 0x0000015fd09f83f0, 0x0000015fd25139a0,
0x0000015fd2516100, 0x0000015fd2513310, 0x0000015fd2514030, 0x0000015fd2514d50,
0x0000015fd25153e0, 0x0000015fd2515a70, 0x0000015fd21cc8d0, 0x0000015fd21cf6c0,
0x0000015fd21cfd50, 0x0000015fd21ce9a0, 0x0000015fd21d03e0, 0x0000015fd21ccf60,
0x0000015fd21d0a70, 0x0000015fd21cd5f0, 0x0000015fd21d1100, 0x0000015fd21ce310,
0x0000015fd21cf030, 0x0000015fd21cdc80, 0x0000015fd21d3ef0, 0x0000015fd21d1790,
0x0000015fd21d2b40, 0x0000015fd21d3860, 0x0000015fd1bf1090, 0x0000015fd1bf1db0,
0x0000015fd1bf3160, 0x0000015fd1bf37f0, 0x0000015fd1bf4510, 0x0000015fd1bf2440,
0x0000015fd1bf4ba0, 0x0000015fd1bf5230, 0x0000015fd1bf58c0, 0x0000015fd1bf5f50,
0x0000015fd1bf2ad0, 0x0000015fd1bf65e0, 0x0000015fd1bf8020, 0x0000015fd1bf6c70,
0x0000015fd1bf7300, 0x0000015fd1bf7990, 0x0000015fd1bf86b0, 0x0000015fd2d697c0,
0x0000015fd2d67060, 0x0000015fd2d69e50, 0x0000015fd2d6a4e0, 0x0000015fd2d6ab70,
0x0000015fd2d69130, 0x0000015fd2d67d80, 0x0000015fd2d676f0, 0x0000015fd2d6b200,
0x0000015fd2d6b890, 0x0000015fd2d68aa0, 0x0000015fd2d68410, 0x0000015fd2d6bf20,
0x0000015fd2d6c5b0, 0x0000015fd2d6e680, 0x0000015fd2d6cc40, 0x0000015fcfc454b0,
0x0000015fd2f95fe0, 0x0000015fd3b03650, 0x0000015fd3b06440, 0x0000015fd3b02fc0,
0x0000015fd3b06ad0, 0x0000015fd3b07160, 0x0000015fd3b03ce0, 0x0000015fd3b077f0,
0x0000015fd3b09230, 0x0000015fd3b07e80, 0x0000015fd3b098c0, 0x0000015fd3b09f50,
0x0000015fd3b0a5e0, 0x0000015fd2f9bbc0, 0x0000015fd2f9a810, 0x0000015fd8983d10,
0x0000015fd89843a0, 0x0000015fd2f9aea0, 0x0000015fd3b05720, 0x0000015fd8985de0,
0x0000015fd8986470, 0x0000015fd8986b00, 0x0000015fd8983680, 0x0000015fd89898f0,
0x0000015fd8989f80, 0x0000015fd8987820, 0x0000015fd898a610, 0x0000015fd8987190,
0x0000015fd898aca0, 0x0000015fd8987eb0, 0x0000015fd8988bd0, 0x0000015fd898b9c0,
0x0000015fd8989260, 0x0000015fd8988540, 0x0000015fd898c050, 0x0000015fd898e7b0,
0x0000015fd898c6e0, 0x0000015fd898e120, 0x0000015fd89901f0, 0x0000015fd898cd70,
0x0000015fd898d400, 0x0000015fd9359010, 0x0000015fd9359d30, 0x0000015fd9356f40,
0x0000015fd93568b0, 0x0000015fd935a3c0, 0x0000015fd935aa50, 0x0000015fd93575d0,
0x0000015fd935b0e0, 0x0000015fd841f000, 0x0000015fd8421760, 0x0000015fd8422480,
0x0000015fd8421df0, 0x0000015fd8422b10, 0x0000015fd841f690, 0x0000015fd84203b0,
0x0000015fd8420a40, 0x0000015fd84210d0, 0x0000015fd84231a0, 0x0000015fd841fd20,
0x0000015fd8425f90, 0x0000015fd8423ec0, 0x0000015fd8424550, 0x0000015fd8426620,
0x0000015fd8424be0, 0x0000015fd8425270, 0x0000015fd8425900, 0x0000015fd8426cb0,
0x0000015fd8423830, 0x0000015fd84279d0, 0x0000015fd8429410, 0x0000015fd8428060,
0x0000015fd84286f0, 0x0000015fd8428d80, 0x0000015fd8429aa0, 0x0000015fd842a130,
0x0000015fd842a7c0, 0x0000015fda0a5aa0, 0x0000015fda0a6170
}

Java Threads: ( => current thread )
  0x0000015fafd07660 JavaThread "main"                              [_thread_blocked, id=31516, stack(0x0000002a45a00000,0x0000002a45b00000) (1024K)]
  0x0000015fce06c6e0 JavaThread "Common-Cleaner"             daemon [_thread_blocked, id=12644, stack(0x0000002a46200000,0x0000002a46300000) (1024K)]
  0x0000015fce08b7b0 JavaThread "Reference Handler"          daemon [_thread_blocked, id=35064, stack(0x0000002a46300000,0x0000002a46400000) (1024K)]
  0x0000015fce08c210 JavaThread "Finalizer"                  daemon [_thread_blocked, id=10032, stack(0x0000002a46400000,0x0000002a46500000) (1024K)]
  0x0000015fce094c60 JavaThread "Signal Dispatcher"          daemon [_thread_blocked, id=28116, stack(0x0000002a46500000,0x0000002a46600000) (1024K)]
  0x0000015fce0956c0 JavaThread "Attach Listener"            daemon [_thread_blocked, id=34312, stack(0x0000002a46600000,0x0000002a46700000) (1024K)]
  0x0000015fce096120 JavaThread "Service Thread"             daemon [_thread_blocked, id=25704, stack(0x0000002a46700000,0x0000002a46800000) (1024K)]
  0x0000015fce096b80 JavaThread "Monitor Deflation Thread"   daemon [_thread_blocked, id=31340, stack(0x0000002a46800000,0x0000002a46900000) (1024K)]
  0x0000015fce098920 JavaThread "C2 CompilerThread0"         daemon [_thread_blocked, id=20272, stack(0x0000002a46900000,0x0000002a46a00000) (1024K)]
  0x0000015fce099750 JavaThread "C1 CompilerThread0"         daemon [_thread_blocked, id=16824, stack(0x0000002a46a00000,0x0000002a46b00000) (1024K)]
  0x0000015fce3812e0 JavaThread "Notification Thread"        daemon [_thread_blocked, id=10548, stack(0x0000002a46b00000,0x0000002a46c00000) (1024K)]
  0x0000015fcfd8e4e0 JavaThread "Daemon health stats"               [_thread_blocked, id=16940, stack(0x0000002a47400000,0x0000002a47500000) (1024K)]
  0x0000015fcf109b80 JavaThread "Incoming local TCP Connector on port 58992"        [_thread_in_native, id=28540, stack(0x0000002a47500000,0x0000002a47600000) (1024K)]
  0x0000015fceedbf90 JavaThread "Daemon periodic checks"            [_thread_blocked, id=35876, stack(0x0000002a47600000,0x0000002a47700000) (1024K)]
  0x0000015fcf322360 JavaThread "Daemon"                            [_thread_blocked, id=9652, stack(0x0000002a47700000,0x0000002a47800000) (1024K)]
  0x0000015fcf323210 JavaThread "Handler for socket connection from /127.0.0.1:58992 to /127.0.0.1:59001"        [_thread_in_native, id=22044, stack(0x0000002a47800000,0x0000002a47900000) (1024K)]
  0x0000015fcf071880 JavaThread "Cancel handler"                    [_thread_blocked, id=31128, stack(0x0000002a47c00000,0x0000002a47d00000) (1024K)]
  0x0000015fcfc426c0 JavaThread "Daemon worker"                     [_thread_blocked, id=15976, stack(0x0000002a47d00000,0x0000002a47e00000) (1024K)]
  0x0000015fcfc44e20 JavaThread "Asynchronous log dispatcher for DefaultDaemonConnection: socket connection from /127.0.0.1:58992 to /127.0.0.1:59001"        [_thread_blocked, id=32060, stack(0x0000002a47e00000,0x0000002a47f00000) (1024K)]
  0x0000015fcfc43a70 JavaThread "Stdin handler"                     [_thread_blocked, id=11516, stack(0x0000002a47f00000,0x0000002a48000000) (1024K)]
  0x0000015fcfc44100 JavaThread "Daemon client event forwarder"        [_thread_blocked, id=14328, stack(0x0000002a48000000,0x0000002a48100000) (1024K)]
  0x0000015fcfc42d50 JavaThread "Cache worker for journal cache (C:\Users\Apoorv Rathore\AndroidStudioProjects\.gradle\caches\journal-1)"        [_thread_blocked, id=27180, stack(0x0000002a48100000,0x0000002a48200000) (1024K)]
  0x0000015fcfc433e0 JavaThread "File lock request listener"        [_thread_in_native, id=19428, stack(0x0000002a48200000,0x0000002a48300000) (1024K)]
  0x0000015fcfc44790 JavaThread "Cache worker for file hash cache (C:\Users\Apoorv Rathore\AndroidStudioProjects\.gradle\caches\8.13\fileHashes)"        [_thread_blocked, id=18848, stack(0x0000002a48300000,0x0000002a48400000) (1024K)]
  0x0000015fd00be4f0 JavaThread "Cache worker for file hash cache (C:\Users\Apoorv Rathore\MySanjeevni\.gradle\8.13\fileHashes)"        [_thread_blocked, id=22604, stack(0x0000002a48500000,0x0000002a48600000) (1024K)]
  0x0000015fd00c12e0 JavaThread "Cache worker for Build Output Cleanup Cache (C:\Users\Apoorv Rathore\MySanjeevni\.gradle\buildOutputCleanup)"        [_thread_blocked, id=13600, stack(0x0000002a48600000,0x0000002a48700000) (1024K)]
  0x0000015fd00bf8a0 JavaThread "File watcher server"        daemon [_thread_in_native, id=1532, stack(0x0000002a45900000,0x0000002a45a00000) (1024K)]
  0x0000015fd00beb80 JavaThread "File watcher consumer"      daemon [_thread_blocked, id=23688, stack(0x0000002a48700000,0x0000002a48800000) (1024K)]
  0x0000015fd00c0c50 JavaThread "jar transforms"                    [_thread_blocked, id=16444, stack(0x0000002a48800000,0x0000002a48900000) (1024K)]
  0x0000015fd00c05c0 JavaThread "jar transforms Thread 2"           [_thread_blocked, id=16512, stack(0x0000002a48900000,0x0000002a48a00000) (1024K)]
  0x0000015fd00bf210 JavaThread "jar transforms Thread 3"           [_thread_blocked, id=21184, stack(0x0000002a48a00000,0x0000002a48b00000) (1024K)]
  0x0000015fd00c1970 JavaThread "jar transforms Thread 4"           [_thread_blocked, id=30100, stack(0x0000002a48b00000,0x0000002a48c00000) (1024K)]
  0x0000015fd00bff30 JavaThread "jar transforms Thread 5"           [_thread_blocked, id=12632, stack(0x0000002a48c00000,0x0000002a48d00000) (1024K)]
  0x0000015fd09f2180 JavaThread "jar transforms Thread 6"           [_thread_blocked, id=24732, stack(0x0000002a48d00000,0x0000002a48e00000) (1024K)]
  0x0000015fd09f2ea0 JavaThread "jar transforms Thread 7"           [_thread_blocked, id=14140, stack(0x0000002a48e00000,0x0000002a48f00000) (1024K)]
  0x0000015fd09f2810 JavaThread "jar transforms Thread 8"           [_thread_blocked, id=16380, stack(0x0000002a48f00000,0x0000002a49000000) (1024K)]
  0x0000015fd09f3530 JavaThread "jar transforms Thread 9"           [_thread_blocked, id=24264, stack(0x0000002a49000000,0x0000002a49100000) (1024K)]
  0x0000015fd09f0dd0 JavaThread "jar transforms Thread 10"          [_thread_blocked, id=27936, stack(0x0000002a49100000,0x0000002a49200000) (1024K)]
  0x0000015fd09f3bc0 JavaThread "jar transforms Thread 11"          [_thread_blocked, id=21864, stack(0x0000002a49200000,0x0000002a49300000) (1024K)]
  0x0000015fd09f4250 JavaThread "jar transforms Thread 12"          [_thread_blocked, id=7592, stack(0x0000002a49300000,0x0000002a49400000) (1024K)]
  0x0000015fd09f1af0 JavaThread "Cache worker for checksums cache (C:\Users\Apoorv Rathore\MySanjeevni\.gradle\8.13\checksums)"        [_thread_blocked, id=32340, stack(0x0000002a45800000,0x0000002a45900000) (1024K)]
  0x0000015fd09f5c90 JavaThread "Cache worker for file content cache (C:\Users\Apoorv Rathore\AndroidStudioProjects\.gradle\caches\8.13\fileContent)"        [_thread_blocked, id=2364, stack(0x0000002a49400000,0x0000002a49500000) (1024K)]
  0x0000015fd09f6320 JavaThread "Cache worker for cache directory md-supplier (C:\Users\Apoorv Rathore\AndroidStudioProjects\.gradle\caches\8.13\md-supplier)"        [_thread_blocked, id=34776, stack(0x0000002a49500000,0x0000002a49600000) (1024K)]
  0x0000015fd09f5600 JavaThread "Cache worker for cache directory md-rule (C:\Users\Apoorv Rathore\AndroidStudioProjects\.gradle\caches\8.13\md-rule)"        [_thread_blocked, id=4764, stack(0x0000002a49600000,0x0000002a49700000) (1024K)]
  0x0000015fd09f76d0 JavaThread "Unconstrained build operations"        [_thread_blocked, id=16044, stack(0x0000002a49700000,0x0000002a49800000) (1024K)]
  0x0000015fd09f7d60 JavaThread "Unconstrained build operations Thread 2"        [_thread_blocked, id=24324, stack(0x0000002a49800000,0x0000002a49900000) (1024K)]
  0x0000015fd09f83f0 JavaThread "Unconstrained build operations Thread 3"        [_thread_blocked, id=29216, stack(0x0000002a49900000,0x0000002a49a00000) (1024K)]
  0x0000015fd25139a0 JavaThread "Unconstrained build operations Thread 4"        [_thread_blocked, id=13792, stack(0x0000002a49a00000,0x0000002a49b00000) (1024K)]
  0x0000015fd2516100 JavaThread "Unconstrained build operations Thread 5"        [_thread_blocked, id=10524, stack(0x0000002a49b00000,0x0000002a49c00000) (1024K)]
  0x0000015fd2513310 JavaThread "Unconstrained build operations Thread 6"        [_thread_blocked, id=12352, stack(0x0000002a49c00000,0x0000002a49d00000) (1024K)]
  0x0000015fd2514030 JavaThread "Unconstrained build operations Thread 7"        [_thread_blocked, id=21252, stack(0x0000002a49d00000,0x0000002a49e00000) (1024K)]
  0x0000015fd2514d50 JavaThread "Unconstrained build operations Thread 8"        [_thread_blocked, id=36176, stack(0x0000002a49e00000,0x0000002a49f00000) (1024K)]
  0x0000015fd25153e0 JavaThread "Unconstrained build operations Thread 9"        [_thread_blocked, id=30808, stack(0x0000002a49f00000,0x0000002a4a000000) (1024K)]
  0x0000015fd2515a70 JavaThread "Unconstrained build operations Thread 10"        [_thread_blocked, id=24876, stack(0x0000002a4a000000,0x0000002a4a100000) (1024K)]
  0x0000015fd21cc8d0 JavaThread "Unconstrained build operations Thread 11"        [_thread_blocked, id=33828, stack(0x0000002a4a100000,0x0000002a4a200000) (1024K)]
  0x0000015fd21cf6c0 JavaThread "Unconstrained build operations Thread 12"        [_thread_blocked, id=4940, stack(0x0000002a4a200000,0x0000002a4a300000) (1024K)]
  0x0000015fd21cfd50 JavaThread "Unconstrained build operations Thread 13"        [_thread_blocked, id=14644, stack(0x0000002a4a300000,0x0000002a4a400000) (1024K)]
  0x0000015fd21ce9a0 JavaThread "Unconstrained build operations Thread 14"        [_thread_blocked, id=19616, stack(0x0000002a4a400000,0x0000002a4a500000) (1024K)]
  0x0000015fd21d03e0 JavaThread "Unconstrained build operations Thread 15"        [_thread_blocked, id=5544, stack(0x0000002a4a500000,0x0000002a4a600000) (1024K)]
  0x0000015fd21ccf60 JavaThread "Unconstrained build operations Thread 16"        [_thread_blocked, id=36348, stack(0x0000002a4a600000,0x0000002a4a700000) (1024K)]
  0x0000015fd21d0a70 JavaThread "Unconstrained build operations Thread 17"        [_thread_blocked, id=13688, stack(0x0000002a4a700000,0x0000002a4a800000) (1024K)]
  0x0000015fd21cd5f0 JavaThread "Unconstrained build operations Thread 18"        [_thread_blocked, id=10000, stack(0x0000002a4a800000,0x0000002a4a900000) (1024K)]
  0x0000015fd21d1100 JavaThread "Unconstrained build operations Thread 19"        [_thread_blocked, id=30340, stack(0x0000002a4a900000,0x0000002a4aa00000) (1024K)]
  0x0000015fd21ce310 JavaThread "Unconstrained build operations Thread 20"        [_thread_blocked, id=22640, stack(0x0000002a4aa00000,0x0000002a4ab00000) (1024K)]
  0x0000015fd21cf030 JavaThread "Unconstrained build operations Thread 21"        [_thread_blocked, id=32120, stack(0x0000002a4ab00000,0x0000002a4ac00000) (1024K)]
  0x0000015fd21cdc80 JavaThread "Unconstrained build operations Thread 22"        [_thread_blocked, id=26260, stack(0x0000002a4ac00000,0x0000002a4ad00000) (1024K)]
  0x0000015fd21d3ef0 JavaThread "Unconstrained build operations Thread 23"        [_thread_blocked, id=36132, stack(0x0000002a4ad00000,0x0000002a4ae00000) (1024K)]
  0x0000015fd21d1790 JavaThread "Unconstrained build operations Thread 24"        [_thread_blocked, id=11172, stack(0x0000002a4ae00000,0x0000002a4af00000) (1024K)]
  0x0000015fd21d2b40 JavaThread "Unconstrained build operations Thread 25"        [_thread_blocked, id=25804, stack(0x0000002a4af00000,0x0000002a4b000000) (1024K)]
  0x0000015fd21d3860 JavaThread "Unconstrained build operations Thread 26"        [_thread_blocked, id=12068, stack(0x0000002a4b000000,0x0000002a4b100000) (1024K)]
  0x0000015fd1bf1090 JavaThread "Unconstrained build operations Thread 27"        [_thread_blocked, id=716, stack(0x0000002a4b100000,0x0000002a4b200000) (1024K)]
  0x0000015fd1bf1db0 JavaThread "Unconstrained build operations Thread 28"        [_thread_blocked, id=12252, stack(0x0000002a4b200000,0x0000002a4b300000) (1024K)]
  0x0000015fd1bf3160 JavaThread "Unconstrained build operations Thread 29"        [_thread_blocked, id=36476, stack(0x0000002a4b300000,0x0000002a4b400000) (1024K)]
  0x0000015fd1bf37f0 JavaThread "Unconstrained build operations Thread 30"        [_thread_blocked, id=3764, stack(0x0000002a4b400000,0x0000002a4b500000) (1024K)]
  0x0000015fd1bf4510 JavaThread "Unconstrained build operations Thread 31"        [_thread_blocked, id=24832, stack(0x0000002a4b500000,0x0000002a4b600000) (1024K)]
  0x0000015fd1bf2440 JavaThread "Unconstrained build operations Thread 32"        [_thread_blocked, id=26484, stack(0x0000002a4b600000,0x0000002a4b700000) (1024K)]
  0x0000015fd1bf4ba0 JavaThread "Unconstrained build operations Thread 33"        [_thread_blocked, id=27780, stack(0x0000002a4b700000,0x0000002a4b800000) (1024K)]
  0x0000015fd1bf5230 JavaThread "Unconstrained build operations Thread 34"        [_thread_blocked, id=36076, stack(0x0000002a4b800000,0x0000002a4b900000) (1024K)]
  0x0000015fd1bf58c0 JavaThread "Unconstrained build operations Thread 35"        [_thread_blocked, id=15920, stack(0x0000002a4b900000,0x0000002a4ba00000) (1024K)]
  0x0000015fd1bf5f50 JavaThread "Unconstrained build operations Thread 36"        [_thread_blocked, id=19712, stack(0x0000002a4ba00000,0x0000002a4bb00000) (1024K)]
  0x0000015fd1bf2ad0 JavaThread "Unconstrained build operations Thread 37"        [_thread_blocked, id=4624, stack(0x0000002a4bb00000,0x0000002a4bc00000) (1024K)]
  0x0000015fd1bf65e0 JavaThread "Unconstrained build operations Thread 38"        [_thread_blocked, id=23464, stack(0x0000002a4bc00000,0x0000002a4bd00000) (1024K)]
  0x0000015fd1bf8020 JavaThread "Unconstrained build operations Thread 39"        [_thread_blocked, id=11684, stack(0x0000002a4bd00000,0x0000002a4be00000) (1024K)]
  0x0000015fd1bf6c70 JavaThread "Unconstrained build operations Thread 40"        [_thread_blocked, id=10460, stack(0x0000002a4be00000,0x0000002a4bf00000) (1024K)]
  0x0000015fd1bf7300 JavaThread "Unconstrained build operations Thread 41"        [_thread_blocked, id=33272, stack(0x0000002a4bf00000,0x0000002a4c000000) (1024K)]
  0x0000015fd1bf7990 JavaThread "Unconstrained build operations Thread 42"        [_thread_blocked, id=29824, stack(0x0000002a4c000000,0x0000002a4c100000) (1024K)]
  0x0000015fd1bf86b0 JavaThread "Unconstrained build operations Thread 43"        [_thread_blocked, id=15588, stack(0x0000002a4c100000,0x0000002a4c200000) (1024K)]
  0x0000015fd2d697c0 JavaThread "Unconstrained build operations Thread 44"        [_thread_blocked, id=18824, stack(0x0000002a4c200000,0x0000002a4c300000) (1024K)]
  0x0000015fd2d67060 JavaThread "Unconstrained build operations Thread 45"        [_thread_blocked, id=3192, stack(0x0000002a4c300000,0x0000002a4c400000) (1024K)]
  0x0000015fd2d69e50 JavaThread "Unconstrained build operations Thread 46"        [_thread_blocked, id=9592, stack(0x0000002a4c400000,0x0000002a4c500000) (1024K)]
  0x0000015fd2d6a4e0 JavaThread "Unconstrained build operations Thread 47"        [_thread_blocked, id=25892, stack(0x0000002a4c500000,0x0000002a4c600000) (1024K)]
  0x0000015fd2d6ab70 JavaThread "Unconstrained build operations Thread 48"        [_thread_blocked, id=26532, stack(0x0000002a4c600000,0x0000002a4c700000) (1024K)]
  0x0000015fd2d69130 JavaThread "Unconstrained build operations Thread 49"        [_thread_blocked, id=36324, stack(0x0000002a4c700000,0x0000002a4c800000) (1024K)]
  0x0000015fd2d67d80 JavaThread "Unconstrained build operations Thread 50"        [_thread_blocked, id=35988, stack(0x0000002a4c800000,0x0000002a4c900000) (1024K)]
  0x0000015fd2d676f0 JavaThread "Unconstrained build operations Thread 51"        [_thread_blocked, id=18488, stack(0x0000002a4c900000,0x0000002a4ca00000) (1024K)]
  0x0000015fd2d6b200 JavaThread "Unconstrained build operations Thread 52"        [_thread_blocked, id=21356, stack(0x0000002a4ca00000,0x0000002a4cb00000) (1024K)]
  0x0000015fd2d6b890 JavaThread "Unconstrained build operations Thread 53"        [_thread_blocked, id=17460, stack(0x0000002a4cb00000,0x0000002a4cc00000) (1024K)]
  0x0000015fd2d68aa0 JavaThread "Unconstrained build operations Thread 54"        [_thread_blocked, id=18556, stack(0x0000002a4cc00000,0x0000002a4cd00000) (1024K)]
  0x0000015fd2d68410 JavaThread "Unconstrained build operations Thread 55"        [_thread_blocked, id=30456, stack(0x0000002a4cd00000,0x0000002a4ce00000) (1024K)]
  0x0000015fd2d6bf20 JavaThread "Unconstrained build operations Thread 56"        [_thread_blocked, id=11240, stack(0x0000002a4ce00000,0x0000002a4cf00000) (1024K)]
  0x0000015fd2d6c5b0 JavaThread "Unconstrained build operations Thread 57"        [_thread_blocked, id=30972, stack(0x0000002a4cf00000,0x0000002a4d000000) (1024K)]
  0x0000015fd2d6e680 JavaThread "Unconstrained build operations Thread 58"        [_thread_blocked, id=2396, stack(0x0000002a4d000000,0x0000002a4d100000) (1024K)]
  0x0000015fd2d6cc40 JavaThread "Unconstrained build operations Thread 59"        [_thread_blocked, id=26428, stack(0x0000002a4d100000,0x0000002a4d200000) (1024K)]
  0x0000015fcfc454b0 JavaThread "Memory manager"                    [_thread_blocked, id=31860, stack(0x0000002a4d400000,0x0000002a4d500000) (1024K)]
  0x0000015fd2f95fe0 JavaThread "build event listener"              [_thread_blocked, id=32800, stack(0x0000002a48400000,0x0000002a48500000) (1024K)]
  0x0000015fd3b03650 JavaThread "pool-3-thread-1"                   [_thread_blocked, id=37764, stack(0x0000002a4d300000,0x0000002a4d400000) (1024K)]
  0x0000015fd3b06440 JavaThread "Execution worker"                  [_thread_blocked, id=37064, stack(0x0000002a4d600000,0x0000002a4d700000) (1024K)]
  0x0000015fd3b02fc0 JavaThread "Execution worker Thread 2"         [_thread_blocked, id=34412, stack(0x0000002a4d700000,0x0000002a4d800000) (1024K)]
  0x0000015fd3b06ad0 JavaThread "Execution worker Thread 3"         [_thread_blocked, id=37068, stack(0x0000002a4d800000,0x0000002a4d900000) (1024K)]
  0x0000015fd3b07160 JavaThread "Execution worker Thread 4"         [_thread_blocked, id=37060, stack(0x0000002a4d900000,0x0000002a4da00000) (1024K)]
  0x0000015fd3b03ce0 JavaThread "Execution worker Thread 5"         [_thread_blocked, id=37012, stack(0x0000002a4da00000,0x0000002a4db00000) (1024K)]
  0x0000015fd3b077f0 JavaThread "Execution worker Thread 6"         [_thread_blocked, id=37072, stack(0x0000002a4db00000,0x0000002a4dc00000) (1024K)]
  0x0000015fd3b09230 JavaThread "Execution worker Thread 7"         [_thread_blocked, id=37080, stack(0x0000002a4dc00000,0x0000002a4dd00000) (1024K)]
  0x0000015fd3b07e80 JavaThread "Execution worker Thread 8"         [_thread_blocked, id=37076, stack(0x0000002a4dd00000,0x0000002a4de00000) (1024K)]
  0x0000015fd3b098c0 JavaThread "Execution worker Thread 9"         [_thread_blocked, id=37128, stack(0x0000002a4de00000,0x0000002a4df00000) (1024K)]
  0x0000015fd3b09f50 JavaThread "Execution worker Thread 10"        [_thread_blocked, id=37136, stack(0x0000002a4df00000,0x0000002a4e000000) (1024K)]
  0x0000015fd3b0a5e0 JavaThread "Execution worker Thread 11"        [_thread_blocked, id=37140, stack(0x0000002a4e000000,0x0000002a4e100000) (1024K)]
  0x0000015fd2f9bbc0 JavaThread "Cache worker for execution history cache (C:\Users\Apoorv Rathore\MySanjeevni\.gradle\8.13\executionHistory)"        [_thread_blocked, id=37260, stack(0x0000002a4e100000,0x0000002a4e200000) (1024K)]
  0x0000015fd2f9a810 JavaThread "idea-tooling-model-converter"        [_thread_blocked, id=37364, stack(0x0000002a4e200000,0x0000002a4e300000) (1024K)]
  0x0000015fd8983d10 JavaThread "Unconstrained build operations Thread 60"        [_thread_blocked, id=16296, stack(0x0000002a4e300000,0x0000002a4e400000) (1024K)]
  0x0000015fd89843a0 JavaThread "File lock release action executor Thread 4"        [_thread_blocked, id=28820, stack(0x0000002a4e400000,0x0000002a4e500000) (1024K)]
  0x0000015fd2f9aea0 JavaThread "Unconstrained build operations Thread 61"        [_thread_blocked, id=36880, stack(0x0000002a4d200000,0x0000002a4d300000) (1024K)]
  0x0000015fd3b05720 JavaThread "Unconstrained build operations Thread 62"        [_thread_blocked, id=34684, stack(0x0000002a4e600000,0x0000002a4e700000) (1024K)]
  0x0000015fd8985de0 JavaThread "Unconstrained build operations Thread 63"        [_thread_blocked, id=37496, stack(0x0000002a4e700000,0x0000002a4e800000) (1024K)]
  0x0000015fd8986470 JavaThread "Unconstrained build operations Thread 64"        [_thread_blocked, id=37184, stack(0x0000002a4e800000,0x0000002a4e900000) (1024K)]
  0x0000015fd8986b00 JavaThread "Unconstrained build operations Thread 65"        [_thread_blocked, id=37684, stack(0x0000002a4e900000,0x0000002a4ea00000) (1024K)]
  0x0000015fd8983680 JavaThread "Unconstrained build operations Thread 66"        [_thread_blocked, id=11180, stack(0x0000002a4ea00000,0x0000002a4eb00000) (1024K)]
  0x0000015fd89898f0 JavaThread "Unconstrained build operations Thread 67"        [_thread_blocked, id=37148, stack(0x0000002a4eb00000,0x0000002a4ec00000) (1024K)]
  0x0000015fd8989f80 JavaThread "Unconstrained build operations Thread 68"        [_thread_blocked, id=30372, stack(0x0000002a4ec00000,0x0000002a4ed00000) (1024K)]
  0x0000015fd8987820 JavaThread "Unconstrained build operations Thread 69"        [_thread_blocked, id=17536, stack(0x0000002a4ed00000,0x0000002a4ee00000) (1024K)]
  0x0000015fd898a610 JavaThread "Unconstrained build operations Thread 70"        [_thread_blocked, id=37144, stack(0x0000002a4ee00000,0x0000002a4ef00000) (1024K)]
  0x0000015fd8987190 JavaThread "Unconstrained build operations Thread 71"        [_thread_blocked, id=8956, stack(0x0000002a4ef00000,0x0000002a4f000000) (1024K)]
  0x0000015fd898aca0 JavaThread "Unconstrained build operations Thread 72"        [_thread_blocked, id=12268, stack(0x0000002a4f000000,0x0000002a4f100000) (1024K)]
  0x0000015fd8987eb0 JavaThread "Unconstrained build operations Thread 73"        [_thread_blocked, id=37488, stack(0x0000002a4f100000,0x0000002a4f200000) (1024K)]
  0x0000015fd8988bd0 JavaThread "Unconstrained build operations Thread 74"        [_thread_blocked, id=26204, stack(0x0000002a4f200000,0x0000002a4f300000) (1024K)]
  0x0000015fd898b9c0 JavaThread "Unconstrained build operations Thread 75"        [_thread_blocked, id=25972, stack(0x0000002a4f300000,0x0000002a4f400000) (1024K)]
  0x0000015fd8989260 JavaThread "Unconstrained build operations Thread 76"        [_thread_blocked, id=28400, stack(0x0000002a4f400000,0x0000002a4f500000) (1024K)]
  0x0000015fd8988540 JavaThread "Unconstrained build operations Thread 77"        [_thread_blocked, id=11472, stack(0x0000002a4f500000,0x0000002a4f600000) (1024K)]
  0x0000015fd898c050 JavaThread "Unconstrained build operations Thread 78"        [_thread_blocked, id=7212, stack(0x0000002a4f600000,0x0000002a4f700000) (1024K)]
  0x0000015fd898e7b0 JavaThread "Unconstrained build operations Thread 79"        [_thread_blocked, id=11504, stack(0x0000002a4f700000,0x0000002a4f800000) (1024K)]
  0x0000015fd898c6e0 JavaThread "Unconstrained build operations Thread 80"        [_thread_blocked, id=36960, stack(0x0000002a4f800000,0x0000002a4f900000) (1024K)]
  0x0000015fd898e120 JavaThread "Unconstrained build operations Thread 81"        [_thread_blocked, id=25464, stack(0x0000002a4f900000,0x0000002a4fa00000) (1024K)]
  0x0000015fd89901f0 JavaThread "Unconstrained build operations Thread 82"        [_thread_blocked, id=29240, stack(0x0000002a4fa00000,0x0000002a4fb00000) (1024K)]
  0x0000015fd898cd70 JavaThread "Unconstrained build operations Thread 83"        [_thread_blocked, id=32896, stack(0x0000002a4fb00000,0x0000002a4fc00000) (1024K)]
  0x0000015fd898d400 JavaThread "Unconstrained build operations Thread 84"        [_thread_blocked, id=22588, stack(0x0000002a4fc00000,0x0000002a4fd00000) (1024K)]
  0x0000015fd9359010 JavaThread "Unconstrained build operations Thread 85"        [_thread_blocked, id=29352, stack(0x0000002a4fd00000,0x0000002a4fe00000) (1024K)]
  0x0000015fd9359d30 JavaThread "Unconstrained build operations Thread 86"        [_thread_blocked, id=3716, stack(0x0000002a4fe00000,0x0000002a4ff00000) (1024K)]
  0x0000015fd9356f40 JavaThread "Unconstrained build operations Thread 87"        [_thread_blocked, id=19588, stack(0x0000002a4ff00000,0x0000002a50000000) (1024K)]
  0x0000015fd93568b0 JavaThread "Unconstrained build operations Thread 88"        [_thread_blocked, id=5720, stack(0x0000002a50000000,0x0000002a50100000) (1024K)]
  0x0000015fd935a3c0 JavaThread "Unconstrained build operations Thread 89"        [_thread_blocked, id=26116, stack(0x0000002a50100000,0x0000002a50200000) (1024K)]
  0x0000015fd935aa50 JavaThread "Unconstrained build operations Thread 90"        [_thread_blocked, id=34004, stack(0x0000002a50200000,0x0000002a50300000) (1024K)]
  0x0000015fd93575d0 JavaThread "Unconstrained build operations Thread 91"        [_thread_blocked, id=9272, stack(0x0000002a50300000,0x0000002a50400000) (1024K)]
  0x0000015fd935b0e0 JavaThread "Unconstrained build operations Thread 92"        [_thread_blocked, id=33688, stack(0x0000002a50400000,0x0000002a50500000) (1024K)]
  0x0000015fd841f000 JavaThread "Unconstrained build operations Thread 93"        [_thread_blocked, id=27004, stack(0x0000002a50500000,0x0000002a50600000) (1024K)]
  0x0000015fd8421760 JavaThread "Unconstrained build operations Thread 94"        [_thread_blocked, id=10400, stack(0x0000002a50600000,0x0000002a50700000) (1024K)]
  0x0000015fd8422480 JavaThread "Unconstrained build operations Thread 95"        [_thread_blocked, id=28996, stack(0x0000002a50700000,0x0000002a50800000) (1024K)]
  0x0000015fd8421df0 JavaThread "Unconstrained build operations Thread 96"        [_thread_blocked, id=12760, stack(0x0000002a50800000,0x0000002a50900000) (1024K)]
  0x0000015fd8422b10 JavaThread "Unconstrained build operations Thread 97"        [_thread_blocked, id=34408, stack(0x0000002a50900000,0x0000002a50a00000) (1024K)]
  0x0000015fd841f690 JavaThread "Unconstrained build operations Thread 98"        [_thread_blocked, id=22820, stack(0x0000002a50a00000,0x0000002a50b00000) (1024K)]
  0x0000015fd84203b0 JavaThread "Unconstrained build operations Thread 99"        [_thread_blocked, id=12116, stack(0x0000002a50b00000,0x0000002a50c00000) (1024K)]
  0x0000015fd8420a40 JavaThread "Unconstrained build operations Thread 100"        [_thread_blocked, id=29900, stack(0x0000002a50c00000,0x0000002a50d00000) (1024K)]
  0x0000015fd84210d0 JavaThread "Unconstrained build operations Thread 101"        [_thread_blocked, id=33620, stack(0x0000002a50d00000,0x0000002a50e00000) (1024K)]
  0x0000015fd84231a0 JavaThread "Unconstrained build operations Thread 102"        [_thread_blocked, id=21912, stack(0x0000002a50e00000,0x0000002a50f00000) (1024K)]
  0x0000015fd841fd20 JavaThread "Unconstrained build operations Thread 103"        [_thread_blocked, id=20028, stack(0x0000002a50f00000,0x0000002a51000000) (1024K)]
  0x0000015fd8425f90 JavaThread "Unconstrained build operations Thread 104"        [_thread_blocked, id=23588, stack(0x0000002a51000000,0x0000002a51100000) (1024K)]
  0x0000015fd8423ec0 JavaThread "Unconstrained build operations Thread 105"        [_thread_blocked, id=10152, stack(0x0000002a51100000,0x0000002a51200000) (1024K)]
  0x0000015fd8424550 JavaThread "Unconstrained build operations Thread 106"        [_thread_blocked, id=18012, stack(0x0000002a51200000,0x0000002a51300000) (1024K)]
  0x0000015fd8426620 JavaThread "Unconstrained build operations Thread 107"        [_thread_blocked, id=29972, stack(0x0000002a51300000,0x0000002a51400000) (1024K)]
  0x0000015fd8424be0 JavaThread "Unconstrained build operations Thread 108"        [_thread_blocked, id=6956, stack(0x0000002a51400000,0x0000002a51500000) (1024K)]
  0x0000015fd8425270 JavaThread "Unconstrained build operations Thread 109"        [_thread_blocked, id=28936, stack(0x0000002a51500000,0x0000002a51600000) (1024K)]
  0x0000015fd8425900 JavaThread "Unconstrained build operations Thread 110"        [_thread_blocked, id=22384, stack(0x0000002a51600000,0x0000002a51700000) (1024K)]
  0x0000015fd8426cb0 JavaThread "Unconstrained build operations Thread 111"        [_thread_blocked, id=8440, stack(0x0000002a51700000,0x0000002a51800000) (1024K)]
  0x0000015fd8423830 JavaThread "Unconstrained build operations Thread 112"        [_thread_blocked, id=21452, stack(0x0000002a51800000,0x0000002a51900000) (1024K)]
  0x0000015fd84279d0 JavaThread "Unconstrained build operations Thread 113"        [_thread_blocked, id=12756, stack(0x0000002a51900000,0x0000002a51a00000) (1024K)]
  0x0000015fd8429410 JavaThread "Unconstrained build operations Thread 114"        [_thread_blocked, id=34264, stack(0x0000002a51a00000,0x0000002a51b00000) (1024K)]
  0x0000015fd8428060 JavaThread "Unconstrained build operations Thread 115"        [_thread_blocked, id=9756, stack(0x0000002a51b00000,0x0000002a51c00000) (1024K)]
  0x0000015fd84286f0 JavaThread "Unconstrained build operations Thread 116"        [_thread_blocked, id=11368, stack(0x0000002a51c00000,0x0000002a51d00000) (1024K)]
  0x0000015fd8428d80 JavaThread "Unconstrained build operations Thread 117"        [_thread_blocked, id=5512, stack(0x0000002a51d00000,0x0000002a51e00000) (1024K)]
  0x0000015fd8429aa0 JavaThread "Unconstrained build operations Thread 118"        [_thread_blocked, id=18568, stack(0x0000002a51e00000,0x0000002a51f00000) (1024K)]
  0x0000015fd842a130 JavaThread "Unconstrained build operations Thread 119"        [_thread_blocked, id=23448, stack(0x0000002a51f00000,0x0000002a52000000) (1024K)]
  0x0000015fd842a7c0 JavaThread "Unconstrained build operations Thread 120"        [_thread_blocked, id=24308, stack(0x0000002a52000000,0x0000002a52100000) (1024K)]
=>0x0000015fda0a5aa0 JavaThread "C2 CompilerThread1"         daemon [_thread_in_native, id=37716, stack(0x0000002a4d500000,0x0000002a4d600000) (1024K)]
  0x0000015fda0a6170 JavaThread "C2 CompilerThread2"         daemon [_thread_blocked, id=36876, stack(0x0000002a4e500000,0x0000002a4e600000) (1024K)]
Total: 183

Other Threads:
  0x0000015fc9bdeb00 VMThread "VM Thread"                           [id=7316, stack(0x0000002a46100000,0x0000002a46200000) (1024K)]
  0x0000015fc9b6ee80 WatcherThread "VM Periodic Task Thread"        [id=16392, stack(0x0000002a46000000,0x0000002a46100000) (1024K)]
  0x0000015fb20e5920 WorkerThread "GC Thread#0"                     [id=16508, stack(0x0000002a45b00000,0x0000002a45c00000) (1024K)]
  0x0000015fce6fe3d0 WorkerThread "GC Thread#1"                     [id=28356, stack(0x0000002a46c00000,0x0000002a46d00000) (1024K)]
  0x0000015fce692bb0 WorkerThread "GC Thread#2"                     [id=20140, stack(0x0000002a46d00000,0x0000002a46e00000) (1024K)]
  0x0000015fcede00e0 WorkerThread "GC Thread#3"                     [id=30560, stack(0x0000002a46e00000,0x0000002a46f00000) (1024K)]
  0x0000015fcef71250 WorkerThread "GC Thread#4"                     [id=35468, stack(0x0000002a46f00000,0x0000002a47000000) (1024K)]
  0x0000015fcf11a0a0 WorkerThread "GC Thread#5"                     [id=35488, stack(0x0000002a47000000,0x0000002a47100000) (1024K)]
  0x0000015fcf11a450 WorkerThread "GC Thread#6"                     [id=35660, stack(0x0000002a47100000,0x0000002a47200000) (1024K)]
  0x0000015fcf502b70 WorkerThread "GC Thread#7"                     [id=17728, stack(0x0000002a47200000,0x0000002a47300000) (1024K)]
  0x0000015fcf502f20 WorkerThread "GC Thread#8"                     [id=30428, stack(0x0000002a47300000,0x0000002a47400000) (1024K)]
  0x0000015fcf88b5d0 WorkerThread "GC Thread#9"                     [id=24200, stack(0x0000002a47900000,0x0000002a47a00000) (1024K)]
  0x0000015fb20f6820 ConcurrentGCThread "G1 Main Marker"            [id=28360, stack(0x0000002a45c00000,0x0000002a45d00000) (1024K)]
  0x0000015fb20f9090 WorkerThread "G1 Conc#0"                       [id=27228, stack(0x0000002a45d00000,0x0000002a45e00000) (1024K)]
  0x0000015fcf88ae70 WorkerThread "G1 Conc#1"                       [id=24872, stack(0x0000002a47a00000,0x0000002a47b00000) (1024K)]
  0x0000015fcf88b980 WorkerThread "G1 Conc#2"                       [id=1176, stack(0x0000002a47b00000,0x0000002a47c00000) (1024K)]
  0x0000015fb214e620 ConcurrentGCThread "G1 Refine#0"               [id=21556, stack(0x0000002a45e00000,0x0000002a45f00000) (1024K)]
  0x0000015fc9a30570 ConcurrentGCThread "G1 Service"                [id=30344, stack(0x0000002a45f00000,0x0000002a46000000) (1024K)]
Total: 18

Threads with active compile tasks:
C2 CompilerThread0  791089 16815       4       org.gradle.api.internal.artifacts.ivyservice.resolveengine.result.DependencyResultSerializer::write (149 bytes)
C1 CompilerThread0  791089 16825       3       com.google.android.gms.dependencies.VersionEvaluators::getEvaluator (165 bytes)
C2 CompilerThread1  791089 16809       4       org.gradle.api.internal.artifacts.ivyservice.resolveengine.graph.builder.DependencyGraphBuilder::performSelectionSerially (119 bytes)
C2 CompilerThread2  791089 16803       4       org.gradle.api.internal.artifacts.ivyservice.resolveengine.graph.selectors.SelectorStateResolver::resolveRequireConstraint (57 bytes)
Total: 4

VM state: at safepoint (normal execution)

VM Mutex/Monitor currently owned by a thread:  ([mutex/lock_event])
[0x00007ff8e09586d0] Threads_lock - owner thread: 0x0000015fc9bdeb00
[0x00007ff8e09587d0] Heap_lock - owner thread: 0x0000015fcfc426c0

Heap address: 0x0000000080000000, size: 2048 MB, Compressed Oops mode: 32-bit

CDS archive(s) not mapped
Compressed class space mapped at: 0x0000000100000000-0x0000000140000000, reserved size: 1073741824
Narrow klass base: 0x0000000000000000, Narrow klass shift: 3, Narrow klass range: 0x140000000

GC Precious Log:
 CardTable entry size: 512
 Card Set container configuration: InlinePtr #cards 5 size 8 Array Of Cards #cards 12 size 40 Howl #buckets 4 coarsen threshold 1843 Howl Bitmap #cards 512 size 80 coarsen threshold 460 Card regions per heap region 1 cards per card region 2048
 CPUs: 12 total, 12 available
 Memory: 7563M
 Large Page Support: Disabled
 NUMA Support: Disabled
 Compressed Oops: Enabled (32-bit)
 Heap Region Size: 1M
 Heap Min Capacity: 8M
 Heap Initial Capacity: 120M
 Heap Max Capacity: 2G
 Pre-touch: Disabled
 Parallel Workers: 10
 Concurrent Workers: 3
 Concurrent Refinement Workers: 10
 Periodic GC: Disabled

Heap:
 garbage-first heap   total 299008K, used 182956K [0x0000000080000000, 0x0000000100000000)
  region size 1024K, 7 young (7168K), 2 survivors (2048K)
 Metaspace       used 143016K, committed 145408K, reserved 1179648K
  class space    used 19615K, committed 20800K, reserved 1048576K

Heap Regions: E=young(eden), S=young(survivor), O=old, HS=humongous(starts), HC=humongous(continues), CS=collection set, F=free, TAMS=top-at-mark-start, PB=parsable bottom
|   0|0x0000000080000000, 0x0000000080100000, 0x0000000080100000|100%|HS|  |TAMS 0x0000000080100000| PB 0x0000000080000000| Complete 
|   1|0x0000000080100000, 0x0000000080200000, 0x0000000080200000|100%|HC|  |TAMS 0x0000000080200000| PB 0x0000000080100000| Complete 
|   2|0x0000000080200000, 0x0000000080300000, 0x0000000080300000|100%|HC|  |TAMS 0x0000000080300000| PB 0x0000000080200000| Complete 
|   3|0x0000000080300000, 0x0000000080400000, 0x0000000080400000|100%| O|  |TAMS 0x0000000080400000| PB 0x0000000080300000| Untracked 
|   4|0x0000000080400000, 0x0000000080500000, 0x0000000080500000|100%| O|  |TAMS 0x0000000080500000| PB 0x0000000080400000| Untracked 
|   5|0x0000000080500000, 0x0000000080600000, 0x0000000080600000|100%| O|  |TAMS 0x0000000080600000| PB 0x0000000080500000| Untracked 
|   6|0x0000000080600000, 0x0000000080700000, 0x0000000080700000|100%|HS|  |TAMS 0x0000000080700000| PB 0x0000000080600000| Complete 
|   7|0x0000000080700000, 0x0000000080800000, 0x0000000080800000|100%| O|  |TAMS 0x0000000080800000| PB 0x0000000080700000| Untracked 
|   8|0x0000000080800000, 0x0000000080900000, 0x0000000080900000|100%| O|  |TAMS 0x0000000080900000| PB 0x0000000080800000| Untracked 
|   9|0x0000000080900000, 0x0000000080a00000, 0x0000000080a00000|100%| O|  |TAMS 0x0000000080a00000| PB 0x0000000080900000| Untracked 
|  10|0x0000000080a00000, 0x0000000080b00000, 0x0000000080b00000|100%| O|  |TAMS 0x0000000080b00000| PB 0x0000000080a00000| Untracked 
|  11|0x0000000080b00000, 0x0000000080c00000, 0x0000000080c00000|100%| O|  |TAMS 0x0000000080c00000| PB 0x0000000080b00000| Untracked 
|  12|0x0000000080c00000, 0x0000000080d00000, 0x0000000080d00000|100%| O|  |TAMS 0x0000000080d00000| PB 0x0000000080c00000| Untracked 
|  13|0x0000000080d00000, 0x0000000080e00000, 0x0000000080e00000|100%| O|  |TAMS 0x0000000080e00000| PB 0x0000000080d00000| Untracked 
|  14|0x0000000080e00000, 0x0000000080f00000, 0x0000000080f00000|100%| O|  |TAMS 0x0000000080f00000| PB 0x0000000080e00000| Untracked 
|  15|0x0000000080f00000, 0x0000000081000000, 0x0000000081000000|100%| O|  |TAMS 0x0000000081000000| PB 0x0000000080f00000| Untracked 
|  16|0x0000000081000000, 0x0000000081100000, 0x0000000081100000|100%| O|  |TAMS 0x0000000081100000| PB 0x0000000081000000| Untracked 
|  17|0x0000000081100000, 0x0000000081200000, 0x0000000081200000|100%| O|  |TAMS 0x0000000081200000| PB 0x0000000081100000| Untracked 
|  18|0x0000000081200000, 0x0000000081300000, 0x0000000081300000|100%| O|  |TAMS 0x0000000081300000| PB 0x0000000081200000| Untracked 
|  19|0x0000000081300000, 0x0000000081400000, 0x0000000081400000|100%| O|  |TAMS 0x0000000081400000| PB 0x0000000081300000| Untracked 
|  20|0x0000000081400000, 0x0000000081500000, 0x0000000081500000|100%| O|  |TAMS 0x0000000081500000| PB 0x0000000081400000| Untracked 
|  21|0x0000000081500000, 0x0000000081600000, 0x0000000081600000|100%| O|  |TAMS 0x0000000081600000| PB 0x0000000081500000| Untracked 
|  22|0x0000000081600000, 0x0000000081700000, 0x0000000081700000|100%| O|  |TAMS 0x0000000081700000| PB 0x0000000081600000| Untracked 
|  23|0x0000000081700000, 0x0000000081800000, 0x0000000081800000|100%|HS|  |TAMS 0x0000000081800000| PB 0x0000000081700000| Complete 
|  24|0x0000000081800000, 0x0000000081900000, 0x0000000081900000|100%|HC|  |TAMS 0x0000000081900000| PB 0x0000000081800000| Complete 
|  25|0x0000000081900000, 0x0000000081a00000, 0x0000000081a00000|100%|HC|  |TAMS 0x0000000081a00000| PB 0x0000000081900000| Complete 
|  26|0x0000000081a00000, 0x0000000081b00000, 0x0000000081b00000|100%|HC|  |TAMS 0x0000000081b00000| PB 0x0000000081a00000| Complete 
|  27|0x0000000081b00000, 0x0000000081c00000, 0x0000000081c00000|100%|HC|  |TAMS 0x0000000081c00000| PB 0x0000000081b00000| Complete 
|  28|0x0000000081c00000, 0x0000000081d00000, 0x0000000081d00000|100%|HC|  |TAMS 0x0000000081d00000| PB 0x0000000081c00000| Complete 
|  29|0x0000000081d00000, 0x0000000081e00000, 0x0000000081e00000|100%|HS|  |TAMS 0x0000000081e00000| PB 0x0000000081d00000| Complete 
|  30|0x0000000081e00000, 0x0000000081f00000, 0x0000000081f00000|100%|HC|  |TAMS 0x0000000081f00000| PB 0x0000000081e00000| Complete 
|  31|0x0000000081f00000, 0x0000000082000000, 0x0000000082000000|100%|HS|  |TAMS 0x0000000082000000| PB 0x0000000081f00000| Complete 
|  32|0x0000000082000000, 0x0000000082100000, 0x0000000082100000|100%|HS|  |TAMS 0x0000000082100000| PB 0x0000000082000000| Complete 
|  33|0x0000000082100000, 0x0000000082200000, 0x0000000082200000|100%|HC|  |TAMS 0x0000000082200000| PB 0x0000000082100000| Complete 
|  34|0x0000000082200000, 0x0000000082300000, 0x0000000082300000|100%|HC|  |TAMS 0x0000000082300000| PB 0x0000000082200000| Complete 
|  35|0x0000000082300000, 0x0000000082400000, 0x0000000082400000|100%|HC|  |TAMS 0x0000000082400000| PB 0x0000000082300000| Complete 
|  36|0x0000000082400000, 0x0000000082500000, 0x0000000082500000|100%|HC|  |TAMS 0x0000000082500000| PB 0x0000000082400000| Complete 
|  37|0x0000000082500000, 0x0000000082600000, 0x0000000082600000|100%|HC|  |TAMS 0x0000000082600000| PB 0x0000000082500000| Complete 
|  38|0x0000000082600000, 0x0000000082700000, 0x0000000082700000|100%|HS|  |TAMS 0x0000000082700000| PB 0x0000000082600000| Complete 
|  39|0x0000000082700000, 0x0000000082800000, 0x0000000082800000|100%|HC|  |TAMS 0x0000000082800000| PB 0x0000000082700000| Complete 
|  40|0x0000000082800000, 0x0000000082900000, 0x0000000082900000|100%|HS|  |TAMS 0x0000000082900000| PB 0x0000000082800000| Complete 
|  41|0x0000000082900000, 0x0000000082a00000, 0x0000000082a00000|100%| O|  |TAMS 0x0000000082a00000| PB 0x0000000082900000| Untracked 
|  42|0x0000000082a00000, 0x0000000082b00000, 0x0000000082b00000|100%| O|  |TAMS 0x0000000082b00000| PB 0x0000000082a00000| Untracked 
|  43|0x0000000082b00000, 0x0000000082c00000, 0x0000000082c00000|100%| O|  |TAMS 0x0000000082c00000| PB 0x0000000082b00000| Untracked 
|  44|0x0000000082c00000, 0x0000000082d00000, 0x0000000082d00000|100%| O|  |TAMS 0x0000000082d00000| PB 0x0000000082c00000| Untracked 
|  45|0x0000000082d00000, 0x0000000082e00000, 0x0000000082e00000|100%| O|  |TAMS 0x0000000082e00000| PB 0x0000000082d00000| Untracked 
|  46|0x0000000082e00000, 0x0000000082f00000, 0x0000000082f00000|100%| O|  |TAMS 0x0000000082f00000| PB 0x0000000082e00000| Untracked 
|  47|0x0000000082f00000, 0x0000000083000000, 0x0000000083000000|100%| O|  |TAMS 0x0000000083000000| PB 0x0000000082f00000| Untracked 
|  48|0x0000000083000000, 0x0000000083100000, 0x0000000083100000|100%| O|  |TAMS 0x0000000083100000| PB 0x0000000083000000| Untracked 
|  49|0x0000000083100000, 0x0000000083200000, 0x0000000083200000|100%| O|  |TAMS 0x0000000083200000| PB 0x0000000083100000| Untracked 
|  50|0x0000000083200000, 0x0000000083300000, 0x0000000083300000|100%| O|  |TAMS 0x0000000083300000| PB 0x0000000083200000| Untracked 
|  51|0x0000000083300000, 0x0000000083400000, 0x0000000083400000|100%|HS|  |TAMS 0x0000000083400000| PB 0x0000000083300000| Complete 
|  52|0x0000000083400000, 0x0000000083500000, 0x0000000083500000|100%|HC|  |TAMS 0x0000000083500000| PB 0x0000000083400000| Complete 
|  53|0x0000000083500000, 0x0000000083600000, 0x0000000083600000|100%| O|  |TAMS 0x0000000083600000| PB 0x0000000083500000| Untracked 
|  54|0x0000000083600000, 0x0000000083700000, 0x0000000083700000|100%| O|  |TAMS 0x0000000083700000| PB 0x0000000083600000| Untracked 
|  55|0x0000000083700000, 0x0000000083800000, 0x0000000083800000|100%| O|  |TAMS 0x0000000083800000| PB 0x0000000083700000| Untracked 
|  56|0x0000000083800000, 0x0000000083900000, 0x0000000083900000|100%| O|  |TAMS 0x0000000083900000| PB 0x0000000083800000| Untracked 
|  57|0x0000000083900000, 0x0000000083a00000, 0x0000000083a00000|100%| O|  |TAMS 0x0000000083a00000| PB 0x0000000083900000| Untracked 
|  58|0x0000000083a00000, 0x0000000083b00000, 0x0000000083b00000|100%| O|  |TAMS 0x0000000083b00000| PB 0x0000000083a00000| Untracked 
|  59|0x0000000083b00000, 0x0000000083c00000, 0x0000000083c00000|100%| O|  |TAMS 0x0000000083c00000| PB 0x0000000083b00000| Untracked 
|  60|0x0000000083c00000, 0x0000000083d00000, 0x0000000083d00000|100%| O|  |TAMS 0x0000000083d00000| PB 0x0000000083c00000| Untracked 
|  61|0x0000000083d00000, 0x0000000083e00000, 0x0000000083e00000|100%| O|  |TAMS 0x0000000083e00000| PB 0x0000000083d00000| Untracked 
|  62|0x0000000083e00000, 0x0000000083f00000, 0x0000000083f00000|100%| O|  |TAMS 0x0000000083f00000| PB 0x0000000083e00000| Untracked 
|  63|0x0000000083f00000, 0x0000000084000000, 0x0000000084000000|100%| O|  |TAMS 0x0000000084000000| PB 0x0000000083f00000| Untracked 
|  64|0x0000000084000000, 0x0000000084100000, 0x0000000084100000|100%| O|  |TAMS 0x0000000084100000| PB 0x0000000084000000| Untracked 
|  65|0x0000000084100000, 0x0000000084200000, 0x0000000084200000|100%| O|  |TAMS 0x0000000084200000| PB 0x0000000084100000| Untracked 
|  66|0x0000000084200000, 0x0000000084300000, 0x0000000084300000|100%| O|  |TAMS 0x0000000084300000| PB 0x0000000084200000| Untracked 
|  67|0x0000000084300000, 0x0000000084400000, 0x0000000084400000|100%| O|  |TAMS 0x0000000084400000| PB 0x0000000084300000| Untracked 
|  68|0x0000000084400000, 0x0000000084500000, 0x0000000084500000|100%| O|  |TAMS 0x0000000084500000| PB 0x0000000084400000| Untracked 
|  69|0x0000000084500000, 0x0000000084600000, 0x0000000084600000|100%| O|  |TAMS 0x0000000084600000| PB 0x0000000084500000| Untracked 
|  70|0x0000000084600000, 0x0000000084700000, 0x0000000084700000|100%| O|  |TAMS 0x0000000084700000| PB 0x0000000084600000| Untracked 
|  71|0x0000000084700000, 0x0000000084800000, 0x0000000084800000|100%| O|  |TAMS 0x0000000084800000| PB 0x0000000084700000| Untracked 
|  72|0x0000000084800000, 0x0000000084900000, 0x0000000084900000|100%| O|  |TAMS 0x0000000084900000| PB 0x0000000084800000| Untracked 
|  73|0x0000000084900000, 0x0000000084a00000, 0x0000000084a00000|100%| O|  |TAMS 0x0000000084a00000| PB 0x0000000084900000| Untracked 
|  74|0x0000000084a00000, 0x0000000084b00000, 0x0000000084b00000|100%| O|  |TAMS 0x0000000084b00000| PB 0x0000000084a00000| Untracked 
|  75|0x0000000084b00000, 0x0000000084c00000, 0x0000000084c00000|100%|HS|  |TAMS 0x0000000084c00000| PB 0x0000000084b00000| Complete 
|  76|0x0000000084c00000, 0x0000000084d00000, 0x0000000084d00000|100%|HS|  |TAMS 0x0000000084d00000| PB 0x0000000084c00000| Complete 
|  77|0x0000000084d00000, 0x0000000084e00000, 0x0000000084e00000|100%|HS|  |TAMS 0x0000000084e00000| PB 0x0000000084d00000| Complete 
|  78|0x0000000084e00000, 0x0000000084f00000, 0x0000000084f00000|100%|HC|  |TAMS 0x0000000084f00000| PB 0x0000000084e00000| Complete 
|  79|0x0000000084f00000, 0x0000000085000000, 0x0000000085000000|100%|HS|  |TAMS 0x0000000085000000| PB 0x0000000084f00000| Complete 
|  80|0x0000000085000000, 0x0000000085100000, 0x0000000085100000|100%|HC|  |TAMS 0x0000000085100000| PB 0x0000000085000000| Complete 
|  81|0x0000000085100000, 0x0000000085200000, 0x0000000085200000|100%|HS|  |TAMS 0x0000000085200000| PB 0x0000000085100000| Complete 
|  82|0x0000000085200000, 0x0000000085300000, 0x0000000085300000|100%|HC|  |TAMS 0x0000000085300000| PB 0x0000000085200000| Complete 
|  83|0x0000000085300000, 0x0000000085400000, 0x0000000085400000|100%|HC|  |TAMS 0x0000000085400000| PB 0x0000000085300000| Complete 
|  84|0x0000000085400000, 0x0000000085500000, 0x0000000085500000|100%|HS|  |TAMS 0x0000000085500000| PB 0x0000000085400000| Complete 
|  85|0x0000000085500000, 0x0000000085600000, 0x0000000085600000|100%| O|  |TAMS 0x0000000085600000| PB 0x0000000085500000| Untracked 
|  86|0x0000000085600000, 0x0000000085700000, 0x0000000085700000|100%|HS|  |TAMS 0x0000000085700000| PB 0x0000000085600000| Complete 
|  87|0x0000000085700000, 0x0000000085800000, 0x0000000085800000|100%|HS|  |TAMS 0x0000000085800000| PB 0x0000000085700000| Complete 
|  88|0x0000000085800000, 0x0000000085900000, 0x0000000085900000|100%| O|  |TAMS 0x0000000085900000| PB 0x0000000085800000| Untracked 
|  89|0x0000000085900000, 0x0000000085a00000, 0x0000000085a00000|100%|HS|  |TAMS 0x0000000085a00000| PB 0x0000000085900000| Complete 
|  90|0x0000000085a00000, 0x0000000085b00000, 0x0000000085b00000|100%| O|  |TAMS 0x0000000085b00000| PB 0x0000000085a00000| Untracked 
|  91|0x0000000085b00000, 0x0000000085c00000, 0x0000000085c00000|100%| O|  |TAMS 0x0000000085c00000| PB 0x0000000085b00000| Untracked 
|  92|0x0000000085c00000, 0x0000000085d00000, 0x0000000085d00000|100%| O|  |TAMS 0x0000000085d00000| PB 0x0000000085c00000| Untracked 
|  93|0x0000000085d00000, 0x0000000085e00000, 0x0000000085e00000|100%| O|  |TAMS 0x0000000085e00000| PB 0x0000000085d00000| Untracked 
|  94|0x0000000085e00000, 0x0000000085f00000, 0x0000000085f00000|100%| O|  |TAMS 0x0000000085f00000| PB 0x0000000085e00000| Untracked 
|  95|0x0000000085f00000, 0x0000000086000000, 0x0000000086000000|100%| O|  |TAMS 0x0000000086000000| PB 0x0000000085f00000| Untracked 
|  96|0x0000000086000000, 0x0000000086100000, 0x0000000086100000|100%| O|  |TAMS 0x0000000086100000| PB 0x0000000086000000| Untracked 
|  97|0x0000000086100000, 0x0000000086200000, 0x0000000086200000|100%| O|  |TAMS 0x0000000086200000| PB 0x0000000086100000| Untracked 
|  98|0x0000000086200000, 0x0000000086300000, 0x0000000086300000|100%| O|  |TAMS 0x0000000086300000| PB 0x0000000086200000| Untracked 
|  99|0x0000000086300000, 0x0000000086400000, 0x0000000086400000|100%|HS|  |TAMS 0x0000000086400000| PB 0x0000000086300000| Complete 
| 100|0x0000000086400000, 0x0000000086500000, 0x0000000086500000|100%|HS|  |TAMS 0x0000000086500000| PB 0x0000000086400000| Complete 
| 101|0x0000000086500000, 0x0000000086600000, 0x0000000086600000|100%|HC|  |TAMS 0x0000000086600000| PB 0x0000000086500000| Complete 
| 102|0x0000000086600000, 0x0000000086700000, 0x0000000086700000|100%|HC|  |TAMS 0x0000000086700000| PB 0x0000000086600000| Complete 
| 103|0x0000000086700000, 0x0000000086800000, 0x0000000086800000|100%| O|  |TAMS 0x0000000086800000| PB 0x0000000086700000| Untracked 
| 104|0x0000000086800000, 0x0000000086900000, 0x0000000086900000|100%| O|  |TAMS 0x0000000086900000| PB 0x0000000086800000| Untracked 
| 105|0x0000000086900000, 0x0000000086a00000, 0x0000000086a00000|100%| O|  |TAMS 0x0000000086a00000| PB 0x0000000086900000| Untracked 
| 106|0x0000000086a00000, 0x0000000086b00000, 0x0000000086b00000|100%| O|  |TAMS 0x0000000086b00000| PB 0x0000000086a00000| Untracked 
| 107|0x0000000086b00000, 0x0000000086c00000, 0x0000000086c00000|100%| O|  |TAMS 0x0000000086c00000| PB 0x0000000086b00000| Untracked 
| 108|0x0000000086c00000, 0x0000000086d00000, 0x0000000086d00000|100%| O|  |TAMS 0x0000000086d00000| PB 0x0000000086c00000| Untracked 
| 109|0x0000000086d00000, 0x0000000086e00000, 0x0000000086e00000|100%| O|  |TAMS 0x0000000086e00000| PB 0x0000000086d00000| Untracked 
| 110|0x0000000086e00000, 0x0000000086f00000, 0x0000000086f00000|100%| O|  |TAMS 0x0000000086f00000| PB 0x0000000086e00000| Untracked 
| 111|0x0000000086f00000, 0x0000000087000000, 0x0000000087000000|100%| O|  |TAMS 0x0000000087000000| PB 0x0000000086f00000| Untracked 
| 112|0x0000000087000000, 0x0000000087100000, 0x0000000087100000|100%|HS|  |TAMS 0x0000000087100000| PB 0x0000000087000000| Complete 
| 113|0x0000000087100000, 0x0000000087200000, 0x0000000087200000|100%|HC|  |TAMS 0x0000000087200000| PB 0x0000000087100000| Complete 
| 114|0x0000000087200000, 0x0000000087300000, 0x0000000087300000|100%| O|  |TAMS 0x0000000087300000| PB 0x0000000087200000| Untracked 
| 115|0x0000000087300000, 0x0000000087400000, 0x0000000087400000|100%| O|  |TAMS 0x0000000087400000| PB 0x0000000087300000| Untracked 
| 116|0x0000000087400000, 0x0000000087500000, 0x0000000087500000|100%| O|  |TAMS 0x0000000087500000| PB 0x0000000087400000| Untracked 
| 117|0x0000000087500000, 0x0000000087600000, 0x0000000087600000|100%| O|  |TAMS 0x0000000087600000| PB 0x0000000087500000| Untracked 
| 118|0x0000000087600000, 0x0000000087700000, 0x0000000087700000|100%|HS|  |TAMS 0x0000000087700000| PB 0x0000000087600000| Complete 
| 119|0x0000000087700000, 0x0000000087800000, 0x0000000087800000|100%| O|  |TAMS 0x0000000087800000| PB 0x0000000087700000| Untracked 
| 120|0x0000000087800000, 0x0000000087900000, 0x0000000087900000|100%| O|  |TAMS 0x0000000087900000| PB 0x0000000087800000| Untracked 
| 121|0x0000000087900000, 0x0000000087a00000, 0x0000000087a00000|100%| O|  |TAMS 0x0000000087a00000| PB 0x0000000087900000| Untracked 
| 122|0x0000000087a00000, 0x0000000087b00000, 0x0000000087b00000|100%| O|  |TAMS 0x0000000087b00000| PB 0x0000000087a00000| Untracked 
| 123|0x0000000087b00000, 0x0000000087c00000, 0x0000000087c00000|100%| O|  |TAMS 0x0000000087c00000| PB 0x0000000087b00000| Untracked 
| 124|0x0000000087c00000, 0x0000000087d00000, 0x0000000087d00000|100%| O|  |TAMS 0x0000000087d00000| PB 0x0000000087c00000| Untracked 
| 125|0x0000000087d00000, 0x0000000087e00000, 0x0000000087e00000|100%| O|  |TAMS 0x0000000087e00000| PB 0x0000000087d00000| Untracked 
| 126|0x0000000087e00000, 0x0000000087f00000, 0x0000000087f00000|100%| O|  |TAMS 0x0000000087f00000| PB 0x0000000087e00000| Untracked 
| 127|0x0000000087f00000, 0x0000000088000000, 0x0000000088000000|100%| O|  |TAMS 0x0000000088000000| PB 0x0000000087f00000| Untracked 
| 128|0x0000000088000000, 0x0000000088100000, 0x0000000088100000|100%| O|  |TAMS 0x0000000088100000| PB 0x0000000088000000| Untracked 
| 129|0x0000000088100000, 0x0000000088200000, 0x0000000088200000|100%| O|  |TAMS 0x0000000088100000| PB 0x0000000088100000| Untracked 
| 130|0x0000000088200000, 0x0000000088300000, 0x0000000088300000|100%| O|  |TAMS 0x0000000088300000| PB 0x0000000088200000| Untracked 
| 131|0x0000000088300000, 0x0000000088400000, 0x0000000088400000|100%| O|  |TAMS 0x0000000088400000| PB 0x0000000088300000| Untracked 
| 132|0x0000000088400000, 0x0000000088500000, 0x0000000088500000|100%| O|  |TAMS 0x0000000088500000| PB 0x0000000088400000| Untracked 
| 133|0x0000000088500000, 0x0000000088600000, 0x0000000088600000|100%| O|  |TAMS 0x0000000088600000| PB 0x0000000088500000| Untracked 
| 134|0x0000000088600000, 0x0000000088700000, 0x0000000088700000|100%| O|  |TAMS 0x0000000088700000| PB 0x0000000088600000| Untracked 
| 135|0x0000000088700000, 0x0000000088800000, 0x0000000088800000|100%| O|  |TAMS 0x0000000088800000| PB 0x0000000088700000| Untracked 
| 136|0x0000000088800000, 0x0000000088900000, 0x0000000088900000|100%| O|  |TAMS 0x0000000088900000| PB 0x0000000088800000| Untracked 
| 137|0x0000000088900000, 0x0000000088a00000, 0x0000000088a00000|100%| O|  |TAMS 0x0000000088a00000| PB 0x0000000088900000| Untracked 
| 138|0x0000000088a00000, 0x0000000088b00000, 0x0000000088b00000|100%| O|  |TAMS 0x0000000088b00000| PB 0x0000000088a00000| Untracked 
| 139|0x0000000088b00000, 0x0000000088c00000, 0x0000000088c00000|100%| O|  |TAMS 0x0000000088c00000| PB 0x0000000088b00000| Untracked 
| 140|0x0000000088c00000, 0x0000000088d00000, 0x0000000088d00000|100%| O|  |TAMS 0x0000000088d00000| PB 0x0000000088c00000| Untracked 
| 141|0x0000000088d00000, 0x0000000088e00000, 0x0000000088e00000|100%| O|  |TAMS 0x0000000088d00000| PB 0x0000000088d00000| Untracked 
| 142|0x0000000088e00000, 0x0000000088f00000, 0x0000000088f00000|100%| O|  |TAMS 0x0000000088f00000| PB 0x0000000088e00000| Untracked 
| 143|0x0000000088f00000, 0x0000000089000000, 0x0000000089000000|100%| O|  |TAMS 0x0000000088f00000| PB 0x0000000088f00000| Untracked 
| 144|0x0000000089000000, 0x0000000089100000, 0x0000000089100000|100%| O|  |TAMS 0x0000000089100000| PB 0x0000000089000000| Untracked 
| 145|0x0000000089100000, 0x0000000089200000, 0x0000000089200000|100%| O|  |TAMS 0x000000008916adc0| PB 0x0000000089100000| Untracked 
| 146|0x0000000089200000, 0x0000000089300000, 0x0000000089300000|100%| O|  |TAMS 0x0000000089200000| PB 0x0000000089200000| Untracked 
| 147|0x0000000089300000, 0x0000000089400000, 0x0000000089400000|100%| O|  |TAMS 0x0000000089300000| PB 0x0000000089300000| Untracked 
| 148|0x0000000089400000, 0x0000000089500000, 0x0000000089500000|100%| O|  |TAMS 0x0000000089400000| PB 0x0000000089400000| Untracked 
| 149|0x0000000089500000, 0x00000000895deaa0, 0x0000000089600000| 86%| O|  |TAMS 0x0000000089500000| PB 0x0000000089500000| Untracked 
| 150|0x0000000089600000, 0x0000000089600000, 0x0000000089700000|  0%| F|  |TAMS 0x0000000089600000| PB 0x0000000089600000| Untracked 
| 151|0x0000000089700000, 0x0000000089700000, 0x0000000089800000|  0%| F|  |TAMS 0x0000000089700000| PB 0x0000000089700000| Untracked 
| 152|0x0000000089800000, 0x0000000089800000, 0x0000000089900000|  0%| F|  |TAMS 0x0000000089800000| PB 0x0000000089800000| Untracked 
| 153|0x0000000089900000, 0x0000000089900000, 0x0000000089a00000|  0%| F|  |TAMS 0x0000000089900000| PB 0x0000000089900000| Untracked 
| 154|0x0000000089a00000, 0x0000000089a00000, 0x0000000089b00000|  0%| F|  |TAMS 0x0000000089a00000| PB 0x0000000089a00000| Untracked 
| 155|0x0000000089b00000, 0x0000000089b00000, 0x0000000089c00000|  0%| F|  |TAMS 0x0000000089b00000| PB 0x0000000089b00000| Untracked 
| 156|0x0000000089c00000, 0x0000000089c00000, 0x0000000089d00000|  0%| F|  |TAMS 0x0000000089c00000| PB 0x0000000089c00000| Untracked 
| 157|0x0000000089d00000, 0x0000000089e00000, 0x0000000089e00000|100%| O|  |TAMS 0x0000000089e00000| PB 0x0000000089d00000| Untracked 
| 158|0x0000000089e00000, 0x0000000089f00000, 0x0000000089f00000|100%| O|  |TAMS 0x0000000089f00000| PB 0x0000000089e00000| Untracked 
| 159|0x0000000089f00000, 0x000000008a000000, 0x000000008a000000|100%| O|  |TAMS 0x000000008a000000| PB 0x0000000089f00000| Untracked 
| 160|0x000000008a000000, 0x000000008a100000, 0x000000008a100000|100%| O|  |TAMS 0x000000008a100000| PB 0x000000008a000000| Untracked 
| 161|0x000000008a100000, 0x000000008a200000, 0x000000008a200000|100%| O|  |TAMS 0x000000008a200000| PB 0x000000008a100000| Untracked 
| 162|0x000000008a200000, 0x000000008a300000, 0x000000008a300000|100%| O|  |TAMS 0x000000008a300000| PB 0x000000008a200000| Untracked 
| 163|0x000000008a300000, 0x000000008a400000, 0x000000008a400000|100%| O|  |TAMS 0x000000008a400000| PB 0x000000008a300000| Untracked 
| 164|0x000000008a400000, 0x000000008a500000, 0x000000008a500000|100%| O|  |TAMS 0x000000008a500000| PB 0x000000008a400000| Untracked 
| 165|0x000000008a500000, 0x000000008a600000, 0x000000008a600000|100%| O|  |TAMS 0x000000008a600000| PB 0x000000008a500000| Untracked 
| 166|0x000000008a600000, 0x000000008a700000, 0x000000008a700000|100%| O|  |TAMS 0x000000008a700000| PB 0x000000008a600000| Untracked 
| 167|0x000000008a700000, 0x000000008a800000, 0x000000008a800000|100%| O|  |TAMS 0x000000008a800000| PB 0x000000008a700000| Untracked 
| 168|0x000000008a800000, 0x000000008a800000, 0x000000008a900000|  0%| F|  |TAMS 0x000000008a800000| PB 0x000000008a800000| Untracked 
| 169|0x000000008a900000, 0x000000008a900000, 0x000000008aa00000|  0%| F|  |TAMS 0x000000008a900000| PB 0x000000008a900000| Untracked 
| 170|0x000000008aa00000, 0x000000008aa00000, 0x000000008ab00000|  0%| F|  |TAMS 0x000000008aa00000| PB 0x000000008aa00000| Untracked 
| 171|0x000000008ab00000, 0x000000008ab00000, 0x000000008ac00000|  0%| F|  |TAMS 0x000000008ab00000| PB 0x000000008ab00000| Untracked 
| 172|0x000000008ac00000, 0x000000008ac00000, 0x000000008ad00000|  0%| F|  |TAMS 0x000000008ac00000| PB 0x000000008ac00000| Untracked 
| 173|0x000000008ad00000, 0x000000008ad00000, 0x000000008ae00000|  0%| F|  |TAMS 0x000000008ad00000| PB 0x000000008ad00000| Untracked 
| 174|0x000000008ae00000, 0x000000008ae00000, 0x000000008af00000|  0%| F|  |TAMS 0x000000008ae00000| PB 0x000000008ae00000| Untracked 
| 175|0x000000008af00000, 0x000000008af00000, 0x000000008b000000|  0%| F|  |TAMS 0x000000008af00000| PB 0x000000008af00000| Untracked 
| 176|0x000000008b000000, 0x000000008b000000, 0x000000008b100000|  0%| F|  |TAMS 0x000000008b000000| PB 0x000000008b000000| Untracked 
| 177|0x000000008b100000, 0x000000008b100000, 0x000000008b200000|  0%| F|  |TAMS 0x000000008b100000| PB 0x000000008b100000| Untracked 
| 178|0x000000008b200000, 0x000000008b200000, 0x000000008b300000|  0%| F|  |TAMS 0x000000008b200000| PB 0x000000008b200000| Untracked 
| 179|0x000000008b300000, 0x000000008b300000, 0x000000008b400000|  0%| F|  |TAMS 0x000000008b300000| PB 0x000000008b300000| Untracked 
| 180|0x000000008b400000, 0x000000008b400000, 0x000000008b500000|  0%| F|  |TAMS 0x000000008b400000| PB 0x000000008b400000| Untracked 
| 181|0x000000008b500000, 0x000000008b500000, 0x000000008b600000|  0%| F|  |TAMS 0x000000008b500000| PB 0x000000008b500000| Untracked 
| 182|0x000000008b600000, 0x000000008b600000, 0x000000008b700000|  0%| F|  |TAMS 0x000000008b600000| PB 0x000000008b600000| Untracked 
| 183|0x000000008b700000, 0x000000008b700000, 0x000000008b800000|  0%| F|  |TAMS 0x000000008b700000| PB 0x000000008b700000| Untracked 
| 184|0x000000008b800000, 0x000000008b800000, 0x000000008b900000|  0%| F|  |TAMS 0x000000008b800000| PB 0x000000008b800000| Untracked 
| 185|0x000000008b900000, 0x000000008b900000, 0x000000008ba00000|  0%| F|  |TAMS 0x000000008b900000| PB 0x000000008b900000| Untracked 
| 186|0x000000008ba00000, 0x000000008ba00000, 0x000000008bb00000|  0%| F|  |TAMS 0x000000008ba00000| PB 0x000000008ba00000| Untracked 
| 187|0x000000008bb00000, 0x000000008bb00000, 0x000000008bc00000|  0%| F|  |TAMS 0x000000008bb00000| PB 0x000000008bb00000| Untracked 
| 188|0x000000008bc00000, 0x000000008bc00000, 0x000000008bd00000|  0%| F|  |TAMS 0x000000008bc00000| PB 0x000000008bc00000| Untracked 
| 189|0x000000008bd00000, 0x000000008bd00000, 0x000000008be00000|  0%| F|  |TAMS 0x000000008bd00000| PB 0x000000008bd00000| Untracked 
| 190|0x000000008be00000, 0x000000008be00000, 0x000000008bf00000|  0%| F|  |TAMS 0x000000008be00000| PB 0x000000008be00000| Untracked 
| 191|0x000000008bf00000, 0x000000008bf00000, 0x000000008c000000|  0%| F|  |TAMS 0x000000008bf00000| PB 0x000000008bf00000| Untracked 
| 192|0x000000008c000000, 0x000000008c000000, 0x000000008c100000|  0%| F|  |TAMS 0x000000008c000000| PB 0x000000008c000000| Untracked 
| 193|0x000000008c100000, 0x000000008c100000, 0x000000008c200000|  0%| F|  |TAMS 0x000000008c100000| PB 0x000000008c100000| Untracked 
| 194|0x000000008c200000, 0x000000008c200000, 0x000000008c300000|  0%| F|  |TAMS 0x000000008c200000| PB 0x000000008c200000| Untracked 
| 195|0x000000008c300000, 0x000000008c300000, 0x000000008c400000|  0%| F|  |TAMS 0x000000008c300000| PB 0x000000008c300000| Untracked 
| 196|0x000000008c400000, 0x000000008c400000, 0x000000008c500000|  0%| F|  |TAMS 0x000000008c400000| PB 0x000000008c400000| Untracked 
| 197|0x000000008c500000, 0x000000008c500000, 0x000000008c600000|  0%| F|  |TAMS 0x000000008c500000| PB 0x000000008c500000| Untracked 
| 198|0x000000008c600000, 0x000000008c600000, 0x000000008c700000|  0%| F|  |TAMS 0x000000008c600000| PB 0x000000008c600000| Untracked 
| 199|0x000000008c700000, 0x000000008c700000, 0x000000008c800000|  0%| F|  |TAMS 0x000000008c700000| PB 0x000000008c700000| Untracked 
| 200|0x000000008c800000, 0x000000008c800000, 0x000000008c900000|  0%| F|  |TAMS 0x000000008c800000| PB 0x000000008c800000| Untracked 
| 201|0x000000008c900000, 0x000000008c900000, 0x000000008ca00000|  0%| F|  |TAMS 0x000000008c900000| PB 0x000000008c900000| Untracked 
| 202|0x000000008ca00000, 0x000000008ca00000, 0x000000008cb00000|  0%| F|  |TAMS 0x000000008ca00000| PB 0x000000008ca00000| Untracked 
| 203|0x000000008cb00000, 0x000000008cb00000, 0x000000008cc00000|  0%| F|  |TAMS 0x000000008cb00000| PB 0x000000008cb00000| Untracked 
| 204|0x000000008cc00000, 0x000000008cc00000, 0x000000008cd00000|  0%| F|  |TAMS 0x000000008cc00000| PB 0x000000008cc00000| Untracked 
| 205|0x000000008cd00000, 0x000000008cd00000, 0x000000008ce00000|  0%| F|  |TAMS 0x000000008cd00000| PB 0x000000008cd00000| Untracked 
| 206|0x000000008ce00000, 0x000000008ce00000, 0x000000008cf00000|  0%| F|  |TAMS 0x000000008ce00000| PB 0x000000008ce00000| Untracked 
| 207|0x000000008cf00000, 0x000000008cf00000, 0x000000008d000000|  0%| F|  |TAMS 0x000000008cf00000| PB 0x000000008cf00000| Untracked 
| 208|0x000000008d000000, 0x000000008d000000, 0x000000008d100000|  0%| F|  |TAMS 0x000000008d000000| PB 0x000000008d000000| Untracked 
| 209|0x000000008d100000, 0x000000008d100000, 0x000000008d200000|  0%| F|  |TAMS 0x000000008d100000| PB 0x000000008d100000| Untracked 
| 210|0x000000008d200000, 0x000000008d200000, 0x000000008d300000|  0%| F|  |TAMS 0x000000008d200000| PB 0x000000008d200000| Untracked 
| 211|0x000000008d300000, 0x000000008d300000, 0x000000008d400000|  0%| F|  |TAMS 0x000000008d300000| PB 0x000000008d300000| Untracked 
| 212|0x000000008d400000, 0x000000008d400000, 0x000000008d500000|  0%| F|  |TAMS 0x000000008d400000| PB 0x000000008d400000| Untracked 
| 213|0x000000008d500000, 0x000000008d500000, 0x000000008d600000|  0%| F|  |TAMS 0x000000008d500000| PB 0x000000008d500000| Untracked 
| 214|0x000000008d600000, 0x000000008d600000, 0x000000008d700000|  0%| F|  |TAMS 0x000000008d600000| PB 0x000000008d600000| Untracked 
| 215|0x000000008d700000, 0x000000008d700000, 0x000000008d800000|  0%| F|  |TAMS 0x000000008d700000| PB 0x000000008d700000| Untracked 
| 216|0x000000008d800000, 0x000000008d800000, 0x000000008d900000|  0%| F|  |TAMS 0x000000008d800000| PB 0x000000008d800000| Untracked 
| 217|0x000000008d900000, 0x000000008d900000, 0x000000008da00000|  0%| F|  |TAMS 0x000000008d900000| PB 0x000000008d900000| Untracked 
| 218|0x000000008da00000, 0x000000008da00000, 0x000000008db00000|  0%| F|  |TAMS 0x000000008da00000| PB 0x000000008da00000| Untracked 
| 219|0x000000008db00000, 0x000000008db00000, 0x000000008dc00000|  0%| F|  |TAMS 0x000000008db00000| PB 0x000000008db00000| Untracked 
| 220|0x000000008dc00000, 0x000000008dc00000, 0x000000008dd00000|  0%| F|  |TAMS 0x000000008dc00000| PB 0x000000008dc00000| Untracked 
| 221|0x000000008dd00000, 0x000000008dd00000, 0x000000008de00000|  0%| F|  |TAMS 0x000000008dd00000| PB 0x000000008dd00000| Untracked 
| 222|0x000000008de00000, 0x000000008de00000, 0x000000008df00000|  0%| F|  |TAMS 0x000000008de00000| PB 0x000000008de00000| Untracked 
| 223|0x000000008df00000, 0x000000008df00000, 0x000000008e000000|  0%| F|  |TAMS 0x000000008df00000| PB 0x000000008df00000| Untracked 
| 224|0x000000008e000000, 0x000000008e000000, 0x000000008e100000|  0%| F|  |TAMS 0x000000008e000000| PB 0x000000008e000000| Untracked 
| 225|0x000000008e100000, 0x000000008e100000, 0x000000008e200000|  0%| F|  |TAMS 0x000000008e100000| PB 0x000000008e100000| Untracked 
| 226|0x000000008e200000, 0x000000008e200000, 0x000000008e300000|  0%| F|  |TAMS 0x000000008e200000| PB 0x000000008e200000| Untracked 
| 227|0x000000008e300000, 0x000000008e300000, 0x000000008e400000|  0%| F|  |TAMS 0x000000008e300000| PB 0x000000008e300000| Untracked 
| 228|0x000000008e400000, 0x000000008e400000, 0x000000008e500000|  0%| F|  |TAMS 0x000000008e400000| PB 0x000000008e400000| Untracked 
| 229|0x000000008e500000, 0x000000008e500000, 0x000000008e600000|  0%| F|  |TAMS 0x000000008e500000| PB 0x000000008e500000| Untracked 
| 230|0x000000008e600000, 0x000000008e600000, 0x000000008e700000|  0%| F|  |TAMS 0x000000008e600000| PB 0x000000008e600000| Untracked 
| 231|0x000000008e700000, 0x000000008e700000, 0x000000008e800000|  0%| F|  |TAMS 0x000000008e700000| PB 0x000000008e700000| Untracked 
| 232|0x000000008e800000, 0x000000008e800000, 0x000000008e900000|  0%| F|  |TAMS 0x000000008e800000| PB 0x000000008e800000| Untracked 
| 233|0x000000008e900000, 0x000000008e900000, 0x000000008ea00000|  0%| F|  |TAMS 0x000000008e900000| PB 0x000000008e900000| Untracked 
| 234|0x000000008ea00000, 0x000000008ea00000, 0x000000008eb00000|  0%| F|  |TAMS 0x000000008ea00000| PB 0x000000008ea00000| Untracked 
| 235|0x000000008eb00000, 0x000000008eb00000, 0x000000008ec00000|  0%| F|  |TAMS 0x000000008eb00000| PB 0x000000008eb00000| Untracked 
| 236|0x000000008ec00000, 0x000000008ec00000, 0x000000008ed00000|  0%| F|  |TAMS 0x000000008ec00000| PB 0x000000008ec00000| Untracked 
| 237|0x000000008ed00000, 0x000000008ed00000, 0x000000008ee00000|  0%| F|  |TAMS 0x000000008ed00000| PB 0x000000008ed00000| Untracked 
| 238|0x000000008ee00000, 0x000000008ee00000, 0x000000008ef00000|  0%| F|  |TAMS 0x000000008ee00000| PB 0x000000008ee00000| Untracked 
| 239|0x000000008ef00000, 0x000000008ef00000, 0x000000008f000000|  0%| F|  |TAMS 0x000000008ef00000| PB 0x000000008ef00000| Untracked 
| 240|0x000000008f000000, 0x000000008f000000, 0x000000008f100000|  0%| F|  |TAMS 0x000000008f000000| PB 0x000000008f000000| Untracked 
| 241|0x000000008f100000, 0x000000008f100000, 0x000000008f200000|  0%| F|  |TAMS 0x000000008f100000| PB 0x000000008f100000| Untracked 
| 242|0x000000008f200000, 0x000000008f200000, 0x000000008f300000|  0%| F|  |TAMS 0x000000008f200000| PB 0x000000008f200000| Untracked 
| 243|0x000000008f300000, 0x000000008f300000, 0x000000008f400000|  0%| F|  |TAMS 0x000000008f300000| PB 0x000000008f300000| Untracked 
| 244|0x000000008f400000, 0x000000008f400000, 0x000000008f500000|  0%| F|  |TAMS 0x000000008f400000| PB 0x000000008f400000| Untracked 
| 245|0x000000008f500000, 0x000000008f500000, 0x000000008f600000|  0%| F|  |TAMS 0x000000008f500000| PB 0x000000008f500000| Untracked 
| 246|0x000000008f600000, 0x000000008f600000, 0x000000008f700000|  0%| F|  |TAMS 0x000000008f600000| PB 0x000000008f600000| Untracked 
| 247|0x000000008f700000, 0x000000008f700000, 0x000000008f800000|  0%| F|  |TAMS 0x000000008f700000| PB 0x000000008f700000| Untracked 
| 248|0x000000008f800000, 0x000000008f800000, 0x000000008f900000|  0%| F|  |TAMS 0x000000008f800000| PB 0x000000008f800000| Untracked 
| 249|0x000000008f900000, 0x000000008f900000, 0x000000008fa00000|  0%| F|  |TAMS 0x000000008f900000| PB 0x000000008f900000| Untracked 
| 250|0x000000008fa00000, 0x000000008fa00000, 0x000000008fb00000|  0%| F|  |TAMS 0x000000008fa00000| PB 0x000000008fa00000| Untracked 
| 251|0x000000008fb00000, 0x000000008fb00000, 0x000000008fc00000|  0%| F|  |TAMS 0x000000008fb00000| PB 0x000000008fb00000| Untracked 
| 252|0x000000008fc00000, 0x000000008fc00000, 0x000000008fd00000|  0%| F|  |TAMS 0x000000008fc00000| PB 0x000000008fc00000| Untracked 
| 253|0x000000008fd00000, 0x000000008fd00000, 0x000000008fe00000|  0%| F|  |TAMS 0x000000008fd00000| PB 0x000000008fd00000| Untracked 
| 254|0x000000008fe00000, 0x000000008fe00000, 0x000000008ff00000|  0%| F|  |TAMS 0x000000008fe00000| PB 0x000000008fe00000| Untracked 
| 255|0x000000008ff00000, 0x000000008ff00000, 0x0000000090000000|  0%| F|  |TAMS 0x000000008ff00000| PB 0x000000008ff00000| Untracked 
| 256|0x0000000090000000, 0x0000000090000000, 0x0000000090100000|  0%| F|  |TAMS 0x0000000090000000| PB 0x0000000090000000| Untracked 
| 257|0x0000000090100000, 0x0000000090100000, 0x0000000090200000|  0%| F|  |TAMS 0x0000000090100000| PB 0x0000000090100000| Untracked 
| 258|0x0000000090200000, 0x0000000090200000, 0x0000000090300000|  0%| F|  |TAMS 0x0000000090200000| PB 0x0000000090200000| Untracked 
| 259|0x0000000090300000, 0x0000000090300000, 0x0000000090400000|  0%| F|  |TAMS 0x0000000090300000| PB 0x0000000090300000| Untracked 
| 260|0x0000000090400000, 0x0000000090400000, 0x0000000090500000|  0%| F|  |TAMS 0x0000000090400000| PB 0x0000000090400000| Untracked 
| 261|0x0000000090500000, 0x0000000090500000, 0x0000000090600000|  0%| F|  |TAMS 0x0000000090500000| PB 0x0000000090500000| Untracked 
| 262|0x0000000090600000, 0x0000000090600000, 0x0000000090700000|  0%| F|  |TAMS 0x0000000090600000| PB 0x0000000090600000| Untracked 
| 263|0x0000000090700000, 0x0000000090700000, 0x0000000090800000|  0%| F|  |TAMS 0x0000000090700000| PB 0x0000000090700000| Untracked 
| 264|0x0000000090800000, 0x0000000090800000, 0x0000000090900000|  0%| F|  |TAMS 0x0000000090800000| PB 0x0000000090800000| Untracked 
| 265|0x0000000090900000, 0x0000000090900000, 0x0000000090a00000|  0%| F|  |TAMS 0x0000000090900000| PB 0x0000000090900000| Untracked 
| 266|0x0000000090a00000, 0x0000000090a00000, 0x0000000090b00000|  0%| F|  |TAMS 0x0000000090a00000| PB 0x0000000090a00000| Untracked 
| 267|0x0000000090b00000, 0x0000000090b00000, 0x0000000090c00000|  0%| F|  |TAMS 0x0000000090b00000| PB 0x0000000090b00000| Untracked 
| 268|0x0000000090c00000, 0x0000000090c00000, 0x0000000090d00000|  0%| F|  |TAMS 0x0000000090c00000| PB 0x0000000090c00000| Untracked 
| 269|0x0000000090d00000, 0x0000000090d00000, 0x0000000090e00000|  0%| F|  |TAMS 0x0000000090d00000| PB 0x0000000090d00000| Untracked 
| 270|0x0000000090e00000, 0x0000000090e00000, 0x0000000090f00000|  0%| F|  |TAMS 0x0000000090e00000| PB 0x0000000090e00000| Untracked 
| 271|0x0000000090f00000, 0x0000000090f00000, 0x0000000091000000|  0%| F|  |TAMS 0x0000000090f00000| PB 0x0000000090f00000| Untracked 
|2028|0x00000000fec00000, 0x00000000fed00000, 0x00000000fed00000|100%| O|  |TAMS 0x00000000fed00000| PB 0x00000000fec00000| Untracked 
|2029|0x00000000fed00000, 0x00000000fee00000, 0x00000000fee00000|100%| O|  |TAMS 0x00000000fee00000| PB 0x00000000fed00000| Untracked 
|2030|0x00000000fee00000, 0x00000000fee00000, 0x00000000fef00000|  0%| F|  |TAMS 0x00000000fee00000| PB 0x00000000fee00000| Untracked 
|2031|0x00000000fef00000, 0x00000000ff000000, 0x00000000ff000000|100%| O|  |TAMS 0x00000000ff000000| PB 0x00000000fef00000| Untracked 
|2032|0x00000000ff000000, 0x00000000ff06ab00, 0x00000000ff100000| 41%| S|CS|TAMS 0x00000000ff000000| PB 0x00000000ff000000| Complete 
|2033|0x00000000ff100000, 0x00000000ff200000, 0x00000000ff200000|100%| O|  |TAMS 0x00000000ff200000| PB 0x00000000ff100000| Untracked 
|2034|0x00000000ff200000, 0x00000000ff300000, 0x00000000ff300000|100%| O|  |TAMS 0x00000000ff300000| PB 0x00000000ff200000| Untracked 
|2035|0x00000000ff300000, 0x00000000ff400000, 0x00000000ff400000|100%| O|  |TAMS 0x00000000ff400000| PB 0x00000000ff300000| Untracked 
|2036|0x00000000ff400000, 0x00000000ff500000, 0x00000000ff500000|100%| O|  |TAMS 0x00000000ff500000| PB 0x00000000ff400000| Untracked 
|2037|0x00000000ff500000, 0x00000000ff600000, 0x00000000ff600000|100%| S|CS|TAMS 0x00000000ff500000| PB 0x00000000ff500000| Complete 
|2038|0x00000000ff600000, 0x00000000ff600000, 0x00000000ff700000|  0%| F|  |TAMS 0x00000000ff600000| PB 0x00000000ff600000| Untracked 
|2039|0x00000000ff700000, 0x00000000ff700000, 0x00000000ff800000|  0%| F|  |TAMS 0x00000000ff700000| PB 0x00000000ff700000| Untracked 
|2040|0x00000000ff800000, 0x00000000ff800000, 0x00000000ff900000|  0%| F|  |TAMS 0x00000000ff800000| PB 0x00000000ff800000| Untracked 
|2041|0x00000000ff900000, 0x00000000ffa00000, 0x00000000ffa00000|100%| O|  |TAMS 0x00000000ffa00000| PB 0x00000000ff900000| Untracked 
|2042|0x00000000ffa00000, 0x00000000ffa00000, 0x00000000ffb00000|  0%| F|  |TAMS 0x00000000ffa00000| PB 0x00000000ffa00000| Untracked 
|2043|0x00000000ffb00000, 0x00000000ffc00000, 0x00000000ffc00000|100%| O|  |TAMS 0x00000000ffc00000| PB 0x00000000ffb00000| Untracked 
|2044|0x00000000ffc00000, 0x00000000ffd00000, 0x00000000ffd00000|100%| O|  |TAMS 0x00000000ffd00000| PB 0x00000000ffc00000| Untracked 
|2045|0x00000000ffd00000, 0x00000000ffe00000, 0x00000000ffe00000|100%| O|  |TAMS 0x00000000ffe00000| PB 0x00000000ffd00000| Untracked 
|2046|0x00000000ffe00000, 0x00000000ffe85df0, 0x00000000fff00000| 52%| E|  |TAMS 0x00000000ffe00000| PB 0x00000000ffe00000| Complete 
|2047|0x00000000fff00000, 0x0000000100000000, 0x0000000100000000|100%| O|  |TAMS 0x0000000100000000| PB 0x00000000fff00000| Untracked 

Card table byte_map: [0x0000015fc4b40000,0x0000015fc4f40000] _byte_map_base: 0x0000015fc4740000

Marking Bits: (CMBitMap*) 0x0000015fb20e5f40
 Bits: [0x0000015fc4f40000, 0x0000015fc6f40000)

Polling page: 0x0000015fafe80000

Metaspace:

Usage:
  Non-class:    120.51 MB used.
      Class:     19.16 MB used.
       Both:    139.66 MB used.

Virtual space:
  Non-class space:      128.00 MB reserved,     121.69 MB ( 95%) committed,  2 nodes.
      Class space:        1.00 GB reserved,      20.31 MB (  2%) committed,  1 nodes.
             Both:        1.12 GB reserved,     142.00 MB ( 12%) committed. 

Chunk freelists:
   Non-Class:  6.32 MB
       Class:  11.67 MB
        Both:  17.99 MB

MaxMetaspaceSize: unlimited
CompressedClassSpaceSize: 1.00 GB
Initial GC threshold: 21.00 MB
Current GC threshold: 235.88 MB
CDS: off
 - commit_granule_bytes: 65536.
 - commit_granule_words: 8192.
 - virtual_space_node_default_size: 8388608.
 - enlarge_chunks_in_place: 1.
 - use_allocation_guard: 0.


Internal statistics:

num_allocs_failed_limit: 6.
num_arena_births: 4658.
num_arena_deaths: 0.
num_vsnodes_births: 3.
num_vsnodes_deaths: 0.
num_space_committed: 2271.
num_space_uncommitted: 0.
num_chunks_returned_to_freelist: 6.
num_chunks_taken_from_freelist: 10791.
num_chunk_merges: 6.
num_chunk_splits: 7122.
num_chunks_enlarged: 4549.
num_inconsistent_stats: 0.

CodeHeap 'non-profiled nmethods': size=120000Kb used=9827Kb max_used=9827Kb free=110172Kb
 bounds [0x0000015fbccc0000, 0x0000015fbd660000, 0x0000015fc41f0000]
CodeHeap 'profiled nmethods': size=120000Kb used=25356Kb max_used=25356Kb free=94643Kb
 bounds [0x0000015fb51f0000, 0x0000015fb6ac0000, 0x0000015fbc720000]
CodeHeap 'non-nmethods': size=5760Kb used=2844Kb max_used=2897Kb free=2915Kb
 bounds [0x0000015fbc720000, 0x0000015fbca10000, 0x0000015fbccc0000]
CodeCache: size=245760Kb, used=38027Kb, max_used=38080Kb, free=207730Kb
 total_blobs=14926, nmethods=13827, adapters=1002, full_count=0
Compilation: enabled, stopped_count=0, restarted_count=0

Compilation events (20 events):
Event: 779.178 Thread 0x0000015fce098920 nmethod 16810 0x0000015fbd64e710 code [0x0000015fbd64e920, 0x0000015fbd64f300]
Event: 779.178 Thread 0x0000015fce098920 16811       4       com.google.common.collect.LinkedHashMultimap::put (7 bytes)
Event: 779.183 Thread 0x0000015fce099750 16812       3       org.gradle.api.internal.artifacts.ivyservice.resolveengine.oldresult.TransientConfigurationResultsBuilder$$Lambda/0x0000000100b34000::write (9 bytes)
Event: 779.188 Thread 0x0000015fce099750 nmethod 16812 0x0000015fb6aacb10 code [0x0000015fb6aacce0, 0x0000015fb6aad000]
Event: 779.188 Thread 0x0000015fce099750 16813       3       org.gradle.api.internal.artifacts.ivyservice.resolveengine.oldresult.TransientConfigurationResultsBuilder::lambda$firstLevelDependency$2 (18 bytes)
Event: 779.189 Thread 0x0000015fce099750 nmethod 16813 0x0000015fb6aad190 code [0x0000015fb6aad360, 0x0000015fb6aad600]
Event: 779.194 Thread 0x0000015fce098920 nmethod 16811 0x0000015fbd64f990 code [0x0000015fbd64fb60, 0x0000015fbd64ffd8]
Event: 779.204 Thread 0x0000015fce098920 16814       4       org.gradle.api.internal.artifacts.ivyservice.resolveengine.graph.CompositeDependencyArtifactsVisitor::visitArtifacts (49 bytes)
Event: 779.224 Thread 0x0000015fce098920 nmethod 16814 0x0000015fbd650290 code [0x0000015fbd650460, 0x0000015fbd650888]
Event: 779.225 Thread 0x0000015fce098920 16815       4       org.gradle.api.internal.artifacts.ivyservice.resolveengine.result.DependencyResultSerializer::write (149 bytes)
Event: 780.714 Thread 0x0000015fce099750 16819       3       org.gradle.internal.logging.slf4j.OutputEventListenerBackedLogger::isInfoEnabled (5 bytes)
Event: 780.770 Thread 0x0000015fce099750 nmethod 16819 0x0000015fb6aad710 code [0x0000015fb6aad8e0, 0x0000015fb6aadcc0]
Event: 780.770 Thread 0x0000015fce099750 16822       3       com.google.android.gms.dependencies.Dependency::<init> (107 bytes)
Event: 780.879 Thread 0x0000015fce099750 nmethod 16822 0x0000015fb6aade90 code [0x0000015fb6aae220, 0x0000015fb6aaf4b8]
Event: 780.880 Thread 0x0000015fce099750 16823  s    3       com.google.android.gms.dependencies.DependencyAnalyzer::registerDependency (9 bytes)
Event: 780.887 Thread 0x0000015fce099750 nmethod 16823 0x0000015fb6aafb90 code [0x0000015fb6aafd40, 0x0000015fb6aaff48]
Event: 780.887 Thread 0x0000015fce099750 16824   !   3       com.google.android.gms.dependencies.ArtifactDependencyManager::addDependency (93 bytes)
Event: 780.899 Thread 0x0000015fce099750 nmethod 16824 0x0000015fb6ab0010 code [0x0000015fb6ab02e0, 0x0000015fb6ab1238]
Event: 780.899 Thread 0x0000015fce099750 16825       3       com.google.android.gms.dependencies.VersionEvaluators::getEvaluator (165 bytes)
Event: 786.169 Thread 0x0000015fce098920 nmethod 16815 0x0000015fbd650c10 code [0x0000015fbd650f40, 0x0000015fbd651e80]

GC Heap History (20 events):
Event: 536.231 GC heap before
{Heap before GC invocations=51 (full 0):
 garbage-first heap   total 247808K, used 231895K [0x0000000080000000, 0x0000000100000000)
  region size 1024K, 93 young (95232K), 12 survivors (12288K)
 Metaspace       used 130051K, committed 132288K, reserved 1179648K
  class space    used 18055K, committed 19136K, reserved 1048576K
}
Event: 536.273 GC heap after
{Heap after GC invocations=52 (full 0):
 garbage-first heap   total 250880K, used 152753K [0x0000000080000000, 0x0000000100000000)
  region size 1024K, 11 young (11264K), 11 survivors (11264K)
 Metaspace       used 130051K, committed 132288K, reserved 1179648K
  class space    used 18055K, committed 19136K, reserved 1048576K
}
Event: 537.526 GC heap before
{Heap before GC invocations=52 (full 0):
 garbage-first heap   total 250880K, used 234673K [0x0000000080000000, 0x0000000100000000)
  region size 1024K, 91 young (93184K), 11 survivors (11264K)
 Metaspace       used 130051K, committed 132288K, reserved 1179648K
  class space    used 18055K, committed 19136K, reserved 1048576K
}
Event: 537.567 GC heap after
{Heap after GC invocations=53 (full 0):
 garbage-first heap   total 250880K, used 155731K [0x0000000080000000, 0x0000000100000000)
  region size 1024K, 8 young (8192K), 8 survivors (8192K)
 Metaspace       used 130051K, committed 132288K, reserved 1179648K
  class space    used 18055K, committed 19136K, reserved 1048576K
}
Event: 539.369 GC heap before
{Heap before GC invocations=54 (full 0):
 garbage-first heap   total 261120K, used 234579K [0x0000000080000000, 0x0000000100000000)
  region size 1024K, 85 young (87040K), 8 survivors (8192K)
 Metaspace       used 130051K, committed 132288K, reserved 1179648K
  class space    used 18055K, committed 19136K, reserved 1048576K
}
Event: 539.382 GC heap after
{Heap after GC invocations=55 (full 0):
 garbage-first heap   total 261120K, used 158260K [0x0000000080000000, 0x0000000100000000)
  region size 1024K, 8 young (8192K), 8 survivors (8192K)
 Metaspace       used 130051K, committed 132288K, reserved 1179648K
  class space    used 18055K, committed 19136K, reserved 1048576K
}
Event: 540.806 GC heap before
{Heap before GC invocations=55 (full 0):
 garbage-first heap   total 261120K, used 242228K [0x0000000080000000, 0x0000000100000000)
  region size 1024K, 90 young (92160K), 8 survivors (8192K)
 Metaspace       used 130051K, committed 132288K, reserved 1179648K
  class space    used 18055K, committed 19136K, reserved 1048576K
}
Event: 540.816 GC heap after
{Heap after GC invocations=56 (full 0):
 garbage-first heap   total 261120K, used 159912K [0x0000000080000000, 0x0000000100000000)
  region size 1024K, 8 young (8192K), 8 survivors (8192K)
 Metaspace       used 130051K, committed 132288K, reserved 1179648K
  class space    used 18055K, committed 19136K, reserved 1048576K
}
Event: 569.777 GC heap before
{Heap before GC invocations=56 (full 0):
 garbage-first heap   total 261120K, used 225448K [0x0000000080000000, 0x0000000100000000)
  region size 1024K, 74 young (75776K), 8 survivors (8192K)
 Metaspace       used 130725K, committed 133056K, reserved 1179648K
  class space    used 18134K, committed 19264K, reserved 1048576K
}
Event: 569.809 GC heap after
{Heap after GC invocations=57 (full 0):
 garbage-first heap   total 261120K, used 158815K [0x0000000080000000, 0x0000000100000000)
  region size 1024K, 5 young (5120K), 5 survivors (5120K)
 Metaspace       used 130725K, committed 133056K, reserved 1179648K
  class space    used 18134K, committed 19264K, reserved 1048576K
}
Event: 595.420 GC heap before
{Heap before GC invocations=58 (full 0):
 garbage-first heap   total 270336K, used 245855K [0x0000000080000000, 0x0000000100000000)
  region size 1024K, 88 young (90112K), 5 survivors (5120K)
 Metaspace       used 140226K, committed 142592K, reserved 1179648K
  class space    used 19317K, committed 20480K, reserved 1048576K
}
Event: 595.437 GC heap after
{Heap after GC invocations=59 (full 0):
 garbage-first heap   total 270336K, used 161284K [0x0000000080000000, 0x0000000100000000)
  region size 1024K, 7 young (7168K), 7 survivors (7168K)
 Metaspace       used 140226K, committed 142592K, reserved 1179648K
  class space    used 19317K, committed 20480K, reserved 1048576K
}
Event: 610.299 GC heap before
{Heap before GC invocations=59 (full 0):
 garbage-first heap   total 270336K, used 252420K [0x0000000080000000, 0x0000000100000000)
  region size 1024K, 97 young (99328K), 7 survivors (7168K)
 Metaspace       used 142442K, committed 144832K, reserved 1179648K
  class space    used 19561K, committed 20736K, reserved 1048576K
}
Event: 610.601 GC heap after
{Heap after GC invocations=60 (full 0):
 garbage-first heap   total 273408K, used 170684K [0x0000000080000000, 0x0000000100000000)
  region size 1024K, 13 young (13312K), 13 survivors (13312K)
 Metaspace       used 142442K, committed 144832K, reserved 1179648K
  class space    used 19561K, committed 20736K, reserved 1048576K
}
Event: 615.910 GC heap before
{Heap before GC invocations=60 (full 0):
 garbage-first heap   total 273408K, used 252604K [0x0000000080000000, 0x0000000100000000)
  region size 1024K, 93 young (95232K), 13 survivors (13312K)
 Metaspace       used 142459K, committed 144832K, reserved 1179648K
  class space    used 19562K, committed 20736K, reserved 1048576K
}
Event: 616.028 GC heap after
{Heap after GC invocations=61 (full 0):
 garbage-first heap   total 274432K, used 177715K [0x0000000080000000, 0x0000000100000000)
  region size 1024K, 7 young (7168K), 7 survivors (7168K)
 Metaspace       used 142459K, committed 144832K, reserved 1179648K
  class space    used 19562K, committed 20736K, reserved 1048576K
}
Event: 641.948 GC heap before
{Heap before GC invocations=62 (full 0):
 garbage-first heap   total 299008K, used 253491K [0x0000000080000000, 0x0000000100000000)
  region size 1024K, 82 young (83968K), 7 survivors (7168K)
 Metaspace       used 142918K, committed 145280K, reserved 1179648K
  class space    used 19611K, committed 20800K, reserved 1048576K
}
Event: 641.976 GC heap after
{Heap after GC invocations=63 (full 0):
 garbage-first heap   total 299008K, used 178515K [0x0000000080000000, 0x0000000100000000)
  region size 1024K, 7 young (7168K), 7 survivors (7168K)
 Metaspace       used 142918K, committed 145280K, reserved 1179648K
  class space    used 19611K, committed 20800K, reserved 1048576K
}
Event: 780.918 GC heap before
{Heap before GC invocations=63 (full 0):
 garbage-first heap   total 299008K, used 275795K [0x0000000080000000, 0x0000000100000000)
  region size 1024K, 103 young (105472K), 7 survivors (7168K)
 Metaspace       used 143012K, committed 145408K, reserved 1179648K
  class space    used 19615K, committed 20800K, reserved 1048576K
}
Event: 785.978 GC heap after
{Heap after GC invocations=64 (full 0):
 garbage-first heap   total 299008K, used 177836K [0x0000000080000000, 0x0000000100000000)
  region size 1024K, 9 young (9216K), 9 survivors (9216K)
 Metaspace       used 143012K, committed 145408K, reserved 1179648K
  class space    used 19615K, committed 20800K, reserved 1048576K
}

Dll operation events (3 events):
Event: 0.352 Loaded shared library C:\Program Files\Android\Android Studio\jbr\bin\java.dll
Event: 0.420 Loaded shared library C:\Program Files\Android\Android Studio\jbr\bin\zip.dll
Event: 15.948 Loaded shared library C:\Program Files\Android\Android Studio\jbr\bin\verify.dll

Deoptimization events (20 events):
Event: 778.097 Thread 0x0000015fcfc426c0 Uncommon trap: trap_request=0xffffffbe fr.pc=0x0000015fbd644130 relative=0x0000000000000830
Event: 778.097 Thread 0x0000015fcfc426c0 Uncommon trap: reason=profile_predicate action=maybe_recompile pc=0x0000015fbd644130 method=org.gradle.api.internal.artifacts.ivyservice.ivyresolve.strategy.StaticVersionComparator.compare(Lorg/gradle/api/internal/artifacts/ivyservice/ivyresolve/strategy/
Event: 778.097 Thread 0x0000015fcfc426c0 DEOPT PACKING pc=0x0000015fbd644130 sp=0x0000002a47df7550
Event: 778.097 Thread 0x0000015fcfc426c0 DEOPT UNPACKING pc=0x0000015fbc7743a2 sp=0x0000002a47df7498 mode 2
Event: 779.281 Thread 0x0000015fcfc426c0 Uncommon trap: trap_request=0xffffffbe fr.pc=0x0000015fbd603f24 relative=0x0000000000001044
Event: 779.281 Thread 0x0000015fcfc426c0 Uncommon trap: reason=profile_predicate action=maybe_recompile pc=0x0000015fbd603f24 method=org.gradle.api.internal.artifacts.result.DefaultResolvedComponentResult.eachElement(Lorg/gradle/api/artifacts/result/ResolvedComponentResult;Lorg/gradle/api/Action
Event: 779.281 Thread 0x0000015fcfc426c0 DEOPT PACKING pc=0x0000015fbd603f24 sp=0x0000002a47df7570
Event: 779.284 Thread 0x0000015fcfc426c0 DEOPT UNPACKING pc=0x0000015fbc7743a2 sp=0x0000002a47df74f8 mode 2
Event: 779.284 Thread 0x0000015fcfc426c0 Uncommon trap: trap_request=0xffffffbe fr.pc=0x0000015fbd603f24 relative=0x0000000000001044
Event: 779.284 Thread 0x0000015fcfc426c0 Uncommon trap: reason=profile_predicate action=maybe_recompile pc=0x0000015fbd603f24 method=org.gradle.api.internal.artifacts.result.DefaultResolvedComponentResult.eachElement(Lorg/gradle/api/artifacts/result/ResolvedComponentResult;Lorg/gradle/api/Action
Event: 779.284 Thread 0x0000015fcfc426c0 DEOPT PACKING pc=0x0000015fbd603f24 sp=0x0000002a47df7460
Event: 779.286 Thread 0x0000015fcfc426c0 DEOPT UNPACKING pc=0x0000015fbc7743a2 sp=0x0000002a47df73e8 mode 2
Event: 779.286 Thread 0x0000015fcfc426c0 Uncommon trap: trap_request=0xffffffbe fr.pc=0x0000015fbd603f24 relative=0x0000000000001044
Event: 779.286 Thread 0x0000015fcfc426c0 Uncommon trap: reason=profile_predicate action=maybe_recompile pc=0x0000015fbd603f24 method=org.gradle.api.internal.artifacts.result.DefaultResolvedComponentResult.eachElement(Lorg/gradle/api/artifacts/result/ResolvedComponentResult;Lorg/gradle/api/Action
Event: 779.286 Thread 0x0000015fcfc426c0 DEOPT PACKING pc=0x0000015fbd603f24 sp=0x0000002a47df74e0
Event: 779.286 Thread 0x0000015fcfc426c0 DEOPT UNPACKING pc=0x0000015fbc7743a2 sp=0x0000002a47df7468 mode 2
Event: 779.286 Thread 0x0000015fcfc426c0 Uncommon trap: trap_request=0xffffffbe fr.pc=0x0000015fbd603f24 relative=0x0000000000001044
Event: 779.286 Thread 0x0000015fcfc426c0 Uncommon trap: reason=profile_predicate action=maybe_recompile pc=0x0000015fbd603f24 method=org.gradle.api.internal.artifacts.result.DefaultResolvedComponentResult.eachElement(Lorg/gradle/api/artifacts/result/ResolvedComponentResult;Lorg/gradle/api/Action
Event: 779.286 Thread 0x0000015fcfc426c0 DEOPT PACKING pc=0x0000015fbd603f24 sp=0x0000002a47df73d0
Event: 779.286 Thread 0x0000015fcfc426c0 DEOPT UNPACKING pc=0x0000015fbc7743a2 sp=0x0000002a47df7358 mode 2

Classes loaded (20 events):
Event: 594.797 Loading class com/sun/xml/internal/stream/events/CharacterEvent
Event: 594.797 Loading class javax/xml/stream/events/Characters
Event: 594.797 Loading class javax/xml/stream/events/Characters done
Event: 594.798 Loading class com/sun/xml/internal/stream/events/CharacterEvent done
Event: 594.798 Loading class com/sun/xml/internal/stream/events/EndElementEvent
Event: 594.798 Loading class javax/xml/stream/events/EndElement
Event: 594.799 Loading class javax/xml/stream/events/EndElement done
Event: 594.799 Loading class com/sun/xml/internal/stream/events/EndElementEvent done
Event: 596.030 Loading class java/util/regex/Pattern$BackRef
Event: 596.030 Loading class java/util/regex/Pattern$BackRef done
Event: 596.037 Loading class java/util/stream/SortedOps$RefSortingSink
Event: 596.037 Loading class java/util/stream/SortedOps$RefSortingSink done
Event: 596.050 Loading class java/util/regex/Pattern$Pos
Event: 596.051 Loading class java/util/regex/Pattern$Pos done
Event: 598.299 Loading class java/io/CharArrayWriter
Event: 598.299 Loading class java/io/CharArrayWriter done
Event: 598.318 Loading class java/io/SequenceInputStream
Event: 598.319 Loading class java/io/SequenceInputStream done
Event: 598.345 Loading class java/util/function/IntUnaryOperator
Event: 598.345 Loading class java/util/function/IntUnaryOperator done

Classes unloaded (0 events):
No events

Classes redefined (0 events):
No events

Internal exceptions (20 events):
Event: 758.880 Thread 0x0000015fcfc426c0 Exception <a 'sun/nio/fs/WindowsException'{0x000000008b8bafa0}> (0x000000008b8bafa0) 
thrown [s\src\hotspot\share\prims\jni.cpp, line 537]
Event: 758.881 Thread 0x0000015fcfc426c0 Exception <a 'sun/nio/fs/WindowsException'{0x000000008b8bd6a8}> (0x000000008b8bd6a8) 
thrown [s\src\hotspot\share\prims\jni.cpp, line 537]
Event: 758.884 Thread 0x0000015fcfc426c0 Exception <a 'sun/nio/fs/WindowsException'{0x000000008b8c9cd8}> (0x000000008b8c9cd8) 
thrown [s\src\hotspot\share\prims\jni.cpp, line 537]
Event: 758.888 Thread 0x0000015fcfc426c0 Exception <a 'sun/nio/fs/WindowsException'{0x000000008b8d06d8}> (0x000000008b8d06d8) 
thrown [s\src\hotspot\share\prims\jni.cpp, line 537]
Event: 758.891 Thread 0x0000015fcfc426c0 Exception <a 'sun/nio/fs/WindowsException'{0x000000008b8d2a88}> (0x000000008b8d2a88) 
thrown [s\src\hotspot\share\prims\jni.cpp, line 537]
Event: 758.892 Thread 0x0000015fcfc426c0 Exception <a 'sun/nio/fs/WindowsException'{0x000000008b8d75e8}> (0x000000008b8d75e8) 
thrown [s\src\hotspot\share\prims\jni.cpp, line 537]
Event: 758.894 Thread 0x0000015fcfc426c0 Exception <a 'sun/nio/fs/WindowsException'{0x000000008b8db7b8}> (0x000000008b8db7b8) 
thrown [s\src\hotspot\share\prims\jni.cpp, line 537]
Event: 758.895 Thread 0x0000015fcfc426c0 Exception <a 'sun/nio/fs/WindowsException'{0x000000008b8dddd0}> (0x000000008b8dddd0) 
thrown [s\src\hotspot\share\prims\jni.cpp, line 537]
Event: 765.206 Thread 0x0000015fceedbf90 Exception <a 'sun/nio/fs/WindowsException'{0x000000008b79a8e0}> (0x000000008b79a8e0) 
thrown [s\src\hotspot\share\prims\jni.cpp, line 537]
Event: 765.419 Thread 0x0000015fceedbf90 Exception <a 'sun/nio/fs/WindowsException'{0x000000008b7a4ef8}> (0x000000008b7a4ef8) 
thrown [s\src\hotspot\share\prims\jni.cpp, line 537]
Event: 765.528 Thread 0x0000015fceedbf90 Exception <a 'sun/nio/fs/WindowsException'{0x000000008b7a96f0}> (0x000000008b7a96f0) 
thrown [s\src\hotspot\share\prims\jni.cpp, line 537]
Event: 765.574 Thread 0x0000015fceedbf90 Exception <a 'sun/nio/fs/WindowsException'{0x000000008b7af220}> (0x000000008b7af220) 
thrown [s\src\hotspot\share\prims\jni.cpp, line 537]
Event: 775.219 Thread 0x0000015fceedbf90 Exception <a 'sun/nio/fs/WindowsException'{0x000000008b590670}> (0x000000008b590670) 
thrown [s\src\hotspot\share\prims\jni.cpp, line 537]
Event: 775.221 Thread 0x0000015fceedbf90 Exception <a 'sun/nio/fs/WindowsException'{0x000000008b59ac78}> (0x000000008b59ac78) 
thrown [s\src\hotspot\share\prims\jni.cpp, line 537]
Event: 775.236 Thread 0x0000015fceedbf90 Exception <a 'sun/nio/fs/WindowsException'{0x000000008b59c910}> (0x000000008b59c910) 
thrown [s\src\hotspot\share\prims\jni.cpp, line 537]
Event: 775.237 Thread 0x0000015fceedbf90 Exception <a 'sun/nio/fs/WindowsException'{0x000000008b5a2430}> (0x000000008b5a2430) 
thrown [s\src\hotspot\share\prims\jni.cpp, line 537]
Event: 786.024 Thread 0x0000015fceedbf90 Exception <a 'sun/nio/fs/WindowsException'{0x00000000ffe8e750}> (0x00000000ffe8e750) 
thrown [s\src\hotspot\share\prims\jni.cpp, line 537]
Event: 786.046 Thread 0x0000015fceedbf90 Exception <a 'sun/nio/fs/WindowsException'{0x00000000ffe9e1c0}> (0x00000000ffe9e1c0) 
thrown [s\src\hotspot\share\prims\jni.cpp, line 537]
Event: 786.047 Thread 0x0000015fceedbf90 Exception <a 'sun/nio/fs/WindowsException'{0x00000000ffe9f9c0}> (0x00000000ffe9f9c0) 
thrown [s\src\hotspot\share\prims\jni.cpp, line 537]
Event: 786.048 Thread 0x0000015fceedbf90 Exception <a 'sun/nio/fs/WindowsException'{0x00000000ffea4ca0}> (0x00000000ffea4ca0) 
thrown [s\src\hotspot\share\prims\jni.cpp, line 537]

ZGC Phase Switch (0 events):
No events

VM Operations (20 events):
Event: 770.293 Executing safepoint VM operation: Cleanup done
Event: 771.307 Executing safepoint VM operation: Cleanup
Event: 771.478 Executing safepoint VM operation: Cleanup done
Event: 774.515 Executing safepoint VM operation: Cleanup
Event: 774.531 Executing safepoint VM operation: Cleanup done
Event: 775.533 Executing safepoint VM operation: Cleanup
Event: 775.626 Executing safepoint VM operation: Cleanup done
Event: 777.642 Executing safepoint VM operation: Cleanup
Event: 777.736 Executing safepoint VM operation: Cleanup done
Event: 778.750 Executing safepoint VM operation: Cleanup
Event: 778.998 Executing safepoint VM operation: Cleanup done
Event: 780.012 Executing safepoint VM operation: Cleanup
Event: 780.340 Executing safepoint VM operation: Cleanup done
Event: 780.902 Executing safepoint VM operation: G1CollectForAllocation (G1 Evacuation Pause)
Event: 785.978 Executing safepoint VM operation: G1CollectForAllocation (G1 Evacuation Pause) done
Event: 785.998 Executing non-safepoint VM operation: HandshakeAllThreads (HandshakeForDeflation)
Event: 786.178 Executing non-safepoint VM operation: HandshakeAllThreads (HandshakeForDeflation) done
Event: 786.178 Executing non-safepoint VM operation: RendezvousGCThreads
Event: 786.178 Executing non-safepoint VM operation: RendezvousGCThreads done
Event: 786.391 Executing safepoint VM operation: G1CollectForAllocation (G1 Evacuation Pause)

Memory protections (0 events):
No events

Nmethod flushes (20 events):
Event: 617.270 Thread 0x0000015fc9bdeb00 flushing  nmethod 0x0000015fb572ee10
Event: 617.270 Thread 0x0000015fc9bdeb00 flushing  nmethod 0x0000015fb5732290
Event: 617.271 Thread 0x0000015fc9bdeb00 flushing  nmethod 0x0000015fb5959310
Event: 617.271 Thread 0x0000015fc9bdeb00 flushing  nmethod 0x0000015fb5a0ad90
Event: 617.271 Thread 0x0000015fc9bdeb00 flushing  nmethod 0x0000015fb5d2bf90
Event: 617.271 Thread 0x0000015fc9bdeb00 flushing  nmethod 0x0000015fb5e20b90
Event: 617.271 Thread 0x0000015fc9bdeb00 flushing  nmethod 0x0000015fb5fe8c90
Event: 617.271 Thread 0x0000015fc9bdeb00 flushing  nmethod 0x0000015fb6068f90
Event: 617.271 Thread 0x0000015fc9bdeb00 flushing  nmethod 0x0000015fb6069690
Event: 617.271 Thread 0x0000015fc9bdeb00 flushing  nmethod 0x0000015fb6075410
Event: 617.271 Thread 0x0000015fc9bdeb00 flushing  nmethod 0x0000015fb6077d90
Event: 617.272 Thread 0x0000015fc9bdeb00 flushing  nmethod 0x0000015fb6079010
Event: 617.272 Thread 0x0000015fc9bdeb00 flushing  nmethod 0x0000015fb607e590
Event: 617.272 Thread 0x0000015fc9bdeb00 flushing  nmethod 0x0000015fb607ef10
Event: 617.272 Thread 0x0000015fc9bdeb00 flushing  nmethod 0x0000015fb607f510
Event: 617.272 Thread 0x0000015fc9bdeb00 flushing  nmethod 0x0000015fb6248390
Event: 617.272 Thread 0x0000015fc9bdeb00 flushing  nmethod 0x0000015fb63c7e10
Event: 617.272 Thread 0x0000015fc9bdeb00 flushing  nmethod 0x0000015fb63cd710
Event: 617.272 Thread 0x0000015fc9bdeb00 flushing  nmethod 0x0000015fb64e3390
Event: 617.272 Thread 0x0000015fc9bdeb00 flushing  nmethod 0x0000015fb64e5610

Events (20 events):
Event: 618.921 Thread 0x0000015fcfc426c0 Thread added: 0x0000015fd841fd20
Event: 618.922 Thread 0x0000015fcfc426c0 Thread added: 0x0000015fd8425f90
Event: 618.922 Thread 0x0000015fcfc426c0 Thread added: 0x0000015fd8423ec0
Event: 619.268 Thread 0x0000015fcfc426c0 Thread added: 0x0000015fd8424550
Event: 619.269 Thread 0x0000015fcfc426c0 Thread added: 0x0000015fd8426620
Event: 619.270 Thread 0x0000015fcfc426c0 Thread added: 0x0000015fd8424be0
Event: 619.270 Thread 0x0000015fcfc426c0 Thread added: 0x0000015fd8425270
Event: 619.272 Thread 0x0000015fcfc426c0 Thread added: 0x0000015fd8425900
Event: 619.273 Thread 0x0000015fcfc426c0 Thread added: 0x0000015fd8426cb0
Event: 619.274 Thread 0x0000015fcfc426c0 Thread added: 0x0000015fd8423830
Event: 619.275 Thread 0x0000015fcfc426c0 Thread added: 0x0000015fd84279d0
Event: 619.276 Thread 0x0000015fcfc426c0 Thread added: 0x0000015fd8429410
Event: 619.276 Thread 0x0000015fcfc426c0 Thread added: 0x0000015fd8428060
Event: 619.277 Thread 0x0000015fcfc426c0 Thread added: 0x0000015fd84286f0
Event: 621.457 Thread 0x0000015fcfc426c0 Thread added: 0x0000015fd8428d80
Event: 621.457 Thread 0x0000015fcfc426c0 Thread added: 0x0000015fd8429aa0
Event: 621.458 Thread 0x0000015fcfc426c0 Thread added: 0x0000015fd842a130
Event: 621.459 Thread 0x0000015fcfc426c0 Thread added: 0x0000015fd842a7c0
Event: 778.182 Thread 0x0000015fce099750 Thread added: 0x0000015fda0a5aa0
Event: 778.192 Thread 0x0000015fce099750 Thread added: 0x0000015fda0a6170


Dynamic libraries:
0x00007ff6db730000 - 0x00007ff6db73a000 	C:\Program Files\Android\Android Studio\jbr\bin\java.exe
0x00007ff95a620000 - 0x00007ff95a887000 	C:\WINDOWS\SYSTEM32\ntdll.dll
0x00007ff9598f0000 - 0x00007ff9599b9000 	C:\WINDOWS\System32\KERNEL32.DLL
0x00007ff957940000 - 0x00007ff957d34000 	C:\WINDOWS\System32\KERNELBASE.dll
0x00007ff957d40000 - 0x00007ff957e8b000 	C:\WINDOWS\System32\ucrtbase.dll
0x00007ff92f200000 - 0x00007ff92f218000 	C:\Program Files\Android\Android Studio\jbr\bin\jli.dll
0x00007ff9599c0000 - 0x00007ff959b85000 	C:\WINDOWS\System32\USER32.dll
0x00007ff958380000 - 0x00007ff9583a7000 	C:\WINDOWS\System32\win32u.dll
0x00007ff95a5b0000 - 0x00007ff95a5db000 	C:\WINDOWS\System32\GDI32.dll
0x00007ff957760000 - 0x00007ff95788a000 	C:\WINDOWS\System32\gdi32full.dll
0x00007ff957890000 - 0x00007ff957933000 	C:\WINDOWS\System32\msvcp_win.dll
0x00007ff938dc0000 - 0x00007ff938ddb000 	C:\Program Files\Android\Android Studio\jbr\bin\VCRUNTIME140.dll
0x00007ff9457a0000 - 0x00007ff945a33000 	C:\WINDOWS\WinSxS\amd64_microsoft.windows.common-controls_6595b64144ccf1df_6.0.26100.8115_none_3e075c82e3354f9c\COMCTL32.dll
0x00007ff958be0000 - 0x00007ff958c89000 	C:\WINDOWS\System32\msvcrt.dll
0x00007ff95a2d0000 - 0x00007ff95a302000 	C:\WINDOWS\System32\IMM32.DLL
0x00007ff938db0000 - 0x00007ff938dbc000 	C:\Program Files\Android\Android Studio\jbr\bin\vcruntime140_1.dll
0x00007ff91e2e0000 - 0x00007ff91e36d000 	C:\Program Files\Android\Android Studio\jbr\bin\msvcp140.dll
0x00007ff8dfda0000 - 0x00007ff8e0a36000 	C:\Program Files\Android\Android Studio\jbr\bin\server\jvm.dll
0x00007ff9595d0000 - 0x00007ff959686000 	C:\WINDOWS\System32\ADVAPI32.dll
0x00007ff959e00000 - 0x00007ff959ea7000 	C:\WINDOWS\System32\sechost.dll
0x00007ff9594b0000 - 0x00007ff9595c8000 	C:\WINDOWS\System32\RPCRT4.dll
0x00007ff959720000 - 0x00007ff9597a0000 	C:\WINDOWS\System32\WS2_32.dll
0x00007ff956ca0000 - 0x00007ff956cfe000 	C:\WINDOWS\SYSTEM32\POWRPROF.dll
0x00007ff950830000 - 0x00007ff950866000 	C:\WINDOWS\SYSTEM32\WINMM.dll
0x00007ff950870000 - 0x00007ff95087b000 	C:\WINDOWS\SYSTEM32\VERSION.dll
0x00007ff956c80000 - 0x00007ff956c94000 	C:\WINDOWS\SYSTEM32\UMPDC.dll
0x00007ff955c80000 - 0x00007ff955c9b000 	C:\WINDOWS\SYSTEM32\kernel.appcore.dll
0x00007ff938da0000 - 0x00007ff938daa000 	C:\Program Files\Android\Android Studio\jbr\bin\jimage.dll
0x00007ff954e30000 - 0x00007ff955072000 	C:\WINDOWS\SYSTEM32\DBGHELP.DLL
0x00007ff959eb0000 - 0x00007ff95a232000 	C:\WINDOWS\System32\combase.dll
0x00007ff958670000 - 0x00007ff958747000 	C:\WINDOWS\System32\OLEAUT32.dll
0x00007ff945500000 - 0x00007ff94553b000 	C:\WINDOWS\SYSTEM32\dbgcore.DLL
0x00007ff958000000 - 0x00007ff9580a5000 	C:\WINDOWS\System32\bcryptPrimitives.dll
0x00007ff952040000 - 0x00007ff95204e000 	C:\Program Files\Android\Android Studio\jbr\bin\instrument.dll
0x00007ff938d80000 - 0x00007ff938da0000 	C:\Program Files\Android\Android Studio\jbr\bin\java.dll
0x00007ff8f4bd0000 - 0x00007ff8f4be8000 	C:\Program Files\Android\Android Studio\jbr\bin\zip.dll
0x00007ff958c90000 - 0x00007ff9593f6000 	C:\WINDOWS\System32\SHELL32.dll
0x00007ff957e90000 - 0x00007ff957ffa000 	C:\WINDOWS\System32\wintypes.dll
0x00007ff956ef0000 - 0x00007ff957755000 	C:\WINDOWS\System32\windows.storage.dll
0x00007ff959d00000 - 0x00007ff959df7000 	C:\WINDOWS\System32\SHCORE.dll
0x00007ff95a240000 - 0x00007ff95a2a6000 	C:\WINDOWS\System32\shlwapi.dll
0x00007ff956e10000 - 0x00007ff956e39000 	C:\WINDOWS\SYSTEM32\profapi.dll
0x00007ff938d70000 - 0x00007ff938d80000 	C:\Program Files\Android\Android Studio\jbr\bin\net.dll
0x00007ff94dd50000 - 0x00007ff94de7d000 	C:\WINDOWS\SYSTEM32\WINHTTP.dll
0x00007ff9561f0000 - 0x00007ff95625c000 	C:\WINDOWS\system32\mswsock.dll
0x00007ff8ee650000 - 0x00007ff8ee666000 	C:\Program Files\Android\Android Studio\jbr\bin\nio.dll
0x00007ff92d300000 - 0x00007ff92d310000 	C:\Program Files\Android\Android Studio\jbr\bin\verify.dll
0x00007ff8df6a0000 - 0x00007ff8df6c7000 	C:\Users\Apoorv Rathore\AndroidStudioProjects\.gradle\native\1def1411415f61bf3af743bc5b6707747c0891f09f0c88961ee8f79bc544acac\windows-amd64\native-platform.dll
0x00007ff91e260000 - 0x00007ff91e2d8000 	C:\Users\Apoorv Rathore\AndroidStudioProjects\.gradle\native\0.2.7\x86_64-windows-gnu\gradle-fileevents.dll
0x00007ff954220000 - 0x00007ff954229000 	C:\Program Files\Android\Android Studio\jbr\bin\management.dll
0x00007ff9541c0000 - 0x00007ff9541cb000 	C:\Program Files\Android\Android Studio\jbr\bin\management_ext.dll
0x00007ff95a570000 - 0x00007ff95a578000 	C:\WINDOWS\System32\PSAPI.DLL
0x00007ff955560000 - 0x00007ff955592000 	C:\WINDOWS\SYSTEM32\IPHLPAPI.DLL
0x00007ff959cf0000 - 0x00007ff959cfa000 	C:\WINDOWS\System32\NSI.dll
0x00007ff954230000 - 0x00007ff954239000 	C:\Program Files\Android\Android Studio\jbr\bin\extnet.dll
0x00007ff9564d0000 - 0x00007ff9564eb000 	C:\WINDOWS\SYSTEM32\CRYPTSP.dll
0x00007ff955be0000 - 0x00007ff955c19000 	C:\WINDOWS\system32\rsaenh.dll
0x00007ff9562a0000 - 0x00007ff9562d3000 	C:\WINDOWS\SYSTEM32\USERENV.dll
0x00007ff956de0000 - 0x00007ff956e0a000 	C:\WINDOWS\SYSTEM32\bcrypt.dll
0x00007ff9564f0000 - 0x00007ff9564fc000 	C:\WINDOWS\SYSTEM32\CRYPTBASE.dll
0x00007ff92d2d0000 - 0x00007ff92d2d8000 	C:\WINDOWS\system32\wshunix.dll
0x00007ff93d510000 - 0x00007ff93d528000 	C:\WINDOWS\system32\napinsp.dll
0x00007ff9556d0000 - 0x00007ff955802000 	C:\WINDOWS\SYSTEM32\DNSAPI.dll
0x00007ff93d170000 - 0x00007ff93d183000 	C:\WINDOWS\System32\winrnr.dll
0x00007ff93d140000 - 0x00007ff93d162000 	C:\WINDOWS\system32\nlansp_c.dll
0x00007ff93cee0000 - 0x00007ff93cef6000 	C:\WINDOWS\system32\wshbth.dll
0x00007ff94a040000 - 0x00007ff94a04b000 	C:\Windows\System32\rasadhlp.dll
0x00007ff94caf0000 - 0x00007ff94cb76000 	C:\WINDOWS\System32\fwpuclnt.dll

JVMTI agents:
C:\Users\Apoorv Rathore\AndroidStudioProjects\.gradle\wrapper\dists\gradle-8.13-bin\5xuhj0ry160q40clulazy9h7d\gradle-8.13\lib\agents\gradle-instrumentation-agent-8.13.jar path:C:\Program Files\Android\Android Studio\jbr\bin\instrument.dll, loaded, initialized, instrumentlib options:none

dbghelp: loaded successfully - version: 4.0.5 - missing functions: none
symbol engine: initialized successfully - sym options: 0x614 - pdb path: .;C:\Program Files\Android\Android Studio\jbr\bin;C:\WINDOWS\SYSTEM32;C:\WINDOWS\WinSxS\amd64_microsoft.windows.common-controls_6595b64144ccf1df_6.0.26100.8115_none_3e075c82e3354f9c;C:\Program Files\Android\Android Studio\jbr\bin\server;C:\Users\Apoorv Rathore\AndroidStudioProjects\.gradle\native\1def1411415f61bf3af743bc5b6707747c0891f09f0c88961ee8f79bc544acac\windows-amd64;C:\Users\Apoorv Rathore\AndroidStudioProjects\.gradle\native\0.2.7\x86_64-windows-gnu

VM Arguments:
jvm_args: --add-opens=java.base/java.lang=ALL-UNNAMED --add-opens=java.base/java.lang.invoke=ALL-UNNAMED --add-opens=java.base/java.util=ALL-UNNAMED --add-opens=java.prefs/java.util.prefs=ALL-UNNAMED --add-exports=jdk.compiler/com.sun.tools.javac.api=ALL-UNNAMED --add-exports=jdk.compiler/com.sun.tools.javac.util=ALL-UNNAMED --add-opens=java.base/java.util=ALL-UNNAMED --add-opens=java.prefs/java.util.prefs=ALL-UNNAMED --add-opens=java.base/java.nio.charset=ALL-UNNAMED --add-opens=java.base/java.net=ALL-UNNAMED --add-opens=java.base/java.util.concurrent.atomic=ALL-UNNAMED --add-opens=java.xml/javax.xml.namespace=ALL-UNNAMED -Xmx2048m -Dfile.encoding=UTF-8 -Duser.country=IN -Duser.language=en -Duser.variant -javaagent:C:\Users\Apoorv Rathore\AndroidStudioProjects\.gradle\wrapper\dists\gradle-8.13-bin\5xuhj0ry160q40clulazy9h7d\gradle-8.13\lib\agents\gradle-instrumentation-agent-8.13.jar 
java_command: org.gradle.launcher.daemon.bootstrap.GradleDaemon 8.13
java_class_path (initial): C:\Users\Apoorv Rathore\AndroidStudioProjects\.gradle\wrapper\dists\gradle-8.13-bin\5xuhj0ry160q40clulazy9h7d\gradle-8.13\lib\gradle-daemon-main-8.13.jar
Launcher Type: SUN_STANDARD

[Global flags]
     intx CICompilerCount                          = 4                                         {product} {ergonomic}
     uint ConcGCThreads                            = 3                                         {product} {ergonomic}
     uint G1ConcRefinementThreads                  = 10                                        {product} {ergonomic}
   size_t G1HeapRegionSize                         = 1048576                                   {product} {ergonomic}
    uintx GCDrainStackTargetSize                   = 64                                        {product} {ergonomic}
   size_t InitialHeapSize                          = 125829120                                 {product} {ergonomic}
   size_t MarkStackSize                            = 4194304                                   {product} {ergonomic}
   size_t MaxHeapSize                              = 2147483648                                {product} {command line}
   size_t MaxNewSize                               = 1287651328                                {product} {ergonomic}
   size_t MinHeapDeltaBytes                        = 1048576                                   {product} {ergonomic}
   size_t MinHeapSize                              = 8388608                                   {product} {ergonomic}
    uintx NonNMethodCodeHeapSize                   = 5839372                                {pd product} {ergonomic}
    uintx NonProfiledCodeHeapSize                  = 122909434                              {pd product} {ergonomic}
    uintx ProfiledCodeHeapSize                     = 122909434                              {pd product} {ergonomic}
    uintx ReservedCodeCacheSize                    = 251658240                              {pd product} {ergonomic}
     bool SegmentedCodeCache                       = true                                      {product} {ergonomic}
   size_t SoftMaxHeapSize                          = 2147483648                             {manageable} {ergonomic}
     bool UseCompressedOops                        = true                           {product lp64_product} {ergonomic}
     bool UseG1GC                                  = true                                      {product} {ergonomic}
     bool UseLargePagesIndividualAllocation        = false                                  {pd product} {ergonomic}

Logging:
Log output configuration:
 #0: stdout all=warning uptime,level,tags foldmultilines=false
 #1: stderr all=off uptime,level,tags foldmultilines=false

Release file:
JAVA_VERSION="21.0.10" 
MODULES="java.base java.compiler java.datatransfer java.xml java.prefs java.desktop java.instrument java.logging java.management java.security.sasl java.naming java.rmi java.management.rmi java.net.http java.scripting java.security.jgss java.transaction.xa java.sql java.sql.rowset java.xml.crypto java.se java.smartcardio jdk.accessibility jdk.internal.jvmstat jdk.attach jdk.charsets jdk.internal.opt jdk.zipfs jdk.compiler jdk.crypto.ec jdk.crypto.cryptoki jdk.dynalink jdk.hotspot.agent jdk.httpserver jdk.internal.ed jdk.internal.le jdk.internal.vm.ci jdk.jartool jdk.javadoc jdk.jcmd jdk.jdeps jdk.jdwp.agent jdk.jdi jdk.jfr jdk.jlink jdk.jsobject jdk.localedata jdk.management jdk.management.agent jdk.management.jfr jdk.naming.dns jdk.naming.rmi jdk.net jdk.sctp jdk.security.auth jdk.security.jgss jdk.unsupported jdk.unsupported.desktop jdk.xml.dom" 
IMPLEMENTOR="JetBrains s.r.o." 
JAVA_RUNTIME_VERSION="21.0.10+-14961533-b1163.108" 
LIBC="default" 
OS_ARCH="x86_64" 
OS_NAME="Windows" 
SOURCE=".:git:1351622c2ff2" 

Environment Variables:
PATH=C:\Python313\Scripts\;C:\Python313\;C:\Program Files\Common Files\Oracle\Java\javapath;C:\WINDOWS\system32;C:\WINDOWS;C:\WINDOWS\System32\Wbem;C:\WINDOWS\System32\WindowsPowerShell\v1.0\;C:\WINDOWS\System32\OpenSSH\;C:\Users\Apoorv Rathore\Desktop\MinGW Installer.lnk;C:\MinGW\bin;C:\Program Files\Java\jdk-18.0.2\bin;C:\ProgramData\chocolatey\bin;C:\xampp\php;C:\composer;C:\Program Files\Git\cmd;C:\Program Files\MongoDB\Server\8.0\bin;C:\Program Files\nodejs\;C:\Program Files\MySQL\MySQL Shell 8.0\bin\;C:\Users\Apoorv Rathore\Scripts\;C:\Users\Apoorv Rathore\;C:\Users\Apoorv Rathore\AppData\Local\Microsoft\WindowsApps;C:\Users\Apoorv Rathore\AppData\Local\Programs\Microsoft VS Code\bin;C:\Program Files\JetBrains\IntelliJ IDEA Community Edition 2022.1.4\bin;;C:\Users\Apoorv Rathore\Downloads\flutter_windows_3.7.8-stable\flutter\bin;C:\Users\Apoorv Rathore\Downloads\dartsdk-windows-x64-release\dart-sdk\bin;C:\tools\dart-sdk\bin;C:\Users\Apoorv Rathore\AppData\Roaming\Pub\Cache\bin;C:\Program Files\JetBrains\PyCharm Community Edition 2023.2.1\bin;;C:\Users\Apoorv Rathore\AppData\Roaming\Composer\vendor\bin;C:\Users\Apoorv Rathore\AppData\Local\Programs\mongosh\;C:\Users\Apoorv Rathore\AppData\Roaming\npm;C:\Program Files\JetBrains\PyCharm 2025.3.1\bin
USERNAME=Apoorv Rathore
OS=Windows_NT
PROCESSOR_IDENTIFIER=AMD64 Family 23 Model 104 Stepping 1, AuthenticAMD
TMP=C:\Users\APOORV~1\AppData\Local\Temp
TEMP=C:\Users\APOORV~1\AppData\Local\Temp




Periodic native trim disabled

JNI global refs:
JNI global refs: 31, weak refs: 16

JNI global refs memory usage: 835, weak refs: 833

Process memory usage:
Resident Set Size: 195128K (2% of 7745280K total physical memory with 1024604K free physical memory)

OOME stack traces (most recent first):
Classloader memory used:
Loader org.gradle.internal.classloader.VisitableURLClassLoader                         : 45005K
Loader org.gradle.internal.classloader.VisitableURLClassLoader$InstrumentingVisitableURLClassLoader: 43771K
Loader bootstrap                                                                       : 30655K
Loader org.gradle.initialization.MixInLegacyTypesClassLoader                           : 15783K
Loader org.gradle.internal.classloader.VisitableURLClassLoader                         : 6359K
Loader jdk.internal.reflect.DelegatingClassLoader                                      : 537K
Loader jdk.internal.loader.ClassLoaders$PlatformClassLoader                            : 530K
Loader jdk.internal.loader.ClassLoaders$AppClassLoader                                 : 235K
Loader org.gradle.groovy.scripts.internal.DefaultScriptCompilationHandler$ScriptClassLoader: 90464B
Loader org.codehaus.groovy.runtime.callsite.CallSiteClassLoader                        : 49912B

Classes loaded by more than one classloader:
Class Program                                                                         : loaded 5 times (x 72B)
Class com.google.common.collect.Iterators                                             : loaded 4 times (x 71B)
Class com.google.common.collect.Lists$StringAsImmutableList                           : loaded 4 times (x 207B)
Class com.google.common.collect.ImmutableList                                         : loaded 4 times (x 206B)
Class com.google.common.collect.AbstractIterator                                      : loaded 4 times (x 82B)
Class com.google.common.collect.AbstractIndexedListIterator                           : loaded 4 times (x 96B)
Class com.google.common.collect.Iterators$MergingIterator                             : loaded 4 times (x 81B)
Class com.google.common.collect.Iterators$ArrayItr                                    : loaded 4 times (x 97B)
Class com.google.common.collect.UnmodifiableListIterator                              : loaded 4 times (x 95B)
Class com.google.common.collect.PeekingIterator                                       : loaded 4 times (x 70B)
Class com.google.common.collect.Iterators$1                                           : loaded 4 times (x 81B)
Class com.google.common.base.Preconditions                                            : loaded 4 times (x 71B)
Class com.google.common.collect.Iterators$4                                           : loaded 4 times (x 82B)
Class com.google.common.collect.Iterators$5                                           : loaded 4 times (x 82B)
Class com.google.common.collect.ImmutableCollection                                   : loaded 4 times (x 125B)
Class com.google.common.collect.Lists                                                 : loaded 4 times (x 71B)
Class com.google.common.collect.Iterators$9                                           : loaded 4 times (x 81B)
Class com.google.common.collect.UnmodifiableIterator                                  : loaded 4 times (x 80B)
Class org.gradle.api.Action                                                           : loaded 3 times (x 70B)
Class org.gradle.internal.Cast                                                        : loaded 3 times (x 71B)
Class com.google.common.collect.ImmutableSet                                          : loaded 3 times (x 145B)
Class com.google.common.collect.ImmutableRangeSet$Builder                             : loaded 3 times (x 77B)
Class Build_gradle$1                                                                  : loaded 3 times (x 74B)
Class com.google.common.collect.ImmutableList$1                                       : loaded 3 times (x 97B)
Class com.google.common.collect.RegularImmutableList                                  : loaded 3 times (x 213B)
Class com.google.common.base.Function                                                 : loaded 3 times (x 70B)
Class com.google.common.base.Predicate                                                : loaded 3 times (x 70B)
Class com.google.common.collect.ImmutableSortedSet                                    : loaded 3 times (x 300B)
Class com.google.common.collect.ImmutableAsList                                       : loaded 3 times (x 209B)
Class com.google.common.collect.AbstractRangeSet                                      : loaded 3 times (x 114B)
Class com.google.common.collect.ImmutableSet$CachingAsList                            : loaded 3 times (x 148B)
Class org.gradle.api.GradleException                                                  : loaded 3 times (x 82B)
Class org.gradle.internal.IoActions                                                   : loaded 3 times (x 71B)
Class com.google.common.collect.ImmutableRangeSet$ComplementRanges                    : loaded 3 times (x 207B)
Class com.google.common.collect.ImmutableSet$RegularSetBuilderImpl                    : loaded 3 times (x 77B)
Class com.google.common.collect.SortedIterable                                        : loaded 3 times (x 70B)
Class com.google.common.collect.SingletonImmutableSet                                 : loaded 3 times (x 146B)
Class com.google.common.base.Joiner$1                                                 : loaded 3 times (x 80B)
Class com.google.common.collect.ImmutableList$ReverseImmutableList                    : loaded 3 times (x 209B)
Class com.google.common.collect.RangeGwtSerializationDependencies                     : loaded 3 times (x 71B)
Class com.google.common.collect.SingletonImmutableList                                : loaded 3 times (x 207B)
Class com.google.common.base.Joiner$2                                                 : loaded 3 times (x 79B)
Class com.google.common.collect.Multimap                                              : loaded 3 times (x 70B)
Class com.google.common.collect.RangeSet                                              : loaded 3 times (x 70B)
Class Build_gradle                                                                    : loaded 3 times (x 130B)
Class com.google.common.collect.ImmutableSet$SetBuilderImpl                           : loaded 3 times (x 76B)
Class com.google.common.collect.ImmutableList$SubList                                 : loaded 3 times (x 209B)
Class com.google.common.collect.Range                                                 : loaded 3 times (x 87B)
Class com.google.common.collect.RegularImmutableAsList                                : loaded 3 times (x 217B)
Class com.google.common.collect.ImmutableRangeSet$1                                   : loaded 3 times (x 210B)
Class com.google.common.collect.ImmutableList$Builder                                 : loaded 3 times (x 77B)
Class com.google.common.collect.Iterators$SingletonIterator                           : loaded 3 times (x 81B)
Class com.google.common.collect.RegularImmutableSet                                   : loaded 3 times (x 149B)
Class com.google.common.base.Joiner                                                   : loaded 3 times (x 79B)
Class com.google.common.collect.ImmutableCollection$Builder                           : loaded 3 times (x 76B)
Class com.google.common.collect.RegularImmutableSortedSet                             : loaded 3 times (x 300B)
Class com.google.common.collect.ImmutableRangeSet$AsSet                               : loaded 3 times (x 300B)
Class com.google.common.collect.ImmutableRangeSet                                     : loaded 3 times (x 115B)
Class com.google.common.collect.Ordering                                              : loaded 2 times (x 114B)
Class kotlin.sequences.SequencesKt___SequencesKt$flatMap$2                            : loaded 2 times (x 125B)
Class org.gradle.api.internal.classpath.EffectiveClassPath                            : loaded 2 times (x 90B)
Class com.android.builder.model.v2.models.AndroidDsl                                  : loaded 2 times (x 70B)
Class org.jetbrains.plugins.gradle.tooling.serialization.internal.IdeaProjectSerializationService: loaded 2 times (x 77B)
Class com.google.common.collect.ListMultimap                                          : loaded 2 times (x 70B)
Class com.google.common.collect.ImmutableEnumMap                                      : loaded 2 times (x 126B)
Class kotlin.text.StringsKt__AppendableKt                                             : loaded 2 times (x 71B)
Class org.gradle.tooling.internal.gradle.DefaultProjectIdentifier                     : loaded 2 times (x 86B)
Class com.google.common.collect.Sets$1                                                : loaded 2 times (x 139B)
Class org.objectweb.asm.AnnotationVisitor                                             : loaded 2 times (x 78B)
Class com.intellij.gradle.toolingExtension.impl.model.buildScriptClasspathModel.GradleBuildScriptClasspathSerializationService$ReadContext: loaded 2 times (x 72B)
Class com.google.common.collect.ComparatorOrdering                                    : loaded 2 times (x 115B)
Class org.gradle.api.internal.DefaultClassPathProvider                                : loaded 2 times (x 76B)
Class com.android.builder.model.v2.models.BasicAndroidProject                         : loaded 2 times (x 70B)
Class com.google.common.collect.Sets$2                                                : loaded 2 times (x 139B)
Class kotlin.text.StringsKt__StringNumberConversionsJVMKt                             : loaded 2 times (x 71B)
Class com.google.common.collect.NaturalOrdering                                       : loaded 2 times (x 115B)
Class kotlin.text.MatchResult                                                         : loaded 2 times (x 70B)
Class kotlin.sequences.SequenceScope                                                  : loaded 2 times (x 73B)
Class kotlin.sequences.Sequence                                                       : loaded 2 times (x 70B)
Class org.gradle.tooling.ToolingModelContract                                         : loaded 2 times (x 70B)
Class [Lorg.gradle.api.internal.ClassPathProvider;                                    : loaded 2 times (x 69B)
Class org.gradle.api.internal.ClassPathProvider                                       : loaded 2 times (x 70B)
Class com.google.common.collect.Sets$3                                                : loaded 2 times (x 139B)
Class com.google.common.util.concurrent.AbstractFuture$SafeAtomicHelper               : loaded 2 times (x 79B)
Class com.google.common.cache.LocalCache$LocalLoadingCache                            : loaded 2 times (x 134B)
Class kotlin.collections.CollectionsKt___CollectionsKt$asSequence$$inlined$Sequence$1 : loaded 2 times (x 75B)
Class org.gradle.internal.service.UnknownServiceException                             : loaded 2 times (x 83B)
Class com.google.common.collect.Sets$4                                                : loaded 2 times (x 139B)
Class org.objectweb.asm.ModuleVisitor                                                 : loaded 2 times (x 81B)
Class com.google.common.cache.LocalCache$Strength$1                                   : loaded 2 times (x 81B)
Class org.jetbrains.kotlin.idea.gradleTooling.model.kapt.KaptGradleModel              : loaded 2 times (x 70B)
Class org.jetbrains.kotlin.idea.gradleTooling.KotlinDslScriptAdditionalTask           : loaded 2 times (x 70B)
Class org.jetbrains.plugins.gradle.model.ClasspathEntryModel                          : loaded 2 times (x 70B)
Class com.google.common.util.concurrent.SettableFuture                                : loaded 2 times (x 114B)
Class com.google.common.cache.LocalCache$Strength$2                                   : loaded 2 times (x 81B)
Class org.jetbrains.plugins.gradle.tooling.serialization.GradleExtensionsSerializationService: loaded 2 times (x 77B)
Class org.gradle.api.JavaVersion                                                      : loaded 2 times (x 79B)
Class org.gradle.tooling.model.Dependency                                             : loaded 2 times (x 70B)
Class com.android.builder.model.v2.ide.AbstractArtifact                               : loaded 2 times (x 70B)
Class com.google.common.cache.LocalCache$Strength$3                                   : loaded 2 times (x 81B)
Class com.google.common.collect.MapDifference                                         : loaded 2 times (x 70B)
Class com.intellij.openapi.externalSystem.model.project.dependencies.ResolutionState  : loaded 2 times (x 79B)
Class kotlin.text.StringsKt__RegexExtensionsJVMKt                                     : loaded 2 times (x 71B)
Class com.google.common.collect.AllEqualOrdering                                      : loaded 2 times (x 114B)
Class kotlin.collections.ArraysKt___ArraysJvmKt                                       : loaded 2 times (x 71B)
Class kotlin.collections.CollectionsKt__CollectionsKt                                 : loaded 2 times (x 71B)
Class org.objectweb.asm.FieldWriter                                                   : loaded 2 times (x 78B)
Class com.google.common.cache.CacheBuilder$NullListener                               : loaded 2 times (x 82B)
Class kotlin.text.Regex$Companion                                                     : loaded 2 times (x 71B)
Class org.gradle.internal.classpath.TransformedClassPath                              : loaded 2 times (x 96B)
Class org.gradle.internal.classloader.InstrumentingClassLoader                        : loaded 2 times (x 70B)
Class com.google.common.collect.ImmutableListMultimap                                 : loaded 2 times (x 176B)
Class [Lcom.android.ide.common.repository.AgpVersion$PreviewKind;                     : loaded 2 times (x 69B)
Class com.google.common.cache.CacheLoader$FunctionToCacheLoader                       : loaded 2 times (x 75B)
Class [Lcom.google.common.collect.ImmutableMapEntry;                                  : loaded 2 times (x 69B)
Class org.gradle.internal.classloader.ClassLoaderVisitor                              : loaded 2 times (x 76B)
Class kotlin.jvm.internal.FunctionReference                                           : loaded 2 times (x 122B)
Class [Lkotlin.coroutines.intrinsics.CoroutineSingletons;                             : loaded 2 times (x 69B)
Class kotlin.jvm.internal.FunctionBase                                                : loaded 2 times (x 70B)
Class kotlin.enums.EnumEntriesList                                                    : loaded 2 times (x 223B)
Class com.google.common.collect.EmptyImmutableListMultimap                            : loaded 2 times (x 176B)
Class com.google.common.collect.BaseImmutableMultimap                                 : loaded 2 times (x 123B)
Class kotlin.collections.AbstractList$Companion                                       : loaded 2 times (x 71B)
Class com.google.common.base.MoreObjects                                              : loaded 2 times (x 71B)
Class kotlin.comparisons.ComparisonsKt___ComparisonsJvmKt                             : loaded 2 times (x 71B)
Class kotlin.collections.CollectionsKt__IteratorsJVMKt                                : loaded 2 times (x 71B)
Class com.android.builder.model.v2.ide.TestInfo$Execution                             : loaded 2 times (x 79B)
Class com.google.common.collect.Platform                                              : loaded 2 times (x 71B)
Class [Lorg.objectweb.asm.Type;                                                       : loaded 2 times (x 69B)
Class kotlin.sequences.SequencesKt___SequencesKt                                      : loaded 2 times (x 71B)
Class org.jetbrains.kotlin.idea.gradleTooling.KotlinSourceSetContainer                : loaded 2 times (x 70B)
Class org.jetbrains.plugins.gradle.model.IntelliJSettings                             : loaded 2 times (x 70B)
Class kotlin.Result                                                                   : loaded 2 times (x 72B)
Class org.gradle.internal.service.ServiceLocator                                      : loaded 2 times (x 70B)
Class com.google.common.base.Ascii                                                    : loaded 2 times (x 71B)
Class com.google.common.collect.SingletonImmutableBiMap                               : loaded 2 times (x 143B)
Class com.google.common.cache.LocalCache$1                                            : loaded 2 times (x 89B)
Class kotlin.text.MatcherMatchResult$groupValues$1                                    : loaded 2 times (x 198B)
Class com.google.common.collect.AbstractMapEntry                                      : loaded 2 times (x 81B)
Class com.intellij.gradle.toolingExtension.util.GradleVersionUtil                     : loaded 2 times (x 71B)
Class ijInit11_3p6r7s8db8df35xslejiqcavf                                              : loaded 2 times (x 179B)
Class com.android.ide.gradle.model.GradlePropertiesModel                              : loaded 2 times (x 70B)
Class kotlin.sequences.TransformingSequence$iterator$1                                : loaded 2 times (x 79B)
Class kotlin.Pair                                                                     : loaded 2 times (x 72B)
Class org.gradle.tooling.internal.adapter.ProtocolToModelAdapter$SupportedPropertyInvoker: loaded 2 times (x 76B)
Class org.gradle.tooling.model.UnsupportedMethodException                             : loaded 2 times (x 82B)
Class com.android.builder.model.v2.ide.BytecodeTransformation                         : loaded 2 times (x 79B)
Class com.google.common.collect.Sets$ImprovedAbstractSet                              : loaded 2 times (x 135B)
Class com.google.common.collect.ReverseNaturalOrdering                                : loaded 2 times (x 114B)
Class com.google.common.collect.AbstractMultimap                                      : loaded 2 times (x 123B)
Class com.google.common.cache.LocalCache$2                                            : loaded 2 times (x 142B)
Class kotlin.collections.CollectionsKt__MutableCollectionsKt                          : loaded 2 times (x 71B)
Class com.android.builder.model.v2.ide.CodeShrinker                                   : loaded 2 times (x 79B)
Class org.gradle.internal.classloader.DefaultClassLoaderFactory                       : loaded 2 times (x 82B)
Class com.google.common.util.concurrent.AbstractFuture$UnsafeAtomicHelper$1           : loaded 2 times (x 76B)
Class com.intellij.util.containers.IntObjectHashMap$ArrayProducer                     : loaded 2 times (x 70B)
Class org.jetbrains.plugins.gradle.tooling.serialization.AnnotationProcessingModelSerializationService$WriteContext: loaded 2 times (x 72B)
Class kotlin.io.TerminateException                                                    : loaded 2 times (x 82B)
Class kotlin.io.FilesKt__FilePathComponentsKt                                         : loaded 2 times (x 71B)
Class kotlin.reflect.KCallable                                                        : loaded 2 times (x 70B)
Class org.jetbrains.kotlin.idea.gradleTooling.AndroidAwareGradleModelProvider$Companion: loaded 2 times (x 71B)
Class com.google.common.util.concurrent.AbstractFuture$Trusted                        : loaded 2 times (x 70B)
Class com.google.common.base.Suppliers                                                : loaded 2 times (x 71B)
Class com.intellij.compose.ide.plugin.gradleTooling.rt.ComposeResourcesModel          : loaded 2 times (x 70B)
Class org.jetbrains.plugins.gradle.tooling.serialization.ProjectDependenciesSerializationService$WriteContext: loaded 2 times (x 72B)
Class org.jetbrains.plugins.gradle.tooling.serialization.ProjectDependenciesSerializationService: loaded 2 times (x 77B)
Class kotlin.text.CharsKt                                                             : loaded 2 times (x 71B)
Class org.gradle.tooling.model.kotlin.dsl.KotlinDslScriptModel                        : loaded 2 times (x 70B)
Class org.gradle.tooling.internal.adapter.CollectionMapper                            : loaded 2 times (x 73B)
Class [Lcom.android.builder.model.v2.ide.LibraryType;                                 : loaded 2 times (x 69B)
Class com.android.builder.model.v2.ide.LibraryType                                    : loaded 2 times (x 79B)
Class [Lcom.google.common.cache.CacheBuilder$OneWeigher;                              : loaded 2 times (x 69B)
Class com.google.common.util.concurrent.UncheckedExecutionException                   : loaded 2 times (x 82B)
Class org.gradle.kotlin.dsl.VersionCatalogAccessorsKt                                 : loaded 2 times (x 71B)
Class com.google.common.collect.ExplicitOrdering                                      : loaded 2 times (x 115B)
Class gnu.trove.THash                                                                 : loaded 2 times (x 81B)
Class com.intellij.gradle.toolingExtension.impl.model.buildScriptClasspathModel.GradleBuildScriptClasspathSerializationService$WriteContext: loaded 2 times (x 72B)
Class org.gradle.tooling.internal.adapter.ProtocolToModelAdapter                      : loaded 2 times (x 80B)
Class org.gradle.internal.InternalTransformer                                         : loaded 2 times (x 70B)
Class com.android.builder.model.v2.ide.AndroidGradlePluginProjectFlags$BooleanFlag    : loaded 2 times (x 79B)
Class com.google.common.collect.AbstractMapBasedMultimap$KeySet$1                     : loaded 2 times (x 82B)
Class org.objectweb.asm.ClassWriter                                                   : loaded 2 times (x 106B)
Class com.google.common.base.CharMatcher$And                                          : loaded 2 times (x 112B)
Class com.google.common.cache.CacheLoader$UnsupportedLoadingOperationException        : loaded 2 times (x 82B)
Class kotlin.collections.MapsKt__MapsJVMKt                                            : loaded 2 times (x 71B)
Class kotlin.collections.EmptyList                                                    : loaded 2 times (x 174B)
Class org.gradle.internal.time.DefaultTimer                                           : loaded 2 times (x 80B)
Class org.gradle.internal.classloader.ClasspathUtil$1                                 : loaded 2 times (x 76B)
Class com.google.common.base.Objects                                                  : loaded 2 times (x 71B)
Class org.objectweb.asm.FieldVisitor                                                  : loaded 2 times (x 77B)
Class com.google.common.collect.IndexedImmutableSet                                   : loaded 2 times (x 152B)
Class com.google.common.collect.ImmutableMap$1                                        : loaded 2 times (x 81B)
Class com.google.common.collect.BiMap                                                 : loaded 2 times (x 70B)
Class org.gradle.tooling.internal.adapter.ProtocolToModelAdapter$ViewKey              : loaded 2 times (x 72B)
Class org.gradle.api.internal.classpath.DefaultModuleRegistry$DefaultModule           : loaded 2 times (x 86B)
Class com.android.builder.model.v2.CustomSourceDirectory                              : loaded 2 times (x 70B)
Class com.google.common.primitives.Ints                                               : loaded 2 times (x 71B)
Class com.android.ide.common.repository.AgpVersion                                    : loaded 2 times (x 75B)
Class org.objectweb.asm.MethodTooLargeException                                       : loaded 2 times (x 83B)
Class com.google.common.collect.NullsFirstOrdering                                    : loaded 2 times (x 115B)
Class kotlin.ResultKt                                                                 : loaded 2 times (x 71B)
Class org.gradle.tooling.internal.adapter.ProtocolToModelAdapter$PropertyCachingMethodInvoker: loaded 2 times (x 76B)
Class com.android.builder.model.v2.models.ProjectSyncIssues                           : loaded 2 times (x 70B)
Class com.google.common.collect.ObjectArrays                                          : loaded 2 times (x 71B)
Class com.google.common.collect.Multiset                                              : loaded 2 times (x 70B)
Class com.google.common.collect.ArrayListMultimapGwtSerializationDependencies         : loaded 2 times (x 172B)
Class com.google.common.base.Platform$JdkPatternCompiler                              : loaded 2 times (x 75B)
Class com.google.common.math.MathPreconditions                                        : loaded 2 times (x 71B)
Class org.jetbrains.plugins.gradle.model.ExternalTask                                 : loaded 2 times (x 70B)
Class sync_studio_tooling1553_7gujk8ioqj3am06f0opdbeja7                               : loaded 2 times (x 179B)
Class kotlin.Result$Failure                                                           : loaded 2 times (x 72B)
Class kotlin.collections.ArraysKt__ArraysKt                                           : loaded 2 times (x 71B)
Class org.gradle.internal.time.DefaultCountdownTimer                                  : loaded 2 times (x 88B)
Class com.google.common.collect.ImmutableMapEntrySet                                  : loaded 2 times (x 152B)
Class org.jetbrains.plugins.gradle.model.GradleTaskModel                              : loaded 2 times (x 70B)
Class org.jetbrains.plugins.gradle.tooling.util.ObjectCollector                       : loaded 2 times (x 72B)
Class kotlin.collections.SetsKt__SetsJVMKt                                            : loaded 2 times (x 71B)
Class kotlin.Function                                                                 : loaded 2 times (x 70B)
Class org.gradle.tooling.internal.adapter.ProtocolToModelAdapter$AdaptingMethodInvoker: loaded 2 times (x 76B)
Class org.gradle.tooling.internal.gradle.DefaultBuildIdentifier                       : loaded 2 times (x 79B)
Class org.gradle.api.internal.classpath.Module                                        : loaded 2 times (x 70B)
Class com.google.common.cache.Weigher                                                 : loaded 2 times (x 70B)
Class com.intellij.openapi.externalSystem.model.project.IExternalSystemSourceType     : loaded 2 times (x 70B)
Class kotlin.io.FileAlreadyExistsException                                            : loaded 2 times (x 82B)
Class kotlin.internal.ProgressionUtilKt                                               : loaded 2 times (x 71B)
Class org.gradle.api.internal.classpath.UnknownModuleException                        : loaded 2 times (x 82B)
Class com.google.common.base.Stopwatch                                                : loaded 2 times (x 72B)
Class com.google.common.cache.LocalCache$Strength                                     : loaded 2 times (x 81B)
Class com.google.common.cache.Cache                                                   : loaded 2 times (x 70B)
Class com.intellij.openapi.externalSystem.model.project.dependencies.ProjectDependencies: loaded 2 times (x 70B)
Class org.jetbrains.plugins.gradle.tooling.serialization.ProjectDependenciesSerializationService$ReadContext: loaded 2 times (x 72B)
Class com.google.common.util.concurrent.AbstractFuture$Cancellation                   : loaded 2 times (x 72B)
Class com.google.common.collect.ImmutableMap$Builder                                  : loaded 2 times (x 82B)
Class com.google.common.cache.RemovalListener                                         : loaded 2 times (x 70B)
Class org.jetbrains.plugins.gradle.tooling.serialization.RepositoriesModelSerializationService: loaded 2 times (x 82B)
Class com.android.ide.gradle.model.artifacts.AdditionalClassifierArtifactsModel       : loaded 2 times (x 70B)
Class org.gradle.tooling.internal.gradle.GradleProjectIdentity                        : loaded 2 times (x 70B)
Class org.gradle.api.internal.DefaultClassPathRegistry                                : loaded 2 times (x 76B)
Class com.google.common.collect.ImmutableMultimap$Keys                                : loaded 2 times (x 166B)
Class com.android.builder.model.v2.ide.JavaArtifact                                   : loaded 2 times (x 70B)
Class com.google.common.primitives.IntsMethodsForWeb                                  : loaded 2 times (x 71B)
Class org.gradle.internal.operations.MultipleBuildOperationFailures                   : loaded 2 times (x 95B)
Class org.jetbrains.plugins.gradle.tooling.serialization.RepositoriesModelSerializationService$ReadContext: loaded 2 times (x 72B)
Class kotlin.ranges.ClosedRange                                                       : loaded 2 times (x 70B)
Class org.gradle.api.internal.ClassPathRegistry                                       : loaded 2 times (x 70B)
Class org.gradle.internal.classpath.DefaultClassPath$ImmutableUniqueList              : loaded 2 times (x 199B)
Class com.google.common.base.ExtraObjectsMethodsForWeb                                : loaded 2 times (x 71B)
Class com.intellij.gradle.toolingExtension.impl.model.projectModel.GradleExternalProjectSerializationService$WriteContext: loaded 2 times (x 73B)
Class kotlin.text.StringsKt__StringsJVMKt                                             : loaded 2 times (x 71B)
Class kotlin.collections.IntIterator                                                  : loaded 2 times (x 82B)
Class com.google.common.collect.NullnessCasts                                         : loaded 2 times (x 71B)
Class org.gradle.tooling.internal.adapter.MethodInvocation                            : loaded 2 times (x 85B)
Class com.android.builder.model.v2.dsl.SigningConfig                                  : loaded 2 times (x 70B)
Class com.android.builder.model.v2.models.AndroidProject                              : loaded 2 times (x 70B)
Class com.android.builder.model.v2.AndroidModel                                       : loaded 2 times (x 70B)
Class com.google.common.cache.CacheBuilder                                            : loaded 2 times (x 72B)
Class kotlin.sequences.TransformingSequence                                           : loaded 2 times (x 75B)
Class Settings_gradle$1                                                               : loaded 2 times (x 74B)
Class kotlin.text.StringsKt__IndentKt                                                 : loaded 2 times (x 71B)
Class kotlin.collections.SetsKt                                                       : loaded 2 times (x 71B)
Class org.gradle.internal.classpath.ClassPath                                         : loaded 2 times (x 70B)
Class org.gradle.api.UncheckedIOException                                             : loaded 2 times (x 82B)
Class com.google.common.base.JdkPattern                                               : loaded 2 times (x 75B)
Class org.objectweb.asm.ClassVisitor                                                  : loaded 2 times (x 88B)
Class org.jetbrains.plugins.gradle.tooling.serialization.KotlinDslScriptsModelSerializationService: loaded 2 times (x 81B)
Class kotlin.reflect.KFunction                                                        : loaded 2 times (x 70B)
Class kotlin.collections.ArrayDeque                                                   : loaded 2 times (x 207B)
Class org.objectweb.asm.SymbolTable$Entry                                             : loaded 2 times (x 74B)
Class com.google.common.util.concurrent.AbstractFuture$AtomicHelper                   : loaded 2 times (x 78B)
Class org.jetbrains.kotlin.idea.gradleTooling.KotlinGradleModel                       : loaded 2 times (x 70B)
Class org.jetbrains.plugins.gradle.tooling.serialization.ExternalTestsSerializationService$WriteContext: loaded 2 times (x 72B)
Class kotlin.collections.MapsKt__MapsKt                                               : loaded 2 times (x 71B)
Class com.android.builder.model.v2.ide.Variant                                        : loaded 2 times (x 70B)
Class org.objectweb.asm.Edge                                                          : loaded 2 times (x 72B)
Class com.google.common.base.Suppliers$SupplierOfInstance                             : loaded 2 times (x 79B)
Class [Lorg.objectweb.asm.Symbol;                                                     : loaded 2 times (x 69B)
Class org.gradle.tooling.model.Model                                                  : loaded 2 times (x 70B)
Class com.google.common.cache.LocalCache$ComputingValueReference                      : loaded 2 times (x 96B)
Class com.android.utils.FileUtils                                                     : loaded 2 times (x 71B)
Class com.google.common.collect.ImmutableMap$IteratorBasedImmutableMap                : loaded 2 times (x 126B)
Class com.android.ide.gradle.model.composites.BuildMap                                : loaded 2 times (x 70B)
Class kotlin.text.MatchResult$Destructured                                            : loaded 2 times (x 72B)
Class kotlin.Metadata                                                                 : loaded 2 times (x 70B)
Class kotlin.UninitializedPropertyAccessException                                     : loaded 2 times (x 82B)
Class com.android.builder.model.v2.ide.Library                                        : loaded 2 times (x 70B)
Class com.android.builder.model.v2.ide.ArtifactDependenciesAdjacencyList              : loaded 2 times (x 70B)
Class com.android.builder.model.v2.models.Versions                                    : loaded 2 times (x 70B)
Class com.google.common.cache.LocalCache$Segment                                      : loaded 2 times (x 154B)
Class org.jetbrains.plugins.gradle.model.IntelliJProjectSettings                      : loaded 2 times (x 70B)
Class org.gradle.tooling.internal.adapter.ProtocolToModelAdapter$MethodInvocationCache: loaded 2 times (x 73B)
Class com.android.builder.model.v2.ide.AaptOptions$Namespacing                        : loaded 2 times (x 79B)
Class com.android.builder.model.v2.models.ndk.NativeModule                            : loaded 2 times (x 70B)
Class com.google.common.collect.AbstractListMultimap                                  : loaded 2 times (x 172B)
Class [Lorg.objectweb.asm.SymbolTable$Entry;                                          : loaded 2 times (x 69B)
Class com.google.common.cache.CacheLoader                                             : loaded 2 times (x 74B)
Class org.gradle.tooling.internal.adapter.TargetTypeProvider                          : loaded 2 times (x 70B)
Class com.google.common.collect.ImmutableBiMap                                        : loaded 2 times (x 143B)
Class org.jetbrains.plugins.gradle.model.ExternalDependency                           : loaded 2 times (x 70B)
Class com.intellij.util.containers.IntObjectHashMap                                   : loaded 2 times (x 72B)
Class org.gradle.internal.installation.GradleInstallation$1                           : loaded 2 times (x 75B)
Class org.gradle.api.internal.classpath.ModuleRegistry                                : loaded 2 times (x 70B)
Class com.google.common.util.concurrent.internal.InternalFutureFailureAccess          : loaded 2 times (x 72B)
Class com.android.ide.common.repository.AgpVersion$PreviewKind$Companion              : loaded 2 times (x 71B)
Class kotlin.ranges.IntProgression$Companion                                          : loaded 2 times (x 71B)
Class com.google.common.collect.ImmutableSet$JdkBackedSetBuilderImpl                  : loaded 2 times (x 76B)
Class org.jetbrains.plugins.gradle.model.VersionCatalogsModel                         : loaded 2 times (x 70B)
Class com.intellij.gradle.toolingExtension.impl.model.sourceSetDependencyModel.GradleSourceSetDependencySerialisationService$SourceSetDependencyModelReadContext: loaded 2 times (x 72B)
Class com.intellij.gradle.toolingExtension.impl.model.dependencyModel.DependencyReadContext: loaded 2 times (x 72B)
Class org.gradle.tooling.internal.adapter.ObjectGraphAdapter                          : loaded 2 times (x 70B)
Class com.google.common.collect.ImmutableMultimap$Values                              : loaded 2 times (x 126B)
Class com.android.builder.model.v2.ide.Installation                                   : loaded 2 times (x 70B)
Class com.google.common.util.concurrent.AbstractFuture$UnsafeAtomicHelper             : loaded 2 times (x 78B)
Class com.google.common.base.CharMatcher$ForPredicate                                 : loaded 2 times (x 112B)
Class com.google.common.cache.LocalCache$LocalManualCache$1                           : loaded 2 times (x 75B)
Class org.jetbrains.plugins.gradle.model.ProjectImportModelProvider                   : loaded 2 times (x 70B)
Class org.jetbrains.plugins.gradle.model.ExternalSourceSet                            : loaded 2 times (x 70B)
Class com.intellij.gradle.toolingExtension.impl.model.warmUp.GradleTaskWarmUpRequest  : loaded 2 times (x 70B)
Class com.android.ide.gradle.model.LegacyAndroidGradlePluginPropertiesModelParameters : loaded 2 times (x 70B)
Class com.google.common.collect.ImmutableSortedAsList                                 : loaded 2 times (x 221B)
Class kotlin.text.RegexKt                                                             : loaded 2 times (x 71B)
Class kotlin.coroutines.intrinsics.IntrinsicsKt__IntrinsicsKt                         : loaded 2 times (x 71B)
Class com.android.builder.model.v2.models.ModelBuilderParameter                       : loaded 2 times (x 70B)
Class com.google.common.base.CharMatcher$AnyOf                                        : loaded 2 times (x 112B)
Class org.jetbrains.plugins.gradle.model.GradleExtensions                             : loaded 2 times (x 70B)
Class com.intellij.gradle.toolingExtension.impl.model.sourceSetArtifactIndex.GradleSourceSetArtifactBuildRequest: loaded 2 times (x 70B)
Class kotlin.io.FilesKt__UtilsKt                                                      : loaded 2 times (x 71B)
Class com.google.common.collect.Lists$TransformingRandomAccessList                    : loaded 2 times (x 199B)
Class kotlin.collections.CollectionsKt__CollectionsJVMKt                              : loaded 2 times (x 71B)
Class org.gradle.api.internal.classpath.DefaultModuleRegistry                         : loaded 2 times (x 86B)
Class org.jetbrains.plugins.gradle.model.AnnotationProcessingModel                    : loaded 2 times (x 70B)
Class com.google.common.util.concurrent.ListenableFuture                              : loaded 2 times (x 70B)
Class com.google.common.cache.ReferenceEntry                                          : loaded 2 times (x 70B)
Class com.google.common.base.Converter                                                : loaded 2 times (x 90B)
Class com.google.common.collect.ImmutableMap$MapViewOfValuesAsSingletonSets           : loaded 2 times (x 126B)
Class org.jetbrains.plugins.gradle.tooling.serialization.internal.IdeaProjectSerializationService$WriteContext$1: loaded 2 times (x 83B)
Class org.jetbrains.plugins.gradle.model.ExternalProject                              : loaded 2 times (x 70B)
Class kotlin.sequences.SequencesKt                                                    : loaded 2 times (x 71B)
Class kotlin.collections.CollectionsKt__IteratorsKt                                   : loaded 2 times (x 71B)
Class [Lcom.android.builder.model.v2.ide.CodeShrinker;                                : loaded 2 times (x 69B)
Class com.google.common.collect.AbstractMapBasedMultimap                              : loaded 2 times (x 139B)
Class com.google.common.util.concurrent.AbstractFuture                                : loaded 2 times (x 106B)
Class com.google.common.base.FunctionalEquivalence                                    : loaded 2 times (x 83B)
Class com.google.common.collect.RegularImmutableMap                                   : loaded 2 times (x 121B)
Class com.android.builder.model.v2.ide.AndroidArtifact                                : loaded 2 times (x 70B)
Class org.jetbrains.plugins.gradle.tooling.serialization.internal.IdeaProjectSerializationService$WriteContext$2: loaded 2 times (x 83B)
Class kotlin.text.StringsKt                                                           : loaded 2 times (x 71B)
Class com.google.common.collect.ImmutableMultiset                                     : loaded 2 times (x 163B)
Class org.objectweb.asm.RecordComponentVisitor                                        : loaded 2 times (x 77B)
Class com.google.common.cache.CacheLoader$SupplierToCacheLoader                       : loaded 2 times (x 75B)
Class org.jetbrains.plugins.gradle.tooling.serialization.AnnotationProcessingModelSerializationService$ReadContext: loaded 2 times (x 72B)
Class org.jetbrains.plugins.gradle.tooling.serialization.internal.IdeaProjectSerializationService$WriteContext$3: loaded 2 times (x 83B)
Class gnu.trove.TObjectHash$NULL                                                      : loaded 2 times (x 71B)
Class org.gradle.util.internal.DefaultGradleVersion$Stage                             : loaded 2 times (x 75B)
Class kotlin.coroutines.jvm.internal.RestrictedContinuationImpl                       : loaded 2 times (x 87B)
Class com.google.common.collect.Maps$EntryTransformer                                 : loaded 2 times (x 70B)
Class org.jetbrains.kotlin.idea.gradleTooling.AndroidAwareGradleModelProvider         : loaded 2 times (x 79B)
Class org.jetbrains.plugins.gradle.tooling.serialization.internal.IdeaProjectSerializationService$WriteContext$4: loaded 2 times (x 83B)
Class com.intellij.gradle.toolingExtension.impl.model.sourceSetDependencyModel.GradleSourceSetDependencySerialisationService$Companion: loaded 2 times (x 71B)
Class [Lkotlin.Pair;                                                                  : loaded 2 times (x 69B)
Class kotlin.text.StringsKt__StringNumberConversionsKt                                : loaded 2 times (x 71B)
Class kotlin.io.FilesKt__FileReadWriteKt                                              : loaded 2 times (x 71B)
Class com.google.common.collect.UsingToStringOrdering                                 : loaded 2 times (x 114B)
Class kotlin.text.MatchNamedGroupCollection                                           : loaded 2 times (x 70B)
Class kotlin.jvm.internal.markers.KMutableList                                        : loaded 2 times (x 70B)
Class org.gradle.internal.time.MonotonicClock                                         : loaded 2 times (x 77B)
Class org.gradle.internal.service.ServiceLookupException                              : loaded 2 times (x 82B)
Class com.google.common.collect.Lists$ReverseList                                     : loaded 2 times (x 200B)
Class org.gradle.api.internal.classpath.ManifestUtil                                  : loaded 2 times (x 71B)
Class [Lcom.google.common.cache.LocalCache$EntryFactory;                              : loaded 2 times (x 69B)
Class com.intellij.gradle.toolingExtension.util.GradleVersionSpecificsUtil            : loaded 2 times (x 71B)
Class org.jetbrains.plugins.gradle.tooling.serialization.internal.IdeaProjectSerializationService$WriteContext$5: loaded 2 times (x 83B)
Class com.intellij.gradle.toolingExtension.impl.model.sourceSetDependencyModel.GradleSourceSetDependencySerialisationService$SourceSetDependencyModelWriteContext: loaded 2 times (x 72B)
Class kotlin.sequences.SequencesKt___SequencesKt$sortedWith$1                         : loaded 2 times (x 75B)
Class org.gradle.tooling.internal.adapter.ProtocolToModelAdapter$InvocationHandlerImpl: loaded 2 times (x 77B)
Class com.android.builder.model.v2.ide.LibraryInfo                                    : loaded 2 times (x 70B)
Class com.google.common.base.CommonPattern                                            : loaded 2 times (x 74B)
Class com.google.common.base.CharMatcher$IsNot                                        : loaded 2 times (x 111B)
Class com.google.common.cache.LocalCache$LocalManualCache                             : loaded 2 times (x 99B)
Class org.jetbrains.plugins.gradle.tooling.serialization.internal.IdeaProjectSerializationService$WriteContext$6: loaded 2 times (x 83B)
Class org.jetbrains.plugins.gradle.tooling.util.IntObjectMap                          : loaded 2 times (x 73B)
Class org.gradle.internal.service.CachingServiceLocator                               : loaded 2 times (x 82B)
Class com.google.common.collect.AbstractMapBasedMultimap$KeySet                       : loaded 2 times (x 137B)
Class com.android.builder.model.v2.ide.ViewBindingOptions                             : loaded 2 times (x 70B)
Class com.google.common.math.IntMath                                                  : loaded 2 times (x 71B)
Class org.jetbrains.plugins.gradle.model.RepositoryModels                             : loaded 2 times (x 70B)
Class org.jetbrains.plugins.gradle.tooling.serialization.internal.IdeaProjectSerializationService$WriteContext$7: loaded 2 times (x 83B)
Class kotlin.collections.AbstractList$SubList                                         : loaded 2 times (x 198B)
Class kotlin.jvm.internal.CallableReference                                           : loaded 2 times (x 106B)
Class com.google.common.collect.ImmutableMapEntry                                     : loaded 2 times (x 85B)
Class org.jetbrains.plugins.gradle.tooling.serialization.internal.IdeaProjectSerializationService$WriteContext$8: loaded 2 times (x 83B)
Class gnu.trove.TObjectIntProcedure                                                   : loaded 2 times (x 70B)
Class kotlin.ranges.IntRange                                                          : loaded 2 times (x 93B)
Class org.gradle.tooling.model.idea.IdeaDependencyScope                               : loaded 2 times (x 70B)
Class org.gradle.internal.time.TimeSource                                             : loaded 2 times (x 70B)
Class org.gradle.tooling.model.kotlin.dsl.KotlinDslScriptsModel                       : loaded 2 times (x 70B)
Class com.google.common.collect.ImmutableMultimap                                     : loaded 2 times (x 147B)
Class com.android.builder.model.v2.ide.TestInfo                                       : loaded 2 times (x 70B)
Class com.google.common.base.Equivalence                                              : loaded 2 times (x 82B)
Class org.gradle.tooling.model.build.GradleEnvironment                                : loaded 2 times (x 70B)
Class com.google.common.collect.ImmutableMapEntry$NonTerminalImmutableMapEntry        : loaded 2 times (x 85B)
Class org.jetbrains.plugins.gradle.tooling.serialization.SerializationService         : loaded 2 times (x 70B)
Class org.gradle.tooling.internal.gradle.GradleBuildIdentity                          : loaded 2 times (x 70B)
Class kotlin.enums.EnumEntries                                                        : loaded 2 times (x 70B)
Class com.android.builder.model.v2.ide.JavaCompileOptions                             : loaded 2 times (x 70B)
Class com.google.common.collect.IndexedImmutableSet$1                                 : loaded 2 times (x 213B)
Class com.google.common.cache.CacheBuilder$OneWeigher                                 : loaded 2 times (x 82B)
Class org.jetbrains.plugins.gradle.tooling.util.IntObjectMap$ObjectFactory            : loaded 2 times (x 70B)
Class org.jetbrains.plugins.gradle.tooling.serialization.internal.adapter.Supplier    : loaded 2 times (x 70B)
Class org.gradle.tooling.internal.adapter.ProtocolToModelAdapter$MixInMappingAction   : loaded 2 times (x 80B)
Class org.gradle.internal.exceptions.ResolutionProvider                               : loaded 2 times (x 70B)
Class kotlin.text.MatchResult$DefaultImpls                                            : loaded 2 times (x 71B)
Class org.gradle.tooling.model.idea.IdeaCompilerOutput                                : loaded 2 times (x 70B)
Class org.gradle.tooling.model.ProjectIdentifier                                      : loaded 2 times (x 70B)
Class org.gradle.internal.classloader.ClasspathUtil                                   : loaded 2 times (x 71B)
Class com.android.builder.model.v2.ide.ComponentInfo                                  : loaded 2 times (x 70B)
Class org.jetbrains.kotlin.tooling.core.HasExtras                                     : loaded 2 times (x 70B)
Class com.google.common.base.Charsets                                                 : loaded 2 times (x 71B)
Class com.google.common.util.concurrent.Uninterruptibles                              : loaded 2 times (x 71B)
Class com.android.builder.model.v2.ide.ProjectType                                    : loaded 2 times (x 79B)
Class com.intellij.gradle.toolingExtension.impl.model.sourceSetModel.GradleSourceSetSerialisationService: loaded 2 times (x 77B)
Class kotlin.io.FileSystemException                                                   : loaded 2 times (x 82B)
Class com.android.builder.model.v2.dsl.BaseConfig                                     : loaded 2 times (x 70B)
Class com.google.common.collect.Maps                                                  : loaded 2 times (x 71B)
Class org.gradle.internal.time.TimeSource$1                                           : loaded 2 times (x 77B)
Class kotlin.jvm.internal.DefaultConstructorMarker                                    : loaded 2 times (x 71B)
Class org.gradle.api.specs.Spec                                                       : loaded 2 times (x 70B)
Class [Lcom.google.common.collect.ImmutableEntry;                                     : loaded 2 times (x 69B)
Class com.google.common.cache.LocalCache$LoadingValueReference                        : loaded 2 times (x 96B)
Class com.intellij.gradle.toolingExtension.impl.model.buildScriptClasspathModel.GradleBuildScriptClasspathSerializationService: loaded 2 times (x 77B)
Class com.google.common.util.concurrent.ExecutionError                                : loaded 2 times (x 82B)
Class com.google.common.base.Platform                                                 : loaded 2 times (x 71B)
Class org.jetbrains.plugins.gradle.model.FileCollectionDependency                     : loaded 2 times (x 70B)
Class com.intellij.gradle.toolingExtension.impl.model.utilDummyModel.DummyModel       : loaded 2 times (x 70B)
Class kotlin.text.StringsKt__RegexExtensionsKt                                        : loaded 2 times (x 71B)
Class kotlin.collections.EmptyIterator                                                : loaded 2 times (x 89B)
Class org.gradle.internal.time.Clock                                                  : loaded 2 times (x 70B)
Class com.android.builder.model.v2.dsl.ProductFlavor                                  : loaded 2 times (x 70B)
Class [Lcom.android.builder.model.v2.ide.TestInfo$Execution;                          : loaded 2 times (x 69B)
Class com.google.common.collect.Maps$8                                                : loaded 2 times (x 82B)
Class org.jetbrains.plugins.gradle.model.GradleSourceSetDependencyModel               : loaded 2 times (x 70B)
Class com.google.common.collect.CompoundOrdering                                      : loaded 2 times (x 115B)
Class kotlin.sequences.SequencesKt__SequencesJVMKt                                    : loaded 2 times (x 71B)
Class kotlin.coroutines.jvm.internal.RestrictedSuspendLambda                          : loaded 2 times (x 91B)
Class org.gradle.tooling.internal.adapter.TypeInspector                               : loaded 2 times (x 73B)
Class org.gradle.tooling.internal.adapter.ProtocolToModelAdapter$NoOpDecoration       : loaded 2 times (x 79B)
Class org.gradle.tooling.model.Element                                                : loaded 2 times (x 70B)
Class kotlin.collections.AbstractList                                                 : loaded 2 times (x 197B)
Class kotlin.collections.AbstractCollection                                           : loaded 2 times (x 117B)
Class com.google.common.collect.Lists$ReverseList$1                                   : loaded 2 times (x 99B)
Class com.google.common.collect.ImmutableEnumSet                                      : loaded 2 times (x 146B)
Class org.jetbrains.kotlin.tooling.core.Extras                                        : loaded 2 times (x 70B)
Class com.google.common.collect.Sets$SetView                                          : loaded 2 times (x 138B)
Class com.google.common.cache.LocalCache$StrongValueReference                         : loaded 2 times (x 90B)
Class com.google.common.util.concurrent.AbstractFuture$SynchronizedHelper             : loaded 2 times (x 78B)
Class com.intellij.gradle.toolingExtension.impl.model.taskModel.GradleTaskSerialisationService: loaded 2 times (x 76B)
Class com.android.ide.gradle.model.LegacyV1AgpVersionModel                            : loaded 2 times (x 70B)
Class kotlin.text.StringsKt__StringBuilderJVMKt                                       : loaded 2 times (x 71B)
Class kotlin.text.Regex                                                               : loaded 2 times (x 72B)
Class kotlin.sequences.SequencesKt__SequenceBuilderKt$sequence$$inlined$Sequence$1    : loaded 2 times (x 75B)
Class kotlin.Triple                                                                   : loaded 2 times (x 72B)
Class org.objectweb.asm.Type                                                          : loaded 2 times (x 72B)
Class org.jetbrains.plugins.gradle.tooling.util.IntObjectMap$1                        : loaded 2 times (x 77B)
Class org.gradle.internal.classloader.VisitableURLClassLoader$InstrumentingVisitableURLClassLoader: loaded 2 times (x 123B)
Class com.android.builder.model.v2.ide.AndroidGradlePluginProjectFlags                : loaded 2 times (x 70B)
Class [Lcom.android.builder.model.v2.ide.AndroidGradlePluginProjectFlags$BooleanFlag; : loaded 2 times (x 69B)
Class com.android.builder.model.v2.ide.BasicVariant                                   : loaded 2 times (x 70B)
Class org.objectweb.asm.ByteVector                                                    : loaded 2 times (x 79B)
Class [Lcom.google.common.cache.CacheBuilder$NullListener;                            : loaded 2 times (x 69B)
Class com.google.common.math.IntMath$1                                                : loaded 2 times (x 71B)
Class kotlin.comparisons.ComparisonsKt__ComparisonsKt                                 : loaded 2 times (x 71B)
Class kotlin.ranges.RangesKt__RangesKt                                                : loaded 2 times (x 71B)
Class kotlin.collections.SetsKt___SetsKt                                              : loaded 2 times (x 71B)
Class kotlin.sequences.SequencesKt__SequencesKt                                       : loaded 2 times (x 71B)
Class kotlin.coroutines.Continuation                                                  : loaded 2 times (x 70B)
Class org.gradle.internal.classloader.VisitableURLClassLoader$Spec                    : loaded 2 times (x 74B)
Class org.gradle.internal.classpath.DefaultClassPath                                  : loaded 2 times (x 90B)
Class com.android.builder.model.v2.ide.BundleInfo                                     : loaded 2 times (x 70B)
Class com.android.builder.model.v2.ide.SourceProvider                                 : loaded 2 times (x 70B)
Class org.objectweb.asm.Symbol                                                        : loaded 2 times (x 73B)
Class org.jetbrains.plugins.gradle.model.GradleBuildScriptClasspathModel              : loaded 2 times (x 70B)
Class kotlin.sequences.FilteringSequence                                              : loaded 2 times (x 75B)
Class kotlin.text.CharsKt__CharJVMKt                                                  : loaded 2 times (x 71B)
Class kotlin.comparisons.ComparisonsKt                                                : loaded 2 times (x 71B)
Class kotlin.comparisons.ComparisonsKt___ComparisonsKt                                : loaded 2 times (x 71B)
Class kotlin.coroutines.jvm.internal.BaseContinuationImpl                             : loaded 2 times (x 87B)
Class kotlin.Result$Companion                                                         : loaded 2 times (x 71B)
Class org.gradle.util.internal.DefaultGradleVersion                                   : loaded 2 times (x 82B)
Class com.google.common.base.CharMatcher$Ascii                                        : loaded 2 times (x 112B)
Class com.google.common.base.CharMatcher$BitSetMatcher                                : loaded 2 times (x 112B)
Class com.google.common.collect.RegularImmutableMap$Values                            : loaded 2 times (x 207B)
Class com.android.builder.model.v2.models.VariantDependenciesAdjacencyList            : loaded 2 times (x 70B)
Class org.gradle.internal.classloader.ClassLoaderSpec                                 : loaded 2 times (x 71B)
Class org.objectweb.asm.AnnotationWriter                                              : loaded 2 times (x 79B)
Class com.google.common.cache.CacheStats                                              : loaded 2 times (x 71B)
Class kotlin.jvm.internal.FunctionReferenceImpl                                       : loaded 2 times (x 122B)
Class kotlin.collections.CollectionsKt___CollectionsJvmKt                             : loaded 2 times (x 71B)
Class com.google.common.collect.ImmutableMultisetGwtSerializationDependencies         : loaded 2 times (x 125B)
Class org.objectweb.asm.RecordComponentWriter                                         : loaded 2 times (x 78B)
Class [Lcom.android.builder.model.v2.ide.ProjectType;                                 : loaded 2 times (x 69B)
Class com.google.common.util.concurrent.AbstractFuture$Listener                       : loaded 2 times (x 72B)
Class com.google.common.base.CharMatcher$Or                                           : loaded 2 times (x 112B)
Class Settings_gradle$1$1                                                             : loaded 2 times (x 74B)
Class kotlin.TuplesKt                                                                 : loaded 2 times (x 71B)
Class kotlin.jvm.internal.markers.KMutableIterable                                    : loaded 2 times (x 70B)
Class kotlin.Unit                                                                     : loaded 2 times (x 71B)
Class kotlin.sequences.SequencesKt___SequencesJvmKt                                   : loaded 2 times (x 71B)
Class org.gradle.tooling.internal.adapter.ProtocolToModelAdapter$DefaultViewBuilder   : loaded 2 times (x 80B)
Class [Lcom.android.builder.model.v2.ide.AaptOptions$Namespacing;                     : loaded 2 times (x 69B)
Class org.objectweb.asm.Attribute                                                     : loaded 2 times (x 77B)
Class com.google.common.base.Supplier                                                 : loaded 2 times (x 70B)
Class kotlin.ranges.RangesKt                                                          : loaded 2 times (x 71B)
Class org.gradle.tooling.internal.adapter.ProtocolToModelAdapter$ViewGraphDetails$1   : loaded 2 times (x 77B)
Class org.gradle.internal.classloader.VisitableURLClassLoader                         : loaded 2 times (x 117B)
Class com.google.common.util.concurrent.AbstractFuture$Waiter                         : loaded 2 times (x 72B)
Class com.android.ide.common.repository.AgpVersion$Companion                          : loaded 2 times (x 71B)
Class Settings_gradle                                                                 : loaded 2 times (x 128B)
Class org.jetbrains.plugins.gradle.tooling.serialization.ExternalTestsSerializationService$ReadContext: loaded 2 times (x 72B)
Class kotlin.sequences.FlatteningSequence$iterator$1                                  : loaded 2 times (x 79B)
Class kotlin.jvm.functions.Function0                                                  : loaded 2 times (x 70B)
Class kotlin.collections.ArraysUtilJVM                                                : loaded 2 times (x 71B)
Class org.gradle.internal.classloader.ClassLoaderHierarchy                            : loaded 2 times (x 70B)
Class kotlin.collections.CollectionsKt__ReversedViewsKt                               : loaded 2 times (x 71B)
Class org.gradle.tooling.model.idea.IdeaDependency                                    : loaded 2 times (x 70B)
Class com.android.builder.model.v2.ide.AaptOptions                                    : loaded 2 times (x 70B)
Class [Lcom.android.builder.model.v2.ide.BytecodeTransformation;                      : loaded 2 times (x 69B)
Class com.google.common.base.Strings                                                  : loaded 2 times (x 71B)
Class com.google.common.collect.Sets                                                  : loaded 2 times (x 71B)
Class org.objectweb.asm.Handler                                                       : loaded 2 times (x 72B)
Class com.google.common.base.CharMatcher$FastMatcher                                  : loaded 2 times (x 111B)
Class com.google.common.base.Ticker                                                   : loaded 2 times (x 72B)
Class kotlin.collections.AbstractMutableList                                          : loaded 2 times (x 206B)
Class kotlin.jvm.functions.Function1                                                  : loaded 2 times (x 70B)
Class com.android.builder.model.v2.models.ndk.NativeModelBuilderParameter             : loaded 2 times (x 70B)
Class [Lcom.google.common.cache.LocalCache$Segment;                                   : loaded 2 times (x 69B)
Class kotlin.sequences.SequencesKt__SequenceBuilderKt                                 : loaded 2 times (x 71B)
Class [Lcom.google.common.cache.LocalCache$Strength;                                  : loaded 2 times (x 69B)
Class com.google.common.cache.CacheBuilder$1                                          : loaded 2 times (x 85B)
Class com.google.common.collect.ImmutableMap                                          : loaded 2 times (x 120B)
Class org.jetbrains.plugins.gradle.tooling.serialization.internal.IdeaProjectSerializationService$WriteContext: loaded 2 times (x 72B)
Class com.intellij.gradle.toolingExtension.impl.model.sourceSetDependencyModel.GradleSourceSetDependencySerialisationService: loaded 2 times (x 77B)
Class org.jetbrains.plugins.gradle.model.GradleSourceSetModel                         : loaded 2 times (x 70B)
Class kotlin.KotlinNothingValueException                                              : loaded 2 times (x 82B)
Class kotlin.jvm.functions.Function2                                                  : loaded 2 times (x 70B)
Class org.gradle.internal.classpath.DefaultClassPath$ImmutableUniqueList$Builder      : loaded 2 times (x 75B)
Class kotlin.io.FilesKt__FileTreeWalkKt                                               : loaded 2 times (x 71B)
Class com.google.common.base.CharMatcher$NegatedFastMatcher                           : loaded 2 times (x 113B)
Class com.google.common.cache.LocalCache                                              : loaded 2 times (x 187B)
Class com.google.common.cache.CacheBuilder$2                                          : loaded 2 times (x 79B)
Class com.android.ide.gradle.model.dependencies.Coordinates                           : loaded 2 times (x 70B)
Class kotlin.collections.MapsKt___MapsJvmKt                                           : loaded 2 times (x 71B)
Class org.gradle.tooling.internal.adapter.WeakIdentityHashMap$AbsentValueProvider     : loaded 2 times (x 70B)
Class com.google.common.collect.ArrayListMultimap                                     : loaded 2 times (x 172B)
Class com.google.common.cache.CacheBuilder$3                                          : loaded 2 times (x 72B)
Class [Lcom.google.common.collect.AbstractMapEntry;                                   : loaded 2 times (x 69B)
Class com.google.common.collect.ImmutableEntry                                        : loaded 2 times (x 82B)
Class gnu.trove.TObjectHash                                                           : loaded 2 times (x 94B)
Class org.jetbrains.plugins.gradle.tooling.util.ObjectCollector$Processor             : loaded 2 times (x 70B)
Class kotlin.jvm.functions.Function4                                                  : loaded 2 times (x 70B)
Class kotlin.collections.EmptySet                                                     : loaded 2 times (x 122B)
Class kotlin.annotation.Target                                                        : loaded 2 times (x 70B)
Class kotlin.collections.CollectionsKt___CollectionsKt                                : loaded 2 times (x 71B)
Class kotlin.jvm.internal.CollectionToArray                                           : loaded 2 times (x 71B)
Class org.gradle.internal.exceptions.NonGradleCauseExceptionsHolder                   : loaded 2 times (x 70B)
Class org.gradle.tooling.model.idea.IdeaModuleDependency                              : loaded 2 times (x 70B)
Class org.gradle.tooling.internal.adapter.ViewBuilder                                 : loaded 2 times (x 70B)
Class com.android.builder.model.v2.ide.AndroidLibraryData                             : loaded 2 times (x 70B)
Class com.android.builder.model.v2.ide.ApiVersion                                     : loaded 2 times (x 70B)
Class com.google.common.collect.CollectPreconditions                                  : loaded 2 times (x 71B)
Class org.jetbrains.plugins.gradle.model.AnnotationProcessingConfig                   : loaded 2 times (x 70B)
Class gnu.trove.Equality                                                              : loaded 2 times (x 70B)
Class kotlin.text.StringsKt___StringsJvmKt                                            : loaded 2 times (x 71B)
Class kotlin.reflect.KDeclarationContainer                                            : loaded 2 times (x 70B)
Class kotlin.annotation.Retention                                                     : loaded 2 times (x 70B)
Class com.android.builder.model.v2.models.Versions$Version                            : loaded 2 times (x 70B)
Class com.google.common.collect.SortedMapDifference                                   : loaded 2 times (x 70B)
Class org.jetbrains.plugins.gradle.tooling.ModelBuilderService$Parameter              : loaded 2 times (x 70B)
Class kotlin.io.FilesKt                                                               : loaded 2 times (x 71B)
Class kotlin.collections.MapsKt___MapsKt                                              : loaded 2 times (x 71B)
Class kotlin.collections.ArraysKt___ArraysKt                                          : loaded 2 times (x 71B)
Class com.google.common.cache.LocalCache$WriteThroughEntry                            : loaded 2 times (x 79B)
Class com.google.common.cache.LocalCache$HashIterator                                 : loaded 2 times (x 86B)
Class com.google.common.cache.LocalCache$EntryFactory                                 : loaded 2 times (x 83B)
Class gnu.trove.TObjectHashingStrategy                                                : loaded 2 times (x 70B)
Class kotlin.collections.MapsKt__MapWithDefaultKt                                     : loaded 2 times (x 71B)
Class org.gradle.tooling.internal.adapter.ProtocolToModelAdapter$ReflectionMethodInvoker: loaded 2 times (x 76B)
Class org.jetbrains.kotlin.tooling.core.HasMutableExtras                              : loaded 2 times (x 70B)
Class com.google.common.cache.LocalCache$AbstractReferenceEntry                       : loaded 2 times (x 107B)
Class kotlin.text.StringsKt___StringsKt                                               : loaded 2 times (x 71B)
Class com.google.common.collect.NullsLastOrdering                                     : loaded 2 times (x 115B)
Class kotlin.collections.CollectionsKt__MutableCollectionsJVMKt                       : loaded 2 times (x 71B)
Class kotlin.sequences.FilteringSequence$iterator$1                                   : loaded 2 times (x 79B)
Class kotlin.enums.EnumEntriesKt                                                      : loaded 2 times (x 71B)
Class com.android.builder.model.v2.models.VariantDependencies                         : loaded 2 times (x 70B)
Class com.intellij.gradle.toolingExtension.impl.model.sourceSetModel.GradleSourceSetSerialisationService$Companion: loaded 2 times (x 71B)
Class org.objectweb.asm.SymbolTable                                                   : loaded 2 times (x 72B)
Class com.google.common.cache.CacheLoader$InvalidCacheLoadException                   : loaded 2 times (x 82B)
Class com.google.common.base.CharMatcher$IsEither                                     : loaded 2 times (x 111B)
Class com.intellij.gradle.toolingExtension.model.repositoryModel.ProjectRepositoriesModel: loaded 2 times (x 70B)
Class org.jetbrains.plugins.gradle.model.GradleProperty                               : loaded 2 times (x 70B)
Class gnu.trove.TObjectCanonicalHashingStrategy                                       : loaded 2 times (x 78B)
Class org.gradle.internal.classloader.SystemClassLoaderSpec                           : loaded 2 times (x 71B)
Class com.android.builder.model.v2.ide.TestedTargetVariant                            : loaded 2 times (x 70B)
Class com.google.common.cache.LocalCache$StrongEntry                                  : loaded 2 times (x 108B)
Class com.google.common.util.concurrent.AbstractFuture$TrustedFuture                  : loaded 2 times (x 114B)
Class com.google.common.cache.LoadingCache                                            : loaded 2 times (x 70B)
Class kotlin.ranges.IntRange$Companion                                                : loaded 2 times (x 71B)
Class kotlin.text.MatcherMatchResult$groups$1                                         : loaded 2 times (x 151B)
Class kotlin.collections.EmptyMap                                                     : loaded 2 times (x 108B)
Class kotlin.reflect.KAnnotatedElement                                                : loaded 2 times (x 70B)
Class kotlin.jvm.internal.markers.KMutableCollection                                  : loaded 2 times (x 70B)
Class kotlin.coroutines.intrinsics.IntrinsicsKt                                       : loaded 2 times (x 71B)
Class org.gradle.internal.exceptions.MultiCauseException                              : loaded 2 times (x 70B)
Class org.gradle.internal.time.CountdownTimer                                         : loaded 2 times (x 70B)
Class kotlin.jvm.internal.Intrinsics                                                  : loaded 2 times (x 71B)
Class org.objectweb.asm.MethodWriter                                                  : loaded 2 times (x 106B)
Class [Lcom.google.common.cache.Weigher;                                              : loaded 2 times (x 69B)
Class com.google.common.collect.RegularImmutableMap$BucketOverflowException           : loaded 2 times (x 82B)
Class com.intellij.gradle.toolingExtension.impl.model.projectModel.GradleExternalProjectSerializationService$ReadContext: loaded 2 times (x 73B)
Class com.intellij.gradle.toolingExtension.impl.model.dependencyModel.DependencyWriteContext: loaded 2 times (x 72B)
Class kotlin.collections.MapsKt                                                       : loaded 2 times (x 71B)
Class kotlin.coroutines.intrinsics.CoroutineSingletons                                : loaded 2 times (x 79B)
Class kotlin.collections.CollectionsKt__IterablesKt                                   : loaded 2 times (x 71B)
Class org.gradle.tooling.model.ProjectModel                                           : loaded 2 times (x 70B)
Class com.google.common.collect.ImmutableMultimap$1                                   : loaded 2 times (x 82B)
Class kotlin.ranges.OpenEndRange                                                      : loaded 2 times (x 70B)
Class kotlin.sequences.SequenceBuilderIterator                                        : loaded 2 times (x 85B)
Class kotlin.KotlinNullPointerException                                               : loaded 2 times (x 83B)
Class com.google.common.collect.ImmutableMultimap$2                                   : loaded 2 times (x 81B)
Class com.android.ide.common.repository.AgpVersion$Companion$WhenMappings             : loaded 2 times (x 71B)
Class com.google.common.collect.RegularImmutableBiMap                                 : loaded 2 times (x 149B)
Class com.google.common.base.CharMatcher$Negated                                      : loaded 2 times (x 113B)
Class com.google.common.base.CharMatcher$Is                                           : loaded 2 times (x 111B)
Class com.google.common.cache.LocalCache$ValueReference                               : loaded 2 times (x 70B)
Class org.jetbrains.plugins.gradle.model.tests.ExternalTestsModel                     : loaded 2 times (x 70B)
Class kotlin.ranges.RangesKt___RangesKt                                               : loaded 2 times (x 71B)
Class org.gradle.tooling.model.idea.IdeaLanguageLevel                                 : loaded 2 times (x 70B)
Class org.gradle.tooling.internal.adapter.ProtocolToModelAdapter$SafeMethodInvoker    : loaded 2 times (x 76B)
Class org.gradle.tooling.internal.adapter.WeakIdentityHashMap$WeakKey                 : loaded 2 times (x 79B)
Class org.gradle.internal.exceptions.DefaultMultiCauseException                       : loaded 2 times (x 95B)
Class com.android.builder.model.v2.ide.ProjectInfo                                    : loaded 2 times (x 70B)
Class com.google.common.base.PatternCompiler                                          : loaded 2 times (x 70B)
Class com.google.common.util.concurrent.AbstractFuture$Failure                        : loaded 2 times (x 72B)
Class com.google.common.base.Equivalence$Equals                                       : loaded 2 times (x 82B)
Class com.google.common.collect.Hashing                                               : loaded 2 times (x 71B)
Class org.gradle.internal.classloader.FilteringClassLoader                            : loaded 2 times (x 105B)
Class com.intellij.gradle.toolingExtension.impl.model.projectModel.GradleExternalProjectSerializationService: loaded 2 times (x 77B)
Class kotlin.text.CharsKt__CharKt                                                     : loaded 2 times (x 71B)
Class kotlin.collections.ArrayDeque$Companion                                         : loaded 2 times (x 71B)
Class kotlin.collections.ArraysKt                                                     : loaded 2 times (x 71B)
Class org.gradle.tooling.model.HierarchicalElement                                    : loaded 2 times (x 70B)
Class com.android.builder.model.v2.dsl.DependenciesInfo                               : loaded 2 times (x 70B)
Class kotlin.NotImplementedError                                                      : loaded 2 times (x 82B)
Class org.objectweb.asm.Label                                                         : loaded 2 times (x 73B)
Class org.objectweb.asm.CurrentFrame                                                  : loaded 2 times (x 73B)
Class org.objectweb.asm.ClassTooLargeException                                        : loaded 2 times (x 83B)
Class com.google.common.base.CharMatcher                                              : loaded 2 times (x 111B)
Class kotlin.sequences.FlatteningSequence                                             : loaded 2 times (x 75B)
Class org.jetbrains.plugins.gradle.tooling.serialization.ExternalTestsSerializationService: loaded 2 times (x 77B)
Class com.google.common.collect.ByFunctionOrdering                                    : loaded 2 times (x 115B)
Class kotlin.collections.SetsKt__SetsKt                                               : loaded 2 times (x 71B)
Class kotlin.coroutines.EmptyCoroutineContext                                         : loaded 2 times (x 77B)
Class org.gradle.internal.time.Time                                                   : loaded 2 times (x 71B)
Class com.android.builder.model.v2.models.ProjectGraph                                : loaded 2 times (x 70B)
Class kotlin.text.MatcherMatchResult                                                  : loaded 2 times (x 80B)
Class kotlin.text.MatchGroupCollection                                                : loaded 2 times (x 70B)
Class org.objectweb.asm.Frame                                                         : loaded 2 times (x 73B)
Class org.objectweb.asm.MethodVisitor                                                 : loaded 2 times (x 105B)
Class com.google.common.base.CharMatcher$1                                            : loaded 2 times (x 113B)
Class com.google.common.base.CharMatcher$NamedFastMatcher                             : loaded 2 times (x 112B)
Class com.google.common.cache.LocalCache$EntryFactory$1                               : loaded 2 times (x 83B)
Class [Lcom.google.common.cache.RemovalListener;                                      : loaded 2 times (x 69B)
Class com.android.ide.common.repository.AgpVersion$PreviewKind                        : loaded 2 times (x 79B)
Class org.jetbrains.plugins.gradle.tooling.serialization.AnnotationProcessingModelSerializationService: loaded 2 times (x 77B)
Class kotlin.collections.ArraysKt__ArraysJVMKt                                        : loaded 2 times (x 71B)
Class kotlin.text.StringsKt__StringsKt                                                : loaded 2 times (x 71B)
Class com.google.common.cache.LocalCache$EntryFactory$2                               : loaded 2 times (x 83B)
Class org.jetbrains.plugins.gradle.model.DependencyAccessorsModel                     : loaded 2 times (x 70B)
Class [Lcom.intellij.openapi.externalSystem.model.project.dependencies.ResolutionState;: loaded 2 times (x 69B)
Class gnu.trove.TObjectIntHashMap                                                     : loaded 2 times (x 109B)
Class kotlin.text.StringsKt__StringBuilderKt                                          : loaded 2 times (x 71B)
Class kotlin.jvm.internal.CallableReference$NoReceiver                                : loaded 2 times (x 71B)
Class org.gradle.api.internal.classpath.GlobalCacheRootsProvider                      : loaded 2 times (x 70B)
Class com.google.common.collect.CollectCollectors                                     : loaded 2 times (x 71B)
Class org.objectweb.asm.ModuleWriter                                                  : loaded 2 times (x 82B)
Class com.google.common.cache.LocalCache$EntryFactory$3                               : loaded 2 times (x 83B)
Class com.google.common.base.Ticker$1                                                 : loaded 2 times (x 72B)
Class com.google.common.collect.Maps$BiMapConverter                                   : loaded 2 times (x 90B)
Class com.google.common.collect.ImmutableMapEntrySet$RegularEntrySet                  : loaded 2 times (x 152B)
Class org.jetbrains.kotlin.idea.gradleTooling.KotlinMPPGradleModel                    : loaded 2 times (x 70B)
Class com.intellij.gradle.toolingExtension.impl.model.dependencyDownloadPolicyModel.GradleDependencyDownloadPolicy: loaded 2 times (x 70B)
Class org.gradle.tooling.model.BuildIdentifier                                        : loaded 2 times (x 70B)
Class kotlin.NoWhenBranchMatchedException                                             : loaded 2 times (x 82B)
Class com.android.builder.model.v2.ide.VectorDrawablesOptions                         : loaded 2 times (x 70B)
Class com.google.common.base.CharMatcher$InRange                                      : loaded 2 times (x 111B)
Class com.google.common.cache.LocalCache$EntryFactory$4                               : loaded 2 times (x 83B)
Class com.google.common.collect.ImmutableSet$Builder                                  : loaded 2 times (x 85B)
Class org.jetbrains.kotlin.idea.gradleTooling.PrepareKotlinIdeImportTaskModel         : loaded 2 times (x 70B)
Class com.android.builder.model.v2.ide.Edge                                           : loaded 2 times (x 70B)
Class com.android.builder.model.v2.models.VariantDependenciesFlatList                 : loaded 2 times (x 70B)
Class com.google.common.cache.LocalCache$EntryFactory$5                               : loaded 2 times (x 83B)
Class com.android.ide.gradle.model.GradlePluginModel                                  : loaded 2 times (x 70B)
Class com.google.common.collect.ReverseOrdering                                       : loaded 2 times (x 115B)
Class org.gradle.tooling.model.build.JavaEnvironment                                  : loaded 2 times (x 70B)
Class com.android.ide.gradle.model.dependencies.DeclaredDependencies                  : loaded 2 times (x 70B)
Class com.android.builder.model.v2.ide.SourceSetContainer                             : loaded 2 times (x 70B)
Class com.google.common.cache.LocalCache$EntryFactory$6                               : loaded 2 times (x 83B)
Class org.gradle.internal.time.Timer                                                  : loaded 2 times (x 70B)
Class kotlin.jvm.internal.markers.KMappedMarker                                       : loaded 2 times (x 70B)
Class org.gradle.internal.installation.CurrentGradleInstallationLocator               : loaded 2 times (x 71B)
Class com.google.common.collect.ImmutableMultimap$Builder                             : loaded 2 times (x 86B)
Class com.android.builder.model.v2.ide.LintOptions                                    : loaded 2 times (x 70B)
Class com.google.common.collect.Maps$KeySet                                           : loaded 2 times (x 137B)
Class com.google.common.cache.LocalCache$EntryFactory$7                               : loaded 2 times (x 83B)
Class com.google.common.collect.ImmutableSet$EmptySetBuilderImpl                      : loaded 2 times (x 76B)
Class org.jetbrains.plugins.gradle.tooling.serialization.internal.IdeaProjectSerializationService$ReadContext: loaded 2 times (x 72B)
Class org.gradle.tooling.internal.adapter.ProtocolToModelAdapter$ViewGraphDetails     : loaded 2 times (x 72B)
Class org.gradle.tooling.model.idea.IdeaProject                                       : loaded 2 times (x 70B)
Class org.gradle.tooling.model.DomainObjectSet                                        : loaded 2 times (x 70B)
Class org.gradle.internal.service.DefaultServiceLocator                               : loaded 2 times (x 83B)
Class com.google.common.collect.ImmutableMultimap$EntryCollection                     : loaded 2 times (x 128B)
Class com.android.builder.model.v2.ide.BasicArtifact                                  : loaded 2 times (x 70B)
Class com.google.common.cache.LocalCache$EntryFactory$8                               : loaded 2 times (x 83B)
Class com.google.common.collect.RegularImmutableMap$KeySet                            : loaded 2 times (x 152B)
Class kotlin.coroutines.jvm.internal.SuspendFunction                                  : loaded 2 times (x 70B)
Class org.gradle.util.GradleVersion                                                   : loaded 2 times (x 81B)
Class org.gradle.internal.installation.CurrentGradleInstallation                      : loaded 2 times (x 73B)
Class com.google.common.cache.CacheLoader$1                                           : loaded 2 times (x 75B)
Class com.google.common.collect.ForwardingObject                                      : loaded 2 times (x 72B)
Class com.google.common.base.Equivalence$Identity                                     : loaded 2 times (x 82B)
Class org.jetbrains.plugins.gradle.javaModel.JavaGradleManifestModel                  : loaded 2 times (x 70B)
Class org.jetbrains.plugins.gradle.tooling.serialization.GradleExtensionsSerializationService$WriteContext: loaded 2 times (x 72B)
Class com.intellij.gradle.toolingExtension.impl.model.taskModel.GradleTaskSerialisationService$Companion: loaded 2 times (x 71B)
Class kotlin.jvm.internal.StringCompanionObject                                       : loaded 2 times (x 71B)
Class kotlin.coroutines.intrinsics.IntrinsicsKt__IntrinsicsJvmKt                      : loaded 2 times (x 71B)
Class kotlin.coroutines.jvm.internal.CoroutineStackFrame                              : loaded 2 times (x 70B)
Class org.gradle.tooling.internal.adapter.ProtocolToModelAdapter$MethodInvocationCache$MethodInvocationKey: loaded 2 times (x 73B)
Class org.gradle.util.internal.GUtil                                                  : loaded 2 times (x 71B)
Class com.google.common.util.concurrent.AbstractFuture$SetFuture                      : loaded 2 times (x 75B)
Class com.google.common.cache.AbstractCache$StatsCounter                              : loaded 2 times (x 70B)
Class com.intellij.gradle.toolingExtension.impl.model.utilTurnOffDefaultTasksModel.TurnOffDefaultTasks: loaded 2 times (x 70B)
Class com.intellij.gradle.toolingExtension.impl.model.sourceSetModel.GradleSourceSetSerialisationService$SourceSetModelReadContext: loaded 2 times (x 72B)
Class kotlin.io.NoSuchFileException                                                   : loaded 2 times (x 82B)
Class kotlin.collections.CollectionsKt                                                : loaded 2 times (x 71B)
Class com.android.builder.model.v2.dsl.BuildType                                      : loaded 2 times (x 70B)
Class com.google.common.base.PairwiseEquivalence                                      : loaded 2 times (x 83B)
Class org.gradle.internal.classloader.ClassLoaderFactory                              : loaded 2 times (x 70B)
Class com.intellij.gradle.toolingExtension.impl.model.sourceSetModel.GradleSourceSetSerialisationService$SourceSetModelWriteContext: loaded 2 times (x 72B)
Class kotlin.ranges.IntProgressionIterator                                            : loaded 2 times (x 82B)
Class kotlin.coroutines.CoroutineContext                                              : loaded 2 times (x 70B)
Class kotlin.coroutines.jvm.internal.DebugProbesKt                                    : loaded 2 times (x 71B)
Class org.gradle.tooling.internal.adapter.WeakIdentityHashMap                         : loaded 2 times (x 76B)
Class org.gradle.tooling.GradleConnectionException                                    : loaded 2 times (x 83B)
Class org.gradle.tooling.internal.adapter.ProtocolToModelAdapter$1                    : loaded 2 times (x 75B)
Class org.gradle.tooling.internal.adapter.ProtocolToModelAdapter$ViewDecoration       : loaded 2 times (x 70B)
Class org.gradle.internal.installation.GradleInstallation                             : loaded 2 times (x 75B)
Class com.google.common.collect.Iterables                                             : loaded 2 times (x 71B)
Class org.jetbrains.plugins.gradle.tooling.serialization.GradleExtensionsSerializationService$ReadContext: loaded 2 times (x 72B)
Class com.google.common.collect.LexicographicalOrdering                               : loaded 2 times (x 115B)
Class org.gradle.tooling.internal.adapter.MethodInvoker                               : loaded 2 times (x 70B)
Class com.google.common.collect.Lists$RandomAccessReverseList                         : loaded 2 times (x 200B)
Class org.jetbrains.plugins.gradle.tooling.serialization.RepositoriesModelSerializationService$WriteContext: loaded 2 times (x 72B)
Class com.android.ide.gradle.model.LegacyAndroidGradlePluginProperties                : loaded 2 times (x 70B)
Class kotlin.ranges.IntProgression                                                    : loaded 2 times (x 81B)
Class kotlin.jvm.KotlinReflectionNotSupportedError                                    : loaded 2 times (x 82B)
Class org.gradle.tooling.model.gradle.GradleScript                                    : loaded 2 times (x 70B)

---------------  S Y S T E M  ---------------

OS:
 Windows 11 , 64 bit Build 26100 (10.0.26100.8115)
OS uptime: 4 days 20:49 hours
Hyper-V role detected

CPU: total 12 (initial active 12) (12 cores per cpu, 2 threads per core) family 23 model 104 stepping 1 microcode 0x8608103, cx8, cmov, fxsr, ht, mmx, 3dnowpref, sse, sse2, sse3, ssse3, sse4a, sse4.1, sse4.2, popcnt, lzcnt, tsc, tscinvbit, avx, avx2, aes, clmul, bmi1, bmi2, adx, sha, fma, vzeroupper, clflush, clflushopt, hv, rdtscp, rdpid, f16c
Processor Information for processor 0
  Max Mhz: 2100, Current Mhz: 2100, Mhz Limit: 2100
Processor Information for processor 1
  Max Mhz: 2100, Current Mhz: 2100, Mhz Limit: 2100
Processor Information for processor 2
  Max Mhz: 2100, Current Mhz: 1988, Mhz Limit: 2100
Processor Information for processor 3
  Max Mhz: 2100, Current Mhz: 2100, Mhz Limit: 2100
Processor Information for processor 4
  Max Mhz: 2100, Current Mhz: 2100, Mhz Limit: 2100
Processor Information for processor 5
  Max Mhz: 2100, Current Mhz: 2100, Mhz Limit: 2100
Processor Information for processor 6
  Max Mhz: 2100, Current Mhz: 2100, Mhz Limit: 2100
Processor Information for processor 7
  Max Mhz: 2100, Current Mhz: 1988, Mhz Limit: 2100
Processor Information for processor 8
  Max Mhz: 2100, Current Mhz: 2100, Mhz Limit: 2100
Processor Information for processor 9
  Max Mhz: 2100, Current Mhz: 2100, Mhz Limit: 2100
Processor Information for processor 10
  Max Mhz: 2100, Current Mhz: 2100, Mhz Limit: 2100
Processor Information for processor 11
  Max Mhz: 2100, Current Mhz: 2100, Mhz Limit: 2100

Memory: 4k page, system-wide physical 7563M (889M free)
TotalPageFile size 31115M (AvailPageFile size 13M)
current process WorkingSet (physical memory assigned to process): 329M, peak: 399M
current process commit charge ("private bytes"): 684M, peak: 689M

vm_info: OpenJDK 64-Bit Server VM (21.0.10+-14961533-b1163.108) for windows-amd64 JRE (21.0.10+-14961533-b1163.108), built on 2026-03-02T19:58:50Z by "builder" with MS VC++ 16.10 / 16.11 (VS2019)

END.
