#
# There is insufficient memory for the Java Runtime Environment to continue.
# Native memory allocation (mmap) failed to map 17825792 bytes. Error detail: G1 virtual space
# Possible reasons:
#   The system is out of physical RAM or swap space
#   This process is running with CompressedOops enabled, and the Java Heap may be blocking the growth of the native heap
# Possible solutions:
#   Reduce memory load on the system
#   Increase physical memory or swap space
#   Check if swap backing store is full
#   Decrease Java heap size (-Xmx/-Xms)
#   Decrease number of Java threads
#   Decrease Java thread stack sizes (-Xss)
#   Set larger code cache with -XX:ReservedCodeCacheSize=
#   JVM is running with Unscaled Compressed Oops mode in which the Java heap is
#     placed in the first 4GB address space. The Java Heap base address is the
#     maximum limit for the native heap growth. Please use -XX:HeapBaseMinAddress
#     to set the Java Heap base and to place the Java Heap above 4GB virtual address.
# This output file may be truncated or incomplete.
#
#  Out of Memory Error (os_windows.cpp:3926), pid=29772, tid=5480
#
# JRE version: OpenJDK Runtime Environment (21.0.10) (build 21.0.10+-14961533-b1163.108)
# Java VM: OpenJDK 64-Bit Server VM (21.0.10+-14961533-b1163.108, mixed mode, tiered, compressed oops, compressed class ptrs, g1 gc, windows-amd64)
# No core dump will be written. Minidumps are not enabled by default on client versions of Windows
#

---------------  S U M M A R Y ------------

Command Line: --add-opens=java.base/java.lang=ALL-UNNAMED --add-opens=java.base/java.lang.invoke=ALL-UNNAMED --add-opens=java.base/java.util=ALL-UNNAMED --add-opens=java.prefs/java.util.prefs=ALL-UNNAMED --add-exports=jdk.compiler/com.sun.tools.javac.api=ALL-UNNAMED --add-exports=jdk.compiler/com.sun.tools.javac.util=ALL-UNNAMED --add-opens=java.base/java.util=ALL-UNNAMED --add-opens=java.prefs/java.util.prefs=ALL-UNNAMED --add-opens=java.base/java.nio.charset=ALL-UNNAMED --add-opens=java.base/java.net=ALL-UNNAMED --add-opens=java.base/java.util.concurrent.atomic=ALL-UNNAMED --add-opens=java.xml/javax.xml.namespace=ALL-UNNAMED -Xmx2048m -Dfile.encoding=UTF-8 -Duser.country=IN -Duser.language=en -Duser.variant -javaagent:C:\Users\Apoorv Rathore\AndroidStudioProjects\.gradle\wrapper\dists\gradle-8.13-bin\5xuhj0ry160q40clulazy9h7d\gradle-8.13\lib\agents\gradle-instrumentation-agent-8.13.jar org.gradle.launcher.daemon.bootstrap.GradleDaemon 8.13

Host: AMD Ryzen 5 5500U with Radeon Graphics         , 12 cores, 7G,  Windows 11 , 64 bit Build 26100 (10.0.26100.8115)
Time: Thu Apr 16 12:41:12 2026 India Standard Time elapsed time: 689.210270 seconds (0d 0h 11m 29s)

---------------  T H R E A D  ---------------

Current thread (0x000001791886b820):  VMThread "VM Thread"          [id=5480, stack(0x0000005895700000,0x0000005895800000) (1024K)]

Stack: [0x0000005895700000,0x0000005895800000]
Native frames: (J=compiled Java code, j=interpreted, Vv=VM code, C=native code)
V  [jvm.dll+0x6d78a9]
V  [jvm.dll+0x8665b3]
V  [jvm.dll+0x868bde]
V  [jvm.dll+0x8692c3]
V  [jvm.dll+0x280ee6]
V  [jvm.dll+0x6d4165]
V  [jvm.dll+0x6c77fa]
V  [jvm.dll+0x358f4b]
V  [jvm.dll+0x360bc6]
V  [jvm.dll+0x3b2ea6]
V  [jvm.dll+0x3b3178]
V  [jvm.dll+0x32b65c]
V  [jvm.dll+0x32e066]
V  [jvm.dll+0x337f3d]
V  [jvm.dll+0x36f6a5]
V  [jvm.dll+0x86f048]
V  [jvm.dll+0x870394]
V  [jvm.dll+0x8708d0]
V  [jvm.dll+0x870b63]
V  [jvm.dll+0x80fd28]
V  [jvm.dll+0x6d60fd]
C  [ucrtbase.dll+0x37b0]
C  [KERNEL32.DLL+0x2e8d7]
C  [ntdll.dll+0x8c3fc]

VM_Operation (0x00000058952ff7c0): G1PauseRemark, mode: safepoint, requested by thread 0x000001797f737040


---------------  P R O C E S S  ---------------

Threads class SMR info:
_java_thread_list=0x0000017928e19570, length=179, elements={
0x000001797e7a84a0, 0x00000179188e4080, 0x00000179189017c0, 0x0000017918902220,
0x000001791890ac70, 0x000001791890b6d0, 0x000001791890c130, 0x000001791890cb90,
0x000001791890e930, 0x000001791890f3d0, 0x0000017918c5dbd0, 0x000001791dba7ba0,
0x000001791e018370, 0x000001791de46fb0, 0x000001791d33b310, 0x000001791d977630,
0x000001791ebbb2d0, 0x000001791d7331d0, 0x000001791e008ac0, 0x000001791e009e70,
0x000001791e007da0, 0x000001791e008430, 0x000001791e009150, 0x000001791e0097e0,
0x000001791e00a500, 0x000001791e00b220, 0x000001791f5f5860, 0x000001791f5f2a70,
0x000001791f5f23e0, 0x000001791f5f51d0, 0x000001791f5f4b40, 0x000001791f5f6580,
0x000001791f5f44b0, 0x000001791f5f5ef0, 0x000001791f5f3e20, 0x000001791f5f3100,
0x000001791f5f6c10, 0x000001791f5f3790, 0x000001791f5f72a0, 0x000001791f5f7fc0,
0x000001791f5f7930, 0x000001791f5f8ce0, 0x000001791f5f8650, 0x000001791f5f9a00,
0x000001792012dce0, 0x000001792012f720, 0x000001792012ea00, 0x0000017920130440,
0x000001792012cfc0, 0x000001792012fdb0, 0x0000017920130ad0, 0x000001792012d650,
0x00000179201338c0, 0x0000017920133f50, 0x0000017920132510, 0x00000179201345e0,
0x0000017920132ba0, 0x0000017920133230, 0x0000017920131160, 0x00000179201317f0,
0x0000017920131e80, 0x000001791e6a9150, 0x000001791e6a97e0, 0x000001791e6a8ac0,
0x000001791e6aab90, 0x000001791e6ab8b0, 0x000001791e6abf40, 0x000001791e6a9e70,
0x000001791e6ad980, 0x000001791e6ad2f0, 0x000001791e6aa500, 0x000001791f782c30,
0x000001791f786740, 0x000001791f7832c0, 0x000001791f786dd0, 0x000001791f788810,
0x000001791f788ea0, 0x000001791f787460, 0x000001791f789530, 0x000001791f788180,
0x000001791f789bc0, 0x000001791f787af0, 0x000001791f78a250, 0x0000017921c2f990,
0x0000017921c31a60, 0x0000017921c32e10, 0x0000017921c334a0, 0x0000017921c32780,
0x0000017921c320f0, 0x0000017921c30020, 0x0000017921c33b30, 0x0000017921c30d40,
0x0000017921c306b0, 0x0000017921c341c0, 0x0000017921c34850, 0x0000017921c313d0,
0x0000017921c35570, 0x0000017921c34ee0, 0x0000017921c35c00, 0x0000017921c36fb0,
0x0000017921c36290, 0x0000017921c36920, 0x000001791f783fe0, 0x000001791f784670,
0x0000017921577cb0, 0x000001792294f2a0, 0x0000017922950650, 0x0000017922950ce0,
0x0000017922951a00, 0x0000017922951370, 0x0000017922952090, 0x000001792294ec10,
0x0000017922953ad0, 0x0000017922954160, 0x0000017922955510, 0x0000017922955ba0,
0x0000017922953440, 0x0000017922952720, 0x0000017922db7030, 0x00000179215796f0,
0x000001792157be50, 0x0000017922db7d50, 0x0000017922db76c0, 0x0000017922dbab40,
0x0000017922dbb860, 0x0000017922dbb1d0, 0x0000017922db83e0, 0x0000017922dbcc10,
0x0000017922dbdfc0, 0x0000017922dbf370, 0x0000017922dbd2a0, 0x0000017922dbe650,
0x00000179229c1d50, 0x00000179229bef60, 0x00000179229bf5f0, 0x00000179229c1030,
0x00000179229bfc80, 0x00000179229be8d0, 0x00000179229c23e0, 0x00000179229c2a70,
0x00000179229c0310, 0x00000179229c3100, 0x00000179229c3790, 0x00000179229c3e20,
0x00000179229c09a0, 0x00000179229c44b0, 0x00000179229c7930, 0x00000179229c7fc0,
0x00000179229c72a0, 0x00000179229c6580, 0x00000179229c4b40, 0x00000179229c8650,
0x00000179229c51d0, 0x00000179229c8ce0, 0x00000179229c5860, 0x00000179229c6c10,
0x00000179229c9370, 0x00000179229c5ef0, 0x00000179229cc7f0, 0x00000179229c9a00,
0x00000179229cd510, 0x00000179229ca090, 0x00000179229cadb0, 0x00000179229ca720,
0x00000179229cce80, 0x00000179229cdba0, 0x00000179229cb440, 0x00000179229cbad0,
0x00000179229cc160, 0x0000017922dbbef0, 0x0000017922dbd930, 0x0000017922dbfa00,
0x0000017922dbc580, 0x0000017922dc1ad0, 0x0000017922dc2e80, 0x0000017922dc0720,
0x0000017922dc2160, 0x0000017922dc3510, 0x0000017922dc27f0
}

Java Threads: ( => current thread )
  0x000001797e7a84a0 JavaThread "main"                              [_thread_blocked, id=6492, stack(0x0000005895000000,0x0000005895100000) (1024K)]
  0x00000179188e4080 JavaThread "Common-Cleaner"             daemon [_thread_blocked, id=10376, stack(0x0000005895800000,0x0000005895900000) (1024K)]
  0x00000179189017c0 JavaThread "Reference Handler"          daemon [_thread_blocked, id=25392, stack(0x0000005895900000,0x0000005895a00000) (1024K)]
  0x0000017918902220 JavaThread "Finalizer"                  daemon [_thread_blocked, id=2688, stack(0x0000005895a00000,0x0000005895b00000) (1024K)]
  0x000001791890ac70 JavaThread "Signal Dispatcher"          daemon [_thread_blocked, id=21344, stack(0x0000005895b00000,0x0000005895c00000) (1024K)]
  0x000001791890b6d0 JavaThread "Attach Listener"            daemon [_thread_blocked, id=32152, stack(0x0000005895c00000,0x0000005895d00000) (1024K)]
  0x000001791890c130 JavaThread "Service Thread"             daemon [_thread_blocked, id=24076, stack(0x0000005895d00000,0x0000005895e00000) (1024K)]
  0x000001791890cb90 JavaThread "Monitor Deflation Thread"   daemon [_thread_blocked, id=29712, stack(0x0000005895e00000,0x0000005895f00000) (1024K)]
  0x000001791890e930 JavaThread "C2 CompilerThread0"         daemon [_thread_blocked, id=17248, stack(0x0000005895f00000,0x0000005896000000) (1024K)]
  0x000001791890f3d0 JavaThread "C1 CompilerThread0"         daemon [_thread_blocked, id=22796, stack(0x0000005896000000,0x0000005896100000) (1024K)]
  0x0000017918c5dbd0 JavaThread "Notification Thread"        daemon [_thread_blocked, id=19888, stack(0x0000005896100000,0x0000005896200000) (1024K)]
  0x000001791dba7ba0 JavaThread "Daemon health stats"               [_thread_blocked, id=25620, stack(0x0000005896a00000,0x0000005896b00000) (1024K)]
  0x000001791e018370 JavaThread "Incoming local TCP Connector on port 58986"        [_thread_in_native, id=15312, stack(0x0000005896b00000,0x0000005896c00000) (1024K)]
  0x000001791de46fb0 JavaThread "Daemon periodic checks"            [_thread_blocked, id=21468, stack(0x0000005896c00000,0x0000005896d00000) (1024K)]
  0x000001791d33b310 JavaThread "Daemon"                            [_thread_blocked, id=12040, stack(0x0000005896d00000,0x0000005896e00000) (1024K)]
  0x000001791d977630 JavaThread "Handler for socket connection from /127.0.0.1:58986 to /127.0.0.1:58997"        [_thread_in_native, id=32584, stack(0x0000005896e00000,0x0000005896f00000) (1024K)]
  0x000001791ebbb2d0 JavaThread "Cancel handler"                    [_thread_blocked, id=36800, stack(0x0000005897200000,0x0000005897300000) (1024K)]
  0x000001791d7331d0 JavaThread "Daemon worker"                     [_thread_blocked, id=29300, stack(0x0000005897300000,0x0000005897400000) (1024K)]
  0x000001791e008ac0 JavaThread "Asynchronous log dispatcher for DefaultDaemonConnection: socket connection from /127.0.0.1:58986 to /127.0.0.1:58997"        [_thread_blocked, id=33844, stack(0x0000005897400000,0x0000005897500000) (1024K)]
  0x000001791e009e70 JavaThread "Stdin handler"                     [_thread_blocked, id=36216, stack(0x0000005897500000,0x0000005897600000) (1024K)]
  0x000001791e007da0 JavaThread "Daemon client event forwarder"        [_thread_blocked, id=33600, stack(0x0000005897600000,0x0000005897700000) (1024K)]
  0x000001791e008430 JavaThread "Cache worker for journal cache (C:\Users\Apoorv Rathore\AndroidStudioProjects\.gradle\caches\journal-1)"        [_thread_blocked, id=31996, stack(0x0000005897700000,0x0000005897800000) (1024K)]
  0x000001791e009150 JavaThread "File lock request listener"        [_thread_blocked, id=30232, stack(0x0000005897800000,0x0000005897900000) (1024K)]
  0x000001791e0097e0 JavaThread "File lock release action executor"        [_thread_blocked, id=28552, stack(0x0000005897900000,0x0000005897a00000) (1024K)]
  0x000001791e00a500 JavaThread "Cache worker for file hash cache (C:\Users\Apoorv Rathore\AndroidStudioProjects\.gradle\caches\8.13\fileHashes)"        [_thread_blocked, id=35932, stack(0x0000005897a00000,0x0000005897b00000) (1024K)]
  0x000001791e00b220 JavaThread "Cache worker for file hash cache (C:\Users\Apoorv Rathore\MySanjeevni\.gradle\8.13\fileHashes)"        [_thread_blocked, id=33588, stack(0x0000005897b00000,0x0000005897c00000) (1024K)]
  0x000001791f5f5860 JavaThread "Cache worker for Build Output Cleanup Cache (C:\Users\Apoorv Rathore\MySanjeevni\.gradle\buildOutputCleanup)"        [_thread_blocked, id=31944, stack(0x0000005897c00000,0x0000005897d00000) (1024K)]
  0x000001791f5f2a70 JavaThread "File watcher server"        daemon [_thread_in_native, id=1548, stack(0x0000005897d00000,0x0000005897e00000) (1024K)]
  0x000001791f5f23e0 JavaThread "File watcher consumer"      daemon [_thread_blocked, id=28040, stack(0x0000005897e00000,0x0000005897f00000) (1024K)]
  0x000001791f5f51d0 JavaThread "jar transforms"                    [_thread_blocked, id=27824, stack(0x0000005897f00000,0x0000005898000000) (1024K)]
  0x000001791f5f4b40 JavaThread "jar transforms Thread 2"           [_thread_blocked, id=13716, stack(0x0000005898000000,0x0000005898100000) (1024K)]
  0x000001791f5f6580 JavaThread "jar transforms Thread 3"           [_thread_blocked, id=24052, stack(0x0000005898100000,0x0000005898200000) (1024K)]
  0x000001791f5f44b0 JavaThread "jar transforms Thread 4"           [_thread_blocked, id=25452, stack(0x0000005898200000,0x0000005898300000) (1024K)]
  0x000001791f5f5ef0 JavaThread "jar transforms Thread 5"           [_thread_blocked, id=11736, stack(0x0000005898300000,0x0000005898400000) (1024K)]
  0x000001791f5f3e20 JavaThread "jar transforms Thread 6"           [_thread_blocked, id=21608, stack(0x0000005898400000,0x0000005898500000) (1024K)]
  0x000001791f5f3100 JavaThread "jar transforms Thread 7"           [_thread_blocked, id=2016, stack(0x0000005898500000,0x0000005898600000) (1024K)]
  0x000001791f5f6c10 JavaThread "jar transforms Thread 8"           [_thread_blocked, id=21612, stack(0x0000005898600000,0x0000005898700000) (1024K)]
  0x000001791f5f3790 JavaThread "jar transforms Thread 9"           [_thread_blocked, id=11196, stack(0x0000005898700000,0x0000005898800000) (1024K)]
  0x000001791f5f72a0 JavaThread "jar transforms Thread 10"          [_thread_blocked, id=15224, stack(0x0000005898800000,0x0000005898900000) (1024K)]
  0x000001791f5f7fc0 JavaThread "jar transforms Thread 11"          [_thread_blocked, id=12624, stack(0x0000005898900000,0x0000005898a00000) (1024K)]
  0x000001791f5f7930 JavaThread "jar transforms Thread 12"          [_thread_blocked, id=21724, stack(0x0000005898a00000,0x0000005898b00000) (1024K)]
  0x000001791f5f8ce0 JavaThread "Cache worker for checksums cache (C:\Users\Apoorv Rathore\MySanjeevni\.gradle\8.13\checksums)"        [_thread_blocked, id=8444, stack(0x0000005894e00000,0x0000005894f00000) (1024K)]
  0x000001791f5f8650 JavaThread "Cache worker for file content cache (C:\Users\Apoorv Rathore\AndroidStudioProjects\.gradle\caches\8.13\fileContent)"        [_thread_blocked, id=32548, stack(0x0000005894f00000,0x0000005895000000) (1024K)]
  0x000001791f5f9a00 JavaThread "Cache worker for cache directory md-supplier (C:\Users\Apoorv Rathore\AndroidStudioProjects\.gradle\caches\8.13\md-supplier)"        [_thread_blocked, id=25976, stack(0x0000005898b00000,0x0000005898c00000) (1024K)]
  0x000001792012dce0 JavaThread "Cache worker for cache directory md-rule (C:\Users\Apoorv Rathore\AndroidStudioProjects\.gradle\caches\8.13\md-rule)"        [_thread_blocked, id=34008, stack(0x0000005898c00000,0x0000005898d00000) (1024K)]
  0x000001792012f720 JavaThread "Unconstrained build operations"        [_thread_blocked, id=31484, stack(0x0000005898d00000,0x0000005898e00000) (1024K)]
  0x000001792012ea00 JavaThread "Unconstrained build operations Thread 2"        [_thread_blocked, id=9676, stack(0x0000005898e00000,0x0000005898f00000) (1024K)]
  0x0000017920130440 JavaThread "Unconstrained build operations Thread 3"        [_thread_blocked, id=25444, stack(0x0000005898f00000,0x0000005899000000) (1024K)]
  0x000001792012cfc0 JavaThread "Unconstrained build operations Thread 4"        [_thread_blocked, id=22184, stack(0x0000005899000000,0x0000005899100000) (1024K)]
  0x000001792012fdb0 JavaThread "Unconstrained build operations Thread 5"        [_thread_blocked, id=30724, stack(0x0000005894d00000,0x0000005894e00000) (1024K)]
  0x0000017920130ad0 JavaThread "Unconstrained build operations Thread 6"        [_thread_blocked, id=24836, stack(0x0000005899100000,0x0000005899200000) (1024K)]
  0x000001792012d650 JavaThread "Unconstrained build operations Thread 7"        [_thread_blocked, id=31844, stack(0x0000005899200000,0x0000005899300000) (1024K)]
  0x00000179201338c0 JavaThread "Unconstrained build operations Thread 8"        [_thread_blocked, id=13272, stack(0x0000005899300000,0x0000005899400000) (1024K)]
  0x0000017920133f50 JavaThread "Unconstrained build operations Thread 9"        [_thread_blocked, id=28312, stack(0x0000005899400000,0x0000005899500000) (1024K)]
  0x0000017920132510 JavaThread "Unconstrained build operations Thread 10"        [_thread_blocked, id=14636, stack(0x0000005899500000,0x0000005899600000) (1024K)]
  0x00000179201345e0 JavaThread "Unconstrained build operations Thread 11"        [_thread_blocked, id=33772, stack(0x0000005899600000,0x0000005899700000) (1024K)]
  0x0000017920132ba0 JavaThread "Unconstrained build operations Thread 12"        [_thread_blocked, id=1812, stack(0x0000005899700000,0x0000005899800000) (1024K)]
  0x0000017920133230 JavaThread "Unconstrained build operations Thread 13"        [_thread_blocked, id=10924, stack(0x0000005899800000,0x0000005899900000) (1024K)]
  0x0000017920131160 JavaThread "Unconstrained build operations Thread 14"        [_thread_blocked, id=35332, stack(0x0000005899900000,0x0000005899a00000) (1024K)]
  0x00000179201317f0 JavaThread "Unconstrained build operations Thread 15"        [_thread_blocked, id=24820, stack(0x0000005899a00000,0x0000005899b00000) (1024K)]
  0x0000017920131e80 JavaThread "Unconstrained build operations Thread 16"        [_thread_blocked, id=26140, stack(0x0000005899c00000,0x0000005899d00000) (1024K)]
  0x000001791e6a9150 JavaThread "Unconstrained build operations Thread 17"        [_thread_blocked, id=14148, stack(0x0000005899d00000,0x0000005899e00000) (1024K)]
  0x000001791e6a97e0 JavaThread "Unconstrained build operations Thread 18"        [_thread_blocked, id=3328, stack(0x0000005899e00000,0x0000005899f00000) (1024K)]
  0x000001791e6a8ac0 JavaThread "Unconstrained build operations Thread 19"        [_thread_blocked, id=12488, stack(0x0000005899f00000,0x000000589a000000) (1024K)]
  0x000001791e6aab90 JavaThread "Unconstrained build operations Thread 20"        [_thread_blocked, id=20060, stack(0x000000589a000000,0x000000589a100000) (1024K)]
  0x000001791e6ab8b0 JavaThread "Unconstrained build operations Thread 21"        [_thread_blocked, id=5760, stack(0x000000589a100000,0x000000589a200000) (1024K)]
  0x000001791e6abf40 JavaThread "Unconstrained build operations Thread 22"        [_thread_blocked, id=4280, stack(0x000000589a200000,0x000000589a300000) (1024K)]
  0x000001791e6a9e70 JavaThread "Unconstrained build operations Thread 23"        [_thread_blocked, id=28192, stack(0x000000589a300000,0x000000589a400000) (1024K)]
  0x000001791e6ad980 JavaThread "Unconstrained build operations Thread 24"        [_thread_blocked, id=20228, stack(0x000000589a400000,0x000000589a500000) (1024K)]
  0x000001791e6ad2f0 JavaThread "Unconstrained build operations Thread 25"        [_thread_blocked, id=16016, stack(0x000000589a500000,0x000000589a600000) (1024K)]
  0x000001791e6aa500 JavaThread "Unconstrained build operations Thread 26"        [_thread_blocked, id=7228, stack(0x000000589a600000,0x000000589a700000) (1024K)]
  0x000001791f782c30 JavaThread "Unconstrained build operations Thread 27"        [_thread_blocked, id=33352, stack(0x0000005899b00000,0x0000005899c00000) (1024K)]
  0x000001791f786740 JavaThread "Unconstrained build operations Thread 28"        [_thread_blocked, id=31472, stack(0x000000589a700000,0x000000589a800000) (1024K)]
  0x000001791f7832c0 JavaThread "Unconstrained build operations Thread 29"        [_thread_blocked, id=20696, stack(0x000000589a800000,0x000000589a900000) (1024K)]
  0x000001791f786dd0 JavaThread "Unconstrained build operations Thread 30"        [_thread_blocked, id=11444, stack(0x000000589a900000,0x000000589aa00000) (1024K)]
  0x000001791f788810 JavaThread "Unconstrained build operations Thread 31"        [_thread_blocked, id=15088, stack(0x000000589aa00000,0x000000589ab00000) (1024K)]
  0x000001791f788ea0 JavaThread "Unconstrained build operations Thread 32"        [_thread_blocked, id=19368, stack(0x000000589ab00000,0x000000589ac00000) (1024K)]
  0x000001791f787460 JavaThread "Unconstrained build operations Thread 33"        [_thread_blocked, id=30848, stack(0x000000589ac00000,0x000000589ad00000) (1024K)]
  0x000001791f789530 JavaThread "Unconstrained build operations Thread 34"        [_thread_blocked, id=30912, stack(0x000000589ad00000,0x000000589ae00000) (1024K)]
  0x000001791f788180 JavaThread "Unconstrained build operations Thread 35"        [_thread_blocked, id=35084, stack(0x000000589ae00000,0x000000589af00000) (1024K)]
  0x000001791f789bc0 JavaThread "Unconstrained build operations Thread 36"        [_thread_blocked, id=34576, stack(0x000000589af00000,0x000000589b000000) (1024K)]
  0x000001791f787af0 JavaThread "Unconstrained build operations Thread 37"        [_thread_blocked, id=28164, stack(0x000000589b000000,0x000000589b100000) (1024K)]
  0x000001791f78a250 JavaThread "Unconstrained build operations Thread 38"        [_thread_blocked, id=27632, stack(0x000000589b100000,0x000000589b200000) (1024K)]
  0x0000017921c2f990 JavaThread "Unconstrained build operations Thread 39"        [_thread_blocked, id=29236, stack(0x000000589b200000,0x000000589b300000) (1024K)]
  0x0000017921c31a60 JavaThread "Unconstrained build operations Thread 40"        [_thread_blocked, id=30596, stack(0x000000589b300000,0x000000589b400000) (1024K)]
  0x0000017921c32e10 JavaThread "Unconstrained build operations Thread 41"        [_thread_blocked, id=36256, stack(0x000000589b400000,0x000000589b500000) (1024K)]
  0x0000017921c334a0 JavaThread "Unconstrained build operations Thread 42"        [_thread_blocked, id=14028, stack(0x000000589b500000,0x000000589b600000) (1024K)]
  0x0000017921c32780 JavaThread "Unconstrained build operations Thread 43"        [_thread_blocked, id=10224, stack(0x000000589b600000,0x000000589b700000) (1024K)]
  0x0000017921c320f0 JavaThread "Unconstrained build operations Thread 44"        [_thread_blocked, id=18368, stack(0x000000589b700000,0x000000589b800000) (1024K)]
  0x0000017921c30020 JavaThread "Unconstrained build operations Thread 45"        [_thread_blocked, id=33192, stack(0x000000589b800000,0x000000589b900000) (1024K)]
  0x0000017921c33b30 JavaThread "Unconstrained build operations Thread 46"        [_thread_blocked, id=19464, stack(0x000000589b900000,0x000000589ba00000) (1024K)]
  0x0000017921c30d40 JavaThread "Unconstrained build operations Thread 47"        [_thread_blocked, id=2512, stack(0x000000589ba00000,0x000000589bb00000) (1024K)]
  0x0000017921c306b0 JavaThread "Unconstrained build operations Thread 48"        [_thread_blocked, id=34464, stack(0x000000589bb00000,0x000000589bc00000) (1024K)]
  0x0000017921c341c0 JavaThread "Unconstrained build operations Thread 49"        [_thread_blocked, id=16628, stack(0x000000589bd00000,0x000000589be00000) (1024K)]
  0x0000017921c34850 JavaThread "Unconstrained build operations Thread 50"        [_thread_blocked, id=3236, stack(0x000000589be00000,0x000000589bf00000) (1024K)]
  0x0000017921c313d0 JavaThread "Unconstrained build operations Thread 51"        [_thread_blocked, id=14624, stack(0x000000589bf00000,0x000000589c000000) (1024K)]
  0x0000017921c35570 JavaThread "Unconstrained build operations Thread 52"        [_thread_blocked, id=28608, stack(0x000000589c000000,0x000000589c100000) (1024K)]
  0x0000017921c34ee0 JavaThread "Unconstrained build operations Thread 53"        [_thread_blocked, id=29608, stack(0x000000589c100000,0x000000589c200000) (1024K)]
  0x0000017921c35c00 JavaThread "Unconstrained build operations Thread 54"        [_thread_blocked, id=32164, stack(0x000000589c200000,0x000000589c300000) (1024K)]
  0x0000017921c36fb0 JavaThread "Unconstrained build operations Thread 55"        [_thread_blocked, id=15020, stack(0x000000589c300000,0x000000589c400000) (1024K)]
  0x0000017921c36290 JavaThread "Unconstrained build operations Thread 56"        [_thread_blocked, id=10484, stack(0x000000589c400000,0x000000589c500000) (1024K)]
  0x0000017921c36920 JavaThread "Unconstrained build operations Thread 57"        [_thread_blocked, id=27644, stack(0x000000589c500000,0x000000589c600000) (1024K)]
  0x000001791f783fe0 JavaThread "Unconstrained build operations Thread 58"        [_thread_blocked, id=10072, stack(0x000000589c600000,0x000000589c700000) (1024K)]
  0x000001791f784670 JavaThread "Unconstrained build operations Thread 59"        [_thread_blocked, id=29904, stack(0x000000589c700000,0x000000589c800000) (1024K)]
  0x0000017921577cb0 JavaThread "Memory manager"                    [_thread_blocked, id=35888, stack(0x000000589bc00000,0x000000589bd00000) (1024K)]
  0x000001792294f2a0 JavaThread "pool-3-thread-1"                   [_thread_blocked, id=33356, stack(0x000000589c900000,0x000000589ca00000) (1024K)]
  0x0000017922950650 JavaThread "Execution worker"                  [_thread_blocked, id=10752, stack(0x000000589cb00000,0x000000589cc00000) (1024K)]
  0x0000017922950ce0 JavaThread "Execution worker Thread 2"         [_thread_blocked, id=15924, stack(0x000000589cc00000,0x000000589cd00000) (1024K)]
  0x0000017922951a00 JavaThread "Execution worker Thread 3"         [_thread_blocked, id=11596, stack(0x000000589cd00000,0x000000589ce00000) (1024K)]
  0x0000017922951370 JavaThread "Execution worker Thread 4"         [_thread_blocked, id=10984, stack(0x000000589ce00000,0x000000589cf00000) (1024K)]
  0x0000017922952090 JavaThread "Execution worker Thread 5"         [_thread_blocked, id=23176, stack(0x000000589cf00000,0x000000589d000000) (1024K)]
  0x000001792294ec10 JavaThread "Execution worker Thread 6"         [_thread_blocked, id=24204, stack(0x000000589d000000,0x000000589d100000) (1024K)]
  0x0000017922953ad0 JavaThread "Execution worker Thread 7"         [_thread_blocked, id=26408, stack(0x000000589d100000,0x000000589d200000) (1024K)]
  0x0000017922954160 JavaThread "Execution worker Thread 8"         [_thread_blocked, id=24544, stack(0x000000589d200000,0x000000589d300000) (1024K)]
  0x0000017922955510 JavaThread "Execution worker Thread 9"         [_thread_blocked, id=18740, stack(0x000000589d300000,0x000000589d400000) (1024K)]
  0x0000017922955ba0 JavaThread "Execution worker Thread 10"        [_thread_blocked, id=24000, stack(0x000000589d400000,0x000000589d500000) (1024K)]
  0x0000017922953440 JavaThread "Execution worker Thread 11"        [_thread_blocked, id=18564, stack(0x000000589d500000,0x000000589d600000) (1024K)]
  0x0000017922952720 JavaThread "Cache worker for execution history cache (C:\Users\Apoorv Rathore\MySanjeevni\.gradle\8.13\executionHistory)"        [_thread_blocked, id=9972, stack(0x000000589d600000,0x000000589d700000) (1024K)]
  0x0000017922db7030 JavaThread "Unconstrained build operations Thread 60"        [_thread_blocked, id=25316, stack(0x000000589d900000,0x000000589da00000) (1024K)]
  0x00000179215796f0 JavaThread "Unconstrained build operations Thread 61"        [_thread_blocked, id=35560, stack(0x000000589ca00000,0x000000589cb00000) (1024K)]
  0x000001792157be50 JavaThread "Unconstrained build operations Thread 62"        [_thread_blocked, id=34516, stack(0x000000589d800000,0x000000589d900000) (1024K)]
  0x0000017922db7d50 JavaThread "Unconstrained build operations Thread 63"        [_thread_blocked, id=18664, stack(0x000000589da00000,0x000000589db00000) (1024K)]
  0x0000017922db76c0 JavaThread "Unconstrained build operations Thread 64"        [_thread_blocked, id=14472, stack(0x000000589dc00000,0x000000589dd00000) (1024K)]
  0x0000017922dbab40 JavaThread "Unconstrained build operations Thread 65"        [_thread_blocked, id=16312, stack(0x000000589dd00000,0x000000589de00000) (1024K)]
  0x0000017922dbb860 JavaThread "Unconstrained build operations Thread 66"        [_thread_blocked, id=8968, stack(0x000000589de00000,0x000000589df00000) (1024K)]
  0x0000017922dbb1d0 JavaThread "Unconstrained build operations Thread 67"        [_thread_blocked, id=27108, stack(0x000000589df00000,0x000000589e000000) (1024K)]
  0x0000017922db83e0 JavaThread "Unconstrained build operations Thread 68"        [_thread_blocked, id=32816, stack(0x000000589e000000,0x000000589e100000) (1024K)]
  0x0000017922dbcc10 JavaThread "Unconstrained build operations Thread 69"        [_thread_blocked, id=35200, stack(0x000000589e100000,0x000000589e200000) (1024K)]
  0x0000017922dbdfc0 JavaThread "Unconstrained build operations Thread 70"        [_thread_blocked, id=25528, stack(0x000000589e200000,0x000000589e300000) (1024K)]
  0x0000017922dbf370 JavaThread "Unconstrained build operations Thread 71"        [_thread_blocked, id=32056, stack(0x000000589e300000,0x000000589e400000) (1024K)]
  0x0000017922dbd2a0 JavaThread "Unconstrained build operations Thread 72"        [_thread_blocked, id=12136, stack(0x000000589e400000,0x000000589e500000) (1024K)]
  0x0000017922dbe650 JavaThread "Unconstrained build operations Thread 73"        [_thread_blocked, id=19604, stack(0x000000589e500000,0x000000589e600000) (1024K)]
  0x00000179229c1d50 JavaThread "Unconstrained build operations Thread 74"        [_thread_blocked, id=37084, stack(0x000000589e600000,0x000000589e700000) (1024K)]
  0x00000179229bef60 JavaThread "Unconstrained build operations Thread 75"        [_thread_blocked, id=37088, stack(0x000000589e700000,0x000000589e800000) (1024K)]
  0x00000179229bf5f0 JavaThread "Unconstrained build operations Thread 76"        [_thread_blocked, id=37092, stack(0x000000589e800000,0x000000589e900000) (1024K)]
  0x00000179229c1030 JavaThread "Unconstrained build operations Thread 77"        [_thread_blocked, id=37096, stack(0x000000589e900000,0x000000589ea00000) (1024K)]
  0x00000179229bfc80 JavaThread "Unconstrained build operations Thread 78"        [_thread_blocked, id=37100, stack(0x000000589ea00000,0x000000589eb00000) (1024K)]
  0x00000179229be8d0 JavaThread "Unconstrained build operations Thread 79"        [_thread_blocked, id=37104, stack(0x000000589eb00000,0x000000589ec00000) (1024K)]
  0x00000179229c23e0 JavaThread "Unconstrained build operations Thread 80"        [_thread_blocked, id=37108, stack(0x000000589ec00000,0x000000589ed00000) (1024K)]
  0x00000179229c2a70 JavaThread "Unconstrained build operations Thread 81"        [_thread_blocked, id=37112, stack(0x000000589ed00000,0x000000589ee00000) (1024K)]
  0x00000179229c0310 JavaThread "Unconstrained build operations Thread 82"        [_thread_blocked, id=37116, stack(0x000000589ee00000,0x000000589ef00000) (1024K)]
  0x00000179229c3100 JavaThread "Unconstrained build operations Thread 83"        [_thread_blocked, id=37120, stack(0x000000589ef00000,0x000000589f000000) (1024K)]
  0x00000179229c3790 JavaThread "Unconstrained build operations Thread 84"        [_thread_blocked, id=37124, stack(0x000000589f000000,0x000000589f100000) (1024K)]
  0x00000179229c3e20 JavaThread "Unconstrained build operations Thread 85"        [_thread_blocked, id=37696, stack(0x000000589f100000,0x000000589f200000) (1024K)]
  0x00000179229c09a0 JavaThread "Unconstrained build operations Thread 86"        [_thread_blocked, id=37700, stack(0x000000589f200000,0x000000589f300000) (1024K)]
  0x00000179229c44b0 JavaThread "Unconstrained build operations Thread 87"        [_thread_blocked, id=37704, stack(0x000000589f300000,0x000000589f400000) (1024K)]
  0x00000179229c7930 JavaThread "Unconstrained build operations Thread 88"        [_thread_blocked, id=37708, stack(0x000000589f400000,0x000000589f500000) (1024K)]
  0x00000179229c7fc0 JavaThread "Unconstrained build operations Thread 89"        [_thread_blocked, id=37712, stack(0x000000589f500000,0x000000589f600000) (1024K)]
  0x00000179229c72a0 JavaThread "Unconstrained build operations Thread 90"        [_thread_blocked, id=37716, stack(0x000000589f600000,0x000000589f700000) (1024K)]
  0x00000179229c6580 JavaThread "Unconstrained build operations Thread 91"        [_thread_blocked, id=37720, stack(0x000000589f700000,0x000000589f800000) (1024K)]
  0x00000179229c4b40 JavaThread "Unconstrained build operations Thread 92"        [_thread_blocked, id=37724, stack(0x000000589f800000,0x000000589f900000) (1024K)]
  0x00000179229c8650 JavaThread "Unconstrained build operations Thread 93"        [_thread_blocked, id=37728, stack(0x000000589f900000,0x000000589fa00000) (1024K)]
  0x00000179229c51d0 JavaThread "Unconstrained build operations Thread 94"        [_thread_blocked, id=37732, stack(0x000000589fa00000,0x000000589fb00000) (1024K)]
  0x00000179229c8ce0 JavaThread "Unconstrained build operations Thread 95"        [_thread_blocked, id=37736, stack(0x000000589fb00000,0x000000589fc00000) (1024K)]
  0x00000179229c5860 JavaThread "Unconstrained build operations Thread 96"        [_thread_blocked, id=37836, stack(0x000000589fc00000,0x000000589fd00000) (1024K)]
  0x00000179229c6c10 JavaThread "Unconstrained build operations Thread 97"        [_thread_blocked, id=37840, stack(0x000000589fd00000,0x000000589fe00000) (1024K)]
  0x00000179229c9370 JavaThread "Unconstrained build operations Thread 98"        [_thread_blocked, id=37844, stack(0x000000589fe00000,0x000000589ff00000) (1024K)]
  0x00000179229c5ef0 JavaThread "Unconstrained build operations Thread 99"        [_thread_blocked, id=37848, stack(0x000000589ff00000,0x00000058a0000000) (1024K)]
  0x00000179229cc7f0 JavaThread "Unconstrained build operations Thread 100"        [_thread_blocked, id=37852, stack(0x00000058a0000000,0x00000058a0100000) (1024K)]
  0x00000179229c9a00 JavaThread "Unconstrained build operations Thread 101"        [_thread_blocked, id=37856, stack(0x00000058a0100000,0x00000058a0200000) (1024K)]
  0x00000179229cd510 JavaThread "Unconstrained build operations Thread 102"        [_thread_blocked, id=37860, stack(0x00000058a0200000,0x00000058a0300000) (1024K)]
  0x00000179229ca090 JavaThread "Unconstrained build operations Thread 103"        [_thread_blocked, id=37864, stack(0x00000058a0300000,0x00000058a0400000) (1024K)]
  0x00000179229cadb0 JavaThread "Unconstrained build operations Thread 104"        [_thread_blocked, id=37868, stack(0x00000058a0400000,0x00000058a0500000) (1024K)]
  0x00000179229ca720 JavaThread "Unconstrained build operations Thread 105"        [_thread_blocked, id=37872, stack(0x00000058a0500000,0x00000058a0600000) (1024K)]
  0x00000179229cce80 JavaThread "Unconstrained build operations Thread 106"        [_thread_blocked, id=37876, stack(0x00000058a0600000,0x00000058a0700000) (1024K)]
  0x00000179229cdba0 JavaThread "Unconstrained build operations Thread 107"        [_thread_blocked, id=37880, stack(0x00000058a0700000,0x00000058a0800000) (1024K)]
  0x00000179229cb440 JavaThread "Unconstrained build operations Thread 108"        [_thread_blocked, id=37884, stack(0x00000058a0800000,0x00000058a0900000) (1024K)]
  0x00000179229cbad0 JavaThread "Unconstrained build operations Thread 109"        [_thread_blocked, id=17352, stack(0x00000058a0900000,0x00000058a0a00000) (1024K)]
  0x00000179229cc160 JavaThread "Unconstrained build operations Thread 110"        [_thread_blocked, id=24352, stack(0x00000058a0a00000,0x00000058a0b00000) (1024K)]
  0x0000017922dbbef0 JavaThread "Unconstrained build operations Thread 111"        [_thread_blocked, id=28176, stack(0x00000058a0b00000,0x00000058a0c00000) (1024K)]
  0x0000017922dbd930 JavaThread "Unconstrained build operations Thread 112"        [_thread_blocked, id=9844, stack(0x00000058a0c00000,0x00000058a0d00000) (1024K)]
  0x0000017922dbfa00 JavaThread "Unconstrained build operations Thread 113"        [_thread_blocked, id=36876, stack(0x00000058a0d00000,0x00000058a0e00000) (1024K)]
  0x0000017922dbc580 JavaThread "Unconstrained build operations Thread 114"        [_thread_blocked, id=508, stack(0x00000058a0e00000,0x00000058a0f00000) (1024K)]
  0x0000017922dc1ad0 JavaThread "Unconstrained build operations Thread 115"        [_thread_blocked, id=36912, stack(0x00000058a0f00000,0x00000058a1000000) (1024K)]
  0x0000017922dc2e80 JavaThread "Unconstrained build operations Thread 116"        [_thread_blocked, id=36900, stack(0x00000058a1000000,0x00000058a1100000) (1024K)]
  0x0000017922dc0720 JavaThread "Unconstrained build operations Thread 117"        [_thread_blocked, id=20460, stack(0x000000589db00000,0x000000589dc00000) (1024K)]
  0x0000017922dc2160 JavaThread "Unconstrained build operations Thread 118"        [_thread_blocked, id=23796, stack(0x00000058a1100000,0x00000058a1200000) (1024K)]
  0x0000017922dc3510 JavaThread "Unconstrained build operations Thread 119"        [_thread_blocked, id=22532, stack(0x00000058a1200000,0x00000058a1300000) (1024K)]
  0x0000017922dc27f0 JavaThread "Unconstrained build operations Thread 120"        [_thread_blocked, id=35664, stack(0x00000058a1300000,0x00000058a1400000) (1024K)]
Total: 179

Other Threads:
=>0x000001791886b820 VMThread "VM Thread"                           [id=5480, stack(0x0000005895700000,0x0000005895800000) (1024K)]
  0x00000179186c83b0 WatcherThread "VM Periodic Task Thread"        [id=29372, stack(0x0000005895600000,0x0000005895700000) (1024K)]
  0x000001797f726140 WorkerThread "GC Thread#0"                     [id=13036, stack(0x0000005895100000,0x0000005895200000) (1024K)]
  0x000001791d0cb600 WorkerThread "GC Thread#1"                     [id=18336, stack(0x0000005896200000,0x0000005896300000) (1024K)]
  0x000001791d0de430 WorkerThread "GC Thread#2"                     [id=27048, stack(0x0000005896300000,0x0000005896400000) (1024K)]
  0x000001791d388210 WorkerThread "GC Thread#3"                     [id=27800, stack(0x0000005896400000,0x0000005896500000) (1024K)]
  0x000001791d1ef310 WorkerThread "GC Thread#4"                     [id=32296, stack(0x0000005896500000,0x0000005896600000) (1024K)]
  0x000001791e3654a0 WorkerThread "GC Thread#5"                     [id=34048, stack(0x0000005896600000,0x0000005896700000) (1024K)]
  0x000001791e1db4e0 WorkerThread "GC Thread#6"                     [id=9692, stack(0x0000005896700000,0x0000005896800000) (1024K)]
  0x000001791e1db890 WorkerThread "GC Thread#7"                     [id=36020, stack(0x0000005896800000,0x0000005896900000) (1024K)]
  0x000001791e75d7d0 WorkerThread "GC Thread#8"                     [id=20328, stack(0x0000005896900000,0x0000005896a00000) (1024K)]
  0x000001791de3a3b0 WorkerThread "GC Thread#9"                     [id=5408, stack(0x0000005896f00000,0x0000005897000000) (1024K)]
  0x000001797f737040 ConcurrentGCThread "G1 Main Marker"            [id=31080, stack(0x0000005895200000,0x0000005895300000) (1024K)]
  0x000001797f738a70 WorkerThread "G1 Conc#0"                       [id=14652, stack(0x0000005895300000,0x0000005895400000) (1024K)]
  0x000001791de3b9d0 WorkerThread "G1 Conc#1"                       [id=12520, stack(0x0000005897000000,0x0000005897100000) (1024K)]
  0x000001791de3bd80 WorkerThread "G1 Conc#2"                       [id=31756, stack(0x0000005897100000,0x0000005897200000) (1024K)]
  0x0000017918599e80 ConcurrentGCThread "G1 Refine#0"               [id=1244, stack(0x0000005895400000,0x0000005895500000) (1024K)]
  0x000001791859b7c0 ConcurrentGCThread "G1 Service"                [id=29380, stack(0x0000005895500000,0x0000005895600000) (1024K)]
Total: 18

Threads with active compile tasks:
Total: 0

VM state: at safepoint (normal execution)

VM Mutex/Monitor currently owned by a thread:  ([mutex/lock_event])
[0x00007ff8e09586d0] Threads_lock - owner thread: 0x000001791886b820
[0x00007ff8e09587d0] Heap_lock - owner thread: 0x000001797f737040

Heap address: 0x0000000080000000, size: 2048 MB, Compressed Oops mode: 32-bit

CDS archive(s) not mapped
Compressed class space mapped at: 0x0000000100000000-0x0000000140000000, reserved size: 1073741824
Narrow klass base: 0x0000000000000000, Narrow klass shift: 3, Narrow klass range: 0x140000000

GC Precious Log:
 CardTable entry size: 512
 Card Set container configuration: InlinePtr #cards 5 size 8 Array Of Cards #cards 12 size 40 Howl #buckets 4 coarsen threshold 1843 Howl Bitmap #cards 512 size 80 coarsen threshold 460 Card regions per heap region 1 cards per card region 2048
 CPUs: 12 total, 12 available
 Memory: 7563M
 Large Page Support: Disabled
 NUMA Support: Disabled
 Compressed Oops: Enabled (32-bit)
 Heap Region Size: 1M
 Heap Min Capacity: 8M
 Heap Initial Capacity: 120M
 Heap Max Capacity: 2G
 Pre-touch: Disabled
 Parallel Workers: 10
 Concurrent Workers: 3
 Concurrent Refinement Workers: 10
 Periodic GC: Disabled

Heap:
 garbage-first heap   total 296960K, used 190242K [0x0000000080000000, 0x0000000100000000)
  region size 1024K, 6 young (6144K), 2 survivors (2048K)
 Metaspace       used 148696K, committed 151104K, reserved 1179648K
  class space    used 20284K, committed 21504K, reserved 1048576K

Heap Regions: E=young(eden), S=young(survivor), O=old, HS=humongous(starts), HC=humongous(continues), CS=collection set, F=free, TAMS=top-at-mark-start, PB=parsable bottom
|   0|0x0000000080000000, 0x0000000080100000, 0x0000000080100000|100%|HS|  |TAMS 0x0000000080100000| PB 0x0000000080000000| Complete 
|   1|0x0000000080100000, 0x0000000080200000, 0x0000000080200000|100%|HC|  |TAMS 0x0000000080200000| PB 0x0000000080100000| Complete 
|   2|0x0000000080200000, 0x0000000080300000, 0x0000000080300000|100%|HC|  |TAMS 0x0000000080300000| PB 0x0000000080200000| Complete 
|   3|0x0000000080300000, 0x0000000080400000, 0x0000000080400000|100%| O|  |TAMS 0x0000000080400000| PB 0x0000000080400000| Untracked 
|   4|0x0000000080400000, 0x0000000080500000, 0x0000000080500000|100%| O|  |TAMS 0x0000000080500000| PB 0x0000000080500000| Untracked 
|   5|0x0000000080500000, 0x0000000080600000, 0x0000000080600000|100%| O|  |TAMS 0x0000000080600000| PB 0x0000000080600000| Updating 
|   6|0x0000000080600000, 0x0000000080700000, 0x0000000080700000|100%|HS|  |TAMS 0x0000000080700000| PB 0x0000000080600000| Complete 
|   7|0x0000000080700000, 0x0000000080800000, 0x0000000080800000|100%| O|  |TAMS 0x0000000080800000| PB 0x0000000080800000| Untracked 
|   8|0x0000000080800000, 0x0000000080900000, 0x0000000080900000|100%| O|  |TAMS 0x0000000080900000| PB 0x0000000080900000| Untracked 
|   9|0x0000000080900000, 0x0000000080a00000, 0x0000000080a00000|100%| O|  |TAMS 0x0000000080a00000| PB 0x0000000080a00000| Untracked 
|  10|0x0000000080a00000, 0x0000000080b00000, 0x0000000080b00000|100%| O|  |TAMS 0x0000000080b00000| PB 0x0000000080b00000| Untracked 
|  11|0x0000000080b00000, 0x0000000080c00000, 0x0000000080c00000|100%| O|  |TAMS 0x0000000080c00000| PB 0x0000000080c00000| Untracked 
|  12|0x0000000080c00000, 0x0000000080d00000, 0x0000000080d00000|100%| O|  |TAMS 0x0000000080d00000| PB 0x0000000080d00000| Updating 
|  13|0x0000000080d00000, 0x0000000080e00000, 0x0000000080e00000|100%| O|  |TAMS 0x0000000080e00000| PB 0x0000000080e00000| Untracked 
|  14|0x0000000080e00000, 0x0000000080f00000, 0x0000000080f00000|100%| O|  |TAMS 0x0000000080f00000| PB 0x0000000080f00000| Untracked 
|  15|0x0000000080f00000, 0x0000000081000000, 0x0000000081000000|100%| O|  |TAMS 0x0000000081000000| PB 0x0000000081000000| Untracked 
|  16|0x0000000081000000, 0x0000000081100000, 0x0000000081100000|100%| O|  |TAMS 0x0000000081100000| PB 0x0000000081100000| Untracked 
|  17|0x0000000081100000, 0x0000000081200000, 0x0000000081200000|100%| O|  |TAMS 0x0000000081200000| PB 0x0000000081200000| Untracked 
|  18|0x0000000081200000, 0x0000000081300000, 0x0000000081300000|100%| O|  |TAMS 0x0000000081300000| PB 0x0000000081300000| Untracked 
|  19|0x0000000081300000, 0x0000000081400000, 0x0000000081400000|100%| O|  |TAMS 0x0000000081400000| PB 0x0000000081400000| Untracked 
|  20|0x0000000081400000, 0x0000000081500000, 0x0000000081500000|100%| O|  |TAMS 0x0000000081500000| PB 0x0000000081500000| Updating 
|  21|0x0000000081500000, 0x0000000081600000, 0x0000000081600000|100%| O|  |TAMS 0x0000000081600000| PB 0x0000000081600000| Updating 
|  22|0x0000000081600000, 0x0000000081700000, 0x0000000081700000|100%| O|  |TAMS 0x0000000081700000| PB 0x0000000081700000| Untracked 
|  23|0x0000000081700000, 0x0000000081800000, 0x0000000081800000|100%|HS|  |TAMS 0x0000000081800000| PB 0x0000000081700000| Complete 
|  24|0x0000000081800000, 0x0000000081900000, 0x0000000081900000|100%|HC|  |TAMS 0x0000000081900000| PB 0x0000000081800000| Complete 
|  25|0x0000000081900000, 0x0000000081a00000, 0x0000000081a00000|100%|HC|  |TAMS 0x0000000081a00000| PB 0x0000000081900000| Complete 
|  26|0x0000000081a00000, 0x0000000081b00000, 0x0000000081b00000|100%|HC|  |TAMS 0x0000000081b00000| PB 0x0000000081a00000| Complete 
|  27|0x0000000081b00000, 0x0000000081c00000, 0x0000000081c00000|100%|HC|  |TAMS 0x0000000081c00000| PB 0x0000000081b00000| Complete 
|  28|0x0000000081c00000, 0x0000000081d00000, 0x0000000081d00000|100%|HC|  |TAMS 0x0000000081d00000| PB 0x0000000081c00000| Complete 
|  29|0x0000000081d00000, 0x0000000081e00000, 0x0000000081e00000|100%|HS|  |TAMS 0x0000000081e00000| PB 0x0000000081d00000| Complete 
|  30|0x0000000081e00000, 0x0000000081f00000, 0x0000000081f00000|100%|HC|  |TAMS 0x0000000081f00000| PB 0x0000000081e00000| Complete 
|  31|0x0000000081f00000, 0x0000000082000000, 0x0000000082000000|100%|HS|  |TAMS 0x0000000082000000| PB 0x0000000081f00000| Complete 
|  32|0x0000000082000000, 0x0000000082100000, 0x0000000082100000|100%|HS|  |TAMS 0x0000000082100000| PB 0x0000000082000000| Complete 
|  33|0x0000000082100000, 0x0000000082200000, 0x0000000082200000|100%|HC|  |TAMS 0x0000000082200000| PB 0x0000000082100000| Complete 
|  34|0x0000000082200000, 0x0000000082300000, 0x0000000082300000|100%|HC|  |TAMS 0x0000000082300000| PB 0x0000000082200000| Complete 
|  35|0x0000000082300000, 0x0000000082400000, 0x0000000082400000|100%|HC|  |TAMS 0x0000000082400000| PB 0x0000000082300000| Complete 
|  36|0x0000000082400000, 0x0000000082500000, 0x0000000082500000|100%|HC|  |TAMS 0x0000000082500000| PB 0x0000000082400000| Complete 
|  37|0x0000000082500000, 0x0000000082600000, 0x0000000082600000|100%|HC|  |TAMS 0x0000000082600000| PB 0x0000000082500000| Complete 
|  38|0x0000000082600000, 0x0000000082700000, 0x0000000082700000|100%|HS|  |TAMS 0x0000000082700000| PB 0x0000000082600000| Complete 
|  39|0x0000000082700000, 0x0000000082800000, 0x0000000082800000|100%|HC|  |TAMS 0x0000000082800000| PB 0x0000000082700000| Complete 
|  40|0x0000000082800000, 0x0000000082900000, 0x0000000082900000|100%|HS|  |TAMS 0x0000000082900000| PB 0x0000000082800000| Complete 
|  41|0x0000000082900000, 0x0000000082a00000, 0x0000000082a00000|100%| O|  |TAMS 0x0000000082a00000| PB 0x0000000082a00000| Untracked 
|  42|0x0000000082a00000, 0x0000000082b00000, 0x0000000082b00000|100%| O|  |TAMS 0x0000000082b00000| PB 0x0000000082b00000| Untracked 
|  43|0x0000000082b00000, 0x0000000082c00000, 0x0000000082c00000|100%| O|  |TAMS 0x0000000082c00000| PB 0x0000000082c00000| Untracked 
|  44|0x0000000082c00000, 0x0000000082d00000, 0x0000000082d00000|100%| O|  |TAMS 0x0000000082d00000| PB 0x0000000082d00000| Untracked 
|  45|0x0000000082d00000, 0x0000000082e00000, 0x0000000082e00000|100%| O|  |TAMS 0x0000000082e00000| PB 0x0000000082e00000| Untracked 
|  46|0x0000000082e00000, 0x0000000082f00000, 0x0000000082f00000|100%| O|  |TAMS 0x0000000082f00000| PB 0x0000000082f00000| Untracked 
|  47|0x0000000082f00000, 0x0000000083000000, 0x0000000083000000|100%| O|  |TAMS 0x0000000083000000| PB 0x0000000083000000| Untracked 
|  48|0x0000000083000000, 0x0000000083100000, 0x0000000083100000|100%| O|  |TAMS 0x0000000083100000| PB 0x0000000083100000| Untracked 
|  49|0x0000000083100000, 0x0000000083200000, 0x0000000083200000|100%| O|  |TAMS 0x0000000083200000| PB 0x0000000083200000| Untracked 
|  50|0x0000000083200000, 0x0000000083300000, 0x0000000083300000|100%| O|  |TAMS 0x0000000083300000| PB 0x0000000083300000| Untracked 
|  51|0x0000000083300000, 0x0000000083400000, 0x0000000083400000|100%| O|  |TAMS 0x0000000083400000| PB 0x0000000083400000| Updating 
|  52|0x0000000083400000, 0x0000000083500000, 0x0000000083500000|100%| O|  |TAMS 0x0000000083500000| PB 0x0000000083500000| Untracked 
|  53|0x0000000083500000, 0x0000000083600000, 0x0000000083600000|100%|HS|  |TAMS 0x0000000083600000| PB 0x0000000083500000| Complete 
|  54|0x0000000083600000, 0x0000000083700000, 0x0000000083700000|100%|HC|  |TAMS 0x0000000083700000| PB 0x0000000083600000| Complete 
|  55|0x0000000083700000, 0x0000000083800000, 0x0000000083800000|100%| O|  |TAMS 0x0000000083800000| PB 0x0000000083800000| Updating 
|  56|0x0000000083800000, 0x0000000083900000, 0x0000000083900000|100%| O|  |TAMS 0x0000000083900000| PB 0x0000000083900000| Untracked 
|  57|0x0000000083900000, 0x0000000083a00000, 0x0000000083a00000|100%| O|  |TAMS 0x0000000083a00000| PB 0x0000000083a00000| Untracked 
|  58|0x0000000083a00000, 0x0000000083b00000, 0x0000000083b00000|100%| O|  |TAMS 0x0000000083b00000| PB 0x0000000083b00000| Untracked 
|  59|0x0000000083b00000, 0x0000000083c00000, 0x0000000083c00000|100%| O|  |TAMS 0x0000000083c00000| PB 0x0000000083c00000| Untracked 
|  60|0x0000000083c00000, 0x0000000083d00000, 0x0000000083d00000|100%| O|  |TAMS 0x0000000083d00000| PB 0x0000000083d00000| Untracked 
|  61|0x0000000083d00000, 0x0000000083e00000, 0x0000000083e00000|100%| O|  |TAMS 0x0000000083e00000| PB 0x0000000083e00000| Untracked 
|  62|0x0000000083e00000, 0x0000000083f00000, 0x0000000083f00000|100%| O|  |TAMS 0x0000000083f00000| PB 0x0000000083f00000| Untracked 
|  63|0x0000000083f00000, 0x0000000084000000, 0x0000000084000000|100%| O|  |TAMS 0x0000000084000000| PB 0x0000000084000000| Untracked 
|  64|0x0000000084000000, 0x0000000084100000, 0x0000000084100000|100%| O|  |TAMS 0x0000000084100000| PB 0x0000000084100000| Updating 
|  65|0x0000000084100000, 0x0000000084200000, 0x0000000084200000|100%| O|  |TAMS 0x0000000084200000| PB 0x0000000084200000| Untracked 
|  66|0x0000000084200000, 0x0000000084300000, 0x0000000084300000|100%| O|  |TAMS 0x0000000084300000| PB 0x0000000084300000| Untracked 
|  67|0x0000000084300000, 0x0000000084400000, 0x0000000084400000|100%| O|  |TAMS 0x0000000084400000| PB 0x0000000084400000| Untracked 
|  68|0x0000000084400000, 0x0000000084500000, 0x0000000084500000|100%| O|  |TAMS 0x0000000084500000| PB 0x0000000084500000| Untracked 
|  69|0x0000000084500000, 0x0000000084600000, 0x0000000084600000|100%| O|  |TAMS 0x0000000084600000| PB 0x0000000084600000| Untracked 
|  70|0x0000000084600000, 0x0000000084700000, 0x0000000084700000|100%| O|  |TAMS 0x0000000084700000| PB 0x0000000084700000| Untracked 
|  71|0x0000000084700000, 0x0000000084800000, 0x0000000084800000|100%| O|  |TAMS 0x0000000084800000| PB 0x0000000084800000| Updating 
|  72|0x0000000084800000, 0x0000000084900000, 0x0000000084900000|100%| O|  |TAMS 0x0000000084900000| PB 0x0000000084900000| Updating 
|  73|0x0000000084900000, 0x0000000084a00000, 0x0000000084a00000|100%| O|  |TAMS 0x0000000084a00000| PB 0x0000000084a00000| Updating 
|  74|0x0000000084a00000, 0x0000000084b00000, 0x0000000084b00000|100%| O|  |TAMS 0x0000000084b00000| PB 0x0000000084b00000| Untracked 
|  75|0x0000000084b00000, 0x0000000084c00000, 0x0000000084c00000|100%| O|  |TAMS 0x0000000084c00000| PB 0x0000000084c00000| Untracked 
|  76|0x0000000084c00000, 0x0000000084d00000, 0x0000000084d00000|100%| O|  |TAMS 0x0000000084d00000| PB 0x0000000084d00000| Updating 
|  77|0x0000000084d00000, 0x0000000084e00000, 0x0000000084e00000|100%|HS|  |TAMS 0x0000000084e00000| PB 0x0000000084d00000| Complete 
|  78|0x0000000084e00000, 0x0000000084f00000, 0x0000000084f00000|100%|HS|  |TAMS 0x0000000084f00000| PB 0x0000000084e00000| Complete 
|  79|0x0000000084f00000, 0x0000000085000000, 0x0000000085000000|100%|HS|  |TAMS 0x0000000085000000| PB 0x0000000084f00000| Complete 
|  80|0x0000000085000000, 0x0000000085100000, 0x0000000085100000|100%|HC|  |TAMS 0x0000000085100000| PB 0x0000000085000000| Complete 
|  81|0x0000000085100000, 0x0000000085200000, 0x0000000085200000|100%|HS|  |TAMS 0x0000000085200000| PB 0x0000000085100000| Complete 
|  82|0x0000000085200000, 0x0000000085300000, 0x0000000085300000|100%|HC|  |TAMS 0x0000000085300000| PB 0x0000000085200000| Complete 
|  83|0x0000000085300000, 0x0000000085400000, 0x0000000085400000|100%|HS|  |TAMS 0x0000000085400000| PB 0x0000000085300000| Complete 
|  84|0x0000000085400000, 0x0000000085500000, 0x0000000085500000|100%|HC|  |TAMS 0x0000000085500000| PB 0x0000000085400000| Complete 
|  85|0x0000000085500000, 0x0000000085600000, 0x0000000085600000|100%|HC|  |TAMS 0x0000000085600000| PB 0x0000000085500000| Complete 
|  86|0x0000000085600000, 0x0000000085700000, 0x0000000085700000|100%|HS|  |TAMS 0x0000000085700000| PB 0x0000000085600000| Complete 
|  87|0x0000000085700000, 0x0000000085800000, 0x0000000085800000|100%|HS|  |TAMS 0x0000000085800000| PB 0x0000000085700000| Complete 
|  88|0x0000000085800000, 0x0000000085900000, 0x0000000085900000|100%|HS|  |TAMS 0x0000000085900000| PB 0x0000000085800000| Complete 
|  89|0x0000000085900000, 0x0000000085a00000, 0x0000000085a00000|100%|HS|  |TAMS 0x0000000085a00000| PB 0x0000000085900000| Complete 
|  90|0x0000000085a00000, 0x0000000085b00000, 0x0000000085b00000|100%|HS|  |TAMS 0x0000000085b00000| PB 0x0000000085a00000| Complete 
|  91|0x0000000085b00000, 0x0000000085c00000, 0x0000000085c00000|100%| O|  |TAMS 0x0000000085c00000| PB 0x0000000085c00000| Untracked 
|  92|0x0000000085c00000, 0x0000000085d00000, 0x0000000085d00000|100%| O|  |TAMS 0x0000000085d00000| PB 0x0000000085d00000| Untracked 
|  93|0x0000000085d00000, 0x0000000085e00000, 0x0000000085e00000|100%| O|  |TAMS 0x0000000085e00000| PB 0x0000000085e00000| Untracked 
|  94|0x0000000085e00000, 0x0000000085f00000, 0x0000000085f00000|100%| O|  |TAMS 0x0000000085f00000| PB 0x0000000085f00000| Untracked 
|  95|0x0000000085f00000, 0x0000000086000000, 0x0000000086000000|100%| O|  |TAMS 0x0000000086000000| PB 0x0000000086000000| Untracked 
|  96|0x0000000086000000, 0x0000000086100000, 0x0000000086100000|100%| O|  |TAMS 0x0000000086100000| PB 0x0000000086100000| Untracked 
|  97|0x0000000086100000, 0x0000000086200000, 0x0000000086200000|100%| O|  |TAMS 0x0000000086200000| PB 0x0000000086200000| Untracked 
|  98|0x0000000086200000, 0x0000000086300000, 0x0000000086300000|100%| O|  |TAMS 0x0000000086300000| PB 0x0000000086300000| Untracked 
|  99|0x0000000086300000, 0x0000000086400000, 0x0000000086400000|100%| O|  |TAMS 0x0000000086400000| PB 0x0000000086400000| Untracked 
| 100|0x0000000086400000, 0x0000000086500000, 0x0000000086500000|100%| O|  |TAMS 0x0000000086500000| PB 0x0000000086500000| Untracked 
| 101|0x0000000086500000, 0x0000000086600000, 0x0000000086600000|100%|HS|  |TAMS 0x0000000086600000| PB 0x0000000086500000| Complete 
| 102|0x0000000086600000, 0x0000000086700000, 0x0000000086700000|100%|HC|  |TAMS 0x0000000086700000| PB 0x0000000086600000| Complete 
| 103|0x0000000086700000, 0x0000000086800000, 0x0000000086800000|100%|HC|  |TAMS 0x0000000086800000| PB 0x0000000086700000| Complete 
| 104|0x0000000086800000, 0x0000000086900000, 0x0000000086900000|100%| O|  |TAMS 0x0000000086900000| PB 0x0000000086900000| Untracked 
| 105|0x0000000086900000, 0x0000000086a00000, 0x0000000086a00000|100%| O|  |TAMS 0x0000000086a00000| PB 0x0000000086a00000| Untracked 
| 106|0x0000000086a00000, 0x0000000086b00000, 0x0000000086b00000|100%| O|  |TAMS 0x0000000086b00000| PB 0x0000000086b00000| Untracked 
| 107|0x0000000086b00000, 0x0000000086c00000, 0x0000000086c00000|100%| O|  |TAMS 0x0000000086c00000| PB 0x0000000086c00000| Untracked 
| 108|0x0000000086c00000, 0x0000000086d00000, 0x0000000086d00000|100%| O|  |TAMS 0x0000000086d00000| PB 0x0000000086d00000| Untracked 
| 109|0x0000000086d00000, 0x0000000086e00000, 0x0000000086e00000|100%| O|  |TAMS 0x0000000086e00000| PB 0x0000000086e00000| Untracked 
| 110|0x0000000086e00000, 0x0000000086f00000, 0x0000000086f00000|100%|HS|  |TAMS 0x0000000086f00000| PB 0x0000000086e00000| Complete 
| 111|0x0000000086f00000, 0x0000000087000000, 0x0000000087000000|100%| O|  |TAMS 0x0000000087000000| PB 0x0000000087000000| Untracked 
| 112|0x0000000087000000, 0x0000000087100000, 0x0000000087100000|100%| O|  |TAMS 0x0000000087100000| PB 0x0000000087100000| Untracked 
| 113|0x0000000087100000, 0x0000000087200000, 0x0000000087200000|100%| O|  |TAMS 0x0000000087200000| PB 0x0000000087200000| Untracked 
| 114|0x0000000087200000, 0x0000000087300000, 0x0000000087300000|100%| O|  |TAMS 0x0000000087300000| PB 0x0000000087300000| Untracked 
| 115|0x0000000087300000, 0x0000000087400000, 0x0000000087400000|100%| O|  |TAMS 0x0000000087400000| PB 0x0000000087400000| Untracked 
| 116|0x0000000087400000, 0x0000000087500000, 0x0000000087500000|100%| O|  |TAMS 0x0000000087500000| PB 0x0000000087500000| Untracked 
| 117|0x0000000087500000, 0x0000000087600000, 0x0000000087600000|100%| O|  |TAMS 0x0000000087600000| PB 0x0000000087600000| Updating 
| 118|0x0000000087600000, 0x0000000087700000, 0x0000000087700000|100%| O|  |TAMS 0x0000000087700000| PB 0x0000000087700000| Untracked 
| 119|0x0000000087700000, 0x0000000087800000, 0x0000000087800000|100%| O|  |TAMS 0x0000000087800000| PB 0x0000000087800000| Untracked 
| 120|0x0000000087800000, 0x0000000087900000, 0x0000000087900000|100%| O|  |TAMS 0x0000000087900000| PB 0x0000000087900000| Untracked 
| 121|0x0000000087900000, 0x0000000087a00000, 0x0000000087a00000|100%| O|  |TAMS 0x0000000087a00000| PB 0x0000000087a00000| Untracked 
| 122|0x0000000087a00000, 0x0000000087b00000, 0x0000000087b00000|100%|HS|  |TAMS 0x0000000087b00000| PB 0x0000000087a00000| Complete 
| 123|0x0000000087b00000, 0x0000000087c00000, 0x0000000087c00000|100%|HC|  |TAMS 0x0000000087c00000| PB 0x0000000087b00000| Complete 
| 124|0x0000000087c00000, 0x0000000087d00000, 0x0000000087d00000|100%| O|  |TAMS 0x0000000087d00000| PB 0x0000000087d00000| Untracked 
| 125|0x0000000087d00000, 0x0000000087e00000, 0x0000000087e00000|100%| O|  |TAMS 0x0000000087e00000| PB 0x0000000087e00000| Updating 
| 126|0x0000000087e00000, 0x0000000087f00000, 0x0000000087f00000|100%| O|  |TAMS 0x0000000087f00000| PB 0x0000000087f00000| Untracked 
| 127|0x0000000087f00000, 0x0000000088000000, 0x0000000088000000|100%| O|  |TAMS 0x0000000088000000| PB 0x0000000088000000| Untracked 
| 128|0x0000000088000000, 0x0000000088100000, 0x0000000088100000|100%| O|  |TAMS 0x0000000088100000| PB 0x0000000088100000| Untracked 
| 129|0x0000000088100000, 0x0000000088200000, 0x0000000088200000|100%| O|  |TAMS 0x0000000088200000| PB 0x0000000088200000| Untracked 
| 130|0x0000000088200000, 0x0000000088300000, 0x0000000088300000|100%| O|  |TAMS 0x0000000088300000| PB 0x0000000088300000| Untracked 
| 131|0x0000000088300000, 0x0000000088400000, 0x0000000088400000|100%| O|  |TAMS 0x0000000088400000| PB 0x0000000088400000| Untracked 
| 132|0x0000000088400000, 0x0000000088500000, 0x0000000088500000|100%| O|  |TAMS 0x0000000088500000| PB 0x0000000088500000| Untracked 
| 133|0x0000000088500000, 0x0000000088600000, 0x0000000088600000|100%| O|  |TAMS 0x0000000088600000| PB 0x0000000088600000| Updating 
| 134|0x0000000088600000, 0x0000000088700000, 0x0000000088700000|100%| O|  |TAMS 0x0000000088700000| PB 0x0000000088700000| Untracked 
| 135|0x0000000088700000, 0x0000000088800000, 0x0000000088800000|100%| O|  |TAMS 0x0000000088800000| PB 0x0000000088800000| Untracked 
| 136|0x0000000088800000, 0x0000000088900000, 0x0000000088900000|100%| O|  |TAMS 0x0000000088900000| PB 0x0000000088900000| Untracked 
| 137|0x0000000088900000, 0x0000000088a00000, 0x0000000088a00000|100%| O|  |TAMS 0x0000000088a00000| PB 0x0000000088a00000| Untracked 
| 138|0x0000000088a00000, 0x0000000088b00000, 0x0000000088b00000|100%| O|  |TAMS 0x0000000088b00000| PB 0x0000000088b00000| Untracked 
| 139|0x0000000088b00000, 0x0000000088c00000, 0x0000000088c00000|100%| O|  |TAMS 0x0000000088c00000| PB 0x0000000088c00000| Updating 
| 140|0x0000000088c00000, 0x0000000088d00000, 0x0000000088d00000|100%| O|  |TAMS 0x0000000088d00000| PB 0x0000000088d00000| Untracked 
| 141|0x0000000088d00000, 0x0000000088e00000, 0x0000000088e00000|100%| O|  |TAMS 0x0000000088e00000| PB 0x0000000088e00000| Untracked 
| 142|0x0000000088e00000, 0x0000000088f00000, 0x0000000088f00000|100%| O|  |TAMS 0x0000000088f00000| PB 0x0000000088f00000| Untracked 
| 143|0x0000000088f00000, 0x0000000089000000, 0x0000000089000000|100%| O|  |TAMS 0x0000000089000000| PB 0x0000000089000000| Untracked 
| 144|0x0000000089000000, 0x0000000089100000, 0x0000000089100000|100%| O|  |TAMS 0x0000000089100000| PB 0x0000000089100000| Untracked 
| 145|0x0000000089100000, 0x0000000089200000, 0x0000000089200000|100%| O|  |TAMS 0x0000000089200000| PB 0x0000000089200000| Untracked 
| 146|0x0000000089200000, 0x0000000089300000, 0x0000000089300000|100%| O|  |TAMS 0x0000000089300000| PB 0x0000000089300000| Untracked 
| 147|0x0000000089300000, 0x0000000089400000, 0x0000000089400000|100%| O|  |TAMS 0x0000000089400000| PB 0x0000000089400000| Untracked 
| 148|0x0000000089400000, 0x0000000089500000, 0x0000000089500000|100%| O|  |TAMS 0x0000000089500000| PB 0x0000000089500000| Untracked 
| 149|0x0000000089500000, 0x0000000089600000, 0x0000000089600000|100%| O|  |TAMS 0x0000000089600000| PB 0x0000000089600000| Untracked 
| 150|0x0000000089600000, 0x0000000089700000, 0x0000000089700000|100%| O|  |TAMS 0x0000000089700000| PB 0x0000000089700000| Updating 
| 151|0x0000000089700000, 0x0000000089800000, 0x0000000089800000|100%| O|  |TAMS 0x0000000089800000| PB 0x0000000089800000| Updating 
| 152|0x0000000089800000, 0x0000000089900000, 0x0000000089900000|100%| O|  |TAMS 0x0000000089900000| PB 0x0000000089900000| Updating 
| 153|0x0000000089900000, 0x0000000089a00000, 0x0000000089a00000|100%| O|  |TAMS 0x0000000089a00000| PB 0x0000000089a00000| Updating 
| 154|0x0000000089a00000, 0x0000000089b00000, 0x0000000089b00000|100%|HS|  |TAMS 0x0000000089a00000| PB 0x0000000089a00000| Complete 
| 155|0x0000000089b00000, 0x0000000089c00000, 0x0000000089c00000|100%| O|  |TAMS 0x0000000089c00000| PB 0x0000000089c00000| Untracked 
| 156|0x0000000089c00000, 0x0000000089d00000, 0x0000000089d00000|100%| O|  |TAMS 0x0000000089d00000| PB 0x0000000089d00000| Updating 
| 157|0x0000000089d00000, 0x0000000089e00000, 0x0000000089e00000|100%| O|  |TAMS 0x0000000089e00000| PB 0x0000000089e00000| Updating 
| 158|0x0000000089e00000, 0x0000000089f00000, 0x0000000089f00000|100%| O|  |TAMS 0x0000000089f00000| PB 0x0000000089f00000| Untracked 
| 159|0x0000000089f00000, 0x000000008a000000, 0x000000008a000000|100%| O|  |TAMS 0x000000008a000000| PB 0x000000008a000000| Updating 
| 160|0x000000008a000000, 0x000000008a100000, 0x000000008a100000|100%| O|  |TAMS 0x000000008a100000| PB 0x000000008a100000| Untracked 
| 161|0x000000008a100000, 0x000000008a200000, 0x000000008a200000|100%| O|  |TAMS 0x000000008a200000| PB 0x000000008a200000| Updating 
| 162|0x000000008a200000, 0x000000008a300000, 0x000000008a300000|100%| O|  |TAMS 0x000000008a300000| PB 0x000000008a300000| Updating 
| 163|0x000000008a300000, 0x000000008a400000, 0x000000008a400000|100%| O|  |TAMS 0x000000008a400000| PB 0x000000008a400000| Updating 
| 164|0x000000008a400000, 0x000000008a500000, 0x000000008a500000|100%| O|  |TAMS 0x000000008a500000| PB 0x000000008a500000| Updating 
| 165|0x000000008a500000, 0x000000008a600000, 0x000000008a600000|100%| O|  |TAMS 0x000000008a600000| PB 0x000000008a600000| Untracked 
| 166|0x000000008a600000, 0x000000008a700000, 0x000000008a700000|100%| O|  |TAMS 0x000000008a700000| PB 0x000000008a700000| Untracked 
| 167|0x000000008a700000, 0x000000008a800000, 0x000000008a800000|100%| O|  |TAMS 0x000000008a800000| PB 0x000000008a800000| Updating 
| 168|0x000000008a800000, 0x000000008a900000, 0x000000008a900000|100%| O|  |TAMS 0x000000008a900000| PB 0x000000008a900000| Updating 
| 169|0x000000008a900000, 0x000000008aa00000, 0x000000008aa00000|100%| O|  |TAMS 0x000000008aa00000| PB 0x000000008aa00000| Updating 
| 170|0x000000008aa00000, 0x000000008ab00000, 0x000000008ab00000|100%| O|  |TAMS 0x000000008ab00000| PB 0x000000008ab00000| Updating 
| 171|0x000000008ab00000, 0x000000008ac00000, 0x000000008ac00000|100%| O|  |TAMS 0x000000008ac00000| PB 0x000000008ac00000| Updating 
| 172|0x000000008ac00000, 0x000000008ad00000, 0x000000008ad00000|100%| O|  |TAMS 0x000000008ad00000| PB 0x000000008ad00000| Updating 
| 173|0x000000008ad00000, 0x000000008ae00000, 0x000000008ae00000|100%| O|  |TAMS 0x000000008ae00000| PB 0x000000008ae00000| Updating 
| 174|0x000000008ae00000, 0x000000008ae42300, 0x000000008af00000| 25%| O|  |TAMS 0x000000008ae42300| PB 0x000000008ae42300| Updating 
| 175|0x000000008af00000, 0x000000008af00000, 0x000000008b000000|  0%| F|  |TAMS 0x000000008af00000| PB 0x000000008af00000| Untracked 
| 176|0x000000008b000000, 0x000000008b000000, 0x000000008b100000|  0%| F|  |TAMS 0x000000008b000000| PB 0x000000008b000000| Untracked 
| 177|0x000000008b100000, 0x000000008b100000, 0x000000008b200000|  0%| F|  |TAMS 0x000000008b100000| PB 0x000000008b100000| Untracked 
| 178|0x000000008b200000, 0x000000008b200000, 0x000000008b300000|  0%| F|  |TAMS 0x000000008b200000| PB 0x000000008b200000| Untracked 
| 179|0x000000008b300000, 0x000000008b300000, 0x000000008b400000|  0%| F|  |TAMS 0x000000008b300000| PB 0x000000008b300000| Untracked 
| 180|0x000000008b400000, 0x000000008b400000, 0x000000008b500000|  0%| F|  |TAMS 0x000000008b400000| PB 0x000000008b400000| Untracked 
| 181|0x000000008b500000, 0x000000008b500000, 0x000000008b600000|  0%| F|  |TAMS 0x000000008b500000| PB 0x000000008b500000| Untracked 
| 182|0x000000008b600000, 0x000000008b600000, 0x000000008b700000|  0%| F|  |TAMS 0x000000008b600000| PB 0x000000008b600000| Untracked 
| 183|0x000000008b700000, 0x000000008b700000, 0x000000008b800000|  0%| F|  |TAMS 0x000000008b700000| PB 0x000000008b700000| Untracked 
| 184|0x000000008b800000, 0x000000008b800000, 0x000000008b900000|  0%| F|  |TAMS 0x000000008b800000| PB 0x000000008b800000| Untracked 
| 185|0x000000008b900000, 0x000000008b900000, 0x000000008ba00000|  0%| F|  |TAMS 0x000000008b900000| PB 0x000000008b900000| Untracked 
| 186|0x000000008ba00000, 0x000000008ba00000, 0x000000008bb00000|  0%| F|  |TAMS 0x000000008ba00000| PB 0x000000008ba00000| Untracked 
| 187|0x000000008bb00000, 0x000000008bb00000, 0x000000008bc00000|  0%| F|  |TAMS 0x000000008bb00000| PB 0x000000008bb00000| Untracked 
| 188|0x000000008bc00000, 0x000000008bc00000, 0x000000008bd00000|  0%| F|  |TAMS 0x000000008bc00000| PB 0x000000008bc00000| Untracked 
| 189|0x000000008bd00000, 0x000000008bd00000, 0x000000008be00000|  0%| F|  |TAMS 0x000000008bd00000| PB 0x000000008bd00000| Untracked 
| 190|0x000000008be00000, 0x000000008be00000, 0x000000008bf00000|  0%| F|  |TAMS 0x000000008be00000| PB 0x000000008be00000| Untracked 
| 191|0x000000008bf00000, 0x000000008bf00000, 0x000000008c000000|  0%| F|  |TAMS 0x000000008bf00000| PB 0x000000008bf00000| Untracked 
| 192|0x000000008c000000, 0x000000008c000000, 0x000000008c100000|  0%| F|  |TAMS 0x000000008c000000| PB 0x000000008c000000| Untracked 
| 193|0x000000008c100000, 0x000000008c100000, 0x000000008c200000|  0%| F|  |TAMS 0x000000008c100000| PB 0x000000008c100000| Untracked 
| 194|0x000000008c200000, 0x000000008c200000, 0x000000008c300000|  0%| F|  |TAMS 0x000000008c200000| PB 0x000000008c200000| Untracked 
| 195|0x000000008c300000, 0x000000008c300000, 0x000000008c400000|  0%| F|  |TAMS 0x000000008c300000| PB 0x000000008c300000| Untracked 
| 196|0x000000008c400000, 0x000000008c400000, 0x000000008c500000|  0%| F|  |TAMS 0x000000008c400000| PB 0x000000008c400000| Untracked 
| 197|0x000000008c500000, 0x000000008c500000, 0x000000008c600000|  0%| F|  |TAMS 0x000000008c500000| PB 0x000000008c500000| Untracked 
| 198|0x000000008c600000, 0x000000008c600000, 0x000000008c700000|  0%| F|  |TAMS 0x000000008c600000| PB 0x000000008c600000| Untracked 
| 199|0x000000008c700000, 0x000000008c700000, 0x000000008c800000|  0%| F|  |TAMS 0x000000008c700000| PB 0x000000008c700000| Untracked 
| 200|0x000000008c800000, 0x000000008c800000, 0x000000008c900000|  0%| F|  |TAMS 0x000000008c800000| PB 0x000000008c800000| Untracked 
| 201|0x000000008c900000, 0x000000008c900000, 0x000000008ca00000|  0%| F|  |TAMS 0x000000008c900000| PB 0x000000008c900000| Untracked 
| 202|0x000000008ca00000, 0x000000008ca00000, 0x000000008cb00000|  0%| F|  |TAMS 0x000000008ca00000| PB 0x000000008ca00000| Untracked 
| 203|0x000000008cb00000, 0x000000008cb00000, 0x000000008cc00000|  0%| F|  |TAMS 0x000000008cb00000| PB 0x000000008cb00000| Untracked 
| 204|0x000000008cc00000, 0x000000008cc00000, 0x000000008cd00000|  0%| F|  |TAMS 0x000000008cc00000| PB 0x000000008cc00000| Untracked 
| 205|0x000000008cd00000, 0x000000008cd00000, 0x000000008ce00000|  0%| F|  |TAMS 0x000000008cd00000| PB 0x000000008cd00000| Untracked 
| 206|0x000000008ce00000, 0x000000008ce00000, 0x000000008cf00000|  0%| F|  |TAMS 0x000000008ce00000| PB 0x000000008ce00000| Untracked 
| 207|0x000000008cf00000, 0x000000008cf00000, 0x000000008d000000|  0%| F|  |TAMS 0x000000008cf00000| PB 0x000000008cf00000| Untracked 
| 208|0x000000008d000000, 0x000000008d000000, 0x000000008d100000|  0%| F|  |TAMS 0x000000008d000000| PB 0x000000008d000000| Untracked 
| 209|0x000000008d100000, 0x000000008d100000, 0x000000008d200000|  0%| F|  |TAMS 0x000000008d100000| PB 0x000000008d100000| Untracked 
| 210|0x000000008d200000, 0x000000008d200000, 0x000000008d300000|  0%| F|  |TAMS 0x000000008d200000| PB 0x000000008d200000| Untracked 
| 211|0x000000008d300000, 0x000000008d300000, 0x000000008d400000|  0%| F|  |TAMS 0x000000008d300000| PB 0x000000008d300000| Untracked 
| 212|0x000000008d400000, 0x000000008d400000, 0x000000008d500000|  0%| F|  |TAMS 0x000000008d400000| PB 0x000000008d400000| Untracked 
| 213|0x000000008d500000, 0x000000008d500000, 0x000000008d600000|  0%| F|  |TAMS 0x000000008d500000| PB 0x000000008d500000| Untracked 
| 214|0x000000008d600000, 0x000000008d600000, 0x000000008d700000|  0%| F|  |TAMS 0x000000008d600000| PB 0x000000008d600000| Untracked 
| 215|0x000000008d700000, 0x000000008d700000, 0x000000008d800000|  0%| F|  |TAMS 0x000000008d700000| PB 0x000000008d700000| Untracked 
| 216|0x000000008d800000, 0x000000008d800000, 0x000000008d900000|  0%| F|  |TAMS 0x000000008d800000| PB 0x000000008d800000| Untracked 
| 217|0x000000008d900000, 0x000000008d900000, 0x000000008da00000|  0%| F|  |TAMS 0x000000008d900000| PB 0x000000008d900000| Untracked 
| 218|0x000000008da00000, 0x000000008da00000, 0x000000008db00000|  0%| F|  |TAMS 0x000000008da00000| PB 0x000000008da00000| Untracked 
| 219|0x000000008db00000, 0x000000008db00000, 0x000000008dc00000|  0%| F|  |TAMS 0x000000008db00000| PB 0x000000008db00000| Untracked 
| 220|0x000000008dc00000, 0x000000008dc00000, 0x000000008dd00000|  0%| F|  |TAMS 0x000000008dc00000| PB 0x000000008dc00000| Untracked 
| 221|0x000000008dd00000, 0x000000008dd00000, 0x000000008de00000|  0%| F|  |TAMS 0x000000008dd00000| PB 0x000000008dd00000| Untracked 
| 222|0x000000008de00000, 0x000000008de00000, 0x000000008df00000|  0%| F|  |TAMS 0x000000008de00000| PB 0x000000008de00000| Untracked 
| 223|0x000000008df00000, 0x000000008df00000, 0x000000008e000000|  0%| F|  |TAMS 0x000000008df00000| PB 0x000000008df00000| Untracked 
| 224|0x000000008e000000, 0x000000008e000000, 0x000000008e100000|  0%| F|  |TAMS 0x000000008e000000| PB 0x000000008e000000| Untracked 
| 225|0x000000008e100000, 0x000000008e100000, 0x000000008e200000|  0%| F|  |TAMS 0x000000008e100000| PB 0x000000008e100000| Untracked 
| 226|0x000000008e200000, 0x000000008e200000, 0x000000008e300000|  0%| F|  |TAMS 0x000000008e200000| PB 0x000000008e200000| Untracked 
| 227|0x000000008e300000, 0x000000008e300000, 0x000000008e400000|  0%| F|  |TAMS 0x000000008e300000| PB 0x000000008e300000| Untracked 
| 228|0x000000008e400000, 0x000000008e400000, 0x000000008e500000|  0%| F|  |TAMS 0x000000008e400000| PB 0x000000008e400000| Untracked 
| 229|0x000000008e500000, 0x000000008e500000, 0x000000008e600000|  0%| F|  |TAMS 0x000000008e500000| PB 0x000000008e500000| Untracked 
| 230|0x000000008e600000, 0x000000008e600000, 0x000000008e700000|  0%| F|  |TAMS 0x000000008e600000| PB 0x000000008e600000| Untracked 
| 231|0x000000008e700000, 0x000000008e700000, 0x000000008e800000|  0%| F|  |TAMS 0x000000008e700000| PB 0x000000008e700000| Untracked 
| 232|0x000000008e800000, 0x000000008e800000, 0x000000008e900000|  0%| F|  |TAMS 0x000000008e800000| PB 0x000000008e800000| Untracked 
| 233|0x000000008e900000, 0x000000008e900000, 0x000000008ea00000|  0%| F|  |TAMS 0x000000008e900000| PB 0x000000008e900000| Untracked 
| 234|0x000000008ea00000, 0x000000008ea00000, 0x000000008eb00000|  0%| F|  |TAMS 0x000000008ea00000| PB 0x000000008ea00000| Untracked 
| 235|0x000000008eb00000, 0x000000008eb00000, 0x000000008ec00000|  0%| F|  |TAMS 0x000000008eb00000| PB 0x000000008eb00000| Untracked 
| 236|0x000000008ec00000, 0x000000008ec00000, 0x000000008ed00000|  0%| F|  |TAMS 0x000000008ec00000| PB 0x000000008ec00000| Untracked 
| 237|0x000000008ed00000, 0x000000008ed00000, 0x000000008ee00000|  0%| F|  |TAMS 0x000000008ed00000| PB 0x000000008ed00000| Untracked 
| 238|0x000000008ee00000, 0x000000008ee00000, 0x000000008ef00000|  0%| F|  |TAMS 0x000000008ee00000| PB 0x000000008ee00000| Untracked 
| 239|0x000000008ef00000, 0x000000008ef00000, 0x000000008f000000|  0%| F|  |TAMS 0x000000008ef00000| PB 0x000000008ef00000| Untracked 
| 240|0x000000008f000000, 0x000000008f000000, 0x000000008f100000|  0%| F|  |TAMS 0x000000008f000000| PB 0x000000008f000000| Untracked 
| 241|0x000000008f100000, 0x000000008f100000, 0x000000008f200000|  0%| F|  |TAMS 0x000000008f100000| PB 0x000000008f100000| Untracked 
| 242|0x000000008f200000, 0x000000008f200000, 0x000000008f300000|  0%| F|  |TAMS 0x000000008f200000| PB 0x000000008f200000| Untracked 
| 243|0x000000008f300000, 0x000000008f300000, 0x000000008f400000|  0%| F|  |TAMS 0x000000008f300000| PB 0x000000008f300000| Untracked 
| 244|0x000000008f400000, 0x000000008f400000, 0x000000008f500000|  0%| F|  |TAMS 0x000000008f400000| PB 0x000000008f400000| Untracked 
| 245|0x000000008f500000, 0x000000008f500000, 0x000000008f600000|  0%| F|  |TAMS 0x000000008f500000| PB 0x000000008f500000| Untracked 
| 246|0x000000008f600000, 0x000000008f600000, 0x000000008f700000|  0%| F|  |TAMS 0x000000008f600000| PB 0x000000008f600000| Untracked 
| 247|0x000000008f700000, 0x000000008f700000, 0x000000008f800000|  0%| F|  |TAMS 0x000000008f700000| PB 0x000000008f700000| Untracked 
| 248|0x000000008f800000, 0x000000008f800000, 0x000000008f900000|  0%| F|  |TAMS 0x000000008f800000| PB 0x000000008f800000| Untracked 
| 249|0x000000008f900000, 0x000000008f900000, 0x000000008fa00000|  0%| F|  |TAMS 0x000000008f900000| PB 0x000000008f900000| Untracked 
| 250|0x000000008fa00000, 0x000000008fa00000, 0x000000008fb00000|  0%| F|  |TAMS 0x000000008fa00000| PB 0x000000008fa00000| Untracked 
| 251|0x000000008fb00000, 0x000000008fb00000, 0x000000008fc00000|  0%| F|  |TAMS 0x000000008fb00000| PB 0x000000008fb00000| Untracked 
| 252|0x000000008fc00000, 0x000000008fc00000, 0x000000008fd00000|  0%| F|  |TAMS 0x000000008fc00000| PB 0x000000008fc00000| Untracked 
| 253|0x000000008fd00000, 0x000000008fd00000, 0x000000008fe00000|  0%| F|  |TAMS 0x000000008fd00000| PB 0x000000008fd00000| Untracked 
| 254|0x000000008fe00000, 0x000000008fe00000, 0x000000008ff00000|  0%| F|  |TAMS 0x000000008fe00000| PB 0x000000008fe00000| Untracked 
| 255|0x000000008ff00000, 0x000000008ff00000, 0x0000000090000000|  0%| F|  |TAMS 0x000000008ff00000| PB 0x000000008ff00000| Untracked 
| 256|0x0000000090000000, 0x0000000090000000, 0x0000000090100000|  0%| F|  |TAMS 0x0000000090000000| PB 0x0000000090000000| Untracked 
| 257|0x0000000090100000, 0x0000000090100000, 0x0000000090200000|  0%| F|  |TAMS 0x0000000090100000| PB 0x0000000090100000| Untracked 
| 258|0x0000000090200000, 0x0000000090200000, 0x0000000090300000|  0%| F|  |TAMS 0x0000000090200000| PB 0x0000000090200000| Untracked 
| 259|0x0000000090300000, 0x0000000090300000, 0x0000000090400000|  0%| F|  |TAMS 0x0000000090300000| PB 0x0000000090300000| Untracked 
| 260|0x0000000090400000, 0x0000000090400000, 0x0000000090500000|  0%| F|  |TAMS 0x0000000090400000| PB 0x0000000090400000| Untracked 
| 261|0x0000000090500000, 0x0000000090500000, 0x0000000090600000|  0%| F|  |TAMS 0x0000000090500000| PB 0x0000000090500000| Untracked 
| 262|0x0000000090600000, 0x0000000090600000, 0x0000000090700000|  0%| F|  |TAMS 0x0000000090600000| PB 0x0000000090600000| Untracked 
| 263|0x0000000090700000, 0x0000000090700000, 0x0000000090800000|  0%| F|  |TAMS 0x0000000090700000| PB 0x0000000090700000| Untracked 
| 264|0x0000000090800000, 0x0000000090800000, 0x0000000090900000|  0%| F|  |TAMS 0x0000000090800000| PB 0x0000000090800000| Untracked 
| 265|0x0000000090900000, 0x0000000090900000, 0x0000000090a00000|  0%| F|  |TAMS 0x0000000090900000| PB 0x0000000090900000| Untracked 
| 266|0x0000000090a00000, 0x0000000090a00000, 0x0000000090b00000|  0%| F|  |TAMS 0x0000000090a00000| PB 0x0000000090a00000| Untracked 
| 267|0x0000000090b00000, 0x0000000090b00000, 0x0000000090c00000|  0%| F|  |TAMS 0x0000000090b00000| PB 0x0000000090b00000| Untracked 
| 268|0x0000000090c00000, 0x0000000090c00000, 0x0000000090d00000|  0%| F|  |TAMS 0x0000000090c00000| PB 0x0000000090c00000| Untracked 
| 269|0x0000000090d00000, 0x0000000090d00000, 0x0000000090e00000|  0%| F|  |TAMS 0x0000000090d00000| PB 0x0000000090d00000| Untracked 
| 270|0x0000000090e00000, 0x0000000090e00000, 0x0000000090f00000|  0%| F|  |TAMS 0x0000000090e00000| PB 0x0000000090e00000| Untracked 
| 271|0x0000000090f00000, 0x0000000090f00000, 0x0000000091000000|  0%| F|  |TAMS 0x0000000090f00000| PB 0x0000000090f00000| Untracked 
| 272|0x0000000091000000, 0x0000000091000000, 0x0000000091100000|  0%| F|  |TAMS 0x0000000091000000| PB 0x0000000091000000| Untracked 
| 273|0x0000000091100000, 0x0000000091100000, 0x0000000091200000|  0%| F|  |TAMS 0x0000000091100000| PB 0x0000000091100000| Untracked 
| 274|0x0000000091200000, 0x0000000091200000, 0x0000000091300000|  0%| F|  |TAMS 0x0000000091200000| PB 0x0000000091200000| Untracked 
| 275|0x0000000091300000, 0x0000000091300000, 0x0000000091400000|  0%| F|  |TAMS 0x0000000091300000| PB 0x0000000091300000| Untracked 
| 276|0x0000000091400000, 0x0000000091400000, 0x0000000091500000|  0%| F|  |TAMS 0x0000000091400000| PB 0x0000000091400000| Untracked 
| 277|0x0000000091500000, 0x0000000091586590, 0x0000000091600000| 52%| S|CS|TAMS 0x0000000091500000| PB 0x0000000091500000| Complete 
|2036|0x00000000ff400000, 0x00000000ff500000, 0x00000000ff500000|100%| O|  |TAMS 0x00000000ff500000| PB 0x00000000ff500000| Untracked 
|2037|0x00000000ff500000, 0x00000000ff600000, 0x00000000ff600000|100%| S|CS|TAMS 0x00000000ff500000| PB 0x00000000ff500000| Complete 
|2038|0x00000000ff600000, 0x00000000ff600c00, 0x00000000ff700000|  0%| E|  |TAMS 0x00000000ff600000| PB 0x00000000ff600000| Complete 
|2039|0x00000000ff700000, 0x00000000ff800000, 0x00000000ff800000|100%| O|  |TAMS 0x00000000ff800000| PB 0x00000000ff800000| Untracked 
|2040|0x00000000ff800000, 0x00000000ff900000, 0x00000000ff900000|100%| E|CS|TAMS 0x00000000ff800000| PB 0x00000000ff800000| Complete 
|2041|0x00000000ff900000, 0x00000000ffa00000, 0x00000000ffa00000|100%| O|  |TAMS 0x00000000ffa00000| PB 0x00000000ffa00000| Untracked 
|2042|0x00000000ffa00000, 0x00000000ffb00000, 0x00000000ffb00000|100%| O|  |TAMS 0x00000000ffb00000| PB 0x00000000ffb00000| Untracked 
|2043|0x00000000ffb00000, 0x00000000ffc00000, 0x00000000ffc00000|100%| E|CS|TAMS 0x00000000ffb00000| PB 0x00000000ffb00000| Complete 
|2044|0x00000000ffc00000, 0x00000000ffd00000, 0x00000000ffd00000|100%| O|  |TAMS 0x00000000ffd00000| PB 0x00000000ffd00000| Updating 
|2045|0x00000000ffd00000, 0x00000000ffe00000, 0x00000000ffe00000|100%| O|  |TAMS 0x00000000ffe00000| PB 0x00000000ffe00000| Untracked 
|2046|0x00000000ffe00000, 0x00000000fff00000, 0x00000000fff00000|100%| E|CS|TAMS 0x00000000ffe00000| PB 0x00000000ffe00000| Complete 
|2047|0x00000000fff00000, 0x0000000100000000, 0x0000000100000000|100%| O|  |TAMS 0x0000000100000000| PB 0x0000000100000000| Untracked 

Card table byte_map: [0x00000179138b0000,0x0000017913cb0000] _byte_map_base: 0x00000179134b0000

Marking Bits: (CMBitMap*) 0x000001797f726760
 Bits: [0x0000017913cb0000, 0x0000017915cb0000)

Polling page: 0x000001797eb20000

Metaspace:

Usage:
  Non-class:    125.40 MB used.
      Class:     19.81 MB used.
       Both:    145.21 MB used.

Virtual space:
  Non-class space:      128.00 MB reserved,     126.56 MB ( 99%) committed,  2 nodes.
      Class space:        1.00 GB reserved,      21.00 MB (  2%) committed,  1 nodes.
             Both:        1.12 GB reserved,     147.56 MB ( 13%) committed. 

Chunk freelists:
   Non-Class:  1.44 MB
       Class:  10.85 MB
        Both:  12.28 MB

MaxMetaspaceSize: unlimited
CompressedClassSpaceSize: 1.00 GB
Initial GC threshold: 21.00 MB
Current GC threshold: 236.50 MB
CDS: off
 - commit_granule_bytes: 65536.
 - commit_granule_words: 8192.
 - virtual_space_node_default_size: 8388608.
 - enlarge_chunks_in_place: 1.
 - use_allocation_guard: 0.


Internal statistics:

num_allocs_failed_limit: 6.
num_arena_births: 4878.
num_arena_deaths: 0.
num_vsnodes_births: 3.
num_vsnodes_deaths: 0.
num_space_committed: 2360.
num_space_uncommitted: 0.
num_chunks_returned_to_freelist: 6.
num_chunks_taken_from_freelist: 11328.
num_chunk_merges: 3.
num_chunk_splits: 7433.
num_chunks_enlarged: 4700.
num_inconsistent_stats: 0.

CodeHeap 'non-profiled nmethods': size=120000Kb used=10779Kb max_used=10860Kb free=109220Kb
 bounds [0x000001790bf80000, 0x000001790ca20000, 0x00000179134b0000]
CodeHeap 'profiled nmethods': size=120000Kb used=26706Kb max_used=27242Kb free=93293Kb
 bounds [0x00000179044b0000, 0x0000017905f50000, 0x000001790b9e0000]
CodeHeap 'non-nmethods': size=5760Kb used=2866Kb max_used=2919Kb free=2893Kb
 bounds [0x000001790b9e0000, 0x000001790bcd0000, 0x000001790bf80000]
CodeCache: size=245760Kb, used=40351Kb, max_used=41021Kb, free=205406Kb
 total_blobs=15327, nmethods=14210, adapters=1021, full_count=0
Compilation: enabled, stopped_count=0, restarted_count=0

Compilation events (20 events):
Event: 680.790 Thread 0x000001791890f3d0 nmethod 17927 0x0000017905f46490 code [0x0000017905f46640, 0x0000017905f46810]
Event: 680.809 Thread 0x000001791890e930 nmethod 17921 0x000001790c9fc910 code [0x000001790c9fcb20, 0x000001790c9fd010]
Event: 680.809 Thread 0x000001791890e930 17924   !   4       java.io.ObjectOutputStream::writeOrdinaryObject (196 bytes)
Event: 680.854 Thread 0x000001791890f3d0 17929       3       jdk.internal.reflect.ReflectionFactory::superHasAccessibleConstructor (165 bytes)
Event: 681.840 Thread 0x000001791890f3d0 nmethod 17929 0x0000017905f46910 code [0x0000017905f46b60, 0x0000017905f47180]
Event: 682.875 Thread 0x00000179288ce380 nmethod 17925 0x000001790c9fd590 code [0x000001790c9fd9e0, 0x000001790ca00528]
Event: 682.936 Thread 0x000001791890e930 nmethod 17924 0x000001790ca01f10 code [0x000001790ca02460, 0x000001790ca05700]
Event: 682.966 Thread 0x000001791890e930 17930       4       jdk.internal.reflect.ClassFileAssembler::emitConstantPoolMethodref (28 bytes)
Event: 682.973 Thread 0x000001791890e930 nmethod 17930 0x000001790ca07b10 code [0x000001790ca07d40, 0x000001790ca08388]
Event: 682.997 Thread 0x000001791890f3d0 17931  s    3       java.net.URL::writeObject (5 bytes)
Event: 682.997 Thread 0x000001791890f3d0 nmethod 17931 0x0000017905f47410 code [0x0000017905f475c0, 0x0000017905f47848]
Event: 683.001 Thread 0x000001791890e930 17932       4       java.io.ObjectOutputStream::writeString (74 bytes)
Event: 683.051 Thread 0x000001791890e930 nmethod 17932 0x000001790ca08a10 code [0x000001790ca08ca0, 0x000001790ca0a130]
Event: 683.222 Thread 0x00000179288cea50 nmethod 17916 0x000001790ca0af10 code [0x000001790ca0bbc0, 0x000001790ca15050]
Event: 684.974 Thread 0x000001791890f3d0 17933   !   3       org.gradle.cache.internal.DefaultFileLockManager$DefaultFileLock::<init> (237 bytes)
Event: 684.988 Thread 0x000001791890f3d0 nmethod 17933 0x0000017905f47910 code [0x0000017905f47ca0, 0x0000017905f49298]
Event: 685.362 Thread 0x000001791890f3d0 17934   !   3       java.util.concurrent.locks.AbstractQueuedSynchronizer::acquire (424 bytes)
Event: 685.364 Thread 0x000001791890f3d0 nmethod 17934 0x0000017905f49d90 code [0x0000017905f4a160, 0x0000017905f4ba90]
Event: 685.754 Thread 0x000001791890f3d0 17935       3       java.util.regex.Pattern$BranchConn::study (5 bytes)
Event: 685.755 Thread 0x000001791890f3d0 nmethod 17935 0x0000017905f4c310 code [0x0000017905f4c4a0, 0x0000017905f4c5b8]

GC Heap History (20 events):
Event: 597.555 GC heap before
{Heap before GC invocations=61 (full 0):
 garbage-first heap   total 288768K, used 266242K [0x0000000080000000, 0x0000000100000000)
  region size 1024K, 98 young (100352K), 5 survivors (5120K)
 Metaspace       used 142946K, committed 145280K, reserved 1179648K
  class space    used 19573K, committed 20736K, reserved 1048576K
}
Event: 598.860 GC heap after
{Heap after GC invocations=62 (full 0):
 garbage-first heap   total 288768K, used 172762K [0x0000000080000000, 0x0000000100000000)
  region size 1024K, 6 young (6144K), 6 survivors (6144K)
 Metaspace       used 142946K, committed 145280K, reserved 1179648K
  class space    used 19573K, committed 20736K, reserved 1048576K
}
Event: 607.719 GC heap before
{Heap before GC invocations=62 (full 0):
 garbage-first heap   total 288768K, used 179930K [0x0000000080000000, 0x0000000100000000)
  region size 1024K, 14 young (14336K), 6 survivors (6144K)
 Metaspace       used 142947K, committed 145280K, reserved 1179648K
  class space    used 19573K, committed 20736K, reserved 1048576K
}
Event: 607.936 GC heap after
{Heap after GC invocations=63 (full 0):
 garbage-first heap   total 288768K, used 175017K [0x0000000080000000, 0x0000000100000000)
  region size 1024K, 2 young (2048K), 2 survivors (2048K)
 Metaspace       used 142947K, committed 145280K, reserved 1179648K
  class space    used 19573K, committed 20736K, reserved 1048576K
}
Event: 608.478 GC heap before
{Heap before GC invocations=63 (full 0):
 garbage-first heap   total 288768K, used 187305K [0x0000000080000000, 0x0000000100000000)
  region size 1024K, 14 young (14336K), 2 survivors (2048K)
 Metaspace       used 142947K, committed 145280K, reserved 1179648K
  class space    used 19573K, committed 20736K, reserved 1048576K
}
Event: 608.492 GC heap after
{Heap after GC invocations=64 (full 0):
 garbage-first heap   total 288768K, used 176128K [0x0000000080000000, 0x0000000100000000)
  region size 1024K, 2 young (2048K), 2 survivors (2048K)
 Metaspace       used 142947K, committed 145280K, reserved 1179648K
  class space    used 19573K, committed 20736K, reserved 1048576K
}
Event: 608.856 GC heap before
{Heap before GC invocations=64 (full 0):
 garbage-first heap   total 288768K, used 188416K [0x0000000080000000, 0x0000000100000000)
  region size 1024K, 14 young (14336K), 2 survivors (2048K)
 Metaspace       used 142947K, committed 145280K, reserved 1179648K
  class space    used 19573K, committed 20736K, reserved 1048576K
}
Event: 608.864 GC heap after
{Heap after GC invocations=65 (full 0):
 garbage-first heap   total 288768K, used 176990K [0x0000000080000000, 0x0000000100000000)
  region size 1024K, 2 young (2048K), 2 survivors (2048K)
 Metaspace       used 142947K, committed 145280K, reserved 1179648K
  class space    used 19573K, committed 20736K, reserved 1048576K
}
Event: 610.121 GC heap before
{Heap before GC invocations=65 (full 0):
 garbage-first heap   total 288768K, used 192350K [0x0000000080000000, 0x0000000100000000)
  region size 1024K, 18 young (18432K), 2 survivors (2048K)
 Metaspace       used 142960K, committed 145280K, reserved 1179648K
  class space    used 19573K, committed 20736K, reserved 1048576K
}
Event: 610.142 GC heap after
{Heap after GC invocations=66 (full 0):
 garbage-first heap   total 288768K, used 177129K [0x0000000080000000, 0x0000000100000000)
  region size 1024K, 2 young (2048K), 2 survivors (2048K)
 Metaspace       used 142960K, committed 145280K, reserved 1179648K
  class space    used 19573K, committed 20736K, reserved 1048576K
}
Event: 637.185 GC heap before
{Heap before GC invocations=67 (full 0):
 garbage-first heap   total 296960K, used 268265K [0x0000000080000000, 0x0000000100000000)
  region size 1024K, 92 young (94208K), 2 survivors (2048K)
 Metaspace       used 145828K, committed 148288K, reserved 1179648K
  class space    used 19913K, committed 21120K, reserved 1048576K
}
Event: 637.264 GC heap after
{Heap after GC invocations=68 (full 0):
 garbage-first heap   total 296960K, used 183573K [0x0000000080000000, 0x0000000100000000)
  region size 1024K, 9 young (9216K), 9 survivors (9216K)
 Metaspace       used 145828K, committed 148288K, reserved 1179648K
  class space    used 19913K, committed 21120K, reserved 1048576K
}
Event: 643.194 GC heap before
{Heap before GC invocations=68 (full 0):
 garbage-first heap   total 296960K, used 188693K [0x0000000080000000, 0x0000000100000000)
  region size 1024K, 14 young (14336K), 9 survivors (9216K)
 Metaspace       used 146181K, committed 148544K, reserved 1179648K
  class space    used 19954K, committed 21120K, reserved 1048576K
}
Event: 643.302 GC heap after
{Heap after GC invocations=69 (full 0):
 garbage-first heap   total 296960K, used 184146K [0x0000000080000000, 0x0000000100000000)
  region size 1024K, 2 young (2048K), 2 survivors (2048K)
 Metaspace       used 146181K, committed 148544K, reserved 1179648K
  class space    used 19954K, committed 21120K, reserved 1048576K
}
Event: 667.842 GC heap before
{Heap before GC invocations=69 (full 0):
 garbage-first heap   total 296960K, used 199506K [0x0000000080000000, 0x0000000100000000)
  region size 1024K, 18 young (18432K), 2 survivors (2048K)
 Metaspace       used 148204K, committed 150592K, reserved 1179648K
  class space    used 20202K, committed 21376K, reserved 1048576K
}
Event: 669.718 GC heap after
{Heap after GC invocations=70 (full 0):
 garbage-first heap   total 296960K, used 185145K [0x0000000080000000, 0x0000000100000000)
  region size 1024K, 3 young (3072K), 3 survivors (3072K)
 Metaspace       used 148204K, committed 150592K, reserved 1179648K
  class space    used 20202K, committed 21376K, reserved 1048576K
}
Event: 678.717 GC heap before
{Heap before GC invocations=70 (full 0):
 garbage-first heap   total 296960K, used 195385K [0x0000000080000000, 0x0000000100000000)
  region size 1024K, 14 young (14336K), 3 survivors (3072K)
 Metaspace       used 148346K, committed 150784K, reserved 1179648K
  class space    used 20223K, committed 21440K, reserved 1048576K
}
Event: 678.759 GC heap after
{Heap after GC invocations=71 (full 0):
 garbage-first heap   total 296960K, used 185489K [0x0000000080000000, 0x0000000100000000)
  region size 1024K, 1 young (1024K), 1 survivors (1024K)
 Metaspace       used 148346K, committed 150784K, reserved 1179648K
  class space    used 20223K, committed 21440K, reserved 1048576K
}
Event: 680.663 GC heap before
{Heap before GC invocations=71 (full 0):
 garbage-first heap   total 296960K, used 188561K [0x0000000080000000, 0x0000000100000000)
  region size 1024K, 5 young (5120K), 1 survivors (1024K)
 Metaspace       used 148536K, committed 150976K, reserved 1179648K
  class space    used 20255K, committed 21440K, reserved 1048576K
}
Event: 680.717 GC heap after
{Heap after GC invocations=72 (full 0):
 garbage-first heap   total 296960K, used 186146K [0x0000000080000000, 0x0000000100000000)
  region size 1024K, 2 young (2048K), 2 survivors (2048K)
 Metaspace       used 148536K, committed 150976K, reserved 1179648K
  class space    used 20255K, committed 21440K, reserved 1048576K
}

Dll operation events (3 events):
Event: 0.063 Loaded shared library C:\Program Files\Android\Android Studio\jbr\bin\java.dll
Event: 0.091 Loaded shared library C:\Program Files\Android\Android Studio\jbr\bin\zip.dll
Event: 15.139 Loaded shared library C:\Program Files\Android\Android Studio\jbr\bin\verify.dll

Deoptimization events (20 events):
Event: 683.510 Thread 0x000001791d7331d0 Uncommon trap: trap_request=0xffffffc6 fr.pc=0x000001790c6da708 relative=0x00000000000000a8
Event: 683.510 Thread 0x000001791d7331d0 Uncommon trap: reason=bimorphic_or_optimized_type_check action=maybe_recompile pc=0x000001790c6da708 method=org.gradle.api.internal.collections.CollectionFilter.filter(Ljava/lang/Object;)Ljava/lang/Object; @ 27 c2
Event: 683.510 Thread 0x000001791d7331d0 DEOPT PACKING pc=0x000001790c6da708 sp=0x00000058973fae80
Event: 683.510 Thread 0x000001791d7331d0 DEOPT UNPACKING pc=0x000001790ba343a2 sp=0x00000058973fae30 mode 2
Event: 683.510 Thread 0x000001791d7331d0 Uncommon trap: trap_request=0xffffffc6 fr.pc=0x000001790c6da708 relative=0x00000000000000a8
Event: 683.510 Thread 0x000001791d7331d0 Uncommon trap: reason=bimorphic_or_optimized_type_check action=maybe_recompile pc=0x000001790c6da708 method=org.gradle.api.internal.collections.CollectionFilter.filter(Ljava/lang/Object;)Ljava/lang/Object; @ 27 c2
Event: 683.510 Thread 0x000001791d7331d0 DEOPT PACKING pc=0x000001790c6da708 sp=0x00000058973fae80
Event: 683.510 Thread 0x000001791d7331d0 DEOPT UNPACKING pc=0x000001790ba343a2 sp=0x00000058973fae30 mode 2
Event: 683.511 Thread 0x000001791d7331d0 Uncommon trap: trap_request=0xffffffc6 fr.pc=0x000001790c1df34c relative=0x000000000000026c
Event: 683.511 Thread 0x000001791d7331d0 Uncommon trap: reason=bimorphic_or_optimized_type_check action=maybe_recompile pc=0x000001790c1df34c method=java.util.Spliterators$IteratorSpliterator.tryAdvance(Ljava/util/function/Consumer;)Z @ 50 c2
Event: 683.511 Thread 0x000001791d7331d0 DEOPT PACKING pc=0x000001790c1df34c sp=0x00000058973fb050
Event: 683.511 Thread 0x000001791d7331d0 DEOPT UNPACKING pc=0x000001790ba343a2 sp=0x00000058973faff0 mode 2
Event: 684.992 Thread 0x000001791d7331d0 Uncommon trap: trap_request=0xffffff45 fr.pc=0x000001790c1f861c relative=0x00000000000000dc
Event: 684.992 Thread 0x000001791d7331d0 Uncommon trap: reason=unstable_if action=reinterpret pc=0x000001790c1f861c method=java.security.SecureClassLoader$CodeSourceKey.hashCode()I @ 9 c2
Event: 684.992 Thread 0x000001791d7331d0 DEOPT PACKING pc=0x000001790c1f861c sp=0x00000058973f9300
Event: 684.992 Thread 0x000001791d7331d0 DEOPT UNPACKING pc=0x000001790ba343a2 sp=0x00000058973f9290 mode 2
Event: 684.996 Thread 0x000001791d7331d0 Uncommon trap: trap_request=0xffffff45 fr.pc=0x000001790c538a28 relative=0x0000000000002f08
Event: 684.996 Thread 0x000001791d7331d0 Uncommon trap: reason=unstable_if action=reinterpret pc=0x000001790c538a28 method=java.lang.ClassLoader.defineClassSourceLocation(Ljava/security/ProtectionDomain;)Ljava/lang/String; @ 15 c2
Event: 684.996 Thread 0x000001791d7331d0 DEOPT PACKING pc=0x000001790c538a28 sp=0x00000058973f9340
Event: 684.996 Thread 0x000001791d7331d0 DEOPT UNPACKING pc=0x000001790ba343a2 sp=0x00000058973f92d8 mode 2

Classes loaded (20 events):
Event: 370.774 Loading class javax/xml/stream/events/EndElement done
Event: 370.774 Loading class com/sun/xml/internal/stream/events/EndElementEvent done
Event: 398.131 Loading class java/util/regex/Pattern$BackRef
Event: 398.137 Loading class java/util/regex/Pattern$BackRef done
Event: 398.145 Loading class java/util/stream/SortedOps$RefSortingSink
Event: 398.148 Loading class java/util/stream/SortedOps$RefSortingSink done
Event: 398.172 Loading class java/util/regex/Pattern$Pos
Event: 398.172 Loading class java/util/regex/Pattern$Pos done
Event: 404.263 Loading class java/io/CharArrayWriter
Event: 404.265 Loading class java/io/CharArrayWriter done
Event: 404.298 Loading class java/io/SequenceInputStream
Event: 404.299 Loading class java/io/SequenceInputStream done
Event: 404.351 Loading class java/util/function/IntUnaryOperator
Event: 404.352 Loading class java/util/function/IntUnaryOperator done
Event: 680.833 Loading class java/net/UrlDeserializedState
Event: 680.846 Loading class java/net/UrlDeserializedState done
Event: 684.790 Loading class sun/reflect/misc/MethodUtil
Event: 684.942 Loading class sun/reflect/misc/MethodUtil done
Event: 684.950 Loading class sun/reflect/misc/MethodUtil$1
Event: 684.963 Loading class sun/reflect/misc/MethodUtil$1 done

Classes unloaded (0 events):
No events

Classes redefined (0 events):
No events

Internal exceptions (20 events):
Event: 684.299 Thread 0x000001791d7331d0 Exception <a 'sun/nio/fs/WindowsException'{0x00000000ff80f618}> (0x00000000ff80f618) 
thrown [s\src\hotspot\share\prims\jni.cpp, line 537]
Event: 684.351 Thread 0x000001791d7331d0 Exception <a 'sun/nio/fs/WindowsException'{0x00000000ff81e780}> (0x00000000ff81e780) 
thrown [s\src\hotspot\share\prims\jni.cpp, line 537]
Event: 684.362 Thread 0x000001791d7331d0 Exception <a 'sun/nio/fs/WindowsException'{0x00000000ff828960}> (0x00000000ff828960) 
thrown [s\src\hotspot\share\prims\jni.cpp, line 537]
Event: 684.481 Thread 0x000001791d7331d0 Exception <a 'sun/nio/fs/WindowsException'{0x00000000ff831f48}> (0x00000000ff831f48) 
thrown [s\src\hotspot\share\prims\jni.cpp, line 537]
Event: 684.543 Thread 0x000001791d7331d0 Exception <a 'sun/nio/fs/WindowsException'{0x00000000ff83bb58}> (0x00000000ff83bb58) 
thrown [s\src\hotspot\share\prims\jni.cpp, line 537]
Event: 684.556 Thread 0x000001791d7331d0 Exception <a 'sun/nio/fs/WindowsException'{0x00000000ff843fd0}> (0x00000000ff843fd0) 
thrown [s\src\hotspot\share\prims\jni.cpp, line 537]
Event: 684.978 Thread 0x000001791de46fb0 Exception <a 'sun/nio/fs/WindowsException'{0x00000000ff888950}> (0x00000000ff888950) 
thrown [s\src\hotspot\share\prims\jni.cpp, line 537]
Event: 684.992 Thread 0x000001791d7331d0 Implicit null exception at 0x000001790c1f8586 to 0x000001790c1f860c
Event: 684.993 Thread 0x000001791de46fb0 Exception <a 'sun/nio/fs/WindowsException'{0x00000000ff8959c8}> (0x00000000ff8959c8) 
thrown [s\src\hotspot\share\prims\jni.cpp, line 537]
Event: 684.996 Thread 0x000001791d7331d0 Implicit null exception at 0x000001790c53629e to 0x000001790c538a10
Event: 685.012 Thread 0x000001791d7331d0 Exception <a 'sun/nio/fs/WindowsException'{0x00000000ff864500}> (0x00000000ff864500) 
thrown [s\src\hotspot\share\prims\jni.cpp, line 537]
Event: 685.031 Thread 0x000001791d7331d0 Exception <a 'sun/nio/fs/WindowsException'{0x00000000ff86fc30}> (0x00000000ff86fc30) 
thrown [s\src\hotspot\share\prims\jni.cpp, line 537]
Event: 685.040 Thread 0x000001791d7331d0 Exception <a 'sun/nio/fs/WindowsException'{0x00000000ff879938}> (0x00000000ff879938) 
thrown [s\src\hotspot\share\prims\jni.cpp, line 537]
Event: 685.044 Thread 0x000001791d7331d0 Exception <a 'sun/nio/fs/WindowsException'{0x00000000ff883668}> (0x00000000ff883668) 
thrown [s\src\hotspot\share\prims\jni.cpp, line 537]
Event: 685.067 Thread 0x000001791d7331d0 Exception <a 'sun/nio/fs/WindowsException'{0x00000000ff8ae948}> (0x00000000ff8ae948) 
thrown [s\src\hotspot\share\prims\jni.cpp, line 537]
Event: 685.077 Thread 0x000001791d7331d0 Exception <a 'sun/nio/fs/WindowsException'{0x00000000ff8b80d8}> (0x00000000ff8b80d8) 
thrown [s\src\hotspot\share\prims\jni.cpp, line 537]
Event: 685.083 Thread 0x000001791d7331d0 Exception <a 'sun/nio/fs/WindowsException'{0x00000000ff8c2940}> (0x00000000ff8c2940) 
thrown [s\src\hotspot\share\prims\jni.cpp, line 537]
Event: 685.389 Thread 0x000001791d7331d0 Exception <a 'sun/nio/fs/WindowsException'{0x00000000ff8d0f98}> (0x00000000ff8d0f98) 
thrown [s\src\hotspot\share\prims\jni.cpp, line 537]
Event: 685.738 Thread 0x000001791d7331d0 Exception <a 'sun/nio/fs/WindowsException'{0x00000000ff8e2e28}> (0x00000000ff8e2e28) 
thrown [s\src\hotspot\share\prims\jni.cpp, line 537]
Event: 685.757 Thread 0x000001791d7331d0 Exception <a 'sun/nio/fs/WindowsException'{0x00000000ff8eb0f0}> (0x00000000ff8eb0f0) 
thrown [s\src\hotspot\share\prims\jni.cpp, line 537]

ZGC Phase Switch (0 events):
No events

VM Operations (20 events):
Event: 671.737 Executing safepoint VM operation: Cleanup done
Event: 675.789 Executing safepoint VM operation: Cleanup
Event: 675.789 Executing safepoint VM operation: Cleanup done
Event: 677.805 Executing safepoint VM operation: Cleanup
Event: 677.806 Executing safepoint VM operation: Cleanup done
Event: 678.717 Executing safepoint VM operation: G1CollectForAllocation (G1 Evacuation Pause)
Event: 678.759 Executing safepoint VM operation: G1CollectForAllocation (G1 Evacuation Pause) done
Event: 679.769 Executing safepoint VM operation: Cleanup
Event: 679.784 Executing safepoint VM operation: Cleanup done
Event: 680.662 Executing safepoint VM operation: G1TryInitiateConcMark (G1 Humongous Allocation)
Event: 680.718 Executing safepoint VM operation: G1TryInitiateConcMark (G1 Humongous Allocation) done
Event: 681.732 Executing safepoint VM operation: Cleanup
Event: 681.870 Executing safepoint VM operation: Cleanup done
Event: 682.885 Executing safepoint VM operation: Cleanup
Event: 683.005 Executing safepoint VM operation: Cleanup done
Event: 684.007 Executing safepoint VM operation: Cleanup
Event: 684.038 Executing safepoint VM operation: Cleanup done
Event: 685.051 Executing safepoint VM operation: Cleanup
Event: 685.067 Executing safepoint VM operation: Cleanup done
Event: 685.757 Executing safepoint VM operation: G1PauseRemark

Memory protections (0 events):
No events

Nmethod flushes (20 events):
Event: 686.991 Thread 0x000001791886b820 flushing  nmethod 0x00000179048fb210
Event: 686.991 Thread 0x000001791886b820 flushing  nmethod 0x00000179049a1a90
Event: 686.991 Thread 0x000001791886b820 flushing  nmethod 0x0000017904b99190
Event: 686.991 Thread 0x000001791886b820 flushing  nmethod 0x0000017904f41590
Event: 686.991 Thread 0x000001791886b820 flushing  nmethod 0x000001790501cd10
Event: 686.991 Thread 0x000001791886b820 flushing  nmethod 0x0000017905043e10
Event: 686.991 Thread 0x000001791886b820 flushing  nmethod 0x000001790504b210
Event: 686.991 Thread 0x000001791886b820 flushing  nmethod 0x0000017905124f90
Event: 686.991 Thread 0x000001791886b820 flushing  nmethod 0x000001790517e490
Event: 686.991 Thread 0x000001791886b820 flushing  nmethod 0x000001790517ef90
Event: 686.992 Thread 0x000001791886b820 flushing  nmethod 0x0000017905180890
Event: 686.992 Thread 0x000001791886b820 flushing  nmethod 0x00000179051c4e10
Event: 686.992 Thread 0x000001791886b820 flushing  nmethod 0x00000179051c5810
Event: 686.992 Thread 0x000001791886b820 flushing  nmethod 0x00000179051c6390
Event: 686.992 Thread 0x000001791886b820 flushing  nmethod 0x00000179051c7490
Event: 686.992 Thread 0x000001791886b820 flushing  nmethod 0x0000017905754f10
Event: 686.992 Thread 0x000001791886b820 flushing  nmethod 0x0000017905756710
Event: 686.992 Thread 0x000001791886b820 flushing  nmethod 0x0000017905c84c90
Event: 686.992 Thread 0x000001791886b820 flushing  nmethod 0x0000017905ca7390
Event: 686.992 Thread 0x000001791886b820 flushing  nmethod 0x0000017905cb3810

Events (20 events):
Event: 507.846 Thread 0x000001791890f3d0 Thread added: 0x00000179288cfec0
Event: 507.901 Thread 0x000001791890e930 Thread added: 0x00000179288d1330
Event: 509.231 Thread 0x00000179288cfec0 Thread exited: 0x00000179288cfec0
Event: 509.231 Thread 0x00000179288d1330 Thread exited: 0x00000179288d1330
Event: 509.308 Thread 0x000001791890e930 Thread added: 0x00000179288cf7f0
Event: 510.440 Thread 0x00000179288cf7f0 Thread exited: 0x00000179288cf7f0
Event: 512.420 Thread 0x000001791890e930 Thread added: 0x00000179288cea50
Event: 515.204 Thread 0x00000179288cea50 Thread exited: 0x00000179288cea50
Event: 517.039 Thread 0x000001791890e930 Thread added: 0x00000179288d1a00
Event: 517.382 Thread 0x00000179288d1a00 Thread exited: 0x00000179288d1a00
Event: 664.494 Thread 0x000001791890f3d0 Thread added: 0x00000179288ce380
Event: 664.496 Thread 0x000001791890f3d0 Thread added: 0x00000179288d20d0
Event: 665.661 Thread 0x00000179288d20d0 Thread exited: 0x00000179288d20d0
Event: 667.211 Thread 0x00000179288ce380 Thread exited: 0x00000179288ce380
Event: 678.622 Thread 0x0000017922956230 Thread exited: 0x0000017922956230
Event: 680.621 Thread 0x000001791890f3d0 Thread added: 0x00000179288cea50
Event: 680.774 Thread 0x000001791890e930 Thread added: 0x00000179288ce380
Event: 682.911 Thread 0x0000017921576270 Thread exited: 0x0000017921576270
Event: 682.997 Thread 0x00000179288ce380 Thread exited: 0x00000179288ce380
Event: 684.974 Thread 0x00000179288cea50 Thread exited: 0x00000179288cea50


Dynamic libraries:
0x00007ff6db730000 - 0x00007ff6db73a000 	C:\Program Files\Android\Android Studio\jbr\bin\java.exe
0x00007ff95a620000 - 0x00007ff95a887000 	C:\WINDOWS\SYSTEM32\ntdll.dll
0x00007ff9598f0000 - 0x00007ff9599b9000 	C:\WINDOWS\System32\KERNEL32.DLL
0x00007ff957940000 - 0x00007ff957d34000 	C:\WINDOWS\System32\KERNELBASE.dll
0x00007ff957d40000 - 0x00007ff957e8b000 	C:\WINDOWS\System32\ucrtbase.dll
0x00007ff92f200000 - 0x00007ff92f218000 	C:\Program Files\Android\Android Studio\jbr\bin\jli.dll
0x00007ff9599c0000 - 0x00007ff959b85000 	C:\WINDOWS\System32\USER32.dll
0x00007ff958380000 - 0x00007ff9583a7000 	C:\WINDOWS\System32\win32u.dll
0x00007ff95a5b0000 - 0x00007ff95a5db000 	C:\WINDOWS\System32\GDI32.dll
0x00007ff957760000 - 0x00007ff95788a000 	C:\WINDOWS\System32\gdi32full.dll
0x00007ff957890000 - 0x00007ff957933000 	C:\WINDOWS\System32\msvcp_win.dll
0x00007ff9457a0000 - 0x00007ff945a33000 	C:\WINDOWS\WinSxS\amd64_microsoft.windows.common-controls_6595b64144ccf1df_6.0.26100.8115_none_3e075c82e3354f9c\COMCTL32.dll
0x00007ff958be0000 - 0x00007ff958c89000 	C:\WINDOWS\System32\msvcrt.dll
0x00007ff938dc0000 - 0x00007ff938ddb000 	C:\Program Files\Android\Android Studio\jbr\bin\VCRUNTIME140.dll
0x00007ff95a2d0000 - 0x00007ff95a302000 	C:\WINDOWS\System32\IMM32.DLL
0x00007ff938db0000 - 0x00007ff938dbc000 	C:\Program Files\Android\Android Studio\jbr\bin\vcruntime140_1.dll
0x00007ff91e2e0000 - 0x00007ff91e36d000 	C:\Program Files\Android\Android Studio\jbr\bin\msvcp140.dll
0x00007ff8dfda0000 - 0x00007ff8e0a36000 	C:\Program Files\Android\Android Studio\jbr\bin\server\jvm.dll
0x00007ff9595d0000 - 0x00007ff959686000 	C:\WINDOWS\System32\ADVAPI32.dll
0x00007ff959e00000 - 0x00007ff959ea7000 	C:\WINDOWS\System32\sechost.dll
0x00007ff9594b0000 - 0x00007ff9595c8000 	C:\WINDOWS\System32\RPCRT4.dll
0x00007ff959720000 - 0x00007ff9597a0000 	C:\WINDOWS\System32\WS2_32.dll
0x00007ff950830000 - 0x00007ff950866000 	C:\WINDOWS\SYSTEM32\WINMM.dll
0x00007ff950870000 - 0x00007ff95087b000 	C:\WINDOWS\SYSTEM32\VERSION.dll
0x00007ff956ca0000 - 0x00007ff956cfe000 	C:\WINDOWS\SYSTEM32\POWRPROF.dll
0x00007ff956c80000 - 0x00007ff956c94000 	C:\WINDOWS\SYSTEM32\UMPDC.dll
0x00007ff955c80000 - 0x00007ff955c9b000 	C:\WINDOWS\SYSTEM32\kernel.appcore.dll
0x00007ff938da0000 - 0x00007ff938daa000 	C:\Program Files\Android\Android Studio\jbr\bin\jimage.dll
0x00007ff954e30000 - 0x00007ff955072000 	C:\WINDOWS\SYSTEM32\DBGHELP.DLL
0x00007ff959eb0000 - 0x00007ff95a232000 	C:\WINDOWS\System32\combase.dll
0x00007ff958670000 - 0x00007ff958747000 	C:\WINDOWS\System32\OLEAUT32.dll
0x00007ff945500000 - 0x00007ff94553b000 	C:\WINDOWS\SYSTEM32\dbgcore.DLL
0x00007ff958000000 - 0x00007ff9580a5000 	C:\WINDOWS\System32\bcryptPrimitives.dll
0x00007ff952040000 - 0x00007ff95204e000 	C:\Program Files\Android\Android Studio\jbr\bin\instrument.dll
0x00007ff938d80000 - 0x00007ff938da0000 	C:\Program Files\Android\Android Studio\jbr\bin\java.dll
0x00007ff8f4bd0000 - 0x00007ff8f4be8000 	C:\Program Files\Android\Android Studio\jbr\bin\zip.dll
0x00007ff958c90000 - 0x00007ff9593f6000 	C:\WINDOWS\System32\SHELL32.dll
0x00007ff957e90000 - 0x00007ff957ffa000 	C:\WINDOWS\System32\wintypes.dll
0x00007ff956ef0000 - 0x00007ff957755000 	C:\WINDOWS\System32\windows.storage.dll
0x00007ff959d00000 - 0x00007ff959df7000 	C:\WINDOWS\System32\SHCORE.dll
0x00007ff95a240000 - 0x00007ff95a2a6000 	C:\WINDOWS\System32\shlwapi.dll
0x00007ff956e10000 - 0x00007ff956e39000 	C:\WINDOWS\SYSTEM32\profapi.dll
0x00007ff938d70000 - 0x00007ff938d80000 	C:\Program Files\Android\Android Studio\jbr\bin\net.dll
0x00007ff94dd50000 - 0x00007ff94de7d000 	C:\WINDOWS\SYSTEM32\WINHTTP.dll
0x00007ff9561f0000 - 0x00007ff95625c000 	C:\WINDOWS\system32\mswsock.dll
0x00007ff8ee650000 - 0x00007ff8ee666000 	C:\Program Files\Android\Android Studio\jbr\bin\nio.dll
0x00007ff92d300000 - 0x00007ff92d310000 	C:\Program Files\Android\Android Studio\jbr\bin\verify.dll
0x00007ff8df6a0000 - 0x00007ff8df6c7000 	C:\Users\Apoorv Rathore\AndroidStudioProjects\.gradle\native\1def1411415f61bf3af743bc5b6707747c0891f09f0c88961ee8f79bc544acac\windows-amd64\native-platform.dll
0x00007ff91e260000 - 0x00007ff91e2d8000 	C:\Users\Apoorv Rathore\AndroidStudioProjects\.gradle\native\0.2.7\x86_64-windows-gnu\gradle-fileevents.dll
0x00007ff954220000 - 0x00007ff954229000 	C:\Program Files\Android\Android Studio\jbr\bin\management.dll
0x00007ff9541c0000 - 0x00007ff9541cb000 	C:\Program Files\Android\Android Studio\jbr\bin\management_ext.dll
0x00007ff95a570000 - 0x00007ff95a578000 	C:\WINDOWS\System32\PSAPI.DLL
0x00007ff955560000 - 0x00007ff955592000 	C:\WINDOWS\SYSTEM32\IPHLPAPI.DLL
0x00007ff959cf0000 - 0x00007ff959cfa000 	C:\WINDOWS\System32\NSI.dll
0x00007ff954230000 - 0x00007ff954239000 	C:\Program Files\Android\Android Studio\jbr\bin\extnet.dll
0x00007ff9564d0000 - 0x00007ff9564eb000 	C:\WINDOWS\SYSTEM32\CRYPTSP.dll
0x00007ff955be0000 - 0x00007ff955c19000 	C:\WINDOWS\system32\rsaenh.dll
0x00007ff9562a0000 - 0x00007ff9562d3000 	C:\WINDOWS\SYSTEM32\USERENV.dll
0x00007ff956de0000 - 0x00007ff956e0a000 	C:\WINDOWS\SYSTEM32\bcrypt.dll
0x00007ff9564f0000 - 0x00007ff9564fc000 	C:\WINDOWS\SYSTEM32\CRYPTBASE.dll
0x00007ff92d2d0000 - 0x00007ff92d2d8000 	C:\WINDOWS\system32\wshunix.dll
0x00007ff93d510000 - 0x00007ff93d528000 	C:\WINDOWS\system32\napinsp.dll
0x00007ff9556d0000 - 0x00007ff955802000 	C:\WINDOWS\SYSTEM32\DNSAPI.dll
0x00007ff93d170000 - 0x00007ff93d183000 	C:\WINDOWS\System32\winrnr.dll
0x00007ff93d140000 - 0x00007ff93d162000 	C:\WINDOWS\system32\nlansp_c.dll
0x00007ff93cee0000 - 0x00007ff93cef6000 	C:\WINDOWS\system32\wshbth.dll
0x00007ff94a040000 - 0x00007ff94a04b000 	C:\Windows\System32\rasadhlp.dll
0x00007ff94caf0000 - 0x00007ff94cb76000 	C:\WINDOWS\System32\fwpuclnt.dll

JVMTI agents:
C:\Users\Apoorv Rathore\AndroidStudioProjects\.gradle\wrapper\dists\gradle-8.13-bin\5xuhj0ry160q40clulazy9h7d\gradle-8.13\lib\agents\gradle-instrumentation-agent-8.13.jar path:C:\Program Files\Android\Android Studio\jbr\bin\instrument.dll, loaded, initialized, instrumentlib options:none

dbghelp: loaded successfully - version: 4.0.5 - missing functions: none
symbol engine: initialized successfully - sym options: 0x614 - pdb path: .;C:\Program Files\Android\Android Studio\jbr\bin;C:\WINDOWS\SYSTEM32;C:\WINDOWS\WinSxS\amd64_microsoft.windows.common-controls_6595b64144ccf1df_6.0.26100.8115_none_3e075c82e3354f9c;C:\Program Files\Android\Android Studio\jbr\bin\server;C:\Users\Apoorv Rathore\AndroidStudioProjects\.gradle\native\1def1411415f61bf3af743bc5b6707747c0891f09f0c88961ee8f79bc544acac\windows-amd64;C:\Users\Apoorv Rathore\AndroidStudioProjects\.gradle\native\0.2.7\x86_64-windows-gnu

VM Arguments:
jvm_args: --add-opens=java.base/java.lang=ALL-UNNAMED --add-opens=java.base/java.lang.invoke=ALL-UNNAMED --add-opens=java.base/java.util=ALL-UNNAMED --add-opens=java.prefs/java.util.prefs=ALL-UNNAMED --add-exports=jdk.compiler/com.sun.tools.javac.api=ALL-UNNAMED --add-exports=jdk.compiler/com.sun.tools.javac.util=ALL-UNNAMED --add-opens=java.base/java.util=ALL-UNNAMED --add-opens=java.prefs/java.util.prefs=ALL-UNNAMED --add-opens=java.base/java.nio.charset=ALL-UNNAMED --add-opens=java.base/java.net=ALL-UNNAMED --add-opens=java.base/java.util.concurrent.atomic=ALL-UNNAMED --add-opens=java.xml/javax.xml.namespace=ALL-UNNAMED -Xmx2048m -Dfile.encoding=UTF-8 -Duser.country=IN -Duser.language=en -Duser.variant -javaagent:C:\Users\Apoorv Rathore\AndroidStudioProjects\.gradle\wrapper\dists\gradle-8.13-bin\5xuhj0ry160q40clulazy9h7d\gradle-8.13\lib\agents\gradle-instrumentation-agent-8.13.jar 
java_command: org.gradle.launcher.daemon.bootstrap.GradleDaemon 8.13
java_class_path (initial): C:\Users\Apoorv Rathore\AndroidStudioProjects\.gradle\wrapper\dists\gradle-8.13-bin\5xuhj0ry160q40clulazy9h7d\gradle-8.13\lib\gradle-daemon-main-8.13.jar
Launcher Type: SUN_STANDARD

[Global flags]
     intx CICompilerCount                          = 4                                         {product} {ergonomic}
     uint ConcGCThreads                            = 3                                         {product} {ergonomic}
     uint G1ConcRefinementThreads                  = 10                                        {product} {ergonomic}
   size_t G1HeapRegionSize                         = 1048576                                   {product} {ergonomic}
    uintx GCDrainStackTargetSize                   = 64                                        {product} {ergonomic}
   size_t InitialHeapSize                          = 125829120                                 {product} {ergonomic}
   size_t MarkStackSize                            = 4194304                                   {product} {ergonomic}
   size_t MaxHeapSize                              = 2147483648                                {product} {command line}
   size_t MaxNewSize                               = 1287651328                                {product} {ergonomic}
   size_t MinHeapDeltaBytes                        = 1048576                                   {product} {ergonomic}
   size_t MinHeapSize                              = 8388608                                   {product} {ergonomic}
    uintx NonNMethodCodeHeapSize                   = 5839372                                {pd product} {ergonomic}
    uintx NonProfiledCodeHeapSize                  = 122909434                              {pd product} {ergonomic}
    uintx ProfiledCodeHeapSize                     = 122909434                              {pd product} {ergonomic}
    uintx ReservedCodeCacheSize                    = 251658240                              {pd product} {ergonomic}
     bool SegmentedCodeCache                       = true                                      {product} {ergonomic}
   size_t SoftMaxHeapSize                          = 2147483648                             {manageable} {ergonomic}
     bool UseCompressedOops                        = true                           {product lp64_product} {ergonomic}
     bool UseG1GC                                  = true                                      {product} {ergonomic}
     bool UseLargePagesIndividualAllocation        = false                                  {pd product} {ergonomic}

Logging:
Log output configuration:
 #0: stdout all=warning uptime,level,tags foldmultilines=false
 #1: stderr all=off uptime,level,tags foldmultilines=false

Release file:
JAVA_VERSION="21.0.10" 
MODULES="java.base java.compiler java.datatransfer java.xml java.prefs java.desktop java.instrument java.logging java.management java.security.sasl java.naming java.rmi java.management.rmi java.net.http java.scripting java.security.jgss java.transaction.xa java.sql java.sql.rowset java.xml.crypto java.se java.smartcardio jdk.accessibility jdk.internal.jvmstat jdk.attach jdk.charsets jdk.internal.opt jdk.zipfs jdk.compiler jdk.crypto.ec jdk.crypto.cryptoki jdk.dynalink jdk.hotspot.agent jdk.httpserver jdk.internal.ed jdk.internal.le jdk.internal.vm.ci jdk.jartool jdk.javadoc jdk.jcmd jdk.jdeps jdk.jdwp.agent jdk.jdi jdk.jfr jdk.jlink jdk.jsobject jdk.localedata jdk.management jdk.management.agent jdk.management.jfr jdk.naming.dns jdk.naming.rmi jdk.net jdk.sctp jdk.security.auth jdk.security.jgss jdk.unsupported jdk.unsupported.desktop jdk.xml.dom" 
IMPLEMENTOR="JetBrains s.r.o." 
JAVA_RUNTIME_VERSION="21.0.10+-14961533-b1163.108" 
LIBC="default" 
OS_ARCH="x86_64" 
OS_NAME="Windows" 
SOURCE=".:git:1351622c2ff2" 

Environment Variables:
PATH=C:\Python313\Scripts\;C:\Python313\;C:\Program Files\Common Files\Oracle\Java\javapath;C:\WINDOWS\system32;C:\WINDOWS;C:\WINDOWS\System32\Wbem;C:\WINDOWS\System32\WindowsPowerShell\v1.0\;C:\WINDOWS\System32\OpenSSH\;C:\Users\Apoorv Rathore\Desktop\MinGW Installer.lnk;C:\MinGW\bin;C:\Program Files\Java\jdk-18.0.2\bin;C:\ProgramData\chocolatey\bin;C:\xampp\php;C:\composer;C:\Program Files\Git\cmd;C:\Program Files\MongoDB\Server\8.0\bin;C:\Program Files\nodejs\;C:\Program Files\MySQL\MySQL Shell 8.0\bin\;C:\Users\Apoorv Rathore\Scripts\;C:\Users\Apoorv Rathore\;C:\Users\Apoorv Rathore\AppData\Local\Microsoft\WindowsApps;C:\Users\Apoorv Rathore\AppData\Local\Programs\Microsoft VS Code\bin;C:\Program Files\JetBrains\IntelliJ IDEA Community Edition 2022.1.4\bin;;C:\Users\Apoorv Rathore\Downloads\flutter_windows_3.7.8-stable\flutter\bin;C:\Users\Apoorv Rathore\Downloads\dartsdk-windows-x64-release\dart-sdk\bin;C:\tools\dart-sdk\bin;C:\Users\Apoorv Rathore\AppData\Roaming\Pub\Cache\bin;C:\Program Files\JetBrains\PyCharm Community Edition 2023.2.1\bin;;C:\Users\Apoorv Rathore\AppData\Roaming\Composer\vendor\bin;C:\Users\Apoorv Rathore\AppData\Local\Programs\mongosh\;C:\Users\Apoorv Rathore\AppData\Roaming\npm;C:\Program Files\JetBrains\PyCharm 2025.3.1\bin
USERNAME=Apoorv Rathore
OS=Windows_NT
PROCESSOR_IDENTIFIER=AMD64 Family 23 Model 104 Stepping 1, AuthenticAMD
TMP=C:\Users\APOORV~1\AppData\Local\Temp
TEMP=C:\Users\APOORV~1\AppData\Local\Temp




Periodic native trim disabled

JNI global refs:
JNI global refs: 27, weak refs: 0

JNI global refs memory usage: 835, weak refs: 201

Process memory usage:
Resident Set Size: 329704K (4% of 7745280K total physical memory with 1015600K free physical memory)

OOME stack traces (most recent first):
Classloader memory used:
Loader org.gradle.internal.classloader.VisitableURLClassLoader                         : 46860K
Loader org.gradle.internal.classloader.VisitableURLClassLoader$InstrumentingVisitableURLClassLoader: 44659K
Loader bootstrap                                                                       : 30811K
Loader org.gradle.initialization.MixInLegacyTypesClassLoader                           : 15929K
Loader org.gradle.internal.classloader.VisitableURLClassLoader                         : 8732K
Loader jdk.internal.reflect.DelegatingClassLoader                                      : 795K
Loader jdk.internal.loader.ClassLoaders$PlatformClassLoader                            : 531K
Loader jdk.internal.loader.ClassLoaders$AppClassLoader                                 : 235K
Loader org.gradle.groovy.scripts.internal.DefaultScriptCompilationHandler$ScriptClassLoader: 90840B
Loader org.codehaus.groovy.runtime.callsite.CallSiteClassLoader                        : 49928B
Loader sun.reflect.misc.MethodUtil                                                     : 2984B

Classes loaded by more than one classloader:
Class Program                                                                         : loaded 5 times (x 72B)
Class com.google.common.collect.Iterators                                             : loaded 4 times (x 71B)
Class com.google.common.collect.ImmutableList                                         : loaded 4 times (x 206B)
Class com.google.common.collect.Lists$StringAsImmutableList                           : loaded 4 times (x 207B)
Class com.google.common.collect.AbstractIterator                                      : loaded 4 times (x 82B)
Class com.google.common.collect.AbstractIndexedListIterator                           : loaded 4 times (x 96B)
Class com.google.common.collect.UnmodifiableIterator                                  : loaded 4 times (x 80B)
Class com.google.common.collect.Iterators$MergingIterator                             : loaded 4 times (x 81B)
Class com.google.common.collect.Iterators$1                                           : loaded 4 times (x 81B)
Class com.google.common.collect.Iterators$4                                           : loaded 4 times (x 82B)
Class com.google.common.collect.UnmodifiableListIterator                              : loaded 4 times (x 95B)
Class com.google.common.collect.PeekingIterator                                       : loaded 4 times (x 70B)
Class com.google.common.collect.Iterators$5                                           : loaded 4 times (x 82B)
Class com.google.common.collect.ImmutableCollection                                   : loaded 4 times (x 125B)
Class com.google.common.collect.Lists                                                 : loaded 4 times (x 71B)
Class com.google.common.base.Preconditions                                            : loaded 4 times (x 71B)
Class com.google.common.collect.Iterators$9                                           : loaded 4 times (x 81B)
Class com.google.common.collect.Iterators$ArrayItr                                    : loaded 4 times (x 97B)
Class com.google.common.collect.ImmutableSet$RegularSetBuilderImpl                    : loaded 3 times (x 77B)
Class com.google.common.collect.ImmutableRangeSet$ComplementRanges                    : loaded 3 times (x 207B)
Class org.gradle.internal.IoActions                                                   : loaded 3 times (x 71B)
Class org.gradle.api.GradleException                                                  : loaded 3 times (x 82B)
Class com.google.common.base.CharMatcher$NegatedFastMatcher                           : loaded 3 times (x 113B)
Class com.google.common.collect.AbstractRangeSet                                      : loaded 3 times (x 114B)
Class com.google.common.base.Predicate                                                : loaded 3 times (x 70B)
Class com.google.common.base.CharMatcher$FastMatcher                                  : loaded 3 times (x 111B)
Class com.google.common.collect.ImmutableList$1                                       : loaded 3 times (x 97B)
Class org.gradle.api.Action                                                           : loaded 3 times (x 70B)
Class org.gradle.internal.Cast                                                        : loaded 3 times (x 71B)
Class com.google.common.base.CharMatcher$Or                                           : loaded 3 times (x 112B)
Class com.google.common.collect.ImmutableSet                                          : loaded 3 times (x 145B)
Class com.google.common.base.CharMatcher$BitSetMatcher                                : loaded 3 times (x 112B)
Class com.google.common.collect.ImmutableRangeSet$Builder                             : loaded 3 times (x 77B)
Class Build_gradle$1                                                                  : loaded 3 times (x 74B)
Class com.google.common.collect.RegularImmutableList                                  : loaded 3 times (x 213B)
Class com.google.common.base.Function                                                 : loaded 3 times (x 70B)
Class com.google.common.base.CharMatcher$Negated                                      : loaded 3 times (x 113B)
Class com.google.common.base.CharMatcher$IsNot                                        : loaded 3 times (x 111B)
Class com.google.common.collect.RegularImmutableSet                                   : loaded 3 times (x 149B)
Class com.google.common.collect.ImmutableSortedSet                                    : loaded 3 times (x 300B)
Class com.google.common.collect.ImmutableAsList                                       : loaded 3 times (x 209B)
Class com.google.common.base.CharMatcher$Is                                           : loaded 3 times (x 111B)
Class com.google.common.collect.ImmutableSet$CachingAsList                            : loaded 3 times (x 148B)
Class com.google.common.base.Joiner$1                                                 : loaded 3 times (x 80B)
Class com.google.common.base.CharMatcher$IsEither                                     : loaded 3 times (x 111B)
Class com.google.common.base.CharMatcher$AnyOf                                        : loaded 3 times (x 112B)
Class com.google.common.base.CharMatcher$ForPredicate                                 : loaded 3 times (x 112B)
Class com.google.common.base.CharMatcher                                              : loaded 3 times (x 111B)
Class com.google.common.collect.RangeGwtSerializationDependencies                     : loaded 3 times (x 71B)
Class com.google.common.base.Joiner$2                                                 : loaded 3 times (x 79B)
Class com.google.common.collect.SortedIterable                                        : loaded 3 times (x 70B)
Class com.google.common.collect.SingletonImmutableSet                                 : loaded 3 times (x 146B)
Class com.google.common.base.CharMatcher$NamedFastMatcher                             : loaded 3 times (x 112B)
Class com.google.common.collect.ImmutableList$ReverseImmutableList                    : loaded 3 times (x 209B)
Class com.google.common.collect.SingletonImmutableList                                : loaded 3 times (x 207B)
Class com.google.common.base.CharMatcher$1                                            : loaded 3 times (x 113B)
Class com.google.common.base.ExtraObjectsMethodsForWeb                                : loaded 3 times (x 71B)
Class com.google.common.collect.Multimap                                              : loaded 3 times (x 70B)
Class com.google.common.collect.RangeSet                                              : loaded 3 times (x 70B)
Class com.google.common.base.CharMatcher$InRange                                      : loaded 3 times (x 111B)
Class com.google.common.base.Objects                                                  : loaded 3 times (x 71B)
Class com.google.common.base.CharMatcher$And                                          : loaded 3 times (x 112B)
Class Build_gradle                                                                    : loaded 3 times (x 130B)
Class com.google.common.collect.ImmutableSet$SetBuilderImpl                           : loaded 3 times (x 76B)
Class com.google.common.collect.Range                                                 : loaded 3 times (x 87B)
Class com.google.common.collect.RegularImmutableAsList                                : loaded 3 times (x 217B)
Class com.google.common.collect.ImmutableRangeSet$1                                   : loaded 3 times (x 210B)
Class com.google.common.collect.ImmutableList$Builder                                 : loaded 3 times (x 77B)
Class com.google.common.collect.Iterators$SingletonIterator                           : loaded 3 times (x 81B)
Class com.google.common.collect.ImmutableList$SubList                                 : loaded 3 times (x 209B)
Class com.google.common.base.Joiner                                                   : loaded 3 times (x 79B)
Class com.google.common.collect.ImmutableCollection$Builder                           : loaded 3 times (x 76B)
Class com.google.common.collect.RegularImmutableSortedSet                             : loaded 3 times (x 300B)
Class com.google.common.collect.ImmutableRangeSet$AsSet                               : loaded 3 times (x 300B)
Class com.google.common.collect.ImmutableRangeSet                                     : loaded 3 times (x 115B)
Class org.gradle.api.internal.classpath.EffectiveClassPath                            : loaded 2 times (x 90B)
Class com.android.builder.model.v2.models.AndroidDsl                                  : loaded 2 times (x 70B)
Class kotlin.sequences.SequencesKt___SequencesKt$flatMap$2                            : loaded 2 times (x 125B)
Class com.google.common.collect.ListMultimap                                          : loaded 2 times (x 70B)
Class com.google.common.collect.ImmutableEnumMap                                      : loaded 2 times (x 126B)
Class com.amazon.ion.impl.lite.IonSystemLite                                          : loaded 2 times (x 275B)
Class com.amazon.ion.util.InputStreamInterceptor                                      : loaded 2 times (x 70B)
Class com.amazon.ion.impl.bin.IonRawBinaryWriter$PreallocationMode                    : loaded 2 times (x 82B)
Class com.amazon.ion.impl.bin._Private_IonRawWriter                                   : loaded 2 times (x 70B)
Class com.amazon.ion.IonWriter                                                        : loaded 2 times (x 70B)
Class kotlin.text.StringsKt__AppendableKt                                             : loaded 2 times (x 71B)
Class org.gradle.tooling.internal.gradle.DefaultProjectIdentifier                     : loaded 2 times (x 86B)
Class com.android.ide.common.gradle.Numeric                                           : loaded 2 times (x 77B)
Class com.google.common.collect.Sets$1                                                : loaded 2 times (x 139B)
Class org.objectweb.asm.AnnotationVisitor                                             : loaded 2 times (x 78B)
Class com.amazon.ion.impl._Private_RecyclingQueue$ElementFactory                      : loaded 2 times (x 70B)
Class com.amazon.ion.impl._Private_IonContainer                                       : loaded 2 times (x 70B)
Class com.intellij.gradle.toolingExtension.impl.model.buildScriptClasspathModel.GradleBuildScriptClasspathSerializationService$ReadContext: loaded 2 times (x 72B)
Class com.google.common.collect.ComparatorOrdering                                    : loaded 2 times (x 115B)
Class org.gradle.api.internal.DefaultClassPathProvider                                : loaded 2 times (x 76B)
Class com.android.builder.model.v2.models.BasicAndroidProject                         : loaded 2 times (x 70B)
Class com.google.common.collect.Sets$2                                                : loaded 2 times (x 139B)
Class com.amazon.ion.impl._Private_RecyclingStack$$Iterator                           : loaded 2 times (x 99B)
Class com.amazon.ion.impl.SharedSymbolTable                                           : loaded 2 times (x 93B)
Class com.amazon.ion.impl.bin.IonRawBinaryWriter                                      : loaded 2 times (x 169B)
Class com.amazon.ion.SymbolToken                                                      : loaded 2 times (x 70B)
Class kotlin.text.StringsKt__StringNumberConversionsJVMKt                             : loaded 2 times (x 71B)
Class com.google.common.collect.NaturalOrdering                                       : loaded 2 times (x 115B)
Class kotlin.text.MatchResult                                                         : loaded 2 times (x 70B)
Class kotlin.sequences.SequenceScope                                                  : loaded 2 times (x 73B)
Class kotlin.sequences.Sequence                                                       : loaded 2 times (x 70B)
Class org.gradle.tooling.ToolingModelContract                                         : loaded 2 times (x 70B)
Class [Lorg.gradle.api.internal.ClassPathProvider;                                    : loaded 2 times (x 69B)
Class org.gradle.api.internal.ClassPathProvider                                       : loaded 2 times (x 70B)
Class [Lorg.objectweb.asm.AnnotationVisitor;                                          : loaded 2 times (x 69B)
Class com.google.common.collect.Sets$3                                                : loaded 2 times (x 139B)
Class com.google.common.util.concurrent.AbstractFuture$SafeAtomicHelper               : loaded 2 times (x 79B)
Class com.google.common.cache.LocalCache$LocalLoadingCache                            : loaded 2 times (x 134B)
Class com.amazon.ion.impl.lite.IonBoolLite                                            : loaded 2 times (x 178B)
Class kotlin.collections.CollectionsKt___CollectionsKt$asSequence$$inlined$Sequence$1 : loaded 2 times (x 75B)
Class org.gradle.internal.service.UnknownServiceException                             : loaded 2 times (x 83B)
Class com.google.common.collect.Sets$4                                                : loaded 2 times (x 139B)
Class org.objectweb.asm.ModuleVisitor                                                 : loaded 2 times (x 81B)
Class com.google.common.cache.LocalCache$Strength$1                                   : loaded 2 times (x 81B)
Class org.jetbrains.kotlin.idea.gradleTooling.model.kapt.KaptGradleModel              : loaded 2 times (x 70B)
Class org.jetbrains.kotlin.idea.gradleTooling.KotlinDslScriptAdditionalTask           : loaded 2 times (x 70B)
Class org.jetbrains.plugins.gradle.model.ClasspathEntryModel                          : loaded 2 times (x 70B)
Class com.google.common.util.concurrent.SettableFuture                                : loaded 2 times (x 114B)
Class com.google.common.cache.LocalCache$Strength$2                                   : loaded 2 times (x 81B)
Class com.amazon.ion.IonTimestamp                                                     : loaded 2 times (x 70B)
Class com.amazon.ion.impl.bin.PooledBlockAllocatorProvider$PooledBlockAllocator       : loaded 2 times (x 81B)
Class org.jetbrains.plugins.gradle.tooling.serialization.GradleExtensionsSerializationService: loaded 2 times (x 77B)
Class org.gradle.api.JavaVersion                                                      : loaded 2 times (x 79B)
Class org.gradle.tooling.model.Dependency                                             : loaded 2 times (x 70B)
Class com.android.builder.model.v2.ide.AbstractArtifact                               : loaded 2 times (x 70B)
Class com.google.common.cache.LocalCache$Strength$3                                   : loaded 2 times (x 81B)
Class com.google.common.collect.MapDifference                                         : loaded 2 times (x 70B)
Class com.amazon.ion.IonDatagram                                                      : loaded 2 times (x 70B)
Class com.amazon.ion.impl._Private_RecyclingStack$ElementFactory                      : loaded 2 times (x 70B)
Class com.amazon.ion.impl.bin.IonManagedBinaryWriter$ImportedSymbolResolverMode$1$1   : loaded 2 times (x 78B)
Class com.amazon.ion.impl._Private_ByteTransferSink                                   : loaded 2 times (x 70B)
Class com.intellij.openapi.externalSystem.model.project.dependencies.ResolutionState  : loaded 2 times (x 79B)
Class kotlin.text.StringsKt__RegexExtensionsJVMKt                                     : loaded 2 times (x 71B)
Class com.google.common.collect.AllEqualOrdering                                      : loaded 2 times (x 114B)
Class kotlin.collections.ArraysKt___ArraysJvmKt                                       : loaded 2 times (x 71B)
Class kotlin.collections.CollectionsKt__CollectionsKt                                 : loaded 2 times (x 71B)
Class org.objectweb.asm.FieldWriter                                                   : loaded 2 times (x 78B)
Class com.google.common.cache.CacheBuilder$NullListener                               : loaded 2 times (x 82B)
Class org.jetbrains.plugins.gradle.model.ExternalLibraryDependency                    : loaded 2 times (x 70B)
Class kotlin.text.Regex$Companion                                                     : loaded 2 times (x 71B)
Class org.gradle.internal.classpath.TransformedClassPath                              : loaded 2 times (x 96B)
Class org.gradle.internal.classloader.InstrumentingClassLoader                        : loaded 2 times (x 70B)
Class com.google.common.collect.ImmutableListMultimap                                 : loaded 2 times (x 176B)
Class com.google.common.collect.Ordering                                              : loaded 2 times (x 114B)
Class com.google.common.cache.CacheLoader$FunctionToCacheLoader                       : loaded 2 times (x 75B)
Class org.jetbrains.plugins.gradle.tooling.serialization.internal.IdeaProjectSerializationService: loaded 2 times (x 77B)
Class org.jetbrains.kotlin.idea.projectModel.KotlinTaskProperties                     : loaded 2 times (x 70B)
Class com.amazon.ion.IonValue                                                         : loaded 2 times (x 70B)
Class kotlin.jvm.internal.FunctionReference                                           : loaded 2 times (x 122B)
Class [Lkotlin.coroutines.intrinsics.CoroutineSingletons;                             : loaded 2 times (x 69B)
Class kotlin.jvm.internal.FunctionBase                                                : loaded 2 times (x 70B)
Class kotlin.enums.EnumEntriesList                                                    : loaded 2 times (x 223B)
Class com.google.common.collect.EmptyImmutableListMultimap                            : loaded 2 times (x 176B)
Class com.google.common.collect.BaseImmutableMultimap                                 : loaded 2 times (x 123B)
Class [Lcom.android.ide.common.repository.AgpVersion$PreviewKind;                     : loaded 2 times (x 69B)
Class com.google.common.base.MoreObjects                                              : loaded 2 times (x 71B)
Class com.amazon.ion.impl.bin.IonRawBinaryWriter$ContainerType                        : loaded 2 times (x 79B)
Class com.amazon.ion.impl._Private_IonTextWriterBuilder$Mutable                       : loaded 2 times (x 102B)
Class kotlin.comparisons.ComparisonsKt___ComparisonsJvmKt                             : loaded 2 times (x 71B)
Class kotlin.collections.CollectionsKt__IteratorsJVMKt                                : loaded 2 times (x 71B)
Class com.android.builder.model.v2.ide.TestInfo$Execution                             : loaded 2 times (x 79B)
Class com.google.common.collect.Platform                                              : loaded 2 times (x 71B)
Class [Lorg.objectweb.asm.Type;                                                       : loaded 2 times (x 69B)
Class [Lcom.google.common.collect.ImmutableMapEntry;                                  : loaded 2 times (x 69B)
Class org.jetbrains.kotlin.idea.gradleTooling.KotlinSourceSetContainer                : loaded 2 times (x 70B)
Class org.jetbrains.plugins.gradle.model.IntelliJSettings                             : loaded 2 times (x 70B)
Class kotlin.Result                                                                   : loaded 2 times (x 72B)
Class org.gradle.internal.service.ServiceLocator                                      : loaded 2 times (x 70B)
Class com.google.common.base.Ascii                                                    : loaded 2 times (x 71B)
Class com.google.common.collect.SingletonImmutableBiMap                               : loaded 2 times (x 143B)
Class com.google.common.cache.LocalCache$1                                            : loaded 2 times (x 89B)
Class org.gradle.internal.classloader.ClassLoaderVisitor                              : loaded 2 times (x 76B)
Class com.google.common.collect.AbstractMapEntry                                      : loaded 2 times (x 81B)
Class com.amazon.ion.impl.IonWriterSystem                                             : loaded 2 times (x 171B)
Class com.amazon.ion.impl.bin.Symbols$2                                               : loaded 2 times (x 107B)
Class com.amazon.ion.impl.bin._Private_IonManagedWriter                               : loaded 2 times (x 70B)
Class com.intellij.gradle.toolingExtension.util.GradleVersionUtil                     : loaded 2 times (x 71B)
Class ijInit11_3p6r7s8db8df35xslejiqcavf                                              : loaded 2 times (x 179B)
Class com.android.ide.gradle.model.GradlePropertiesModel                              : loaded 2 times (x 70B)
Class kotlin.sequences.TransformingSequence$iterator$1                                : loaded 2 times (x 79B)
Class kotlin.Pair                                                                     : loaded 2 times (x 72B)
Class org.gradle.tooling.internal.adapter.ProtocolToModelAdapter$SupportedPropertyInvoker: loaded 2 times (x 76B)
Class org.gradle.tooling.model.UnsupportedMethodException                             : loaded 2 times (x 82B)
Class com.android.builder.model.v2.ide.BytecodeTransformation                         : loaded 2 times (x 79B)
Class com.google.common.collect.Sets$ImprovedAbstractSet                              : loaded 2 times (x 135B)
Class kotlin.collections.AbstractList$Companion                                       : loaded 2 times (x 71B)
Class com.google.common.collect.AbstractMultimap                                      : loaded 2 times (x 123B)
Class com.google.common.cache.LocalCache$2                                            : loaded 2 times (x 142B)
Class com.amazon.ion.impl.lite.IonContainerLite                                       : loaded 2 times (x 248B)
Class com.amazon.ion.IonBufferConfiguration$OversizedSymbolTableHandler               : loaded 2 times (x 70B)
Class com.amazon.ion.system.IonWriterBuilder                                          : loaded 2 times (x 74B)
Class org.jetbrains.plugins.gradle.tooling.serialization.ToolingStreamApiUtils        : loaded 2 times (x 71B)
Class com.amazon.ion.facet.Faceted                                                    : loaded 2 times (x 70B)
Class kotlin.collections.CollectionsKt__MutableCollectionsKt                          : loaded 2 times (x 71B)
Class com.android.builder.model.v2.ide.CodeShrinker                                   : loaded 2 times (x 79B)
Class kotlin.sequences.SequencesKt___SequencesKt                                      : loaded 2 times (x 71B)
Class com.google.common.util.concurrent.AbstractFuture$UnsafeAtomicHelper$1           : loaded 2 times (x 76B)
Class kotlin.text.MatcherMatchResult$groupValues$1                                    : loaded 2 times (x 198B)
Class com.amazon.ion.impl.bin.utf8.Poolable                                           : loaded 2 times (x 79B)
Class com.amazon.ion.IonSymbol                                                        : loaded 2 times (x 70B)
Class org.jetbrains.plugins.gradle.tooling.serialization.AnnotationProcessingModelSerializationService$WriteContext: loaded 2 times (x 72B)
Class kotlin.io.TerminateException                                                    : loaded 2 times (x 82B)
Class kotlin.io.FilesKt__FilePathComponentsKt                                         : loaded 2 times (x 71B)
Class kotlin.reflect.KCallable                                                        : loaded 2 times (x 70B)
Class com.google.common.collect.ReverseNaturalOrdering                                : loaded 2 times (x 114B)
Class com.google.common.util.concurrent.AbstractFuture$Trusted                        : loaded 2 times (x 70B)
Class com.amazon.ion.impl.bin.IonManagedBinaryWriter$ImportedSymbolResolverMode$2     : loaded 2 times (x 80B)
Class com.intellij.gradle.toolingExtension.impl.util.collectionUtil.GradleCollections : loaded 2 times (x 71B)
Class org.jetbrains.kotlin.idea.gradleTooling.KotlinGradlePluginVersion               : loaded 2 times (x 70B)
Class com.intellij.compose.ide.plugin.gradleTooling.rt.ComposeResourcesModel          : loaded 2 times (x 70B)
Class com.amazon.ion.impl.lite.IonStructLite                                          : loaded 2 times (x 298B)
Class com.amazon.ion.impl._Private_ReaderWriter                                       : loaded 2 times (x 70B)
Class com.amazon.ion.impl.bin.AbstractSymbolTable                                     : loaded 2 times (x 107B)
Class com.amazon.ion.Decimal                                                          : loaded 2 times (x 133B)
Class com.amazon.ion.impl.bin._Private_IonManagedBinaryWriterBuilder$AllocatorMode$1  : loaded 2 times (x 80B)
Class org.jetbrains.plugins.gradle.tooling.serialization.ProjectDependenciesSerializationService$WriteContext: loaded 2 times (x 72B)
Class org.jetbrains.plugins.gradle.tooling.serialization.ProjectDependenciesSerializationService: loaded 2 times (x 77B)
Class kotlin.text.CharsKt                                                             : loaded 2 times (x 71B)
Class org.gradle.tooling.model.kotlin.dsl.KotlinDslScriptModel                        : loaded 2 times (x 70B)
Class org.gradle.tooling.internal.adapter.CollectionMapper                            : loaded 2 times (x 73B)
Class org.jetbrains.kotlin.tooling.core.KotlinToolingVersion                          : loaded 2 times (x 75B)
Class [Lcom.android.builder.model.v2.ide.LibraryType;                                 : loaded 2 times (x 69B)
Class com.android.builder.model.v2.ide.LibraryType                                    : loaded 2 times (x 79B)
Class org.gradle.internal.classloader.DefaultClassLoaderFactory                       : loaded 2 times (x 82B)
Class com.google.common.util.concurrent.UncheckedExecutionException                   : loaded 2 times (x 82B)
Class org.gradle.kotlin.dsl.VersionCatalogAccessorsKt                                 : loaded 2 times (x 71B)
Class com.amazon.ion.impl.lite.IonFloatLite                                           : loaded 2 times (x 186B)
Class com.amazon.ion.impl._Private_IonTextWriterBuilder                               : loaded 2 times (x 102B)
Class com.amazon.ion.impl.bin._Private_IonManagedBinaryWriterBuilder$AllocatorMode$2  : loaded 2 times (x 80B)
Class com.google.common.collect.ExplicitOrdering                                      : loaded 2 times (x 115B)
Class org.jetbrains.plugins.gradle.ExternalDependencyId                               : loaded 2 times (x 70B)
Class com.amazon.ion.impl._Private_RecyclingStack                                     : loaded 2 times (x 79B)
Class com.amazon.ion.impl._Private_IonReaderBuilder                                   : loaded 2 times (x 97B)
Class com.amazon.ion.IonMutableCatalog                                                : loaded 2 times (x 70B)
Class gnu.trove.THash                                                                 : loaded 2 times (x 81B)
Class com.intellij.gradle.toolingExtension.impl.model.buildScriptClasspathModel.GradleBuildScriptClasspathSerializationService$WriteContext: loaded 2 times (x 72B)
Class org.gradle.tooling.internal.adapter.ProtocolToModelAdapter                      : loaded 2 times (x 80B)
Class org.gradle.internal.InternalTransformer                                         : loaded 2 times (x 70B)
Class com.android.builder.model.v2.ide.AndroidGradlePluginProjectFlags$BooleanFlag    : loaded 2 times (x 79B)
Class com.google.common.collect.AbstractMapBasedMultimap$KeySet$1                     : loaded 2 times (x 82B)
Class com.android.ide.common.gradle.Separator                                         : loaded 2 times (x 79B)
Class org.objectweb.asm.ClassWriter                                                   : loaded 2 times (x 106B)
Class com.intellij.util.containers.IntObjectHashMap$ArrayProducer                     : loaded 2 times (x 70B)
Class com.google.common.cache.CacheLoader$UnsupportedLoadingOperationException        : loaded 2 times (x 82B)
Class kotlin.collections.MapsKt__MapsJVMKt                                            : loaded 2 times (x 71B)
Class kotlin.collections.EmptyList                                                    : loaded 2 times (x 174B)
Class org.gradle.internal.time.DefaultTimer                                           : loaded 2 times (x 80B)
Class org.gradle.internal.classloader.ClasspathUtil$1                                 : loaded 2 times (x 76B)
Class com.amazon.ion.impl.bin.IonManagedBinaryWriter$ImportedSymbolResolverMode$1     : loaded 2 times (x 80B)
Class org.objectweb.asm.FieldVisitor                                                  : loaded 2 times (x 77B)
Class com.google.common.collect.IndexedImmutableSet                                   : loaded 2 times (x 152B)
Class com.google.common.collect.ImmutableMap$1                                        : loaded 2 times (x 81B)
Class com.google.common.collect.BiMap                                                 : loaded 2 times (x 70B)
Class com.amazon.ion.impl.bin.PooledBlockAllocatorProvider$PooledBlockAllocator$1     : loaded 2 times (x 79B)
Class com.amazon.ion.impl.lite.IonStringLite                                          : loaded 2 times (x 212B)
Class org.gradle.tooling.internal.adapter.ProtocolToModelAdapter$ViewKey              : loaded 2 times (x 72B)
Class org.gradle.api.internal.classpath.DefaultModuleRegistry$DefaultModule           : loaded 2 times (x 86B)
Class com.android.builder.model.v2.CustomSourceDirectory                              : loaded 2 times (x 70B)
Class com.google.common.primitives.Ints                                               : loaded 2 times (x 71B)
Class com.android.ide.common.repository.AgpVersion                                    : loaded 2 times (x 75B)
Class com.amazon.ion.impl.lite.IonSymbolLite                                          : loaded 2 times (x 246B)
Class com.amazon.ion.impl.bin.Block                                                   : loaded 2 times (x 79B)
Class com.google.common.collect.NullsFirstOrdering                                    : loaded 2 times (x 115B)
Class kotlin.ResultKt                                                                 : loaded 2 times (x 71B)
Class org.gradle.tooling.internal.adapter.ProtocolToModelAdapter$PropertyCachingMethodInvoker: loaded 2 times (x 76B)
Class com.android.builder.model.v2.models.ProjectSyncIssues                           : loaded 2 times (x 70B)
Class com.google.common.collect.ObjectArrays                                          : loaded 2 times (x 71B)
Class com.google.common.collect.Multiset                                              : loaded 2 times (x 70B)
Class com.google.common.collect.ArrayListMultimapGwtSerializationDependencies         : loaded 2 times (x 172B)
Class [Lcom.amazon.ion.impl.bin.IonRawBinaryWriter$StreamCloseMode;                   : loaded 2 times (x 69B)
Class com.google.common.math.MathPreconditions                                        : loaded 2 times (x 71B)
Class org.jetbrains.plugins.gradle.model.ExternalTask                                 : loaded 2 times (x 70B)
Class com.amazon.ion.impl.bin.utf8.Utf8StringEncoderPool$1                            : loaded 2 times (x 76B)
Class com.amazon.ion.impl.lite.IonLoaderLite                                          : loaded 2 times (x 82B)
Class com.amazon.ion.impl.lite.IonContext                                             : loaded 2 times (x 70B)
Class com.amazon.ion.impl.IonWriterSystemText                                         : loaded 2 times (x 190B)
Class [Lcom.amazon.ion.impl.bin.IonManagedBinaryWriter$ImportedSymbolResolverMode;    : loaded 2 times (x 69B)
Class com.amazon.ion.ValueFactory                                                     : loaded 2 times (x 70B)
Class kotlin.Result$Failure                                                           : loaded 2 times (x 72B)
Class kotlin.collections.ArraysKt__ArraysKt                                           : loaded 2 times (x 71B)
Class org.gradle.internal.time.DefaultCountdownTimer                                  : loaded 2 times (x 88B)
Class com.google.common.collect.ImmutableMapEntrySet                                  : loaded 2 times (x 152B)
Class com.amazon.ion.impl.bin.IonManagedBinaryWriter$SymbolResolver                   : loaded 2 times (x 70B)
Class com.amazon.ion.impl._Private_SymbolToken                                        : loaded 2 times (x 70B)
Class com.amazon.ion.impl.bin._Private_IonManagedBinaryWriterBuilder$AllocatorMode    : loaded 2 times (x 80B)
Class org.jetbrains.plugins.gradle.model.GradleTaskModel                              : loaded 2 times (x 70B)
Class org.jetbrains.plugins.gradle.tooling.util.ObjectCollector                       : loaded 2 times (x 72B)
Class kotlin.collections.SetsKt__SetsJVMKt                                            : loaded 2 times (x 71B)
Class kotlin.Function                                                                 : loaded 2 times (x 70B)
Class org.gradle.tooling.internal.adapter.ProtocolToModelAdapter$AdaptingMethodInvoker: loaded 2 times (x 76B)
Class org.gradle.tooling.internal.gradle.DefaultBuildIdentifier                       : loaded 2 times (x 79B)
Class org.gradle.api.internal.classpath.Module                                        : loaded 2 times (x 70B)
Class com.google.common.cache.Weigher                                                 : loaded 2 times (x 70B)
Class com.intellij.openapi.externalSystem.model.project.IExternalSystemSourceType     : loaded 2 times (x 70B)
Class [Lcom.amazon.ion.util.GzipStreamInterceptor;                                    : loaded 2 times (x 69B)
Class com.amazon.ion.impl._Private_IonReaderBuilder$Mutable                           : loaded 2 times (x 97B)
Class kotlin.io.FileAlreadyExistsException                                            : loaded 2 times (x 82B)
Class kotlin.internal.ProgressionUtilKt                                               : loaded 2 times (x 71B)
Class org.gradle.api.internal.classpath.UnknownModuleException                        : loaded 2 times (x 82B)
Class com.google.common.base.Stopwatch                                                : loaded 2 times (x 72B)
Class com.google.common.cache.LocalCache$Strength                                     : loaded 2 times (x 81B)
Class com.google.common.cache.Cache                                                   : loaded 2 times (x 70B)
Class com.intellij.openapi.externalSystem.model.project.dependencies.ProjectDependencies: loaded 2 times (x 70B)
Class org.jetbrains.plugins.gradle.tooling.serialization.ProjectDependenciesSerializationService$ReadContext: loaded 2 times (x 72B)
Class com.google.common.util.concurrent.AbstractFuture$Cancellation                   : loaded 2 times (x 72B)
Class com.google.common.collect.ImmutableMap$Builder                                  : loaded 2 times (x 82B)
Class com.google.common.cache.RemovalListener                                         : loaded 2 times (x 70B)
Class com.amazon.ion.IonBufferConfiguration                                           : loaded 2 times (x 73B)
Class com.amazon.ion.impl.bin.Symbols                                                 : loaded 2 times (x 71B)
Class org.jetbrains.plugins.gradle.tooling.serialization.RepositoriesModelSerializationService: loaded 2 times (x 82B)
Class com.android.ide.gradle.model.artifacts.AdditionalClassifierArtifactsModel       : loaded 2 times (x 70B)
Class org.gradle.tooling.internal.gradle.GradleProjectIdentity                        : loaded 2 times (x 70B)
Class org.gradle.api.internal.DefaultClassPathRegistry                                : loaded 2 times (x 76B)
Class com.google.common.collect.ImmutableMultimap$Keys                                : loaded 2 times (x 166B)
Class com.android.builder.model.v2.ide.JavaArtifact                                   : loaded 2 times (x 70B)
Class com.google.common.primitives.IntsMethodsForWeb                                  : loaded 2 times (x 71B)
Class org.jetbrains.kotlin.idea.gradleTooling.AndroidAwareGradleModelProvider$Companion: loaded 2 times (x 71B)
Class [Lcom.amazon.ion.impl.bin.AbstractIonWriter$WriteValueOptimization;             : loaded 2 times (x 69B)
Class org.jetbrains.plugins.gradle.tooling.serialization.RepositoriesModelSerializationService$ReadContext: loaded 2 times (x 72B)
Class kotlin.ranges.ClosedRange                                                       : loaded 2 times (x 70B)
Class org.gradle.api.internal.ClassPathRegistry                                       : loaded 2 times (x 70B)
Class org.gradle.internal.classpath.DefaultClassPath$ImmutableUniqueList              : loaded 2 times (x 199B)
Class com.google.common.base.Suppliers                                                : loaded 2 times (x 71B)
Class com.amazon.ion.impl.bin.IonManagedBinaryWriter$UserState                        : loaded 2 times (x 85B)
Class com.amazon.ion.impl._Private_IonWriter                                          : loaded 2 times (x 70B)
Class com.amazon.ion.impl.bin._Private_IonManagedBinaryWriterBuilder                  : loaded 2 times (x 72B)
Class com.intellij.gradle.toolingExtension.impl.model.projectModel.GradleExternalProjectSerializationService$WriteContext: loaded 2 times (x 73B)
Class kotlin.text.StringsKt__StringsJVMKt                                             : loaded 2 times (x 71B)
Class kotlin.collections.IntIterator                                                  : loaded 2 times (x 82B)
Class com.google.common.collect.NullnessCasts                                         : loaded 2 times (x 71B)
Class [Lcom.google.common.cache.CacheBuilder$OneWeigher;                              : loaded 2 times (x 69B)
Class com.android.builder.model.v2.dsl.SigningConfig                                  : loaded 2 times (x 70B)
Class com.android.builder.model.v2.models.AndroidProject                              : loaded 2 times (x 70B)
Class com.android.builder.model.v2.AndroidModel                                       : loaded 2 times (x 70B)
Class com.google.common.cache.CacheBuilder                                            : loaded 2 times (x 72B)
Class org.objectweb.asm.MethodTooLargeException                                       : loaded 2 times (x 83B)
Class Settings_gradle$1                                                               : loaded 2 times (x 74B)
Class [Lcom.amazon.ion.SymbolToken;                                                   : loaded 2 times (x 69B)
Class kotlin.text.StringsKt__IndentKt                                                 : loaded 2 times (x 71B)
Class kotlin.collections.SetsKt                                                       : loaded 2 times (x 71B)
Class org.gradle.internal.classpath.ClassPath                                         : loaded 2 times (x 70B)
Class org.gradle.api.UncheckedIOException                                             : loaded 2 times (x 82B)
Class com.google.common.base.JdkPattern                                               : loaded 2 times (x 75B)
Class com.google.common.base.Platform$JdkPatternCompiler                              : loaded 2 times (x 75B)
Class org.jetbrains.plugins.gradle.model.ExternalProjectDependency                    : loaded 2 times (x 70B)
Class org.jetbrains.plugins.gradle.tooling.serialization.KotlinDslScriptsModelSerializationService: loaded 2 times (x 81B)
Class kotlin.reflect.KFunction                                                        : loaded 2 times (x 70B)
Class kotlin.collections.ArrayDeque                                                   : loaded 2 times (x 207B)
Class org.objectweb.asm.SymbolTable$Entry                                             : loaded 2 times (x 74B)
Class com.google.common.util.concurrent.AbstractFuture$AtomicHelper                   : loaded 2 times (x 78B)
Class com.amazon.ion.system.IonSystemBuilder$Mutable                                  : loaded 2 times (x 75B)
Class com.amazon.ion.impl.bin.IonManagedBinaryWriter$SymbolResolverBuilder            : loaded 2 times (x 70B)
Class org.jetbrains.kotlin.idea.gradleTooling.KotlinGradleModel                       : loaded 2 times (x 70B)
Class org.jetbrains.plugins.gradle.tooling.serialization.ExternalTestsSerializationService$WriteContext: loaded 2 times (x 72B)
Class kotlin.collections.MapsKt__MapsKt                                               : loaded 2 times (x 71B)
Class com.android.builder.model.v2.ide.Variant                                        : loaded 2 times (x 70B)
Class org.objectweb.asm.Edge                                                          : loaded 2 times (x 72B)
Class com.google.common.base.Suppliers$SupplierOfInstance                             : loaded 2 times (x 79B)
Class org.gradle.internal.operations.MultipleBuildOperationFailures                   : loaded 2 times (x 95B)
Class com.amazon.ion.impl._Private_RecyclingStack$Recycler                            : loaded 2 times (x 70B)
Class com.amazon.ion.impl.bin.IonManagedBinaryWriter$LocalSymbolTableView             : loaded 2 times (x 107B)
Class com.amazon.ion.impl.bin.IonRawBinaryWriter$ThrowingRunnable                     : loaded 2 times (x 70B)
Class org.gradle.tooling.model.Model                                                  : loaded 2 times (x 70B)
Class com.google.common.cache.LocalCache$ComputingValueReference                      : loaded 2 times (x 96B)
Class org.gradle.tooling.internal.adapter.MethodInvocation                            : loaded 2 times (x 85B)
Class com.google.common.collect.ImmutableMap$IteratorBasedImmutableMap                : loaded 2 times (x 126B)
Class com.amazon.ion.UnknownSymbolException                                           : loaded 2 times (x 86B)
Class com.android.ide.gradle.model.composites.BuildMap                                : loaded 2 times (x 70B)
Class kotlin.text.MatchResult$Destructured                                            : loaded 2 times (x 72B)
Class kotlin.Metadata                                                                 : loaded 2 times (x 70B)
Class kotlin.UninitializedPropertyAccessException                                     : loaded 2 times (x 82B)
Class com.android.builder.model.v2.ide.Library                                        : loaded 2 times (x 70B)
Class com.android.builder.model.v2.ide.ArtifactDependenciesAdjacencyList              : loaded 2 times (x 70B)
Class com.android.builder.model.v2.models.Versions                                    : loaded 2 times (x 70B)
Class com.google.common.cache.LocalCache$Segment                                      : loaded 2 times (x 154B)
Class org.jetbrains.plugins.gradle.model.IntelliJProjectSettings                      : loaded 2 times (x 70B)
Class org.gradle.tooling.internal.adapter.ProtocolToModelAdapter$MethodInvocationCache: loaded 2 times (x 73B)
Class kotlin.sequences.TransformingSequence                                           : loaded 2 times (x 75B)
Class com.android.builder.model.v2.models.ndk.NativeModule                            : loaded 2 times (x 70B)
Class com.google.common.collect.AbstractListMultimap                                  : loaded 2 times (x 172B)
Class [Lorg.objectweb.asm.SymbolTable$Entry;                                          : loaded 2 times (x 69B)
Class com.google.common.cache.CacheLoader                                             : loaded 2 times (x 74B)
Class com.intellij.util.ThrowableConsumer                                             : loaded 2 times (x 70B)
Class com.google.common.collect.ImmutableBiMap                                        : loaded 2 times (x 143B)
Class org.jetbrains.plugins.gradle.model.ExternalDependency                           : loaded 2 times (x 70B)
Class com.intellij.util.containers.IntObjectHashMap                                   : loaded 2 times (x 72B)
Class org.gradle.internal.installation.GradleInstallation$1                           : loaded 2 times (x 75B)
Class org.gradle.api.internal.classpath.ModuleRegistry                                : loaded 2 times (x 70B)
Class com.google.common.util.concurrent.internal.InternalFutureFailureAccess          : loaded 2 times (x 72B)
Class com.android.ide.common.repository.AgpVersion$PreviewKind$Companion              : loaded 2 times (x 71B)
Class org.objectweb.asm.ClassVisitor                                                  : loaded 2 times (x 88B)
Class com.google.common.collect.ImmutableSet$JdkBackedSetBuilderImpl                  : loaded 2 times (x 76B)
Class com.amazon.ion.impl.bin.IonManagedBinaryWriter$SymbolState$1                    : loaded 2 times (x 80B)
Class com.amazon.ion.impl.LocalSymbolTableAsStruct$Factory                            : loaded 2 times (x 79B)
Class [Lcom.amazon.ion.IonType;                                                       : loaded 2 times (x 69B)
Class org.jetbrains.plugins.gradle.model.VersionCatalogsModel                         : loaded 2 times (x 70B)
Class com.intellij.gradle.toolingExtension.impl.model.sourceSetDependencyModel.GradleSourceSetDependencySerialisationService$SourceSetDependencyModelReadContext: loaded 2 times (x 72B)
Class com.intellij.gradle.toolingExtension.impl.model.dependencyModel.DependencyReadContext: loaded 2 times (x 72B)
Class org.gradle.tooling.internal.adapter.ObjectGraphAdapter                          : loaded 2 times (x 70B)
Class com.google.common.collect.ImmutableMultimap$Values                              : loaded 2 times (x 126B)
Class com.android.builder.model.v2.ide.Installation                                   : loaded 2 times (x 70B)
Class com.google.common.util.concurrent.AbstractFuture$UnsafeAtomicHelper             : loaded 2 times (x 78B)
Class [Lorg.objectweb.asm.Symbol;                                                     : loaded 2 times (x 69B)
Class com.google.common.cache.LocalCache$LocalManualCache$1                           : loaded 2 times (x 75B)
Class org.jetbrains.plugins.gradle.model.ProjectImportModelProvider                   : loaded 2 times (x 70B)
Class org.jetbrains.plugins.gradle.model.ExternalSourceSet                            : loaded 2 times (x 70B)
Class com.amazon.ion.impl.bin.IonManagedBinaryWriter$SymbolState$2                    : loaded 2 times (x 80B)
Class com.amazon.ion.IonNull                                                          : loaded 2 times (x 70B)
Class com.intellij.gradle.toolingExtension.impl.model.warmUp.GradleTaskWarmUpRequest  : loaded 2 times (x 70B)
Class com.android.ide.gradle.model.LegacyAndroidGradlePluginPropertiesModelParameters : loaded 2 times (x 70B)
Class com.google.common.collect.ImmutableSortedAsList                                 : loaded 2 times (x 221B)
Class kotlin.text.RegexKt                                                             : loaded 2 times (x 71B)
Class kotlin.coroutines.intrinsics.IntrinsicsKt__IntrinsicsKt                         : loaded 2 times (x 71B)
Class com.android.builder.model.v2.models.ModelBuilderParameter                       : loaded 2 times (x 70B)
Class com.android.utils.FileUtils                                                     : loaded 2 times (x 71B)
Class com.android.builder.model.v2.ide.AaptOptions$Namespacing                        : loaded 2 times (x 79B)
Class com.amazon.ion.impl.bin.IonRawBinaryWriter$ContainerInfo                        : loaded 2 times (x 74B)
Class com.amazon.ion.impl.bin.IonManagedBinaryWriter$SymbolState$3                    : loaded 2 times (x 80B)
Class com.amazon.ion.impl.bin.IonRawBinaryWriter$StreamFlushMode                      : loaded 2 times (x 79B)
Class com.amazon.ion.IonBinaryWriter                                                  : loaded 2 times (x 70B)
Class com.intellij.gradle.toolingExtension.impl.model.sourceSetArtifactIndex.GradleSourceSetArtifactBuildRequest: loaded 2 times (x 70B)
Class kotlin.io.FilesKt__UtilsKt                                                      : loaded 2 times (x 71B)
Class com.google.common.collect.Lists$TransformingRandomAccessList                    : loaded 2 times (x 199B)
Class kotlin.collections.CollectionsKt__CollectionsJVMKt                              : loaded 2 times (x 71B)
Class org.gradle.api.internal.classpath.DefaultModuleRegistry                         : loaded 2 times (x 86B)
Class org.gradle.tooling.internal.adapter.TargetTypeProvider                          : loaded 2 times (x 70B)
Class com.google.common.util.concurrent.ListenableFuture                              : loaded 2 times (x 70B)
Class com.google.common.cache.ReferenceEntry                                          : loaded 2 times (x 70B)
Class com.google.common.base.Converter                                                : loaded 2 times (x 90B)
Class kotlin.ranges.IntProgression$Companion                                          : loaded 2 times (x 71B)
Class com.amazon.ion.impl.bin.IonManagedBinaryWriter$SymbolState$4                    : loaded 2 times (x 80B)
Class [Lcom.amazon.ion.util.InputStreamInterceptor;                                   : loaded 2 times (x 69B)
Class org.jetbrains.plugins.gradle.tooling.serialization.internal.IdeaProjectSerializationService$WriteContext$1: loaded 2 times (x 83B)
Class org.jetbrains.plugins.gradle.model.ExternalProject                              : loaded 2 times (x 70B)
Class kotlin.sequences.SequencesKt                                                    : loaded 2 times (x 71B)
Class kotlin.collections.CollectionsKt__IteratorsKt                                   : loaded 2 times (x 71B)
Class [Lcom.android.builder.model.v2.ide.CodeShrinker;                                : loaded 2 times (x 69B)
Class com.google.common.collect.AbstractMapBasedMultimap                              : loaded 2 times (x 139B)
Class com.google.common.util.concurrent.AbstractFuture                                : loaded 2 times (x 106B)
Class com.google.common.base.FunctionalEquivalence                                    : loaded 2 times (x 83B)
Class org.jetbrains.plugins.gradle.model.GradleExtensions                             : loaded 2 times (x 70B)
Class org.jetbrains.plugins.gradle.model.AnnotationProcessingModel                    : loaded 2 times (x 70B)
Class com.amazon.ion.impl.bin.utf8.Pool                                               : loaded 2 times (x 74B)
Class com.amazon.ion.impl._Private_SymtabExtendsCache                                 : loaded 2 times (x 72B)
Class org.jetbrains.plugins.gradle.tooling.serialization.internal.IdeaProjectSerializationService$WriteContext$2: loaded 2 times (x 83B)
Class kotlin.text.StringsKt                                                           : loaded 2 times (x 71B)
Class com.google.common.collect.ImmutableMultiset                                     : loaded 2 times (x 163B)
Class org.objectweb.asm.RecordComponentVisitor                                        : loaded 2 times (x 77B)
Class com.google.common.cache.CacheLoader$SupplierToCacheLoader                       : loaded 2 times (x 75B)
Class com.amazon.ion.impl._Private_IonSymbol                                          : loaded 2 times (x 70B)
Class com.amazon.ion.impl.lite.IonValueLite                                           : loaded 2 times (x 147B)
Class com.amazon.ion.IonContainer                                                     : loaded 2 times (x 70B)
Class com.amazon.ion.impl.bin.PooledBlockAllocatorProvider                            : loaded 2 times (x 73B)
Class org.jetbrains.plugins.gradle.tooling.serialization.AnnotationProcessingModelSerializationService$ReadContext: loaded 2 times (x 72B)
Class org.jetbrains.plugins.gradle.tooling.serialization.internal.IdeaProjectSerializationService$WriteContext$3: loaded 2 times (x 83B)
Class gnu.trove.TObjectHash$NULL                                                      : loaded 2 times (x 71B)
Class org.gradle.util.internal.DefaultGradleVersion$Stage                             : loaded 2 times (x 75B)
Class kotlin.coroutines.jvm.internal.RestrictedContinuationImpl                       : loaded 2 times (x 87B)
Class com.google.common.collect.Maps$EntryTransformer                                 : loaded 2 times (x 70B)
Class org.jetbrains.kotlin.idea.gradleTooling.AndroidAwareGradleModelProvider         : loaded 2 times (x 79B)
Class org.jetbrains.plugins.gradle.tooling.serialization.internal.IdeaProjectSerializationService$WriteContext$4: loaded 2 times (x 83B)
Class com.intellij.gradle.toolingExtension.impl.model.sourceSetDependencyModel.GradleSourceSetDependencySerialisationService$Companion: loaded 2 times (x 71B)
Class [Lkotlin.Pair;                                                                  : loaded 2 times (x 69B)
Class kotlin.text.StringsKt__StringNumberConversionsKt                                : loaded 2 times (x 71B)
Class kotlin.io.FilesKt__FileReadWriteKt                                              : loaded 2 times (x 71B)
Class com.google.common.collect.UsingToStringOrdering                                 : loaded 2 times (x 114B)
Class kotlin.text.MatchNamedGroupCollection                                           : loaded 2 times (x 70B)
Class kotlin.jvm.internal.markers.KMutableList                                        : loaded 2 times (x 70B)
Class org.gradle.internal.time.MonotonicClock                                         : loaded 2 times (x 77B)
Class org.gradle.internal.service.ServiceLookupException                              : loaded 2 times (x 82B)
Class com.google.common.collect.Lists$ReverseList                                     : loaded 2 times (x 200B)
Class com.amazon.ion.system.IonBinaryWriterBuilder                                    : loaded 2 times (x 99B)
Class [Lcom.google.common.cache.LocalCache$EntryFactory;                              : loaded 2 times (x 69B)
Class com.intellij.gradle.toolingExtension.util.GradleVersionSpecificsUtil            : loaded 2 times (x 71B)
Class com.amazon.ion.BufferConfiguration$Builder                                      : loaded 2 times (x 78B)
Class com.amazon.ion.impl.bin.IonManagedBinaryWriter$UserState$4                      : loaded 2 times (x 85B)
Class com.intellij.gradle.toolingExtension.impl.model.sourceSetDependencyModel.GradleSourceSetDependencySerialisationService$SourceSetDependencyModelWriteContext: loaded 2 times (x 72B)
Class kotlin.sequences.SequencesKt___SequencesKt$sortedWith$1                         : loaded 2 times (x 75B)
Class org.gradle.internal.classloader.ClassLoaderFactory                              : loaded 2 times (x 70B)
Class com.android.builder.model.v2.ide.LibraryInfo                                    : loaded 2 times (x 70B)
Class com.google.common.base.CommonPattern                                            : loaded 2 times (x 74B)
Class org.jetbrains.plugins.gradle.model.UnresolvedExternalDependency                 : loaded 2 times (x 70B)
Class com.google.common.cache.LocalCache$LocalManualCache                             : loaded 2 times (x 99B)
Class com.amazon.ion.impl.bin.IntList                                                 : loaded 2 times (x 77B)
Class com.amazon.ion.impl._Private_RecyclingQueue$ElementIterator                     : loaded 2 times (x 82B)
Class com.amazon.ion.impl.lite._Private_LiteDomTrampoline                             : loaded 2 times (x 71B)
Class com.amazon.ion.IonType                                                          : loaded 2 times (x 79B)
Class org.jetbrains.plugins.gradle.tooling.serialization.internal.IdeaProjectSerializationService$WriteContext$6: loaded 2 times (x 83B)
Class org.jetbrains.plugins.gradle.tooling.util.IntObjectMap                          : loaded 2 times (x 73B)
Class org.gradle.internal.service.CachingServiceLocator                               : loaded 2 times (x 82B)
Class com.google.common.collect.AbstractMapBasedMultimap$KeySet                       : loaded 2 times (x 137B)
Class com.google.common.collect.ImmutableMap$MapViewOfValuesAsSingletonSets           : loaded 2 times (x 126B)
Class com.google.common.math.IntMath                                                  : loaded 2 times (x 71B)
Class com.amazon.ion.impl.lite.ValueFactoryLite                                       : loaded 2 times (x 218B)
Class org.jetbrains.plugins.gradle.model.RepositoryModels                             : loaded 2 times (x 70B)
Class org.jetbrains.plugins.gradle.tooling.serialization.internal.IdeaProjectSerializationService$WriteContext$7: loaded 2 times (x 83B)
Class kotlin.collections.AbstractList$SubList                                         : loaded 2 times (x 198B)
Class kotlin.jvm.internal.CallableReference                                           : loaded 2 times (x 106B)
Class com.google.common.collect.ImmutableMapEntry                                     : loaded 2 times (x 85B)
Class com.amazon.ion.impl.bin.WriteBuffer                                             : loaded 2 times (x 78B)
Class com.amazon.ion.impl.bin.IonManagedBinaryWriter                                  : loaded 2 times (x 166B)
Class org.jetbrains.plugins.gradle.tooling.serialization.internal.IdeaProjectSerializationService$WriteContext$8: loaded 2 times (x 83B)
Class gnu.trove.TObjectIntProcedure                                                   : loaded 2 times (x 70B)
Class [Lorg.gradle.api.JavaVersion;                                                   : loaded 2 times (x 69B)
Class kotlin.ranges.IntRange                                                          : loaded 2 times (x 93B)
Class org.gradle.tooling.model.idea.IdeaDependencyScope                               : loaded 2 times (x 70B)
Class org.gradle.internal.time.TimeSource                                             : loaded 2 times (x 70B)
Class org.gradle.tooling.model.kotlin.dsl.KotlinDslScriptsModel                       : loaded 2 times (x 70B)
Class com.google.common.collect.ImmutableMultimap                                     : loaded 2 times (x 147B)
Class com.android.builder.model.v2.ide.TestInfo                                       : loaded 2 times (x 70B)
Class com.google.common.base.Equivalence                                              : loaded 2 times (x 82B)
Class com.google.common.collect.RegularImmutableMap                                   : loaded 2 times (x 121B)
Class com.google.common.collect.ImmutableMapEntry$NonTerminalImmutableMapEntry        : loaded 2 times (x 85B)
Class com.amazon.ion.impl.lite.IonBlobLite                                            : loaded 2 times (x 219B)
Class com.amazon.ion.impl.LocalSymbolTable                                            : loaded 2 times (x 121B)
Class org.jetbrains.plugins.gradle.tooling.serialization.SerializationService         : loaded 2 times (x 70B)
Class org.gradle.tooling.internal.gradle.GradleBuildIdentity                          : loaded 2 times (x 70B)
Class kotlin.enums.EnumEntries                                                        : loaded 2 times (x 70B)
Class com.android.builder.model.v2.ide.JavaCompileOptions                             : loaded 2 times (x 70B)
Class com.google.common.collect.IndexedImmutableSet$1                                 : loaded 2 times (x 213B)
Class com.google.common.cache.CacheBuilder$OneWeigher                                 : loaded 2 times (x 82B)
Class com.android.builder.model.v2.ide.AndroidArtifact                                : loaded 2 times (x 70B)
Class com.amazon.ion.IonList                                                          : loaded 2 times (x 70B)
Class org.jetbrains.plugins.gradle.tooling.serialization.internal.adapter.Supplier    : loaded 2 times (x 70B)
Class org.gradle.tooling.internal.adapter.ProtocolToModelAdapter$MixInMappingAction   : loaded 2 times (x 80B)
Class org.gradle.internal.exceptions.ResolutionProvider                               : loaded 2 times (x 70B)
Class com.amazon.ion.IonSystem                                                        : loaded 2 times (x 70B)
Class com.amazon.ion.impl.bin.IonManagedBinaryWriter$ImportedSymbolContext            : loaded 2 times (x 72B)
Class kotlin.text.MatchResult$DefaultImpls                                            : loaded 2 times (x 71B)
Class org.gradle.tooling.model.idea.IdeaCompilerOutput                                : loaded 2 times (x 70B)
Class org.gradle.tooling.model.ProjectIdentifier                                      : loaded 2 times (x 70B)
Class org.gradle.internal.classloader.ClasspathUtil                                   : loaded 2 times (x 71B)
Class com.android.builder.model.v2.ide.ComponentInfo                                  : loaded 2 times (x 70B)
Class org.jetbrains.kotlin.tooling.core.HasExtras                                     : loaded 2 times (x 70B)
Class com.google.common.base.Charsets                                                 : loaded 2 times (x 71B)
Class com.google.common.util.concurrent.Uninterruptibles                              : loaded 2 times (x 71B)
Class com.android.builder.model.v2.ide.ProjectType                                    : loaded 2 times (x 79B)
Class com.intellij.gradle.toolingExtension.impl.model.sourceSetModel.GradleSourceSetSerialisationService: loaded 2 times (x 77B)
Class kotlin.io.FileSystemException                                                   : loaded 2 times (x 82B)
Class com.android.builder.model.v2.dsl.BaseConfig                                     : loaded 2 times (x 70B)
Class com.google.common.collect.Maps                                                  : loaded 2 times (x 71B)
Class com.amazon.ion.impl.lite.IonIntLite                                             : loaded 2 times (x 189B)
Class com.amazon.ion.impl._Private_IonReaderBuilder$TwoElementInputStream             : loaded 2 times (x 92B)
Class com.amazon.ion.util._Private_FastAppendable                                     : loaded 2 times (x 70B)
Class [Lcom.amazon.ion.impl.bin.IonRawBinaryWriter$PreallocationMode;                 : loaded 2 times (x 69B)
Class org.gradle.internal.time.TimeSource$1                                           : loaded 2 times (x 77B)
Class kotlin.jvm.internal.DefaultConstructorMarker                                    : loaded 2 times (x 71B)
Class org.gradle.api.specs.Spec                                                       : loaded 2 times (x 70B)
Class [Lcom.google.common.collect.ImmutableEntry;                                     : loaded 2 times (x 69B)
Class com.amazon.ion.impl.lite.IonSexpLite                                            : loaded 2 times (x 490B)
Class com.amazon.ion.impl.lite.IonListLite                                            : loaded 2 times (x 490B)
Class com.amazon.ion.IonFloat                                                         : loaded 2 times (x 70B)
Class com.google.common.cache.LocalCache$LoadingValueReference                        : loaded 2 times (x 96B)
Class com.amazon.ion.impl.LocalSymbolTable$Factory                                    : loaded 2 times (x 77B)
Class com.amazon.ion.impl.bin.IonManagedBinaryWriter$ImportedSymbolResolverMode       : loaded 2 times (x 80B)
Class com.intellij.gradle.toolingExtension.impl.model.buildScriptClasspathModel.GradleBuildScriptClasspathSerializationService: loaded 2 times (x 77B)
Class org.gradle.api.internal.classpath.ManifestUtil                                  : loaded 2 times (x 71B)
Class com.google.common.base.Platform                                                 : loaded 2 times (x 71B)
Class org.jetbrains.plugins.gradle.model.FileCollectionDependency                     : loaded 2 times (x 70B)
Class com.amazon.ion.impl.LocalSymbolTableAsStruct                                    : loaded 2 times (x 126B)
Class com.amazon.ion.impl.lite.IonTimestampLite                                       : loaded 2 times (x 192B)
Class com.intellij.gradle.toolingExtension.impl.model.utilDummyModel.DummyModel       : loaded 2 times (x 70B)
Class kotlin.text.StringsKt__RegexExtensionsKt                                        : loaded 2 times (x 71B)
Class kotlin.collections.EmptyIterator                                                : loaded 2 times (x 89B)
Class org.gradle.internal.time.Clock                                                  : loaded 2 times (x 70B)
Class com.android.builder.model.v2.dsl.ProductFlavor                                  : loaded 2 times (x 70B)
Class [Lcom.android.builder.model.v2.ide.TestInfo$Execution;                          : loaded 2 times (x 69B)
Class [Lorg.objectweb.asm.AnnotationWriter;                                           : loaded 2 times (x 69B)
Class com.google.common.collect.Maps$8                                                : loaded 2 times (x 82B)
Class com.amazon.ion.IonString                                                        : loaded 2 times (x 70B)
Class org.jetbrains.plugins.gradle.model.GradleSourceSetDependencyModel               : loaded 2 times (x 70B)
Class kotlin.io.FilePathComponents                                                    : loaded 2 times (x 72B)
Class com.google.common.collect.CompoundOrdering                                      : loaded 2 times (x 115B)
Class kotlin.sequences.SequencesKt__SequencesJVMKt                                    : loaded 2 times (x 71B)
Class kotlin.coroutines.jvm.internal.RestrictedSuspendLambda                          : loaded 2 times (x 91B)
Class org.gradle.tooling.internal.adapter.TypeInspector                               : loaded 2 times (x 73B)
Class org.gradle.tooling.internal.adapter.ProtocolToModelAdapter$NoOpDecoration       : loaded 2 times (x 79B)
Class org.gradle.tooling.model.Element                                                : loaded 2 times (x 70B)
Class kotlin.collections.AbstractList                                                 : loaded 2 times (x 197B)
Class kotlin.collections.AbstractCollection                                           : loaded 2 times (x 117B)
Class com.google.common.collect.Lists$ReverseList$1                                   : loaded 2 times (x 99B)
Class org.gradle.tooling.internal.adapter.ProtocolToModelAdapter$InvocationHandlerImpl: loaded 2 times (x 77B)
Class org.jetbrains.kotlin.tooling.core.Extras                                        : loaded 2 times (x 70B)
Class com.google.common.collect.Sets$SetView                                          : loaded 2 times (x 138B)
Class com.google.common.cache.LocalCache$StrongValueReference                         : loaded 2 times (x 90B)
Class com.google.common.util.concurrent.AbstractFuture$SynchronizedHelper             : loaded 2 times (x 78B)
Class com.amazon.ion.BufferConfiguration                                              : loaded 2 times (x 73B)
Class com.amazon.ion.system.SimpleCatalog                                             : loaded 2 times (x 91B)
Class com.intellij.gradle.toolingExtension.impl.model.taskModel.GradleTaskSerialisationService: loaded 2 times (x 76B)
Class com.android.ide.gradle.model.LegacyV1AgpVersionModel                            : loaded 2 times (x 70B)
Class kotlin.text.StringsKt__StringBuilderJVMKt                                       : loaded 2 times (x 71B)
Class kotlin.text.Regex                                                               : loaded 2 times (x 72B)
Class kotlin.sequences.SequencesKt__SequenceBuilderKt$sequence$$inlined$Sequence$1    : loaded 2 times (x 75B)
Class kotlin.Triple                                                                   : loaded 2 times (x 72B)
Class org.objectweb.asm.Type                                                          : loaded 2 times (x 72B)
Class org.jetbrains.plugins.gradle.tooling.util.IntObjectMap$1                        : loaded 2 times (x 77B)
Class org.gradle.tooling.model.internal.ImmutableDomainObjectSet                      : loaded 2 times (x 155B)
Class org.gradle.internal.classloader.VisitableURLClassLoader$InstrumentingVisitableURLClassLoader: loaded 2 times (x 123B)
Class com.android.builder.model.v2.ide.AndroidGradlePluginProjectFlags                : loaded 2 times (x 70B)
Class [Lcom.android.builder.model.v2.ide.AndroidGradlePluginProjectFlags$BooleanFlag; : loaded 2 times (x 69B)
Class com.android.builder.model.v2.ide.BasicVariant                                   : loaded 2 times (x 70B)
Class org.objectweb.asm.ByteVector                                                    : loaded 2 times (x 79B)
Class [Lcom.google.common.cache.CacheBuilder$NullListener;                            : loaded 2 times (x 69B)
Class com.google.common.math.IntMath$1                                                : loaded 2 times (x 71B)
Class [Lcom.amazon.ion.impl.bin.IonRawBinaryWriter$StreamFlushMode;                   : loaded 2 times (x 69B)
Class com.amazon.ion.UnsupportedIonVersionException                                   : loaded 2 times (x 85B)
Class kotlin.comparisons.ComparisonsKt__ComparisonsKt                                 : loaded 2 times (x 71B)
Class kotlin.ranges.RangesKt__RangesKt                                                : loaded 2 times (x 71B)
Class kotlin.collections.SetsKt___SetsKt                                              : loaded 2 times (x 71B)
Class kotlin.sequences.SequencesKt__SequencesKt                                       : loaded 2 times (x 71B)
Class kotlin.coroutines.Continuation                                                  : loaded 2 times (x 70B)
Class org.gradle.internal.classloader.VisitableURLClassLoader$Spec                    : loaded 2 times (x 74B)
Class org.gradle.internal.classpath.DefaultClassPath                                  : loaded 2 times (x 90B)
Class com.android.builder.model.v2.ide.BundleInfo                                     : loaded 2 times (x 70B)
Class com.android.builder.model.v2.ide.SourceProvider                                 : loaded 2 times (x 70B)
Class org.objectweb.asm.Symbol                                                        : loaded 2 times (x 73B)
Class com.amazon.ion.impl.bin.IonManagedBinaryWriter$SymbolState                      : loaded 2 times (x 80B)
Class com.amazon.ion.IonStruct                                                        : loaded 2 times (x 70B)
Class org.jetbrains.plugins.gradle.model.GradleBuildScriptClasspathModel              : loaded 2 times (x 70B)
Class kotlin.sequences.FilteringSequence                                              : loaded 2 times (x 75B)
Class kotlin.text.CharsKt__CharJVMKt                                                  : loaded 2 times (x 71B)
Class kotlin.comparisons.ComparisonsKt                                                : loaded 2 times (x 71B)
Class kotlin.comparisons.ComparisonsKt___ComparisonsKt                                : loaded 2 times (x 71B)
Class kotlin.coroutines.jvm.internal.BaseContinuationImpl                             : loaded 2 times (x 87B)
Class kotlin.Result$Companion                                                         : loaded 2 times (x 71B)
Class org.gradle.util.internal.DefaultGradleVersion                                   : loaded 2 times (x 82B)
Class com.google.common.base.CharMatcher$Ascii                                        : loaded 2 times (x 112B)
Class org.gradle.tooling.model.build.GradleEnvironment                                : loaded 2 times (x 70B)
Class com.google.common.collect.RegularImmutableMap$Values                            : loaded 2 times (x 207B)
Class org.jetbrains.plugins.gradle.tooling.util.IntObjectMap$ObjectFactory            : loaded 2 times (x 70B)
Class org.gradle.internal.classloader.ClassLoaderSpec                                 : loaded 2 times (x 71B)
Class org.objectweb.asm.AnnotationWriter                                              : loaded 2 times (x 79B)
Class com.google.common.cache.CacheStats                                              : loaded 2 times (x 71B)
Class com.amazon.ion.impl.IonWriterSystemTextMarkup                                   : loaded 2 times (x 192B)
Class com.amazon.ion.impl.bin.BlockAllocator                                          : loaded 2 times (x 80B)
Class kotlin.jvm.internal.FunctionReferenceImpl                                       : loaded 2 times (x 122B)
Class kotlin.collections.CollectionsKt___CollectionsJvmKt                             : loaded 2 times (x 71B)
Class com.google.common.collect.ImmutableMultisetGwtSerializationDependencies         : loaded 2 times (x 125B)
Class org.objectweb.asm.RecordComponentWriter                                         : loaded 2 times (x 78B)
Class [Lcom.android.builder.model.v2.ide.ProjectType;                                 : loaded 2 times (x 69B)
Class com.google.common.util.concurrent.AbstractFuture$Listener                       : loaded 2 times (x 72B)
Class com.amazon.ion.IonException                                                     : loaded 2 times (x 84B)
Class Settings_gradle$1$1                                                             : loaded 2 times (x 74B)
Class com.amazon.ion.impl._Private_RecyclingQueue                                     : loaded 2 times (x 80B)
Class com.amazon.ion.system.IonWriterBuilderBase                                      : loaded 2 times (x 83B)
Class kotlin.TuplesKt                                                                 : loaded 2 times (x 71B)
Class kotlin.jvm.internal.markers.KMutableIterable                                    : loaded 2 times (x 70B)
Class kotlin.Unit                                                                     : loaded 2 times (x 71B)
Class kotlin.sequences.SequencesKt___SequencesJvmKt                                   : loaded 2 times (x 71B)
Class org.gradle.tooling.internal.adapter.ProtocolToModelAdapter$DefaultViewBuilder   : loaded 2 times (x 80B)
Class [Lcom.android.builder.model.v2.ide.AaptOptions$Namespacing;                     : loaded 2 times (x 69B)
Class com.android.ide.common.gradle.Version$Companion$ParseState                      : loaded 2 times (x 70B)
Class org.objectweb.asm.Attribute                                                     : loaded 2 times (x 77B)
Class com.google.common.base.Supplier                                                 : loaded 2 times (x 70B)
Class kotlin.ranges.RangesKt                                                          : loaded 2 times (x 71B)
Class org.gradle.tooling.internal.adapter.ProtocolToModelAdapter$ViewGraphDetails$1   : loaded 2 times (x 77B)
Class org.gradle.internal.classloader.VisitableURLClassLoader                         : loaded 2 times (x 117B)
Class com.google.common.util.concurrent.AbstractFuture$Waiter                         : loaded 2 times (x 72B)
Class com.android.ide.common.repository.AgpVersion$Companion                          : loaded 2 times (x 71B)
Class Settings_gradle                                                                 : loaded 2 times (x 128B)
Class com.amazon.ion.impl.bin.IonRawBinaryWriter$1                                    : loaded 2 times (x 77B)
Class [Lcom.amazon.ion.SymbolTable;                                                   : loaded 2 times (x 69B)
Class com.amazon.ion.impl.bin.IonBinaryWriterAdapter$Factory                          : loaded 2 times (x 70B)
Class com.amazon.ion.impl.BlockedBuffer$BufferedOutputStream                          : loaded 2 times (x 90B)
Class org.jetbrains.plugins.gradle.tooling.serialization.ExternalTestsSerializationService$ReadContext: loaded 2 times (x 72B)
Class kotlin.sequences.FlatteningSequence$iterator$1                                  : loaded 2 times (x 79B)
Class kotlin.jvm.functions.Function0                                                  : loaded 2 times (x 70B)
Class kotlin.collections.ArraysUtilJVM                                                : loaded 2 times (x 71B)
Class com.amazon.ion.util.GzipStreamInterceptor                                       : loaded 2 times (x 85B)
Class com.amazon.ion.impl.bin.IonManagedBinaryWriter$UserState$3                      : loaded 2 times (x 85B)
Class org.gradle.tooling.model.idea.IdeaDependency                                    : loaded 2 times (x 70B)
Class com.android.builder.model.v2.ide.AaptOptions                                    : loaded 2 times (x 70B)
Class [Lcom.android.builder.model.v2.ide.BytecodeTransformation;                      : loaded 2 times (x 69B)
Class com.android.ide.common.gradle.Version$Companion                                 : loaded 2 times (x 71B)
Class com.google.common.base.Strings                                                  : loaded 2 times (x 71B)
Class com.google.common.collect.Sets                                                  : loaded 2 times (x 71B)
Class org.objectweb.asm.Handler                                                       : loaded 2 times (x 72B)
Class com.google.common.util.concurrent.ExecutionError                                : loaded 2 times (x 82B)
Class com.google.common.base.Ticker                                                   : loaded 2 times (x 72B)
Class com.amazon.ion.impl.bin.AbstractIonWriter$WriteValueOptimization                : loaded 2 times (x 79B)
Class kotlin.collections.AbstractMutableList                                          : loaded 2 times (x 206B)
Class kotlin.jvm.functions.Function1                                                  : loaded 2 times (x 70B)
Class com.android.builder.model.v2.models.ndk.NativeModelBuilderParameter             : loaded 2 times (x 70B)
Class [Lcom.google.common.cache.LocalCache$Segment;                                   : loaded 2 times (x 69B)
Class com.google.common.collect.ImmutableEnumSet                                      : loaded 2 times (x 146B)
Class [Lcom.google.common.cache.LocalCache$Strength;                                  : loaded 2 times (x 69B)
Class com.google.common.cache.CacheBuilder$1                                          : loaded 2 times (x 85B)
Class com.google.common.collect.ImmutableMap                                          : loaded 2 times (x 120B)
Class com.amazon.ion.impl.bin.BlockAllocatorProvider                                  : loaded 2 times (x 72B)
Class org.jetbrains.plugins.gradle.tooling.serialization.internal.IdeaProjectSerializationService$WriteContext: loaded 2 times (x 72B)
Class com.intellij.gradle.toolingExtension.impl.model.sourceSetDependencyModel.GradleSourceSetDependencySerialisationService: loaded 2 times (x 77B)
Class org.jetbrains.plugins.gradle.model.GradleSourceSetModel                         : loaded 2 times (x 70B)
Class kotlin.KotlinNothingValueException                                              : loaded 2 times (x 82B)
Class kotlin.jvm.functions.Function2                                                  : loaded 2 times (x 70B)
Class org.gradle.internal.classpath.DefaultClassPath$ImmutableUniqueList$Builder      : loaded 2 times (x 75B)
Class com.android.builder.model.v2.models.VariantDependenciesAdjacencyList            : loaded 2 times (x 70B)
Class org.gradle.internal.classloader.ClassLoaderHierarchy                            : loaded 2 times (x 70B)
Class com.google.common.cache.LocalCache                                              : loaded 2 times (x 187B)
Class com.google.common.cache.CacheBuilder$2                                          : loaded 2 times (x 79B)
Class com.amazon.ion.impl.lite.IonSequenceLite                                        : loaded 2 times (x 432B)
Class com.amazon.ion.impl._Private_Utils$1                                            : loaded 2 times (x 89B)
Class com.amazon.ion.impl.SymbolTableAsStruct                                         : loaded 2 times (x 70B)
Class com.android.ide.gradle.model.dependencies.Coordinates                           : loaded 2 times (x 70B)
Class kotlin.collections.MapsKt___MapsJvmKt                                           : loaded 2 times (x 71B)
Class org.gradle.tooling.internal.adapter.WeakIdentityHashMap$AbsentValueProvider     : loaded 2 times (x 70B)
Class com.google.common.collect.ArrayListMultimap                                     : loaded 2 times (x 172B)
Class com.google.common.cache.CacheBuilder$3                                          : loaded 2 times (x 72B)
Class [Lcom.google.common.collect.AbstractMapEntry;                                   : loaded 2 times (x 69B)
Class com.google.common.collect.ImmutableEntry                                        : loaded 2 times (x 82B)
Class com.amazon.ion.impl.bin.AbstractIonWriter                                       : loaded 2 times (x 161B)
Class gnu.trove.TObjectHash                                                           : loaded 2 times (x 94B)
Class org.jetbrains.plugins.gradle.tooling.util.ObjectCollector$Processor             : loaded 2 times (x 70B)
Class kotlin.jvm.functions.Function4                                                  : loaded 2 times (x 70B)
Class kotlin.collections.EmptySet                                                     : loaded 2 times (x 122B)
Class kotlin.annotation.Target                                                        : loaded 2 times (x 70B)
Class kotlin.collections.CollectionsKt___CollectionsKt                                : loaded 2 times (x 71B)
Class kotlin.collections.CollectionsKt__ReversedViewsKt                               : loaded 2 times (x 71B)
Class org.gradle.internal.exceptions.NonGradleCauseExceptionsHolder                   : loaded 2 times (x 70B)
Class org.gradle.tooling.model.idea.IdeaModuleDependency                              : loaded 2 times (x 70B)
Class org.gradle.tooling.internal.adapter.ViewBuilder                                 : loaded 2 times (x 70B)
Class com.android.builder.model.v2.ide.AndroidLibraryData                             : loaded 2 times (x 70B)
Class com.android.builder.model.v2.ide.ApiVersion                                     : loaded 2 times (x 70B)
Class com.android.ide.common.gradle.Version                                           : loaded 2 times (x 75B)
Class com.google.common.collect.CollectPreconditions                                  : loaded 2 times (x 71B)
Class com.amazon.ion.system.IonReaderBuilder                                          : loaded 2 times (x 95B)
Class org.jetbrains.plugins.gradle.model.AnnotationProcessingConfig                   : loaded 2 times (x 70B)
Class com.amazon.ion.IonReader                                                        : loaded 2 times (x 70B)
Class gnu.trove.Equality                                                              : loaded 2 times (x 70B)
Class kotlin.text.StringsKt___StringsJvmKt                                            : loaded 2 times (x 71B)
Class kotlin.reflect.KDeclarationContainer                                            : loaded 2 times (x 70B)
Class kotlin.annotation.Retention                                                     : loaded 2 times (x 70B)
Class com.android.builder.model.v2.models.Versions$Version                            : loaded 2 times (x 70B)
Class com.google.common.collect.SortedMapDifference                                   : loaded 2 times (x 70B)
Class com.amazon.ion.IonClob                                                          : loaded 2 times (x 70B)
Class org.jetbrains.plugins.gradle.tooling.ModelBuilderService$Parameter              : loaded 2 times (x 70B)
Class kotlin.io.FilesKt                                                               : loaded 2 times (x 71B)
Class kotlin.collections.MapsKt___MapsKt                                              : loaded 2 times (x 71B)
Class kotlin.collections.ArraysKt___ArraysKt                                          : loaded 2 times (x 71B)
Class com.google.common.cache.LocalCache$WriteThroughEntry                            : loaded 2 times (x 79B)
Class com.google.common.cache.LocalCache$HashIterator                                 : loaded 2 times (x 86B)
Class com.google.common.cache.LocalCache$EntryFactory                                 : loaded 2 times (x 83B)
Class com.amazon.ion.impl.lite.IonLobLite                                             : loaded 2 times (x 184B)
Class com.amazon.ion.impl.lite.IonTextLite                                            : loaded 2 times (x 181B)
Class com.amazon.ion.IonNumber                                                        : loaded 2 times (x 70B)
Class gnu.trove.TObjectHashingStrategy                                                : loaded 2 times (x 70B)
Class kotlin.collections.MapsKt__MapWithDefaultKt                                     : loaded 2 times (x 71B)
Class org.gradle.tooling.internal.adapter.ProtocolToModelAdapter$ReflectionMethodInvoker: loaded 2 times (x 76B)
Class [Lcom.android.ide.common.gradle.Separator;                                      : loaded 2 times (x 69B)
Class org.jetbrains.kotlin.tooling.core.HasMutableExtras                              : loaded 2 times (x 70B)
Class com.google.common.cache.LocalCache$AbstractReferenceEntry                       : loaded 2 times (x 107B)
Class [Lcom.amazon.ion.impl.bin.IonManagedBinaryWriter$UserState;                     : loaded 2 times (x 69B)
Class com.amazon.ion.impl.bin.utf8.Utf8StringEncoder                                  : loaded 2 times (x 80B)
Class com.amazon.ion.IonBool                                                          : loaded 2 times (x 70B)
Class kotlin.text.StringsKt___StringsKt                                               : loaded 2 times (x 71B)
Class com.google.common.collect.NullsLastOrdering                                     : loaded 2 times (x 115B)
Class kotlin.collections.CollectionsKt__MutableCollectionsJVMKt                       : loaded 2 times (x 71B)
Class kotlin.sequences.SequencesKt__SequenceBuilderKt                                 : loaded 2 times (x 71B)
Class kotlin.enums.EnumEntriesKt                                                      : loaded 2 times (x 71B)
Class com.android.builder.model.v2.models.VariantDependencies                         : loaded 2 times (x 70B)
Class kotlin.io.FilesKt__FileTreeWalkKt                                               : loaded 2 times (x 71B)
Class org.objectweb.asm.SymbolTable                                                   : loaded 2 times (x 72B)
Class com.google.common.cache.CacheLoader$InvalidCacheLoadException                   : loaded 2 times (x 82B)
Class kotlin.jvm.internal.CollectionToArray                                           : loaded 2 times (x 71B)
Class com.amazon.ion.IonLoader                                                        : loaded 2 times (x 70B)
Class com.intellij.gradle.toolingExtension.model.repositoryModel.ProjectRepositoriesModel: loaded 2 times (x 70B)
Class org.jetbrains.plugins.gradle.model.GradleProperty                               : loaded 2 times (x 70B)
Class gnu.trove.TObjectCanonicalHashingStrategy                                       : loaded 2 times (x 78B)
Class org.gradle.internal.classloader.SystemClassLoaderSpec                           : loaded 2 times (x 71B)
Class com.android.builder.model.v2.ide.TestedTargetVariant                            : loaded 2 times (x 70B)
Class com.google.common.cache.LocalCache$StrongEntry                                  : loaded 2 times (x 108B)
Class com.google.common.util.concurrent.AbstractFuture$TrustedFuture                  : loaded 2 times (x 114B)
Class com.google.common.cache.LoadingCache                                            : loaded 2 times (x 70B)
Class com.amazon.ion.impl._Private_Utils                                              : loaded 2 times (x 71B)
Class kotlin.ranges.IntRange$Companion                                                : loaded 2 times (x 71B)
Class kotlin.text.MatcherMatchResult$groups$1                                         : loaded 2 times (x 151B)
Class kotlin.collections.EmptyMap                                                     : loaded 2 times (x 108B)
Class kotlin.reflect.KAnnotatedElement                                                : loaded 2 times (x 70B)
Class kotlin.jvm.internal.markers.KMutableCollection                                  : loaded 2 times (x 70B)
Class kotlin.coroutines.intrinsics.IntrinsicsKt                                       : loaded 2 times (x 71B)
Class org.gradle.internal.exceptions.MultiCauseException                              : loaded 2 times (x 70B)
Class org.gradle.internal.time.CountdownTimer                                         : loaded 2 times (x 70B)
Class kotlin.jvm.internal.Intrinsics                                                  : loaded 2 times (x 71B)
Class org.objectweb.asm.MethodWriter                                                  : loaded 2 times (x 106B)
Class [Lcom.google.common.cache.Weigher;                                              : loaded 2 times (x 69B)
Class com.google.common.collect.RegularImmutableMap$BucketOverflowException           : loaded 2 times (x 82B)
Class com.intellij.gradle.toolingExtension.impl.model.projectModel.GradleExternalProjectSerializationService$ReadContext: loaded 2 times (x 73B)
Class com.intellij.gradle.toolingExtension.impl.model.dependencyModel.DependencyWriteContext: loaded 2 times (x 72B)
Class kotlin.collections.MapsKt                                                       : loaded 2 times (x 71B)
Class kotlin.coroutines.intrinsics.CoroutineSingletons                                : loaded 2 times (x 79B)
Class kotlin.collections.CollectionsKt__IterablesKt                                   : loaded 2 times (x 71B)
Class org.gradle.tooling.model.ProjectModel                                           : loaded 2 times (x 70B)
Class com.google.common.collect.ImmutableMultimap$1                                   : loaded 2 times (x 82B)
Class com.android.ide.common.gradle.Version$Companion$ParseState$EMPTY                : loaded 2 times (x 74B)
Class org.jetbrains.plugins.gradle.model.GradleConfiguration                          : loaded 2 times (x 70B)
Class com.amazon.ion.impl.bin.utf8.Utf8StringEncoderPool                              : loaded 2 times (x 74B)
Class com.amazon.ion.impl._Private_IonSystem                                          : loaded 2 times (x 70B)
Class com.amazon.ion.BufferConfiguration$OversizedValueHandler                        : loaded 2 times (x 70B)
Class kotlin.ranges.OpenEndRange                                                      : loaded 2 times (x 70B)
Class kotlin.sequences.SequenceBuilderIterator                                        : loaded 2 times (x 85B)
Class kotlin.KotlinNullPointerException                                               : loaded 2 times (x 83B)
Class com.google.common.collect.ImmutableMultimap$2                                   : loaded 2 times (x 81B)
Class com.android.ide.common.repository.AgpVersion$Companion$WhenMappings             : loaded 2 times (x 71B)
Class com.google.common.collect.RegularImmutableBiMap                                 : loaded 2 times (x 149B)
Class kotlin.sequences.FilteringSequence$iterator$1                                   : loaded 2 times (x 79B)
Class com.intellij.gradle.toolingExtension.impl.model.sourceSetModel.GradleSourceSetSerialisationService$Companion: loaded 2 times (x 71B)
Class com.google.common.cache.LocalCache$ValueReference                               : loaded 2 times (x 70B)
Class com.amazon.ion.IonDecimal                                                       : loaded 2 times (x 70B)
Class org.jetbrains.plugins.gradle.model.tests.ExternalTestsModel                     : loaded 2 times (x 70B)
Class sync_studio_tooling44510_d8pc95dyly72l62gz2y5xbh3p                              : loaded 2 times (x 179B)
Class kotlin.ranges.RangesKt___RangesKt                                               : loaded 2 times (x 71B)
Class org.gradle.tooling.model.idea.IdeaLanguageLevel                                 : loaded 2 times (x 70B)
Class org.gradle.tooling.internal.adapter.ProtocolToModelAdapter$SafeMethodInvoker    : loaded 2 times (x 76B)
Class org.gradle.tooling.internal.adapter.WeakIdentityHashMap$WeakKey                 : loaded 2 times (x 79B)
Class org.gradle.internal.exceptions.DefaultMultiCauseException                       : loaded 2 times (x 95B)
Class com.android.builder.model.v2.ide.ProjectInfo                                    : loaded 2 times (x 70B)
Class com.google.common.base.PatternCompiler                                          : loaded 2 times (x 70B)
Class com.google.common.util.concurrent.AbstractFuture$Failure                        : loaded 2 times (x 72B)
Class com.google.common.base.Equivalence$Equals                                       : loaded 2 times (x 82B)
Class com.google.common.collect.Hashing                                               : loaded 2 times (x 71B)
Class com.amazon.ion.impl._Private_IonValue                                           : loaded 2 times (x 70B)
Class com.amazon.ion.impl.bin.IonRawBinaryWriter$StreamCloseMode                      : loaded 2 times (x 79B)
Class com.amazon.ion.impl._Private_IonBinaryWriterBuilder$Mutable                     : loaded 2 times (x 115B)
Class com.intellij.gradle.toolingExtension.impl.model.projectModel.GradleExternalProjectSerializationService: loaded 2 times (x 77B)
Class kotlin.text.CharsKt__CharKt                                                     : loaded 2 times (x 71B)
Class kotlin.collections.ArrayDeque$Companion                                         : loaded 2 times (x 71B)
Class kotlin.collections.ArraysKt                                                     : loaded 2 times (x 71B)
Class org.gradle.tooling.model.HierarchicalElement                                    : loaded 2 times (x 70B)
Class com.android.builder.model.v2.dsl.DependenciesInfo                               : loaded 2 times (x 70B)
Class com.amazon.ion.impl.bin.IonManagedBinaryWriter$UserState$2                      : loaded 2 times (x 85B)
Class org.objectweb.asm.Label                                                         : loaded 2 times (x 73B)
Class org.objectweb.asm.CurrentFrame                                                  : loaded 2 times (x 73B)
Class org.objectweb.asm.ClassTooLargeException                                        : loaded 2 times (x 83B)
Class org.gradle.internal.classloader.FilteringClassLoader                            : loaded 2 times (x 105B)
Class kotlin.NotImplementedError                                                      : loaded 2 times (x 82B)
Class com.amazon.ion.impl.bin.IonRawBinaryWriter$PatchPoint                           : loaded 2 times (x 73B)
Class com.amazon.ion.IonBlob                                                          : loaded 2 times (x 70B)
Class com.amazon.ion.IonLob                                                           : loaded 2 times (x 70B)
Class com.amazon.ion.IonSequence                                                      : loaded 2 times (x 70B)
Class org.jetbrains.plugins.gradle.tooling.serialization.ExternalTestsSerializationService: loaded 2 times (x 77B)
Class com.google.common.collect.ByFunctionOrdering                                    : loaded 2 times (x 115B)
Class kotlin.collections.SetsKt__SetsKt                                               : loaded 2 times (x 71B)
Class kotlin.coroutines.EmptyCoroutineContext                                         : loaded 2 times (x 77B)
Class org.gradle.internal.time.Time                                                   : loaded 2 times (x 71B)
Class com.android.builder.model.v2.models.ProjectGraph                                : loaded 2 times (x 70B)
Class com.android.ide.common.gradle.Version$Companion$ParseState$NUMERIC              : loaded 2 times (x 74B)
Class kotlin.sequences.FlatteningSequence                                             : loaded 2 times (x 75B)
Class kotlin.text.MatcherMatchResult                                                  : loaded 2 times (x 80B)
Class org.objectweb.asm.Frame                                                         : loaded 2 times (x 73B)
Class org.objectweb.asm.MethodVisitor                                                 : loaded 2 times (x 105B)
Class kotlin.text.MatchGroupCollection                                                : loaded 2 times (x 70B)
Class kotlin.text.StringsKt__StringsKt                                                : loaded 2 times (x 71B)
Class com.google.common.cache.LocalCache$EntryFactory$1                               : loaded 2 times (x 83B)
Class [Lcom.google.common.cache.RemovalListener;                                      : loaded 2 times (x 69B)
Class com.android.ide.common.repository.AgpVersion$PreviewKind                        : loaded 2 times (x 79B)
Class com.amazon.ion.system.IonTextWriterBuilder                                      : loaded 2 times (x 98B)
Class com.amazon.ion.impl.bin.IonManagedBinaryWriter$ImportedSymbolResolverMode$1$1$1 : loaded 2 times (x 76B)
Class com.amazon.ion.impl._Private_LocalSymbolTableFactory                            : loaded 2 times (x 70B)
Class org.jetbrains.plugins.gradle.tooling.serialization.AnnotationProcessingModelSerializationService: loaded 2 times (x 77B)
Class kotlin.collections.ArraysKt__ArraysJVMKt                                        : loaded 2 times (x 71B)
Class com.android.ide.gradle.model.dependencies.DeclaredDependencies                  : loaded 2 times (x 70B)
Class com.google.common.cache.LocalCache$EntryFactory$2                               : loaded 2 times (x 83B)
Class org.jetbrains.kotlin.idea.gradleTooling.model.kapt.KaptSourceSetModel           : loaded 2 times (x 70B)
Class com.amazon.ion.impl.lite.IonNullLite                                            : loaded 2 times (x 175B)
Class org.jetbrains.plugins.gradle.model.DependencyAccessorsModel                     : loaded 2 times (x 70B)
Class [Lcom.intellij.openapi.externalSystem.model.project.dependencies.ResolutionState;: loaded 2 times (x 69B)
Class gnu.trove.TObjectIntHashMap                                                     : loaded 2 times (x 109B)
Class kotlin.text.StringsKt__StringBuilderKt                                          : loaded 2 times (x 71B)
Class kotlin.jvm.internal.CallableReference$NoReceiver                                : loaded 2 times (x 71B)
Class org.gradle.api.internal.classpath.GlobalCacheRootsProvider                      : loaded 2 times (x 70B)
Class com.google.common.collect.CollectCollectors                                     : loaded 2 times (x 71B)
Class org.objectweb.asm.ModuleWriter                                                  : loaded 2 times (x 82B)
Class com.google.common.cache.LocalCache$EntryFactory$3                               : loaded 2 times (x 83B)
Class com.google.common.base.Ticker$1                                                 : loaded 2 times (x 72B)
Class com.google.common.collect.Maps$BiMapConverter                                   : loaded 2 times (x 90B)
Class com.google.common.collect.ImmutableMapEntrySet$RegularEntrySet                  : loaded 2 times (x 152B)
Class com.amazon.ion.impl.lite.IonClobLite                                            : loaded 2 times (x 220B)
Class com.amazon.ion.impl._Private_ValueFactory                                       : loaded 2 times (x 70B)
Class com.amazon.ion.impl.bin.IonRawBinaryWriter$PreallocationMode$1                  : loaded 2 times (x 82B)
Class [Lcom.amazon.ion.impl.bin._Private_IonManagedBinaryWriterBuilder$AllocatorMode; : loaded 2 times (x 69B)
Class org.jetbrains.kotlin.idea.gradleTooling.KotlinMPPGradleModel                    : loaded 2 times (x 70B)
Class com.intellij.gradle.toolingExtension.impl.model.dependencyDownloadPolicyModel.GradleDependencyDownloadPolicy: loaded 2 times (x 70B)
Class org.gradle.tooling.model.BuildIdentifier                                        : loaded 2 times (x 70B)
Class kotlin.NoWhenBranchMatchedException                                             : loaded 2 times (x 82B)
Class com.android.builder.model.v2.ide.VectorDrawablesOptions                         : loaded 2 times (x 70B)
Class org.jetbrains.plugins.gradle.tooling.serialization.internal.IdeaProjectSerializationService$ReadContext: loaded 2 times (x 72B)
Class com.google.common.cache.LocalCache$EntryFactory$4                               : loaded 2 times (x 83B)
Class com.google.common.collect.ImmutableSet$Builder                                  : loaded 2 times (x 85B)
Class com.amazon.ion.IonInt                                                           : loaded 2 times (x 70B)
Class com.amazon.ion.impl.bin.IonRawBinaryWriter$PreallocationMode$2                  : loaded 2 times (x 82B)
Class org.jetbrains.kotlin.idea.gradleTooling.PrepareKotlinIdeImportTaskModel         : loaded 2 times (x 70B)
Class com.android.builder.model.v2.ide.Edge                                           : loaded 2 times (x 70B)
Class com.android.builder.model.v2.models.VariantDependenciesFlatList                 : loaded 2 times (x 70B)
Class com.google.common.cache.LocalCache$EntryFactory$5                               : loaded 2 times (x 83B)
Class com.amazon.ion.impl.bin.IonRawBinaryWriter$PreallocationMode$3                  : loaded 2 times (x 82B)
Class com.android.ide.gradle.model.GradlePluginModel                                  : loaded 2 times (x 70B)
Class com.google.common.collect.ReverseOrdering                                       : loaded 2 times (x 115B)
Class org.gradle.tooling.model.build.JavaEnvironment                                  : loaded 2 times (x 70B)
Class com.amazon.ion.impl.bin.IonManagedBinaryWriter$UserState$1                      : loaded 2 times (x 85B)
Class com.android.builder.model.v2.ide.SourceSetContainer                             : loaded 2 times (x 70B)
Class com.google.common.cache.LocalCache$EntryFactory$6                               : loaded 2 times (x 83B)
Class org.jetbrains.plugins.gradle.model.GradleExtension                              : loaded 2 times (x 70B)
Class com.amazon.ion.impl.lite.IonDecimalLite                                         : loaded 2 times (x 188B)
Class com.amazon.ion.IonBufferConfiguration$Builder                                   : loaded 2 times (x 78B)
Class org.gradle.internal.time.Timer                                                  : loaded 2 times (x 70B)
Class kotlin.jvm.internal.markers.KMappedMarker                                       : loaded 2 times (x 70B)
Class org.gradle.internal.installation.CurrentGradleInstallationLocator               : loaded 2 times (x 71B)
Class com.google.common.collect.ImmutableMultimap$Builder                             : loaded 2 times (x 86B)
Class com.android.builder.model.v2.ide.LintOptions                                    : loaded 2 times (x 70B)
Class com.google.common.collect.Maps$KeySet                                           : loaded 2 times (x 137B)
Class com.google.common.cache.LocalCache$EntryFactory$7                               : loaded 2 times (x 83B)
Class com.google.common.collect.ImmutableSet$EmptySetBuilderImpl                      : loaded 2 times (x 76B)
Class com.google.common.collect.RegularImmutableMap$KeySet                            : loaded 2 times (x 152B)
Class [Lcom.amazon.ion.impl.bin.IonRawBinaryWriter$ContainerType;                     : loaded 2 times (x 69B)
Class org.gradle.tooling.internal.adapter.ProtocolToModelAdapter$ViewGraphDetails     : loaded 2 times (x 72B)
Class org.gradle.tooling.model.idea.IdeaProject                                       : loaded 2 times (x 70B)
Class org.gradle.tooling.model.DomainObjectSet                                        : loaded 2 times (x 70B)
Class org.gradle.internal.service.DefaultServiceLocator                               : loaded 2 times (x 83B)
Class com.google.common.collect.ImmutableMultimap$EntryCollection                     : loaded 2 times (x 128B)
Class com.android.builder.model.v2.ide.BasicArtifact                                  : loaded 2 times (x 70B)
Class com.google.common.cache.LocalCache$EntryFactory$8                               : loaded 2 times (x 83B)
Class com.google.common.base.Equivalence$Identity                                     : loaded 2 times (x 82B)
Class com.amazon.ion.impl.bin.utf8.Utf8StringEncoder$Result                           : loaded 2 times (x 74B)
Class com.amazon.ion.impl.bin.utf8.Pool$Allocator                                     : loaded 2 times (x 70B)
Class com.amazon.ion.IonText                                                          : loaded 2 times (x 70B)
Class com.amazon.ion.impl.SymbolTokenImpl                                             : loaded 2 times (x 81B)
Class com.amazon.ion.SubstituteSymbolTableException                                   : loaded 2 times (x 84B)
Class kotlin.coroutines.jvm.internal.SuspendFunction                                  : loaded 2 times (x 70B)
Class org.gradle.util.GradleVersion                                                   : loaded 2 times (x 81B)
Class org.gradle.internal.installation.CurrentGradleInstallation                      : loaded 2 times (x 73B)
Class com.google.common.cache.CacheLoader$1                                           : loaded 2 times (x 75B)
Class com.google.common.collect.ForwardingObject                                      : loaded 2 times (x 72B)
Class com.google.common.base.PairwiseEquivalence                                      : loaded 2 times (x 83B)
Class com.amazon.ion.impl.bin.IonManagedBinaryWriter$ImportDescriptor                 : loaded 2 times (x 76B)
Class com.amazon.ion.SymbolTable                                                      : loaded 2 times (x 70B)
Class org.jetbrains.plugins.gradle.javaModel.JavaGradleManifestModel                  : loaded 2 times (x 70B)
Class org.jetbrains.plugins.gradle.tooling.serialization.GradleExtensionsSerializationService$WriteContext: loaded 2 times (x 72B)
Class com.intellij.gradle.toolingExtension.impl.model.taskModel.GradleTaskSerialisationService$Companion: loaded 2 times (x 71B)
Class kotlin.jvm.internal.Ref$BooleanRef                                              : loaded 2 times (x 71B)
Class kotlin.jvm.internal.StringCompanionObject                                       : loaded 2 times (x 71B)
Class kotlin.coroutines.intrinsics.IntrinsicsKt__IntrinsicsJvmKt                      : loaded 2 times (x 71B)
Class kotlin.coroutines.jvm.internal.CoroutineStackFrame                              : loaded 2 times (x 70B)
Class org.gradle.tooling.internal.adapter.ProtocolToModelAdapter$MethodInvocationCache$MethodInvocationKey: loaded 2 times (x 73B)
Class org.gradle.util.internal.GUtil                                                  : loaded 2 times (x 71B)
Class com.android.utils.StringHelper                                                  : loaded 2 times (x 71B)
Class com.google.common.util.concurrent.AbstractFuture$SetFuture                      : loaded 2 times (x 75B)
Class com.google.common.cache.AbstractCache$StatsCounter                              : loaded 2 times (x 70B)
Class [Lcom.amazon.ion.impl.bin.IonManagedBinaryWriter$SymbolState;                   : loaded 2 times (x 69B)
Class com.amazon.ion.impl._Private_IonWriterBase                                      : loaded 2 times (x 162B)
Class com.amazon.ion.system.IonSystemBuilder                                          : loaded 2 times (x 75B)
Class com.amazon.ion.IonCatalog                                                       : loaded 2 times (x 70B)
Class com.intellij.gradle.toolingExtension.impl.model.utilTurnOffDefaultTasksModel.TurnOffDefaultTasks: loaded 2 times (x 70B)
Class com.intellij.gradle.toolingExtension.impl.model.sourceSetModel.GradleSourceSetSerialisationService$SourceSetModelReadContext: loaded 2 times (x 72B)
Class kotlin.io.NoSuchFileException                                                   : loaded 2 times (x 82B)
Class kotlin.collections.CollectionsKt                                                : loaded 2 times (x 71B)
Class com.android.builder.model.v2.dsl.BuildType                                      : loaded 2 times (x 70B)
Class org.jetbrains.plugins.gradle.tooling.serialization.internal.IdeaProjectSerializationService$WriteContext$5: loaded 2 times (x 83B)
Class com.android.builder.model.v2.ide.ViewBindingOptions                             : loaded 2 times (x 70B)
Class com.intellij.gradle.toolingExtension.impl.model.sourceSetModel.GradleSourceSetSerialisationService$SourceSetModelWriteContext: loaded 2 times (x 72B)
Class kotlin.ranges.IntProgressionIterator                                            : loaded 2 times (x 82B)
Class kotlin.coroutines.CoroutineContext                                              : loaded 2 times (x 70B)
Class kotlin.coroutines.jvm.internal.DebugProbesKt                                    : loaded 2 times (x 71B)
Class org.gradle.tooling.internal.adapter.WeakIdentityHashMap                         : loaded 2 times (x 76B)
Class org.gradle.tooling.GradleConnectionException                                    : loaded 2 times (x 83B)
Class org.gradle.tooling.internal.adapter.ProtocolToModelAdapter$1                    : loaded 2 times (x 75B)
Class org.gradle.tooling.internal.adapter.ProtocolToModelAdapter$ViewDecoration       : loaded 2 times (x 70B)
Class org.gradle.internal.installation.GradleInstallation                             : loaded 2 times (x 75B)
Class com.google.common.collect.Iterables                                             : loaded 2 times (x 71B)
Class com.amazon.ion.impl._Private_RecyclingQueue$Recycler                            : loaded 2 times (x 70B)
Class com.amazon.ion.impl.lite.ContainerlessContext                                   : loaded 2 times (x 80B)
Class org.jetbrains.plugins.gradle.tooling.serialization.GradleExtensionsSerializationService$ReadContext: loaded 2 times (x 72B)
Class com.google.common.collect.LexicographicalOrdering                               : loaded 2 times (x 115B)
Class org.gradle.tooling.internal.adapter.MethodInvoker                               : loaded 2 times (x 70B)
Class com.android.ide.common.gradle.Part                                              : loaded 2 times (x 77B)
Class com.google.common.collect.Lists$RandomAccessReverseList                         : loaded 2 times (x 200B)
Class gnu.trove.PrimeFinder                                                           : loaded 2 times (x 71B)
Class com.amazon.ion.UnexpectedEofException                                           : loaded 2 times (x 84B)
Class com.amazon.ion.IonSexp                                                          : loaded 2 times (x 70B)
Class com.amazon.ion.ReadOnlyValueException                                           : loaded 2 times (x 84B)
Class com.amazon.ion.impl._Private_LocalSymbolTable                                   : loaded 2 times (x 70B)
Class com.amazon.ion.BufferConfiguration$DataHandler                                  : loaded 2 times (x 70B)
Class com.amazon.ion.impl._Private_IonBinaryWriterBuilder                             : loaded 2 times (x 115B)
Class org.jetbrains.plugins.gradle.tooling.serialization.RepositoriesModelSerializationService$WriteContext: loaded 2 times (x 72B)
Class com.android.ide.gradle.model.LegacyAndroidGradlePluginProperties                : loaded 2 times (x 70B)
Class kotlin.ranges.IntProgression                                                    : loaded 2 times (x 81B)
Class kotlin.jvm.KotlinReflectionNotSupportedError                                    : loaded 2 times (x 82B)
Class org.gradle.tooling.model.gradle.GradleScript                                    : loaded 2 times (x 70B)

---------------  S Y S T E M  ---------------

OS:
 Windows 11 , 64 bit Build 26100 (10.0.26100.8115)
OS uptime: 4 days 20:48 hours
Hyper-V role detected

CPU: total 12 (initial active 12) (12 cores per cpu, 2 threads per core) family 23 model 104 stepping 1 microcode 0x8608103, cx8, cmov, fxsr, ht, mmx, 3dnowpref, sse, sse2, sse3, ssse3, sse4a, sse4.1, sse4.2, popcnt, lzcnt, tsc, tscinvbit, avx, avx2, aes, clmul, bmi1, bmi2, adx, sha, fma, vzeroupper, clflush, clflushopt, hv, rdtscp, rdpid, f16c
Processor Information for processor 0
  Max Mhz: 2100, Current Mhz: 2100, Mhz Limit: 2100
Processor Information for processor 1
  Max Mhz: 2100, Current Mhz: 1988, Mhz Limit: 2100
Processor Information for processor 2
  Max Mhz: 2100, Current Mhz: 1988, Mhz Limit: 2100
Processor Information for processor 3
  Max Mhz: 2100, Current Mhz: 1988, Mhz Limit: 2100
Processor Information for processor 4
  Max Mhz: 2100, Current Mhz: 2100, Mhz Limit: 2100
Processor Information for processor 5
  Max Mhz: 2100, Current Mhz: 1988, Mhz Limit: 2100
Processor Information for processor 6
  Max Mhz: 2100, Current Mhz: 2100, Mhz Limit: 2100
Processor Information for processor 7
  Max Mhz: 2100, Current Mhz: 1988, Mhz Limit: 2100
Processor Information for processor 8
  Max Mhz: 2100, Current Mhz: 2100, Mhz Limit: 2100
Processor Information for processor 9
  Max Mhz: 2100, Current Mhz: 2100, Mhz Limit: 2100
Processor Information for processor 10
  Max Mhz: 2100, Current Mhz: 2100, Mhz Limit: 2100
Processor Information for processor 11
  Max Mhz: 2100, Current Mhz: 2100, Mhz Limit: 2100

Memory: 4k page, system-wide physical 7563M (1022M free)
TotalPageFile size 31115M (AvailPageFile size 34M)
current process WorkingSet (physical memory assigned to process): 327M, peak: 336M
current process commit charge ("private bytes"): 690M, peak: 708M

vm_info: OpenJDK 64-Bit Server VM (21.0.10+-14961533-b1163.108) for windows-amd64 JRE (21.0.10+-14961533-b1163.108), built on 2026-03-02T19:58:50Z by "builder" with MS VC++ 16.10 / 16.11 (VS2019)

END.
