#
# There is insufficient memory for the Java Runtime Environment to continue.
# Native memory allocation (mmap) failed to map 7340032 bytes for G1 virtual space
# Possible reasons:
#   The system is out of physical RAM or swap space
#   The process is running with CompressedOops enabled, and the Java Heap may be blocking the growth of the native heap
# Possible solutions:
#   Reduce memory load on the system
#   Increase physical memory or swap space
#   Check if swap backing store is full
#   Decrease Java heap size (-Xmx/-Xms)
#   Decrease number of Java threads
#   Decrease Java thread stack sizes (-Xss)
#   Set larger code cache with -XX:ReservedCodeCacheSize=
#   JVM is running with Unscaled Compressed Oops mode in which the Java heap is
#     placed in the first 4GB address space. The Java Heap base address is the
#     maximum limit for the native heap growth. Please use -XX:HeapBaseMinAddress
#     to set the Java Heap base and to place the Java Heap above 4GB virtual address.
# This output file may be truncated or incomplete.
#
#  Out of Memory Error (os_windows.cpp:3600), pid=34656, tid=28224
#
# JRE version: Java(TM) SE Runtime Environment (21.0.2+13) (build 21.0.2+13-LTS-58)
# Java VM: Java HotSpot(TM) 64-Bit Server VM (21.0.2+13-LTS-58, mixed mode, sharing, tiered, compressed oops, compressed class ptrs, g1 gc, windows-amd64)
# No core dump will be written. Minidumps are not enabled by default on client versions of Windows
#

---------------  S U M M A R Y ------------

Command Line: --add-opens=java.base/java.lang=ALL-UNNAMED --add-opens=java.base/java.lang.invoke=ALL-UNNAMED --add-opens=java.base/java.util=ALL-UNNAMED --add-opens=java.prefs/java.util.prefs=ALL-UNNAMED --add-exports=jdk.compiler/com.sun.tools.javac.api=ALL-UNNAMED --add-exports=jdk.compiler/com.sun.tools.javac.util=ALL-UNNAMED --add-opens=java.base/java.util=ALL-UNNAMED --add-opens=java.prefs/java.util.prefs=ALL-UNNAMED --add-opens=java.base/java.nio.charset=ALL-UNNAMED --add-opens=java.base/java.net=ALL-UNNAMED --add-opens=java.base/java.util.concurrent.atomic=ALL-UNNAMED --add-opens=java.xml/javax.xml.namespace=ALL-UNNAMED -Xmx2048m -Dfile.encoding=UTF-8 -Duser.country=IN -Duser.language=en -Duser.variant -javaagent:C:\Users\Apoorv Rathore\.gradle\wrapper\dists\gradle-8.13-bin\5xuhj0ry160q40clulazy9h7d\gradle-8.13\lib\agents\gradle-instrumentation-agent-8.13.jar org.gradle.launcher.daemon.bootstrap.GradleDaemon 8.13

Host: AMD Ryzen 5 5500U with Radeon Graphics         , 12 cores, 7G,  Windows 11 , 64 bit Build 26100 (10.0.26100.9278)
Time: Mon Sep  7 14:43:08 2026 India Standard Time elapsed time: 194.857346 seconds (0d 0h 3m 14s)

---------------  T H R E A D  ---------------

Current thread (0x0000018dbbf43950):  VMThread "VM Thread"          [id=28224, stack(0x0000000a96d00000,0x0000000a96e00000) (1024K)]

Stack: [0x0000000a96d00000,0x0000000a96e00000]
Native frames: (J=compiled Java code, j=interpreted, Vv=VM code, C=native code)
V  [jvm.dll+0x6cade9]
V  [jvm.dll+0x8569c1]
V  [jvm.dll+0x858d2e]
V  [jvm.dll+0x859413]
V  [jvm.dll+0x280e56]
V  [jvm.dll+0x6c74d5]
V  [jvm.dll+0x6bbeca]
V  [jvm.dll+0x355bca]
V  [jvm.dll+0x35d816]
V  [jvm.dll+0x3ae67e]
V  [jvm.dll+0x3ae928]
V  [jvm.dll+0x3295dc]
V  [jvm.dll+0x32be86]
V  [jvm.dll+0x335dde]
V  [jvm.dll+0x36c045]
V  [jvm.dll+0x85ef18]
V  [jvm.dll+0x860014]
V  [jvm.dll+0x860550]
V  [jvm.dll+0x8607f3]
V  [jvm.dll+0x7ff568]
V  [jvm.dll+0x6c953d]
C  [ucrtbase.dll+0x2cd30]
C  [KERNEL32.DLL+0x2ccb7]
C  [ntdll.dll+0xacaec]

VM_Operation (0x0000000a968ff7c0): G1PauseRemark, mode: safepoint, requested by thread 0x0000018d9f1c5a70


---------------  P R O C E S S  ---------------

Threads class SMR info:
_java_thread_list=0x0000018d8c457840, length=122, elements={
0x0000018d9cea8160, 0x0000018dbbf6a4b0, 0x0000018dbbf6b010, 0x0000018dbbf76a60,
0x0000018dbbf774c0, 0x0000018dbbf77f20, 0x0000018dbbf78980, 0x0000018dbbf7ba80,
0x0000018dbbf7ea40, 0x0000018dbbfbd8a0, 0x0000018dfd347e40, 0x0000018dfdcc7eb0,
0x0000018dfd226470, 0x0000018dfdec6c60, 0x0000018dfdb9eb90, 0x0000018dfdb9fbb0,
0x0000018dfebf6f70, 0x0000018dfeb2c310, 0x0000018dfeb81960, 0x0000018dfeb7ff20,
0x0000018dfeb805b0, 0x0000018dfeb81ff0, 0x0000018dfeb7f890, 0x0000018dfeb812d0,
0x0000018dfeb80c40, 0x0000018dfeb82680, 0x0000018dff374430, 0x0000018dff371cd0,
0x0000018dff371640, 0x0000018dff370fb0, 0x0000018dff372360, 0x0000018dff373710,
0x0000018dff373da0, 0x0000018dff3729f0, 0x0000018dff373080, 0x0000018dff3984f0,
0x0000018dff397e60, 0x0000018dff3998a0, 0x0000018dff398b80, 0x0000018dff399210,
0x0000018dff399f30, 0x0000018dff396ab0, 0x0000018dff39a5c0, 0x0000018dff397140,
0x0000018dff3977d0, 0x0000018dff39c690, 0x0000018dff39b2e0, 0x0000018dff39b970,
0x0000018dff39d3b0, 0x0000018dff39c000, 0x0000018dff39cd20, 0x0000018dff39da40,
0x0000018d851e51e0, 0x0000018d851e4b50, 0x0000018d851e44c0, 0x0000018d851e5870,
0x0000018d851e72b0, 0x0000018d851e5f00, 0x0000018d851e6c20, 0x0000018d851e6590,
0x0000018d851e3e30, 0x0000018d851e7fd0, 0x0000018d851e8660, 0x0000018d851e8cf0,
0x0000018d851e9380, 0x0000018d851e9a10, 0x0000018d851ea0a0, 0x0000018d851ea730,
0x0000018d851e7940, 0x0000018d851eadc0, 0x0000018d851eb450, 0x0000018dffa82d20,
0x0000018dffa7f8a0, 0x0000018dffa833b0, 0x0000018dffa80c50, 0x0000018dffa83a40,
0x0000018dffa805c0, 0x0000018dffa840d0, 0x0000018dffa84760, 0x0000018dffa812e0,
0x0000018dffa86830, 0x0000018dffa84df0, 0x0000018dffa85480, 0x0000018dffa86ec0,
0x0000018dffa85b10, 0x0000018dffa861a0, 0x0000018d85a18500, 0x0000018d85a177e0,
0x0000018d85a15080, 0x0000018d85a17e70, 0x0000018d85a15da0, 0x0000018d85a18b90,
0x0000018d85a15710, 0x0000018d85a16430, 0x0000018d85a19220, 0x0000018d85a198b0,
0x0000018d85a19f40, 0x0000018d85a16ac0, 0x0000018d85a1a5d0, 0x0000018d85a17150,
0x0000018d85a1b980, 0x0000018d85a1c010, 0x0000018d85a1b2f0, 0x0000018d85a1c6a0,
0x0000018d86110c50, 0x0000018d8c159a10, 0x0000018d86d96d90, 0x0000018d86d9a210,
0x0000018d86d9af30, 0x0000018d86d97ab0, 0x0000018d86d9a8a0, 0x0000018d86d9b5c0,
0x0000018d86d9bc50, 0x0000018d86d9c2e0, 0x0000018d86d9d690, 0x0000018d86d9c970,
0x0000018d86d9d000, 0x0000018d86f4b200, 0x0000018d86f4bf20, 0x0000018d86f4d960,
0x0000018d86f4cc40, 0x0000018d86f4c5b0
}

Java Threads: ( => current thread )
  0x0000018d9cea8160 JavaThread "main"                              [_thread_blocked, id=34312, stack(0x0000000a96600000,0x0000000a96700000) (1024K)]
  0x0000018dbbf6a4b0 JavaThread "Reference Handler"          daemon [_thread_blocked, id=34568, stack(0x0000000a96e00000,0x0000000a96f00000) (1024K)]
  0x0000018dbbf6b010 JavaThread "Finalizer"                  daemon [_thread_blocked, id=24988, stack(0x0000000a96f00000,0x0000000a97000000) (1024K)]
  0x0000018dbbf76a60 JavaThread "Signal Dispatcher"          daemon [_thread_blocked, id=36344, stack(0x0000000a97000000,0x0000000a97100000) (1024K)]
  0x0000018dbbf774c0 JavaThread "Attach Listener"            daemon [_thread_blocked, id=26196, stack(0x0000000a97100000,0x0000000a97200000) (1024K)]
  0x0000018dbbf77f20 JavaThread "Service Thread"             daemon [_thread_blocked, id=27468, stack(0x0000000a97200000,0x0000000a97300000) (1024K)]
  0x0000018dbbf78980 JavaThread "Monitor Deflation Thread"   daemon [_thread_blocked, id=23132, stack(0x0000000a97300000,0x0000000a97400000) (1024K)]
  0x0000018dbbf7ba80 JavaThread "C2 CompilerThread0"         daemon [_thread_blocked, id=32992, stack(0x0000000a97400000,0x0000000a97500000) (1024K)]
  0x0000018dbbf7ea40 JavaThread "C1 CompilerThread0"         daemon [_thread_blocked, id=33524, stack(0x0000000a97500000,0x0000000a97600000) (1024K)]
  0x0000018dbbfbd8a0 JavaThread "Common-Cleaner"             daemon [_thread_blocked, id=6236, stack(0x0000000a97600000,0x0000000a97700000) (1024K)]
  0x0000018dfd347e40 JavaThread "Notification Thread"        daemon [_thread_blocked, id=24636, stack(0x0000000a97700000,0x0000000a97800000) (1024K)]
  0x0000018dfdcc7eb0 JavaThread "Daemon health stats"               [_thread_blocked, id=11124, stack(0x0000000a97c00000,0x0000000a97d00000) (1024K)]
  0x0000018dfd226470 JavaThread "Incoming local TCP Connector on port 49204"        [_thread_in_native, id=3316, stack(0x0000000a97d00000,0x0000000a97e00000) (1024K)]
  0x0000018dfdec6c60 JavaThread "Daemon periodic checks"            [_thread_blocked, id=13828, stack(0x0000000a97e00000,0x0000000a97f00000) (1024K)]
  0x0000018dfdb9eb90 JavaThread "Daemon"                            [_thread_blocked, id=27160, stack(0x0000000a97f00000,0x0000000a98000000) (1024K)]
  0x0000018dfdb9fbb0 JavaThread "Handler for socket connection from /127.0.0.1:49204 to /127.0.0.1:49208"        [_thread_in_native, id=22932, stack(0x0000000a98000000,0x0000000a98100000) (1024K)]
  0x0000018dfebf6f70 JavaThread "Cancel handler"                    [_thread_blocked, id=26296, stack(0x0000000a98100000,0x0000000a98200000) (1024K)]
  0x0000018dfeb2c310 JavaThread "Daemon worker"                     [_thread_blocked, id=21264, stack(0x0000000a98200000,0x0000000a98300000) (1024K)]
  0x0000018dfeb81960 JavaThread "Asynchronous log dispatcher for DefaultDaemonConnection: socket connection from /127.0.0.1:49204 to /127.0.0.1:49208"        [_thread_blocked, id=7676, stack(0x0000000a98300000,0x0000000a98400000) (1024K)]
  0x0000018dfeb7ff20 JavaThread "Stdin handler"                     [_thread_blocked, id=33912, stack(0x0000000a98400000,0x0000000a98500000) (1024K)]
  0x0000018dfeb805b0 JavaThread "Daemon client event forwarder"        [_thread_blocked, id=23320, stack(0x0000000a98500000,0x0000000a98600000) (1024K)]
  0x0000018dfeb81ff0 JavaThread "Cache worker for journal cache (C:\Users\Apoorv Rathore\.gradle\caches\journal-1)"        [_thread_blocked, id=35992, stack(0x0000000a98600000,0x0000000a98700000) (1024K)]
  0x0000018dfeb7f890 JavaThread "File lock request listener"        [_thread_in_native, id=3760, stack(0x0000000a98700000,0x0000000a98800000) (1024K)]
  0x0000018dfeb812d0 JavaThread "Cache worker for file hash cache (C:\Users\Apoorv Rathore\.gradle\caches\8.13\fileHashes)"        [_thread_blocked, id=33860, stack(0x0000000a98800000,0x0000000a98900000) (1024K)]
  0x0000018dfeb80c40 JavaThread "Cache worker for file hash cache (C:\Users\Apoorv Rathore\MySanjeevni\.gradle\8.13\fileHashes)"        [_thread_blocked, id=26192, stack(0x0000000a99000000,0x0000000a99100000) (1024K)]
  0x0000018dfeb82680 JavaThread "Cache worker for Build Output Cleanup Cache (C:\Users\Apoorv Rathore\MySanjeevni\.gradle\buildOutputCleanup)"        [_thread_blocked, id=27664, stack(0x0000000a99100000,0x0000000a99200000) (1024K)]
  0x0000018dff374430 JavaThread "File watcher server"        daemon [_thread_in_native, id=1400, stack(0x0000000a99200000,0x0000000a99300000) (1024K)]
  0x0000018dff371cd0 JavaThread "File watcher consumer"      daemon [_thread_blocked, id=20420, stack(0x0000000a99300000,0x0000000a99400000) (1024K)]
  0x0000018dff371640 JavaThread "jar transforms"                    [_thread_blocked, id=26940, stack(0x0000000a99400000,0x0000000a99500000) (1024K)]
  0x0000018dff370fb0 JavaThread "jar transforms Thread 2"           [_thread_blocked, id=6964, stack(0x0000000a99500000,0x0000000a99600000) (1024K)]
  0x0000018dff372360 JavaThread "jar transforms Thread 3"           [_thread_blocked, id=30368, stack(0x0000000a99600000,0x0000000a99700000) (1024K)]
  0x0000018dff373710 JavaThread "jar transforms Thread 4"           [_thread_blocked, id=3240, stack(0x0000000a99700000,0x0000000a99800000) (1024K)]
  0x0000018dff373da0 JavaThread "jar transforms Thread 5"           [_thread_blocked, id=34040, stack(0x0000000a99800000,0x0000000a99900000) (1024K)]
  0x0000018dff3729f0 JavaThread "jar transforms Thread 6"           [_thread_blocked, id=20280, stack(0x0000000a99900000,0x0000000a99a00000) (1024K)]
  0x0000018dff373080 JavaThread "jar transforms Thread 7"           [_thread_blocked, id=29916, stack(0x0000000a99a00000,0x0000000a99b00000) (1024K)]
  0x0000018dff3984f0 JavaThread "jar transforms Thread 8"           [_thread_blocked, id=24756, stack(0x0000000a99b00000,0x0000000a99c00000) (1024K)]
  0x0000018dff397e60 JavaThread "jar transforms Thread 9"           [_thread_blocked, id=27308, stack(0x0000000a99c00000,0x0000000a99d00000) (1024K)]
  0x0000018dff3998a0 JavaThread "jar transforms Thread 10"          [_thread_blocked, id=30040, stack(0x0000000a99d00000,0x0000000a99e00000) (1024K)]
  0x0000018dff398b80 JavaThread "jar transforms Thread 11"          [_thread_blocked, id=34268, stack(0x0000000a99e00000,0x0000000a99f00000) (1024K)]
  0x0000018dff399210 JavaThread "jar transforms Thread 12"          [_thread_blocked, id=1704, stack(0x0000000a99f00000,0x0000000a9a000000) (1024K)]
  0x0000018dff399f30 JavaThread "Cache worker for checksums cache (C:\Users\Apoorv Rathore\MySanjeevni\.gradle\8.13\checksums)"        [_thread_blocked, id=15384, stack(0x0000000a9a000000,0x0000000a9a100000) (1024K)]
  0x0000018dff396ab0 JavaThread "Cache worker for file content cache (C:\Users\Apoorv Rathore\.gradle\caches\8.13\fileContent)"        [_thread_blocked, id=27112, stack(0x0000000a9a100000,0x0000000a9a200000) (1024K)]
  0x0000018dff39a5c0 JavaThread "Cache worker for cache directory md-supplier (C:\Users\Apoorv Rathore\.gradle\caches\8.13\md-supplier)"        [_thread_blocked, id=32476, stack(0x0000000a9a200000,0x0000000a9a300000) (1024K)]
  0x0000018dff397140 JavaThread "Cache worker for cache directory md-rule (C:\Users\Apoorv Rathore\.gradle\caches\8.13\md-rule)"        [_thread_blocked, id=36400, stack(0x0000000a9a300000,0x0000000a9a400000) (1024K)]
  0x0000018dff3977d0 JavaThread "Unconstrained build operations"        [_thread_blocked, id=7500, stack(0x0000000a9a400000,0x0000000a9a500000) (1024K)]
  0x0000018dff39c690 JavaThread "Unconstrained build operations Thread 2"        [_thread_blocked, id=12000, stack(0x0000000a9a500000,0x0000000a9a600000) (1024K)]
  0x0000018dff39b2e0 JavaThread "Unconstrained build operations Thread 3"        [_thread_blocked, id=14744, stack(0x0000000a9a600000,0x0000000a9a700000) (1024K)]
  0x0000018dff39b970 JavaThread "Unconstrained build operations Thread 4"        [_thread_blocked, id=6304, stack(0x0000000a9a700000,0x0000000a9a800000) (1024K)]
  0x0000018dff39d3b0 JavaThread "File lock release action executor"        [_thread_blocked, id=36840, stack(0x0000000a9a800000,0x0000000a9a900000) (1024K)]
  0x0000018dff39c000 JavaThread "Unconstrained build operations Thread 5"        [_thread_blocked, id=34872, stack(0x0000000a9a900000,0x0000000a9aa00000) (1024K)]
  0x0000018dff39cd20 JavaThread "Unconstrained build operations Thread 6"        [_thread_blocked, id=23924, stack(0x0000000a9aa00000,0x0000000a9ab00000) (1024K)]
  0x0000018dff39da40 JavaThread "Unconstrained build operations Thread 7"        [_thread_blocked, id=28996, stack(0x0000000a9ab00000,0x0000000a9ac00000) (1024K)]
  0x0000018d851e51e0 JavaThread "Unconstrained build operations Thread 8"        [_thread_blocked, id=25428, stack(0x0000000a9ac00000,0x0000000a9ad00000) (1024K)]
  0x0000018d851e4b50 JavaThread "Unconstrained build operations Thread 9"        [_thread_blocked, id=21344, stack(0x0000000a9ad00000,0x0000000a9ae00000) (1024K)]
  0x0000018d851e44c0 JavaThread "Unconstrained build operations Thread 10"        [_thread_blocked, id=6892, stack(0x0000000a9ae00000,0x0000000a9af00000) (1024K)]
  0x0000018d851e5870 JavaThread "Unconstrained build operations Thread 11"        [_thread_blocked, id=27356, stack(0x0000000a9af00000,0x0000000a9b000000) (1024K)]
  0x0000018d851e72b0 JavaThread "Unconstrained build operations Thread 12"        [_thread_blocked, id=31332, stack(0x0000000a9b000000,0x0000000a9b100000) (1024K)]
  0x0000018d851e5f00 JavaThread "Unconstrained build operations Thread 13"        [_thread_blocked, id=19504, stack(0x0000000a9b100000,0x0000000a9b200000) (1024K)]
  0x0000018d851e6c20 JavaThread "Unconstrained build operations Thread 14"        [_thread_blocked, id=21524, stack(0x0000000a9b200000,0x0000000a9b300000) (1024K)]
  0x0000018d851e6590 JavaThread "Unconstrained build operations Thread 15"        [_thread_blocked, id=13660, stack(0x0000000a9b300000,0x0000000a9b400000) (1024K)]
  0x0000018d851e3e30 JavaThread "Unconstrained build operations Thread 16"        [_thread_blocked, id=28084, stack(0x0000000a9b400000,0x0000000a9b500000) (1024K)]
  0x0000018d851e7fd0 JavaThread "Unconstrained build operations Thread 17"        [_thread_blocked, id=17452, stack(0x0000000a9b500000,0x0000000a9b600000) (1024K)]
  0x0000018d851e8660 JavaThread "Unconstrained build operations Thread 18"        [_thread_blocked, id=5704, stack(0x0000000a9b600000,0x0000000a9b700000) (1024K)]
  0x0000018d851e8cf0 JavaThread "Unconstrained build operations Thread 19"        [_thread_blocked, id=31892, stack(0x0000000a9b700000,0x0000000a9b800000) (1024K)]
  0x0000018d851e9380 JavaThread "Unconstrained build operations Thread 20"        [_thread_blocked, id=21000, stack(0x0000000a9b800000,0x0000000a9b900000) (1024K)]
  0x0000018d851e9a10 JavaThread "Unconstrained build operations Thread 21"        [_thread_blocked, id=30492, stack(0x0000000a9b900000,0x0000000a9ba00000) (1024K)]
  0x0000018d851ea0a0 JavaThread "Unconstrained build operations Thread 22"        [_thread_blocked, id=35016, stack(0x0000000a9ba00000,0x0000000a9bb00000) (1024K)]
  0x0000018d851ea730 JavaThread "Unconstrained build operations Thread 23"        [_thread_blocked, id=5628, stack(0x0000000a9bb00000,0x0000000a9bc00000) (1024K)]
  0x0000018d851e7940 JavaThread "Unconstrained build operations Thread 24"        [_thread_blocked, id=29096, stack(0x0000000a9bc00000,0x0000000a9bd00000) (1024K)]
  0x0000018d851eadc0 JavaThread "Unconstrained build operations Thread 25"        [_thread_blocked, id=35724, stack(0x0000000a9bd00000,0x0000000a9be00000) (1024K)]
  0x0000018d851eb450 JavaThread "Unconstrained build operations Thread 26"        [_thread_blocked, id=26832, stack(0x0000000a9be00000,0x0000000a9bf00000) (1024K)]
  0x0000018dffa82d20 JavaThread "Unconstrained build operations Thread 27"        [_thread_blocked, id=36584, stack(0x0000000a96300000,0x0000000a96400000) (1024K)]
  0x0000018dffa7f8a0 JavaThread "Unconstrained build operations Thread 28"        [_thread_blocked, id=23772, stack(0x0000000a96400000,0x0000000a96500000) (1024K)]
  0x0000018dffa833b0 JavaThread "Unconstrained build operations Thread 29"        [_thread_blocked, id=22756, stack(0x0000000a96500000,0x0000000a96600000) (1024K)]
  0x0000018dffa80c50 JavaThread "Unconstrained build operations Thread 30"        [_thread_blocked, id=7292, stack(0x0000000a9bf00000,0x0000000a9c000000) (1024K)]
  0x0000018dffa83a40 JavaThread "Unconstrained build operations Thread 31"        [_thread_blocked, id=34292, stack(0x0000000a9c000000,0x0000000a9c100000) (1024K)]
  0x0000018dffa805c0 JavaThread "Unconstrained build operations Thread 32"        [_thread_blocked, id=24196, stack(0x0000000a9c100000,0x0000000a9c200000) (1024K)]
  0x0000018dffa840d0 JavaThread "Unconstrained build operations Thread 33"        [_thread_blocked, id=29700, stack(0x0000000a9c200000,0x0000000a9c300000) (1024K)]
  0x0000018dffa84760 JavaThread "Unconstrained build operations Thread 34"        [_thread_blocked, id=27432, stack(0x0000000a9c300000,0x0000000a9c400000) (1024K)]
  0x0000018dffa812e0 JavaThread "Unconstrained build operations Thread 35"        [_thread_blocked, id=25020, stack(0x0000000a9c400000,0x0000000a9c500000) (1024K)]
  0x0000018dffa86830 JavaThread "Unconstrained build operations Thread 36"        [_thread_blocked, id=30000, stack(0x0000000a9c500000,0x0000000a9c600000) (1024K)]
  0x0000018dffa84df0 JavaThread "Unconstrained build operations Thread 37"        [_thread_blocked, id=27316, stack(0x0000000a9c600000,0x0000000a9c700000) (1024K)]
  0x0000018dffa85480 JavaThread "Unconstrained build operations Thread 38"        [_thread_blocked, id=11104, stack(0x0000000a9c700000,0x0000000a9c800000) (1024K)]
  0x0000018dffa86ec0 JavaThread "Unconstrained build operations Thread 39"        [_thread_blocked, id=31960, stack(0x0000000a9c800000,0x0000000a9c900000) (1024K)]
  0x0000018dffa85b10 JavaThread "Unconstrained build operations Thread 40"        [_thread_blocked, id=17228, stack(0x0000000a9c900000,0x0000000a9ca00000) (1024K)]
  0x0000018dffa861a0 JavaThread "Unconstrained build operations Thread 41"        [_thread_blocked, id=20284, stack(0x0000000a9ca00000,0x0000000a9cb00000) (1024K)]
  0x0000018d85a18500 JavaThread "Unconstrained build operations Thread 42"        [_thread_blocked, id=19816, stack(0x0000000a9cb00000,0x0000000a9cc00000) (1024K)]
  0x0000018d85a177e0 JavaThread "Unconstrained build operations Thread 43"        [_thread_blocked, id=15256, stack(0x0000000a9cc00000,0x0000000a9cd00000) (1024K)]
  0x0000018d85a15080 JavaThread "Unconstrained build operations Thread 44"        [_thread_blocked, id=36192, stack(0x0000000a9cd00000,0x0000000a9ce00000) (1024K)]
  0x0000018d85a17e70 JavaThread "Unconstrained build operations Thread 45"        [_thread_blocked, id=7912, stack(0x0000000a9ce00000,0x0000000a9cf00000) (1024K)]
  0x0000018d85a15da0 JavaThread "Unconstrained build operations Thread 46"        [_thread_blocked, id=28696, stack(0x0000000a9cf00000,0x0000000a9d000000) (1024K)]
  0x0000018d85a18b90 JavaThread "Unconstrained build operations Thread 47"        [_thread_blocked, id=20132, stack(0x0000000a9d000000,0x0000000a9d100000) (1024K)]
  0x0000018d85a15710 JavaThread "Unconstrained build operations Thread 48"        [_thread_blocked, id=24600, stack(0x0000000a9d100000,0x0000000a9d200000) (1024K)]
  0x0000018d85a16430 JavaThread "Unconstrained build operations Thread 49"        [_thread_blocked, id=20964, stack(0x0000000a9d200000,0x0000000a9d300000) (1024K)]
  0x0000018d85a19220 JavaThread "Unconstrained build operations Thread 50"        [_thread_blocked, id=4364, stack(0x0000000a9d300000,0x0000000a9d400000) (1024K)]
  0x0000018d85a198b0 JavaThread "Unconstrained build operations Thread 51"        [_thread_blocked, id=34484, stack(0x0000000a9d400000,0x0000000a9d500000) (1024K)]
  0x0000018d85a19f40 JavaThread "Unconstrained build operations Thread 52"        [_thread_blocked, id=25316, stack(0x0000000a9d500000,0x0000000a9d600000) (1024K)]
  0x0000018d85a16ac0 JavaThread "Unconstrained build operations Thread 53"        [_thread_blocked, id=31500, stack(0x0000000a9d600000,0x0000000a9d700000) (1024K)]
  0x0000018d85a1a5d0 JavaThread "Unconstrained build operations Thread 54"        [_thread_blocked, id=33492, stack(0x0000000a9d700000,0x0000000a9d800000) (1024K)]
  0x0000018d85a17150 JavaThread "Unconstrained build operations Thread 55"        [_thread_blocked, id=14516, stack(0x0000000a9d800000,0x0000000a9d900000) (1024K)]
  0x0000018d85a1b980 JavaThread "Unconstrained build operations Thread 56"        [_thread_blocked, id=31976, stack(0x0000000a9d900000,0x0000000a9da00000) (1024K)]
  0x0000018d85a1c010 JavaThread "Unconstrained build operations Thread 57"        [_thread_blocked, id=22056, stack(0x0000000a9da00000,0x0000000a9db00000) (1024K)]
  0x0000018d85a1b2f0 JavaThread "Unconstrained build operations Thread 58"        [_thread_blocked, id=11472, stack(0x0000000a9db00000,0x0000000a9dc00000) (1024K)]
  0x0000018d85a1c6a0 JavaThread "Unconstrained build operations Thread 59"        [_thread_blocked, id=19160, stack(0x0000000a9dc00000,0x0000000a9dd00000) (1024K)]
  0x0000018d86110c50 JavaThread "Memory manager"                    [_thread_blocked, id=21064, stack(0x0000000a9dd00000,0x0000000a9de00000) (1024K)]
  0x0000018d8c159a10 JavaThread "build event listener"              [_thread_blocked, id=15800, stack(0x0000000a9de00000,0x0000000a9df00000) (1024K)]
  0x0000018d86d96d90 JavaThread "pool-3-thread-1"                   [_thread_blocked, id=24664, stack(0x0000000a9df00000,0x0000000a9e000000) (1024K)]
  0x0000018d86d9a210 JavaThread "included builds"                   [_thread_blocked, id=24208, stack(0x0000000a9e000000,0x0000000a9e100000) (1024K)]
  0x0000018d86d9af30 JavaThread "Execution worker"                  [_thread_blocked, id=5172, stack(0x0000000a9e100000,0x0000000a9e200000) (1024K)]
  0x0000018d86d97ab0 JavaThread "Execution worker Thread 2"         [_thread_blocked, id=17356, stack(0x0000000a9e200000,0x0000000a9e300000) (1024K)]
  0x0000018d86d9a8a0 JavaThread "Execution worker Thread 3"         [_thread_blocked, id=18128, stack(0x0000000a9e300000,0x0000000a9e400000) (1024K)]
  0x0000018d86d9b5c0 JavaThread "Execution worker Thread 4"         [_thread_blocked, id=29692, stack(0x0000000a9e400000,0x0000000a9e500000) (1024K)]
  0x0000018d86d9bc50 JavaThread "Execution worker Thread 5"         [_thread_blocked, id=1656, stack(0x0000000a9e500000,0x0000000a9e600000) (1024K)]
  0x0000018d86d9c2e0 JavaThread "Execution worker Thread 6"         [_thread_blocked, id=19628, stack(0x0000000a9e600000,0x0000000a9e700000) (1024K)]
  0x0000018d86d9d690 JavaThread "Execution worker Thread 7"         [_thread_blocked, id=34224, stack(0x0000000a9e700000,0x0000000a9e800000) (1024K)]
  0x0000018d86d9c970 JavaThread "Execution worker Thread 8"         [_thread_blocked, id=11316, stack(0x0000000a9e800000,0x0000000a9e900000) (1024K)]
  0x0000018d86d9d000 JavaThread "Execution worker Thread 9"         [_thread_blocked, id=10652, stack(0x0000000a9e900000,0x0000000a9ea00000) (1024K)]
  0x0000018d86f4b200 JavaThread "Execution worker Thread 10"        [_thread_blocked, id=21256, stack(0x0000000a9ea00000,0x0000000a9eb00000) (1024K)]
  0x0000018d86f4bf20 JavaThread "Execution worker Thread 11"        [_thread_blocked, id=24276, stack(0x0000000a9eb00000,0x0000000a9ec00000) (1024K)]
  0x0000018d86f4d960 JavaThread "Cache worker for execution history cache (C:\Users\Apoorv Rathore\MySanjeevni\.gradle\8.13\executionHistory)"        [_thread_blocked, id=13324, stack(0x0000000a9ec00000,0x0000000a9ed00000) (1024K)]
  0x0000018d86f4cc40 JavaThread "idea-tooling-model-converter"        [_thread_blocked, id=25420, stack(0x0000000a9ed00000,0x0000000a9ee00000) (1024K)]
  0x0000018d86f4c5b0 JavaThread "Unconstrained build operations Thread 60"        [_thread_blocked, id=34360, stack(0x0000000a9ee00000,0x0000000a9ef00000) (1024K)]
Total: 122

Other Threads:
=>0x0000018dbbf43950 VMThread "VM Thread"                           [id=28224, stack(0x0000000a96d00000,0x0000000a96e00000) (1024K)]
  0x0000018dbbf2e760 WatcherThread "VM Periodic Task Thread"        [id=16096, stack(0x0000000a96c00000,0x0000000a96d00000) (1024K)]
  0x0000018d9f1b4ce0 WorkerThread "GC Thread#0"                     [id=22152, stack(0x0000000a96700000,0x0000000a96800000) (1024K)]
  0x0000018dfd3ce650 WorkerThread "GC Thread#1"                     [id=5728, stack(0x0000000a97800000,0x0000000a97900000) (1024K)]
  0x0000018dfd5bd660 WorkerThread "GC Thread#2"                     [id=8360, stack(0x0000000a97900000,0x0000000a97a00000) (1024K)]
  0x0000018dfd5bda00 WorkerThread "GC Thread#3"                     [id=26696, stack(0x0000000a97a00000,0x0000000a97b00000) (1024K)]
  0x0000018dfdd114d0 WorkerThread "GC Thread#4"                     [id=29372, stack(0x0000000a97b00000,0x0000000a97c00000) (1024K)]
  0x0000018dffe4d550 WorkerThread "GC Thread#5"                     [id=23876, stack(0x0000000a98900000,0x0000000a98a00000) (1024K)]
  0x0000018dffccacd0 WorkerThread "GC Thread#6"                     [id=23756, stack(0x0000000a98a00000,0x0000000a98b00000) (1024K)]
  0x0000018dff6d38f0 WorkerThread "GC Thread#7"                     [id=14708, stack(0x0000000a98b00000,0x0000000a98c00000) (1024K)]
  0x0000018dff6d2e10 WorkerThread "GC Thread#8"                     [id=24096, stack(0x0000000a98c00000,0x0000000a98d00000) (1024K)]
  0x0000018dff6d4030 WorkerThread "GC Thread#9"                     [id=26776, stack(0x0000000a98d00000,0x0000000a98e00000) (1024K)]
  0x0000018d9f1c5a70 ConcurrentGCThread "G1 Main Marker"            [id=19620, stack(0x0000000a96800000,0x0000000a96900000) (1024K)]
  0x0000018d9f1c8050 WorkerThread "G1 Conc#0"                       [id=25092, stack(0x0000000a96900000,0x0000000a96a00000) (1024K)]
  0x0000018dff6d31b0 WorkerThread "G1 Conc#1"                       [id=2020, stack(0x0000000a98e00000,0x0000000a98f00000) (1024K)]
  0x0000018dff6d2a70 WorkerThread "G1 Conc#2"                       [id=4328, stack(0x0000000a98f00000,0x0000000a99000000) (1024K)]
  0x0000018d9f21e590 ConcurrentGCThread "G1 Refine#0"               [id=19592, stack(0x0000000a96a00000,0x0000000a96b00000) (1024K)]
  0x0000018dbbe06220 ConcurrentGCThread "G1 Service"                [id=24648, stack(0x0000000a96b00000,0x0000000a96c00000) (1024K)]
Total: 18

Threads with active compile tasks:
Total: 0

VM state: at safepoint (normal execution)

VM Mutex/Monitor currently owned by a thread:  ([mutex/lock_event])
[0x00007ffdea8acd68] Threads_lock - owner thread: 0x0000018dbbf43950
[0x00007ffdea8ace68] Heap_lock - owner thread: 0x0000018d9f1c5a70

Heap address: 0x0000000080000000, size: 2048 MB, Compressed Oops mode: 32-bit

CDS archive(s) mapped at: [0x0000018dbc000000-0x0000018dbcc90000-0x0000018dbcc90000), size 13172736, SharedBaseAddress: 0x0000018dbc000000, ArchiveRelocationMode: 1.
Compressed class space mapped at: 0x0000018dbd000000-0x0000018dfd000000, reserved size: 1073741824
Narrow klass base: 0x0000018dbc000000, Narrow klass shift: 0, Narrow klass range: 0x100000000

GC Precious Log:
 CardTable entry size: 512
 Card Set container configuration: InlinePtr #cards 5 size 8 Array Of Cards #cards 12 size 40 Howl #buckets 4 coarsen threshold 1843 Howl Bitmap #cards 512 size 80 coarsen threshold 460 Card regions per heap region 1 cards per card region 2048
 CPUs: 12 total, 12 available
 Memory: 7563M
 Large Page Support: Disabled
 NUMA Support: Disabled
 Compressed Oops: Enabled (32-bit)
 Heap Region Size: 1M
 Heap Min Capacity: 8M
 Heap Initial Capacity: 120M
 Heap Max Capacity: 2G
 Pre-touch: Disabled
 Parallel Workers: 10
 Concurrent Workers: 3
 Concurrent Refinement Workers: 10
 Periodic GC: Disabled

Heap:
 garbage-first heap   total 242688K, used 148480K [0x0000000080000000, 0x0000000100000000)
  region size 1024K, 9 young (9216K), 8 survivors (8192K)
 Metaspace       used 106570K, committed 109120K, reserved 1179648K
  class space    used 14600K, committed 15872K, reserved 1048576K

Heap Regions: E=young(eden), S=young(survivor), O=old, HS=humongous(starts), HC=humongous(continues), CS=collection set, F=free, TAMS=top-at-mark-start, PB=parsable bottom
|   0|0x0000000080000000, 0x0000000080100000, 0x0000000080100000|100%|HS|  |TAMS 0x0000000080100000| PB 0x0000000080000000| Complete 
|   1|0x0000000080100000, 0x0000000080200000, 0x0000000080200000|100%|HC|  |TAMS 0x0000000080200000| PB 0x0000000080100000| Complete 
|   2|0x0000000080200000, 0x0000000080300000, 0x0000000080300000|100%|HC|  |TAMS 0x0000000080300000| PB 0x0000000080200000| Complete 
|   3|0x0000000080300000, 0x0000000080400000, 0x0000000080400000|100%| O|  |TAMS 0x0000000080400000| PB 0x0000000080400000| Untracked 
|   4|0x0000000080400000, 0x0000000080500000, 0x0000000080500000|100%| O|  |TAMS 0x0000000080500000| PB 0x0000000080500000| Untracked 
|   5|0x0000000080500000, 0x0000000080600000, 0x0000000080600000|100%| O|  |TAMS 0x0000000080600000| PB 0x0000000080600000| Untracked 
|   6|0x0000000080600000, 0x0000000080700000, 0x0000000080700000|100%|HS|  |TAMS 0x0000000080700000| PB 0x0000000080600000| Complete 
|   7|0x0000000080700000, 0x0000000080800000, 0x0000000080800000|100%| O|  |TAMS 0x0000000080800000| PB 0x0000000080800000| Untracked 
|   8|0x0000000080800000, 0x0000000080900000, 0x0000000080900000|100%| O|  |TAMS 0x0000000080900000| PB 0x0000000080900000| Untracked 
|   9|0x0000000080900000, 0x0000000080a00000, 0x0000000080a00000|100%| O|  |TAMS 0x0000000080a00000| PB 0x0000000080a00000| Untracked 
|  10|0x0000000080a00000, 0x0000000080b00000, 0x0000000080b00000|100%| O|  |TAMS 0x0000000080b00000| PB 0x0000000080b00000| Untracked 
|  11|0x0000000080b00000, 0x0000000080c00000, 0x0000000080c00000|100%| O|  |TAMS 0x0000000080c00000| PB 0x0000000080c00000| Untracked 
|  12|0x0000000080c00000, 0x0000000080d00000, 0x0000000080d00000|100%| O|  |TAMS 0x0000000080d00000| PB 0x0000000080d00000| Untracked 
|  13|0x0000000080d00000, 0x0000000080e00000, 0x0000000080e00000|100%| O|  |TAMS 0x0000000080e00000| PB 0x0000000080e00000| Untracked 
|  14|0x0000000080e00000, 0x0000000080f00000, 0x0000000080f00000|100%| O|  |TAMS 0x0000000080f00000| PB 0x0000000080f00000| Untracked 
|  15|0x0000000080f00000, 0x0000000081000000, 0x0000000081000000|100%| O|  |TAMS 0x0000000081000000| PB 0x0000000081000000| Untracked 
|  16|0x0000000081000000, 0x0000000081100000, 0x0000000081100000|100%| O|  |TAMS 0x0000000081100000| PB 0x0000000081100000| Untracked 
|  17|0x0000000081100000, 0x0000000081200000, 0x0000000081200000|100%| O|  |TAMS 0x0000000081200000| PB 0x0000000081200000| Untracked 
|  18|0x0000000081200000, 0x0000000081300000, 0x0000000081300000|100%| O|  |TAMS 0x0000000081300000| PB 0x0000000081300000| Untracked 
|  19|0x0000000081300000, 0x0000000081400000, 0x0000000081400000|100%| O|  |TAMS 0x0000000081400000| PB 0x0000000081400000| Untracked 
|  20|0x0000000081400000, 0x0000000081500000, 0x0000000081500000|100%| O|  |TAMS 0x0000000081500000| PB 0x0000000081500000| Updating 
|  21|0x0000000081500000, 0x0000000081600000, 0x0000000081600000|100%| O|  |TAMS 0x0000000081600000| PB 0x0000000081600000| Untracked 
|  22|0x0000000081600000, 0x0000000081700000, 0x0000000081700000|100%|HS|  |TAMS 0x0000000081700000| PB 0x0000000081600000| Complete 
|  23|0x0000000081700000, 0x0000000081800000, 0x0000000081800000|100%|HC|  |TAMS 0x0000000081800000| PB 0x0000000081700000| Complete 
|  24|0x0000000081800000, 0x0000000081900000, 0x0000000081900000|100%|HC|  |TAMS 0x0000000081900000| PB 0x0000000081800000| Complete 
|  25|0x0000000081900000, 0x0000000081a00000, 0x0000000081a00000|100%|HC|  |TAMS 0x0000000081a00000| PB 0x0000000081900000| Complete 
|  26|0x0000000081a00000, 0x0000000081b00000, 0x0000000081b00000|100%|HC|  |TAMS 0x0000000081b00000| PB 0x0000000081a00000| Complete 
|  27|0x0000000081b00000, 0x0000000081c00000, 0x0000000081c00000|100%|HC|  |TAMS 0x0000000081c00000| PB 0x0000000081b00000| Complete 
|  28|0x0000000081c00000, 0x0000000081d00000, 0x0000000081d00000|100%|HS|  |TAMS 0x0000000081d00000| PB 0x0000000081c00000| Complete 
|  29|0x0000000081d00000, 0x0000000081e00000, 0x0000000081e00000|100%|HS|  |TAMS 0x0000000081e00000| PB 0x0000000081d00000| Complete 
|  30|0x0000000081e00000, 0x0000000081f00000, 0x0000000081f00000|100%|HS|  |TAMS 0x0000000081f00000| PB 0x0000000081e00000| Complete 
|  31|0x0000000081f00000, 0x0000000082000000, 0x0000000082000000|100%|HC|  |TAMS 0x0000000082000000| PB 0x0000000081f00000| Complete 
|  32|0x0000000082000000, 0x0000000082100000, 0x0000000082100000|100%|HC|  |TAMS 0x0000000082100000| PB 0x0000000082000000| Complete 
|  33|0x0000000082100000, 0x0000000082200000, 0x0000000082200000|100%|HC|  |TAMS 0x0000000082200000| PB 0x0000000082100000| Complete 
|  34|0x0000000082200000, 0x0000000082300000, 0x0000000082300000|100%|HC|  |TAMS 0x0000000082300000| PB 0x0000000082200000| Complete 
|  35|0x0000000082300000, 0x0000000082400000, 0x0000000082400000|100%|HC|  |TAMS 0x0000000082400000| PB 0x0000000082300000| Complete 
|  36|0x0000000082400000, 0x0000000082500000, 0x0000000082500000|100%|HS|  |TAMS 0x0000000082500000| PB 0x0000000082400000| Complete 
|  37|0x0000000082500000, 0x0000000082600000, 0x0000000082600000|100%|HS|  |TAMS 0x0000000082600000| PB 0x0000000082500000| Complete 
|  38|0x0000000082600000, 0x0000000082700000, 0x0000000082700000|100%| O|  |TAMS 0x0000000082700000| PB 0x0000000082700000| Untracked 
|  39|0x0000000082700000, 0x0000000082800000, 0x0000000082800000|100%| O|  |TAMS 0x0000000082800000| PB 0x0000000082800000| Updating 
|  40|0x0000000082800000, 0x0000000082900000, 0x0000000082900000|100%| O|  |TAMS 0x0000000082900000| PB 0x0000000082900000| Updating 
|  41|0x0000000082900000, 0x0000000082a00000, 0x0000000082a00000|100%| O|  |TAMS 0x0000000082a00000| PB 0x0000000082a00000| Updating 
|  42|0x0000000082a00000, 0x0000000082b00000, 0x0000000082b00000|100%| O|  |TAMS 0x0000000082b00000| PB 0x0000000082b00000| Updating 
|  43|0x0000000082b00000, 0x0000000082c00000, 0x0000000082c00000|100%| O|  |TAMS 0x0000000082c00000| PB 0x0000000082c00000| Untracked 
|  44|0x0000000082c00000, 0x0000000082d00000, 0x0000000082d00000|100%| O|  |TAMS 0x0000000082d00000| PB 0x0000000082d00000| Untracked 
|  45|0x0000000082d00000, 0x0000000082e00000, 0x0000000082e00000|100%| O|  |TAMS 0x0000000082e00000| PB 0x0000000082e00000| Updating 
|  46|0x0000000082e00000, 0x0000000082f00000, 0x0000000082f00000|100%| O|  |TAMS 0x0000000082f00000| PB 0x0000000082f00000| Untracked 
|  47|0x0000000082f00000, 0x0000000083000000, 0x0000000083000000|100%| O|  |TAMS 0x0000000083000000| PB 0x0000000083000000| Updating 
|  48|0x0000000083000000, 0x0000000083100000, 0x0000000083100000|100%| O|  |TAMS 0x0000000083100000| PB 0x0000000083100000| Updating 
|  49|0x0000000083100000, 0x0000000083200000, 0x0000000083200000|100%| O|  |TAMS 0x0000000083200000| PB 0x0000000083200000| Updating 
|  50|0x0000000083200000, 0x0000000083300000, 0x0000000083300000|100%| O|  |TAMS 0x0000000083300000| PB 0x0000000083300000| Untracked 
|  51|0x0000000083300000, 0x0000000083400000, 0x0000000083400000|100%| O|  |TAMS 0x0000000083400000| PB 0x0000000083400000| Untracked 
|  52|0x0000000083400000, 0x0000000083500000, 0x0000000083500000|100%| O|  |TAMS 0x0000000083500000| PB 0x0000000083500000| Updating 
|  53|0x0000000083500000, 0x0000000083600000, 0x0000000083600000|100%| O|  |TAMS 0x0000000083600000| PB 0x0000000083600000| Untracked 
|  54|0x0000000083600000, 0x0000000083700000, 0x0000000083700000|100%| O|  |TAMS 0x0000000083700000| PB 0x0000000083700000| Untracked 
|  55|0x0000000083700000, 0x0000000083800000, 0x0000000083800000|100%| O|  |TAMS 0x0000000083800000| PB 0x0000000083800000| Updating 
|  56|0x0000000083800000, 0x0000000083900000, 0x0000000083900000|100%| O|  |TAMS 0x0000000083900000| PB 0x0000000083900000| Updating 
|  57|0x0000000083900000, 0x0000000083a00000, 0x0000000083a00000|100%| O|  |TAMS 0x0000000083a00000| PB 0x0000000083a00000| Updating 
|  58|0x0000000083a00000, 0x0000000083b00000, 0x0000000083b00000|100%| O|  |TAMS 0x0000000083b00000| PB 0x0000000083b00000| Untracked 
|  59|0x0000000083b00000, 0x0000000083c00000, 0x0000000083c00000|100%| O|  |TAMS 0x0000000083c00000| PB 0x0000000083c00000| Untracked 
|  60|0x0000000083c00000, 0x0000000083d00000, 0x0000000083d00000|100%| O|  |TAMS 0x0000000083d00000| PB 0x0000000083d00000| Untracked 
|  61|0x0000000083d00000, 0x0000000083e00000, 0x0000000083e00000|100%| O|  |TAMS 0x0000000083e00000| PB 0x0000000083e00000| Untracked 
|  62|0x0000000083e00000, 0x0000000083f00000, 0x0000000083f00000|100%| O|  |TAMS 0x0000000083f00000| PB 0x0000000083f00000| Untracked 
|  63|0x0000000083f00000, 0x0000000084000000, 0x0000000084000000|100%| O|  |TAMS 0x0000000084000000| PB 0x0000000084000000| Updating 
|  64|0x0000000084000000, 0x0000000084100000, 0x0000000084100000|100%| O|  |TAMS 0x0000000084100000| PB 0x0000000084100000| Untracked 
|  65|0x0000000084100000, 0x0000000084200000, 0x0000000084200000|100%| O|  |TAMS 0x0000000084200000| PB 0x0000000084200000| Untracked 
|  66|0x0000000084200000, 0x0000000084300000, 0x0000000084300000|100%| O|  |TAMS 0x0000000084300000| PB 0x0000000084300000| Updating 
|  67|0x0000000084300000, 0x0000000084400000, 0x0000000084400000|100%| O|  |TAMS 0x0000000084400000| PB 0x0000000084400000| Updating 
|  68|0x0000000084400000, 0x0000000084500000, 0x0000000084500000|100%| O|  |TAMS 0x0000000084500000| PB 0x0000000084500000| Untracked 
|  69|0x0000000084500000, 0x0000000084600000, 0x0000000084600000|100%| O|  |TAMS 0x0000000084600000| PB 0x0000000084600000| Updating 
|  70|0x0000000084600000, 0x0000000084700000, 0x0000000084700000|100%| O|  |TAMS 0x0000000084700000| PB 0x0000000084700000| Untracked 
|  71|0x0000000084700000, 0x0000000084800000, 0x0000000084800000|100%| O|  |TAMS 0x0000000084800000| PB 0x0000000084800000| Untracked 
|  72|0x0000000084800000, 0x0000000084900000, 0x0000000084900000|100%| O|  |TAMS 0x0000000084900000| PB 0x0000000084900000| Updating 
|  73|0x0000000084900000, 0x0000000084a00000, 0x0000000084a00000|100%| O|  |TAMS 0x0000000084a00000| PB 0x0000000084a00000| Untracked 
|  74|0x0000000084a00000, 0x0000000084b00000, 0x0000000084b00000|100%| O|  |TAMS 0x0000000084b00000| PB 0x0000000084b00000| Untracked 
|  75|0x0000000084b00000, 0x0000000084c00000, 0x0000000084c00000|100%| O|  |TAMS 0x0000000084c00000| PB 0x0000000084c00000| Untracked 
|  76|0x0000000084c00000, 0x0000000084d00000, 0x0000000084d00000|100%| O|  |TAMS 0x0000000084d00000| PB 0x0000000084d00000| Updating 
|  77|0x0000000084d00000, 0x0000000084e00000, 0x0000000084e00000|100%| O|  |TAMS 0x0000000084e00000| PB 0x0000000084e00000| Updating 
|  78|0x0000000084e00000, 0x0000000084f00000, 0x0000000084f00000|100%| O|  |TAMS 0x0000000084f00000| PB 0x0000000084f00000| Updating 
|  79|0x0000000084f00000, 0x0000000085000000, 0x0000000085000000|100%| O|  |TAMS 0x0000000085000000| PB 0x0000000085000000| Updating 
|  80|0x0000000085000000, 0x0000000085100000, 0x0000000085100000|100%|HS|  |TAMS 0x0000000085100000| PB 0x0000000085000000| Complete 
|  81|0x0000000085100000, 0x0000000085200000, 0x0000000085200000|100%|HS|  |TAMS 0x0000000085200000| PB 0x0000000085100000| Complete 
|  82|0x0000000085200000, 0x0000000085300000, 0x0000000085300000|100%|HS|  |TAMS 0x0000000085300000| PB 0x0000000085200000| Complete 
|  83|0x0000000085300000, 0x0000000085400000, 0x0000000085400000|100%|HC|  |TAMS 0x0000000085400000| PB 0x0000000085300000| Complete 
|  84|0x0000000085400000, 0x0000000085500000, 0x0000000085500000|100%|HS|  |TAMS 0x0000000085500000| PB 0x0000000085400000| Complete 
|  85|0x0000000085500000, 0x0000000085600000, 0x0000000085600000|100%|HC|  |TAMS 0x0000000085600000| PB 0x0000000085500000| Complete 
|  86|0x0000000085600000, 0x0000000085700000, 0x0000000085700000|100%|HS|  |TAMS 0x0000000085700000| PB 0x0000000085600000| Complete 
|  87|0x0000000085700000, 0x0000000085800000, 0x0000000085800000|100%|HC|  |TAMS 0x0000000085800000| PB 0x0000000085700000| Complete 
|  88|0x0000000085800000, 0x0000000085900000, 0x0000000085900000|100%|HC|  |TAMS 0x0000000085900000| PB 0x0000000085800000| Complete 
|  89|0x0000000085900000, 0x0000000085a00000, 0x0000000085a00000|100%|HS|  |TAMS 0x0000000085a00000| PB 0x0000000085900000| Complete 
|  90|0x0000000085a00000, 0x0000000085b00000, 0x0000000085b00000|100%|HS|  |TAMS 0x0000000085b00000| PB 0x0000000085a00000| Complete 
|  91|0x0000000085b00000, 0x0000000085c00000, 0x0000000085c00000|100%| O|  |TAMS 0x0000000085c00000| PB 0x0000000085c00000| Untracked 
|  92|0x0000000085c00000, 0x0000000085d00000, 0x0000000085d00000|100%|HS|  |TAMS 0x0000000085d00000| PB 0x0000000085c00000| Complete 
|  93|0x0000000085d00000, 0x0000000085e00000, 0x0000000085e00000|100%|HS|  |TAMS 0x0000000085e00000| PB 0x0000000085d00000| Complete 
|  94|0x0000000085e00000, 0x0000000085f00000, 0x0000000085f00000|100%| O|  |TAMS 0x0000000085f00000| PB 0x0000000085f00000| Untracked 
|  95|0x0000000085f00000, 0x0000000086000000, 0x0000000086000000|100%| O|  |TAMS 0x0000000085f00000| PB 0x0000000085f00000| Untracked 
|  96|0x0000000086000000, 0x0000000086100000, 0x0000000086100000|100%| O|  |TAMS 0x0000000086100000| PB 0x0000000086100000| Untracked 
|  97|0x0000000086100000, 0x0000000086200000, 0x0000000086200000|100%| O|  |TAMS 0x0000000086200000| PB 0x0000000086200000| Untracked 
|  98|0x0000000086200000, 0x0000000086300000, 0x0000000086300000|100%| O|  |TAMS 0x0000000086300000| PB 0x0000000086300000| Untracked 
|  99|0x0000000086300000, 0x0000000086400000, 0x0000000086400000|100%| O|  |TAMS 0x0000000086400000| PB 0x0000000086400000| Untracked 
| 100|0x0000000086400000, 0x0000000086500000, 0x0000000086500000|100%|HS|  |TAMS 0x0000000086500000| PB 0x0000000086400000| Complete 
| 101|0x0000000086500000, 0x0000000086600000, 0x0000000086600000|100%| O|  |TAMS 0x0000000086600000| PB 0x0000000086600000| Untracked 
| 102|0x0000000086600000, 0x0000000086700000, 0x0000000086700000|100%| O|  |TAMS 0x0000000086700000| PB 0x0000000086700000| Untracked 
| 103|0x0000000086700000, 0x0000000086800000, 0x0000000086800000|100%| O|  |TAMS 0x0000000086800000| PB 0x0000000086800000| Updating 
| 104|0x0000000086800000, 0x0000000086900000, 0x0000000086900000|100%|HS|  |TAMS 0x0000000086900000| PB 0x0000000086800000| Complete 
| 105|0x0000000086900000, 0x0000000086a00000, 0x0000000086a00000|100%|HC|  |TAMS 0x0000000086a00000| PB 0x0000000086900000| Complete 
| 106|0x0000000086a00000, 0x0000000086b00000, 0x0000000086b00000|100%|HC|  |TAMS 0x0000000086b00000| PB 0x0000000086a00000| Complete 
| 107|0x0000000086b00000, 0x0000000086c00000, 0x0000000086c00000|100%| O|  |TAMS 0x0000000086c00000| PB 0x0000000086c00000| Updating 
| 108|0x0000000086c00000, 0x0000000086d00000, 0x0000000086d00000|100%| O|  |TAMS 0x0000000086d00000| PB 0x0000000086d00000| Untracked 
| 109|0x0000000086d00000, 0x0000000086e00000, 0x0000000086e00000|100%| O|  |TAMS 0x0000000086e00000| PB 0x0000000086e00000| Updating 
| 110|0x0000000086e00000, 0x0000000086f00000, 0x0000000086f00000|100%| O|  |TAMS 0x0000000086f00000| PB 0x0000000086f00000| Updating 
| 111|0x0000000086f00000, 0x0000000087000000, 0x0000000087000000|100%| O|  |TAMS 0x0000000086f00000| PB 0x0000000086f00000| Untracked 
| 112|0x0000000087000000, 0x0000000087100000, 0x0000000087100000|100%| O|  |TAMS 0x0000000087000000| PB 0x0000000087000000| Untracked 
| 113|0x0000000087100000, 0x0000000087100000, 0x0000000087200000|  0%| F|  |TAMS 0x0000000087100000| PB 0x0000000087100000| Untracked 
| 114|0x0000000087200000, 0x0000000087300000, 0x0000000087300000|100%| O|  |TAMS 0x0000000087300000| PB 0x0000000087300000| Updating 
| 115|0x0000000087300000, 0x0000000087400000, 0x0000000087400000|100%| O|  |TAMS 0x0000000087400000| PB 0x0000000087400000| Updating 
| 116|0x0000000087400000, 0x0000000087500000, 0x0000000087500000|100%| O|  |TAMS 0x0000000087500000| PB 0x0000000087500000| Untracked 
| 117|0x0000000087500000, 0x0000000087600000, 0x0000000087600000|100%| O|  |TAMS 0x0000000087600000| PB 0x0000000087600000| Untracked 
| 118|0x0000000087600000, 0x0000000087700000, 0x0000000087700000|100%| O|  |TAMS 0x0000000087700000| PB 0x0000000087700000| Untracked 
| 119|0x0000000087700000, 0x0000000087800000, 0x0000000087800000|100%| O|  |TAMS 0x0000000087800000| PB 0x0000000087800000| Untracked 
| 120|0x0000000087800000, 0x0000000087900000, 0x0000000087900000|100%| O|  |TAMS 0x0000000087900000| PB 0x0000000087900000| Untracked 
| 121|0x0000000087900000, 0x0000000087a00000, 0x0000000087a00000|100%| O|  |TAMS 0x0000000087a00000| PB 0x0000000087a00000| Untracked 
| 122|0x0000000087a00000, 0x0000000087b00000, 0x0000000087b00000|100%| O|  |TAMS 0x0000000087b00000| PB 0x0000000087b00000| Untracked 
| 123|0x0000000087b00000, 0x0000000087c00000, 0x0000000087c00000|100%| O|  |TAMS 0x0000000087c00000| PB 0x0000000087c00000| Untracked 
| 124|0x0000000087c00000, 0x0000000087d00000, 0x0000000087d00000|100%| O|  |TAMS 0x0000000087d00000| PB 0x0000000087d00000| Untracked 
| 125|0x0000000087d00000, 0x0000000087e00000, 0x0000000087e00000|100%| O|  |TAMS 0x0000000087e00000| PB 0x0000000087e00000| Untracked 
| 126|0x0000000087e00000, 0x0000000087f00000, 0x0000000087f00000|100%| O|  |TAMS 0x0000000087f00000| PB 0x0000000087f00000| Untracked 
| 127|0x0000000087f00000, 0x0000000088000000, 0x0000000088000000|100%| O|  |TAMS 0x0000000088000000| PB 0x0000000088000000| Updating 
| 128|0x0000000088000000, 0x0000000088100000, 0x0000000088100000|100%| O|  |TAMS 0x0000000088100000| PB 0x0000000088100000| Updating 
| 129|0x0000000088100000, 0x0000000088100000, 0x0000000088200000|  0%| F|  |TAMS 0x0000000088100000| PB 0x0000000088100000| Untracked 
| 130|0x0000000088200000, 0x0000000088300000, 0x0000000088300000|100%| O|  |TAMS 0x0000000088300000| PB 0x0000000088300000| Updating 
| 131|0x0000000088300000, 0x0000000088400000, 0x0000000088400000|100%| O|  |TAMS 0x0000000088400000| PB 0x0000000088400000| Updating 
| 132|0x0000000088400000, 0x0000000088500000, 0x0000000088500000|100%| O|  |TAMS 0x0000000088500000| PB 0x0000000088500000| Untracked 
| 133|0x0000000088500000, 0x0000000088600000, 0x0000000088600000|100%| O|  |TAMS 0x0000000088600000| PB 0x0000000088600000| Untracked 
| 134|0x0000000088600000, 0x0000000088700000, 0x0000000088700000|100%| O|  |TAMS 0x00000000886eb680| PB 0x00000000886eb680| Updating 
| 135|0x0000000088700000, 0x0000000088700000, 0x0000000088800000|  0%| F|  |TAMS 0x0000000088700000| PB 0x0000000088700000| Untracked 
| 136|0x0000000088800000, 0x0000000088800000, 0x0000000088900000|  0%| F|  |TAMS 0x0000000088800000| PB 0x0000000088800000| Untracked 
| 137|0x0000000088900000, 0x0000000088900000, 0x0000000088a00000|  0%| F|  |TAMS 0x0000000088900000| PB 0x0000000088900000| Untracked 
| 138|0x0000000088a00000, 0x0000000088a00000, 0x0000000088b00000|  0%| F|  |TAMS 0x0000000088a00000| PB 0x0000000088a00000| Untracked 
| 139|0x0000000088b00000, 0x0000000088b00000, 0x0000000088c00000|  0%| F|  |TAMS 0x0000000088b00000| PB 0x0000000088b00000| Untracked 
| 140|0x0000000088c00000, 0x0000000088c00000, 0x0000000088d00000|  0%| F|  |TAMS 0x0000000088c00000| PB 0x0000000088c00000| Untracked 
| 141|0x0000000088d00000, 0x0000000088d00000, 0x0000000088e00000|  0%| F|  |TAMS 0x0000000088d00000| PB 0x0000000088d00000| Untracked 
| 142|0x0000000088e00000, 0x0000000088e00000, 0x0000000088f00000|  0%| F|  |TAMS 0x0000000088e00000| PB 0x0000000088e00000| Untracked 
| 143|0x0000000088f00000, 0x0000000088f00000, 0x0000000089000000|  0%| F|  |TAMS 0x0000000088f00000| PB 0x0000000088f00000| Untracked 
| 144|0x0000000089000000, 0x0000000089000000, 0x0000000089100000|  0%| F|  |TAMS 0x0000000089000000| PB 0x0000000089000000| Untracked 
| 145|0x0000000089100000, 0x0000000089100000, 0x0000000089200000|  0%| F|  |TAMS 0x0000000089100000| PB 0x0000000089100000| Untracked 
| 146|0x0000000089200000, 0x0000000089200000, 0x0000000089300000|  0%| F|  |TAMS 0x0000000089200000| PB 0x0000000089200000| Untracked 
| 147|0x0000000089300000, 0x0000000089300000, 0x0000000089400000|  0%| F|  |TAMS 0x0000000089300000| PB 0x0000000089300000| Untracked 
| 148|0x0000000089400000, 0x0000000089400000, 0x0000000089500000|  0%| F|  |TAMS 0x0000000089400000| PB 0x0000000089400000| Untracked 
| 149|0x0000000089500000, 0x0000000089500000, 0x0000000089600000|  0%| F|  |TAMS 0x0000000089500000| PB 0x0000000089500000| Untracked 
| 150|0x0000000089600000, 0x0000000089600000, 0x0000000089700000|  0%| F|  |TAMS 0x0000000089600000| PB 0x0000000089600000| Untracked 
| 151|0x0000000089700000, 0x0000000089800000, 0x0000000089800000|100%| S|CS|TAMS 0x0000000089700000| PB 0x0000000089700000| Complete 
| 152|0x0000000089800000, 0x0000000089900000, 0x0000000089900000|100%| S|CS|TAMS 0x0000000089800000| PB 0x0000000089800000| Complete 
| 153|0x0000000089900000, 0x0000000089a00000, 0x0000000089a00000|100%| S|CS|TAMS 0x0000000089900000| PB 0x0000000089900000| Complete 
| 154|0x0000000089a00000, 0x0000000089b00000, 0x0000000089b00000|100%| S|CS|TAMS 0x0000000089a00000| PB 0x0000000089a00000| Complete 
| 155|0x0000000089b00000, 0x0000000089c00000, 0x0000000089c00000|100%| S|CS|TAMS 0x0000000089b00000| PB 0x0000000089b00000| Complete 
| 156|0x0000000089c00000, 0x0000000089d00000, 0x0000000089d00000|100%| S|CS|TAMS 0x0000000089c00000| PB 0x0000000089c00000| Complete 
| 157|0x0000000089d00000, 0x0000000089e00000, 0x0000000089e00000|100%| S|CS|TAMS 0x0000000089d00000| PB 0x0000000089d00000| Complete 
| 158|0x0000000089e00000, 0x0000000089f00000, 0x0000000089f00000|100%| S|CS|TAMS 0x0000000089e00000| PB 0x0000000089e00000| Complete 
| 159|0x0000000089f00000, 0x0000000089f00000, 0x000000008a000000|  0%| F|  |TAMS 0x0000000089f00000| PB 0x0000000089f00000| Untracked 
| 160|0x000000008a000000, 0x000000008a000000, 0x000000008a100000|  0%| F|  |TAMS 0x000000008a000000| PB 0x000000008a000000| Untracked 
| 161|0x000000008a100000, 0x000000008a100000, 0x000000008a200000|  0%| F|  |TAMS 0x000000008a100000| PB 0x000000008a100000| Untracked 
| 162|0x000000008a200000, 0x000000008a200000, 0x000000008a300000|  0%| F|  |TAMS 0x000000008a200000| PB 0x000000008a200000| Untracked 
| 163|0x000000008a300000, 0x000000008a300000, 0x000000008a400000|  0%| F|  |TAMS 0x000000008a300000| PB 0x000000008a300000| Untracked 
| 164|0x000000008a400000, 0x000000008a400000, 0x000000008a500000|  0%| F|  |TAMS 0x000000008a400000| PB 0x000000008a400000| Untracked 
| 165|0x000000008a500000, 0x000000008a500000, 0x000000008a600000|  0%| F|  |TAMS 0x000000008a500000| PB 0x000000008a500000| Untracked 
| 166|0x000000008a600000, 0x000000008a600000, 0x000000008a700000|  0%| F|  |TAMS 0x000000008a600000| PB 0x000000008a600000| Untracked 
| 167|0x000000008a700000, 0x000000008a700000, 0x000000008a800000|  0%| F|  |TAMS 0x000000008a700000| PB 0x000000008a700000| Untracked 
| 168|0x000000008a800000, 0x000000008a800000, 0x000000008a900000|  0%| F|  |TAMS 0x000000008a800000| PB 0x000000008a800000| Untracked 
| 169|0x000000008a900000, 0x000000008a900000, 0x000000008aa00000|  0%| F|  |TAMS 0x000000008a900000| PB 0x000000008a900000| Untracked 
| 170|0x000000008aa00000, 0x000000008aa00000, 0x000000008ab00000|  0%| F|  |TAMS 0x000000008aa00000| PB 0x000000008aa00000| Untracked 
| 171|0x000000008ab00000, 0x000000008ab00000, 0x000000008ac00000|  0%| F|  |TAMS 0x000000008ab00000| PB 0x000000008ab00000| Untracked 
| 172|0x000000008ac00000, 0x000000008ac00000, 0x000000008ad00000|  0%| F|  |TAMS 0x000000008ac00000| PB 0x000000008ac00000| Untracked 
| 173|0x000000008ad00000, 0x000000008ad00000, 0x000000008ae00000|  0%| F|  |TAMS 0x000000008ad00000| PB 0x000000008ad00000| Untracked 
| 174|0x000000008ae00000, 0x000000008ae00000, 0x000000008af00000|  0%| F|  |TAMS 0x000000008ae00000| PB 0x000000008ae00000| Untracked 
| 175|0x000000008af00000, 0x000000008af00000, 0x000000008b000000|  0%| F|  |TAMS 0x000000008af00000| PB 0x000000008af00000| Untracked 
| 176|0x000000008b000000, 0x000000008b000000, 0x000000008b100000|  0%| F|  |TAMS 0x000000008b000000| PB 0x000000008b000000| Untracked 
| 177|0x000000008b100000, 0x000000008b100000, 0x000000008b200000|  0%| F|  |TAMS 0x000000008b100000| PB 0x000000008b100000| Untracked 
| 178|0x000000008b200000, 0x000000008b200000, 0x000000008b300000|  0%| F|  |TAMS 0x000000008b200000| PB 0x000000008b200000| Untracked 
| 179|0x000000008b300000, 0x000000008b300000, 0x000000008b400000|  0%| F|  |TAMS 0x000000008b300000| PB 0x000000008b300000| Untracked 
| 180|0x000000008b400000, 0x000000008b400000, 0x000000008b500000|  0%| F|  |TAMS 0x000000008b400000| PB 0x000000008b400000| Untracked 
| 181|0x000000008b500000, 0x000000008b500000, 0x000000008b600000|  0%| F|  |TAMS 0x000000008b500000| PB 0x000000008b500000| Untracked 
| 182|0x000000008b600000, 0x000000008b600000, 0x000000008b700000|  0%| F|  |TAMS 0x000000008b600000| PB 0x000000008b600000| Untracked 
| 183|0x000000008b700000, 0x000000008b700000, 0x000000008b800000|  0%| F|  |TAMS 0x000000008b700000| PB 0x000000008b700000| Untracked 
| 184|0x000000008b800000, 0x000000008b800000, 0x000000008b900000|  0%| F|  |TAMS 0x000000008b800000| PB 0x000000008b800000| Untracked 
| 185|0x000000008b900000, 0x000000008b900000, 0x000000008ba00000|  0%| F|  |TAMS 0x000000008b900000| PB 0x000000008b900000| Untracked 
| 186|0x000000008ba00000, 0x000000008ba00000, 0x000000008bb00000|  0%| F|  |TAMS 0x000000008ba00000| PB 0x000000008ba00000| Untracked 
| 187|0x000000008bb00000, 0x000000008bb00000, 0x000000008bc00000|  0%| F|  |TAMS 0x000000008bb00000| PB 0x000000008bb00000| Untracked 
| 188|0x000000008bc00000, 0x000000008bc00000, 0x000000008bd00000|  0%| F|  |TAMS 0x000000008bc00000| PB 0x000000008bc00000| Untracked 
| 189|0x000000008bd00000, 0x000000008bd00000, 0x000000008be00000|  0%| F|  |TAMS 0x000000008bd00000| PB 0x000000008bd00000| Untracked 
| 190|0x000000008be00000, 0x000000008be00000, 0x000000008bf00000|  0%| F|  |TAMS 0x000000008be00000| PB 0x000000008be00000| Untracked 
| 191|0x000000008bf00000, 0x000000008bf00000, 0x000000008c000000|  0%| F|  |TAMS 0x000000008bf00000| PB 0x000000008bf00000| Untracked 
| 192|0x000000008c000000, 0x000000008c000000, 0x000000008c100000|  0%| F|  |TAMS 0x000000008c000000| PB 0x000000008c000000| Untracked 
| 193|0x000000008c100000, 0x000000008c100000, 0x000000008c200000|  0%| F|  |TAMS 0x000000008c100000| PB 0x000000008c100000| Untracked 
| 194|0x000000008c200000, 0x000000008c200000, 0x000000008c300000|  0%| F|  |TAMS 0x000000008c200000| PB 0x000000008c200000| Untracked 
| 195|0x000000008c300000, 0x000000008c300000, 0x000000008c400000|  0%| F|  |TAMS 0x000000008c300000| PB 0x000000008c300000| Untracked 
| 196|0x000000008c400000, 0x000000008c400000, 0x000000008c500000|  0%| F|  |TAMS 0x000000008c400000| PB 0x000000008c400000| Untracked 
| 197|0x000000008c500000, 0x000000008c500000, 0x000000008c600000|  0%| F|  |TAMS 0x000000008c500000| PB 0x000000008c500000| Untracked 
| 198|0x000000008c600000, 0x000000008c600000, 0x000000008c700000|  0%| F|  |TAMS 0x000000008c600000| PB 0x000000008c600000| Untracked 
| 199|0x000000008c700000, 0x000000008c700000, 0x000000008c800000|  0%| F|  |TAMS 0x000000008c700000| PB 0x000000008c700000| Untracked 
| 200|0x000000008c800000, 0x000000008c800000, 0x000000008c900000|  0%| F|  |TAMS 0x000000008c800000| PB 0x000000008c800000| Untracked 
| 201|0x000000008c900000, 0x000000008c900000, 0x000000008ca00000|  0%| F|  |TAMS 0x000000008c900000| PB 0x000000008c900000| Untracked 
| 202|0x000000008ca00000, 0x000000008ca00000, 0x000000008cb00000|  0%| F|  |TAMS 0x000000008ca00000| PB 0x000000008ca00000| Untracked 
| 203|0x000000008cb00000, 0x000000008cb00000, 0x000000008cc00000|  0%| F|  |TAMS 0x000000008cb00000| PB 0x000000008cb00000| Untracked 
| 204|0x000000008cc00000, 0x000000008cc00000, 0x000000008cd00000|  0%| F|  |TAMS 0x000000008cc00000| PB 0x000000008cc00000| Untracked 
| 205|0x000000008cd00000, 0x000000008cd00000, 0x000000008ce00000|  0%| F|  |TAMS 0x000000008cd00000| PB 0x000000008cd00000| Untracked 
| 206|0x000000008ce00000, 0x000000008ce00000, 0x000000008cf00000|  0%| F|  |TAMS 0x000000008ce00000| PB 0x000000008ce00000| Untracked 
| 207|0x000000008cf00000, 0x000000008cf00000, 0x000000008d000000|  0%| F|  |TAMS 0x000000008cf00000| PB 0x000000008cf00000| Untracked 
| 208|0x000000008d000000, 0x000000008d000000, 0x000000008d100000|  0%| F|  |TAMS 0x000000008d000000| PB 0x000000008d000000| Untracked 
| 209|0x000000008d100000, 0x000000008d100000, 0x000000008d200000|  0%| F|  |TAMS 0x000000008d100000| PB 0x000000008d100000| Untracked 
| 210|0x000000008d200000, 0x000000008d200000, 0x000000008d300000|  0%| F|  |TAMS 0x000000008d200000| PB 0x000000008d200000| Untracked 
| 211|0x000000008d300000, 0x000000008d300000, 0x000000008d400000|  0%| F|  |TAMS 0x000000008d300000| PB 0x000000008d300000| Untracked 
| 212|0x000000008d400000, 0x000000008d400000, 0x000000008d500000|  0%| F|  |TAMS 0x000000008d400000| PB 0x000000008d400000| Untracked 
| 213|0x000000008d500000, 0x000000008d500000, 0x000000008d600000|  0%| F|  |TAMS 0x000000008d500000| PB 0x000000008d500000| Untracked 
| 214|0x000000008d600000, 0x000000008d600000, 0x000000008d700000|  0%| F|  |TAMS 0x000000008d600000| PB 0x000000008d600000| Untracked 
| 215|0x000000008d700000, 0x000000008d700000, 0x000000008d800000|  0%| F|  |TAMS 0x000000008d700000| PB 0x000000008d700000| Untracked 
| 216|0x000000008d800000, 0x000000008d800000, 0x000000008d900000|  0%| F|  |TAMS 0x000000008d800000| PB 0x000000008d800000| Untracked 
| 217|0x000000008d900000, 0x000000008d900000, 0x000000008da00000|  0%| F|  |TAMS 0x000000008d900000| PB 0x000000008d900000| Untracked 
| 218|0x000000008da00000, 0x000000008da00000, 0x000000008db00000|  0%| F|  |TAMS 0x000000008da00000| PB 0x000000008da00000| Untracked 
| 219|0x000000008db00000, 0x000000008db00000, 0x000000008dc00000|  0%| F|  |TAMS 0x000000008db00000| PB 0x000000008db00000| Untracked 
| 220|0x000000008dc00000, 0x000000008dc00000, 0x000000008dd00000|  0%| F|  |TAMS 0x000000008dc00000| PB 0x000000008dc00000| Untracked 
| 221|0x000000008dd00000, 0x000000008dd00000, 0x000000008de00000|  0%| F|  |TAMS 0x000000008dd00000| PB 0x000000008dd00000| Untracked 
| 222|0x000000008de00000, 0x000000008de00000, 0x000000008df00000|  0%| F|  |TAMS 0x000000008de00000| PB 0x000000008de00000| Untracked 
| 223|0x000000008df00000, 0x000000008df00000, 0x000000008e000000|  0%| F|  |TAMS 0x000000008df00000| PB 0x000000008df00000| Untracked 
| 224|0x000000008e000000, 0x000000008e000000, 0x000000008e100000|  0%| F|  |TAMS 0x000000008e000000| PB 0x000000008e000000| Untracked 
|2036|0x00000000ff400000, 0x00000000ff400000, 0x00000000ff500000|  0%| F|  |TAMS 0x00000000ff400000| PB 0x00000000ff400000| Untracked 
|2037|0x00000000ff500000, 0x00000000ff500000, 0x00000000ff600000|  0%| F|  |TAMS 0x00000000ff500000| PB 0x00000000ff500000| Untracked 
|2038|0x00000000ff600000, 0x00000000ff700000, 0x00000000ff700000|100%| O|  |TAMS 0x00000000ff700000| PB 0x00000000ff700000| Updating 
|2039|0x00000000ff700000, 0x00000000ff800000, 0x00000000ff800000|100%| O|  |TAMS 0x00000000ff800000| PB 0x00000000ff800000| Untracked 
|2040|0x00000000ff800000, 0x00000000ff800000, 0x00000000ff900000|  0%| F|  |TAMS 0x00000000ff800000| PB 0x00000000ff800000| Untracked 
|2041|0x00000000ff900000, 0x00000000ffa00000, 0x00000000ffa00000|100%| O|  |TAMS 0x00000000ffa00000| PB 0x00000000ffa00000| Updating 
|2042|0x00000000ffa00000, 0x00000000ffa00000, 0x00000000ffb00000|  0%| F|  |TAMS 0x00000000ffa00000| PB 0x00000000ffa00000| Untracked 
|2043|0x00000000ffb00000, 0x00000000ffb00000, 0x00000000ffc00000|  0%| F|  |TAMS 0x00000000ffb00000| PB 0x00000000ffb00000| Untracked 
|2044|0x00000000ffc00000, 0x00000000ffc00000, 0x00000000ffd00000|  0%| F|  |TAMS 0x00000000ffc00000| PB 0x00000000ffc00000| Untracked 
|2045|0x00000000ffd00000, 0x00000000ffe00000, 0x00000000ffe00000|100%| O|  |TAMS 0x00000000ffe00000| PB 0x00000000ffe00000| Updating 
|2046|0x00000000ffe00000, 0x00000000ffe00000, 0x00000000fff00000|  0%| F|  |TAMS 0x00000000ffe00000| PB 0x00000000ffe00000| Untracked 
|2047|0x00000000fff00000, 0x00000000fffb8ec0, 0x0000000100000000| 72%| E|  |TAMS 0x00000000fff00000| PB 0x00000000fff00000| Complete 

Card table byte_map: [0x0000018db6f10000,0x0000018db7310000] _byte_map_base: 0x0000018db6b10000

Marking Bits: (CMBitMap*) 0x0000018d9f1b5190
 Bits: [0x0000018db7310000, 0x0000018db9310000)

Polling page: 0x0000018d9ce60000

Metaspace:

Usage:
  Non-class:     89.82 MB used.
      Class:     14.26 MB used.
       Both:    104.07 MB used.

Virtual space:
  Non-class space:      128.00 MB reserved,      91.06 MB ( 71%) committed,  2 nodes.
      Class space:        1.00 GB reserved,      15.50 MB (  2%) committed,  1 nodes.
             Both:        1.12 GB reserved,     106.56 MB (  9%) committed. 

Chunk freelists:
   Non-Class:  4.47 MB
       Class:  432.00 KB
        Both:  4.89 MB

MaxMetaspaceSize: unlimited
CompressedClassSpaceSize: 1.00 GB
Initial GC threshold: 21.00 MB
Current GC threshold: 175.75 MB
CDS: on
 - commit_granule_bytes: 65536.
 - commit_granule_words: 8192.
 - virtual_space_node_default_size: 8388608.
 - enlarge_chunks_in_place: 1.
 - use_allocation_guard: 0.


Internal statistics:

num_allocs_failed_limit: 6.
num_arena_births: 4486.
num_arena_deaths: 0.
num_vsnodes_births: 3.
num_vsnodes_deaths: 0.
num_space_committed: 1704.
num_space_uncommitted: 0.
num_chunks_returned_to_freelist: 6.
num_chunks_taken_from_freelist: 9443.
num_chunk_merges: 6.
num_chunk_splits: 6228.
num_chunks_enlarged: 3880.
num_inconsistent_stats: 0.

CodeHeap 'non-profiled nmethods': size=120000Kb used=6791Kb max_used=6923Kb free=113208Kb
 bounds [0x0000018daf090000, 0x0000018daf760000, 0x0000018db65c0000]
CodeHeap 'profiled nmethods': size=120000Kb used=20258Kb max_used=20492Kb free=99741Kb
 bounds [0x0000018da75c0000, 0x0000018da89d0000, 0x0000018daeaf0000]
CodeHeap 'non-nmethods': size=5760Kb used=2914Kb max_used=2948Kb free=2845Kb
 bounds [0x0000018daeaf0000, 0x0000018daede0000, 0x0000018daf090000]
 total_blobs=11939 nmethods=10934 adapters=909
 compilation: enabled
              stopped_count=0, restarted_count=0
 full_count=0

Compilation events (20 events):
Event: 192.362 Thread 0x0000018dbbf7ea40 13181       3       java.util.TreeSet::<init> (13 bytes)
Event: 192.363 Thread 0x0000018dbbf7ea40 nmethod 13181 0x0000018da89c7310 code [0x0000018da89c74e0, 0x0000018da89c7998]
Event: 192.364 Thread 0x0000018dbbf7ea40 13182       1       org.gradle.api.internal.artifacts.ivyservice.resolveengine.artifact.ParallelResolveArtifactSet$VisitingSet::access$100 (5 bytes)
Event: 192.364 Thread 0x0000018dbbf7ea40 nmethod 13182 0x0000018daf752290 code [0x0000018daf752420, 0x0000018daf7524d0]
Event: 192.365 Thread 0x0000018dbbf7ea40 13183       1       org.gradle.api.internal.artifacts.ivyservice.ArtifactCollectingVisitor::getArtifacts (5 bytes)
Event: 192.365 Thread 0x0000018dbbf7ea40 nmethod 13183 0x0000018daf752590 code [0x0000018daf752720, 0x0000018daf7527e8]
Event: 192.365 Thread 0x0000018dbbf7ea40 13184       1       org.gradle.api.internal.artifacts.DefaultResolvableArtifact::toPublicView (5 bytes)
Event: 192.365 Thread 0x0000018dbbf7ea40 nmethod 13184 0x0000018daf752890 code [0x0000018daf752a20, 0x0000018daf752ae8]
Event: 192.365 Thread 0x0000018dbbf7ea40 13185       3       org.gradle.api.internal.artifacts.DefaultResolvedArtifact::getName (10 bytes)
Event: 192.366 Thread 0x0000018dbbf7ea40 nmethod 13185 0x0000018da89c7b90 code [0x0000018da89c7d40, 0x0000018da89c7ec0]
Event: 192.366 Thread 0x0000018dbbf7ea40 13186       3       org.gradle.api.internal.artifacts.DefaultResolvedArtifact::getClassifier (10 bytes)
Event: 192.366 Thread 0x0000018dbbf7ea40 nmethod 13186 0x0000018da89c7f90 code [0x0000018da89c8140, 0x0000018da89c82c0]
Event: 192.463 Thread 0x0000018dbbf7ea40 13187       3       org.gradle.internal.resource.ExternalResourceName::isUpperCaseChar (18 bytes)
Event: 192.463 Thread 0x0000018dbbf7ea40 nmethod 13187 0x0000018da7ddf390 code [0x0000018da7ddf520, 0x0000018da7ddf698]
Event: 192.463 Thread 0x0000018dbbf7ea40 13188       3       org.gradle.internal.resource.ExternalResourceName::isDigit (18 bytes)
Event: 192.463 Thread 0x0000018dbbf7ea40 nmethod 13188 0x0000018da7e9c590 code [0x0000018da7e9c720, 0x0000018da7e9c898]
Event: 192.635 Thread 0x0000018dbbf7ea40 13189       3       java.util.BitSet::set (58 bytes)
Event: 192.636 Thread 0x0000018dbbf7ea40 nmethod 13189 0x0000018da89c8390 code [0x0000018da89c8600, 0x0000018da89c8e20]
Event: 192.637 Thread 0x0000018dbbf7ea40 13190       1       org.apache.http.message.ParserCursor::getPos (5 bytes)
Event: 192.638 Thread 0x0000018dbbf7ea40 nmethod 13190 0x0000018daf752b90 code [0x0000018daf752d20, 0x0000018daf752de8]

GC Heap History (20 events):
Event: 128.207 GC heap before
{Heap before GC invocations=36 (full 0):
 garbage-first heap   total 203776K, used 175909K [0x0000000080000000, 0x0000000100000000)
  region size 1024K, 59 young (60416K), 9 survivors (9216K)
 Metaspace       used 89593K, committed 91840K, reserved 1179648K
  class space    used 12276K, committed 13376K, reserved 1048576K
}
Event: 128.219 GC heap after
{Heap after GC invocations=37 (full 0):
 garbage-first heap   total 203776K, used 128113K [0x0000000080000000, 0x0000000100000000)
  region size 1024K, 3 young (3072K), 3 survivors (3072K)
 Metaspace       used 89593K, committed 91840K, reserved 1179648K
  class space    used 12276K, committed 13376K, reserved 1048576K
}
Event: 132.110 GC heap before
{Heap before GC invocations=38 (full 0):
 garbage-first heap   total 219136K, used 188529K [0x0000000080000000, 0x0000000100000000)
  region size 1024K, 61 young (62464K), 3 survivors (3072K)
 Metaspace       used 94043K, committed 96384K, reserved 1179648K
  class space    used 13043K, committed 14208K, reserved 1048576K
}
Event: 132.115 GC heap after
{Heap after GC invocations=39 (full 0):
 garbage-first heap   total 219136K, used 129564K [0x0000000080000000, 0x0000000100000000)
  region size 1024K, 4 young (4096K), 4 survivors (4096K)
 Metaspace       used 94043K, committed 96384K, reserved 1179648K
  class space    used 13043K, committed 14208K, reserved 1048576K
}
Event: 149.997 GC heap before
{Heap before GC invocations=39 (full 0):
 garbage-first heap   total 219136K, used 202268K [0x0000000080000000, 0x0000000100000000)
  region size 1024K, 75 young (76800K), 4 survivors (4096K)
 Metaspace       used 98554K, committed 100992K, reserved 1179648K
  class space    used 13703K, committed 14912K, reserved 1048576K
}
Event: 150.010 GC heap after
{Heap after GC invocations=40 (full 0):
 garbage-first heap   total 219136K, used 130667K [0x0000000080000000, 0x0000000100000000)
  region size 1024K, 7 young (7168K), 7 survivors (7168K)
 Metaspace       used 98554K, committed 100992K, reserved 1179648K
  class space    used 13703K, committed 14912K, reserved 1048576K
}
Event: 153.871 GC heap before
{Heap before GC invocations=40 (full 0):
 garbage-first heap   total 219136K, used 151147K [0x0000000080000000, 0x0000000100000000)
  region size 1024K, 29 young (29696K), 7 survivors (7168K)
 Metaspace       used 99973K, committed 102400K, reserved 1179648K
  class space    used 13800K, committed 15040K, reserved 1048576K
}
Event: 153.885 GC heap after
{Heap after GC invocations=41 (full 0):
 garbage-first heap   total 219136K, used 135442K [0x0000000080000000, 0x0000000100000000)
  region size 1024K, 10 young (10240K), 10 survivors (10240K)
 Metaspace       used 99973K, committed 102400K, reserved 1179648K
  class space    used 13800K, committed 15040K, reserved 1048576K
}
Event: 165.683 GC heap before
{Heap before GC invocations=42 (full 0):
 garbage-first heap   total 234496K, used 199954K [0x0000000080000000, 0x0000000100000000)
  region size 1024K, 69 young (70656K), 10 survivors (10240K)
 Metaspace       used 105485K, committed 107968K, reserved 1179648K
  class space    used 14495K, committed 15744K, reserved 1048576K
}
Event: 165.703 GC heap after
{Heap after GC invocations=43 (full 0):
 garbage-first heap   total 234496K, used 140517K [0x0000000080000000, 0x0000000100000000)
  region size 1024K, 9 young (9216K), 9 survivors (9216K)
 Metaspace       used 105485K, committed 107968K, reserved 1179648K
  class space    used 14495K, committed 15744K, reserved 1048576K
}
Event: 168.765 GC heap before
{Heap before GC invocations=43 (full 0):
 garbage-first heap   total 234496K, used 212197K [0x0000000080000000, 0x0000000100000000)
  region size 1024K, 79 young (80896K), 9 survivors (9216K)
 Metaspace       used 105485K, committed 107968K, reserved 1179648K
  class space    used 14495K, committed 15744K, reserved 1048576K
}
Event: 168.783 GC heap after
{Heap after GC invocations=44 (full 0):
 garbage-first heap   total 234496K, used 141154K [0x0000000080000000, 0x0000000100000000)
  region size 1024K, 7 young (7168K), 7 survivors (7168K)
 Metaspace       used 105485K, committed 107968K, reserved 1179648K
  class space    used 14495K, committed 15744K, reserved 1048576K
}
Event: 173.947 GC heap before
{Heap before GC invocations=44 (full 0):
 garbage-first heap   total 234496K, used 214882K [0x0000000080000000, 0x0000000100000000)
  region size 1024K, 79 young (80896K), 7 survivors (7168K)
 Metaspace       used 105485K, committed 107968K, reserved 1179648K
  class space    used 14495K, committed 15744K, reserved 1048576K
}
Event: 173.961 GC heap after
{Heap after GC invocations=45 (full 0):
 garbage-first heap   total 234496K, used 143310K [0x0000000080000000, 0x0000000100000000)
  region size 1024K, 6 young (6144K), 6 survivors (6144K)
 Metaspace       used 105485K, committed 107968K, reserved 1179648K
  class space    used 14495K, committed 15744K, reserved 1048576K
}
Event: 180.059 GC heap before
{Heap before GC invocations=46 (full 0):
 garbage-first heap   total 242688K, used 213966K [0x0000000080000000, 0x0000000100000000)
  region size 1024K, 75 young (76800K), 6 survivors (6144K)
 Metaspace       used 105486K, committed 107968K, reserved 1179648K
  class space    used 14495K, committed 15744K, reserved 1048576K
}
Event: 180.070 GC heap after
{Heap after GC invocations=47 (full 0):
 garbage-first heap   total 242688K, used 144902K [0x0000000080000000, 0x0000000100000000)
  region size 1024K, 6 young (6144K), 6 survivors (6144K)
 Metaspace       used 105486K, committed 107968K, reserved 1179648K
  class space    used 14495K, committed 15744K, reserved 1048576K
}
Event: 184.416 GC heap before
{Heap before GC invocations=47 (full 0):
 garbage-first heap   total 242688K, used 222726K [0x0000000080000000, 0x0000000100000000)
  region size 1024K, 82 young (83968K), 6 survivors (6144K)
 Metaspace       used 105487K, committed 107968K, reserved 1179648K
  class space    used 14495K, committed 15744K, reserved 1048576K
}
Event: 184.434 GC heap after
{Heap after GC invocations=48 (full 0):
 garbage-first heap   total 242688K, used 145156K [0x0000000080000000, 0x0000000100000000)
  region size 1024K, 8 young (8192K), 8 survivors (8192K)
 Metaspace       used 105487K, committed 107968K, reserved 1179648K
  class space    used 14495K, committed 15744K, reserved 1048576K
}
Event: 192.738 GC heap before
{Heap before GC invocations=48 (full 0):
 garbage-first heap   total 242688K, used 219908K [0x0000000080000000, 0x0000000100000000)
  region size 1024K, 82 young (83968K), 8 survivors (8192K)
 Metaspace       used 106266K, committed 108800K, reserved 1179648K
  class space    used 14577K, committed 15872K, reserved 1048576K
}
Event: 192.754 GC heap after
{Heap after GC invocations=49 (full 0):
 garbage-first heap   total 242688K, used 148480K [0x0000000080000000, 0x0000000100000000)
  region size 1024K, 8 young (8192K), 8 survivors (8192K)
 Metaspace       used 106266K, committed 108800K, reserved 1179648K
  class space    used 14577K, committed 15872K, reserved 1048576K
}

Dll operation events (15 events):
Event: 0.068 Loaded shared library C:\Program Files\Java\jdk-21\bin\java.dll
Event: 0.433 Loaded shared library C:\Program Files\Java\jdk-21\bin\jsvml.dll
Event: 0.528 Loaded shared library C:\Program Files\Java\jdk-21\bin\zip.dll
Event: 0.542 Loaded shared library C:\Program Files\Java\jdk-21\bin\instrument.dll
Event: 0.563 Loaded shared library C:\Program Files\Java\jdk-21\bin\net.dll
Event: 0.581 Loaded shared library C:\Program Files\Java\jdk-21\bin\nio.dll
Event: 0.594 Loaded shared library C:\Program Files\Java\jdk-21\bin\zip.dll
Event: 2.642 Loaded shared library C:\Program Files\Java\jdk-21\bin\jimage.dll
Event: 8.766 Loaded shared library C:\Program Files\Java\jdk-21\bin\verify.dll
Event: 10.354 Loaded shared library C:\Users\Apoorv Rathore\.gradle\native\1def1411415f61bf3af743bc5b6707747c0891f09f0c88961ee8f79bc544acac\windows-amd64\native-platform.dll
Event: 10.482 Loaded shared library C:\Users\Apoorv Rathore\.gradle\native\0.2.7\x86_64-windows-gnu\gradle-fileevents.dll
Event: 19.079 Loaded shared library C:\Program Files\Java\jdk-21\bin\management.dll
Event: 19.106 Loaded shared library C:\Program Files\Java\jdk-21\bin\management_ext.dll
Event: 19.870 Loaded shared library C:\Program Files\Java\jdk-21\bin\extnet.dll
Event: 21.500 Loaded shared library C:\Program Files\Java\jdk-21\bin\sunmscapi.dll

Deoptimization events (20 events):
Event: 192.300 Thread 0x0000018dfeb2c310 Uncommon trap: trap_request=0xffffff45 fr.pc=0x0000018daf4a962c relative=0x000000000000084c
Event: 192.300 Thread 0x0000018dfeb2c310 Uncommon trap: reason=unstable_if action=reinterpret pc=0x0000018daf4a962c method=com.google.common.cache.LocalCache$Segment.recordWrite(Lcom/google/common/cache/ReferenceEntry;IJ)V @ 22 c2
Event: 192.300 Thread 0x0000018dfeb2c310 DEOPT PACKING pc=0x0000018daf4a962c sp=0x0000000a982f8f50
Event: 192.300 Thread 0x0000018dfeb2c310 DEOPT UNPACKING pc=0x0000018daeb446a2 sp=0x0000000a982f8eb8 mode 2
Event: 192.783 Thread 0x0000018dfeb2c310 Uncommon trap: trap_request=0xffffff45 fr.pc=0x0000018daf38b4b4 relative=0x00000000000002f4
Event: 192.783 Thread 0x0000018dfeb2c310 Uncommon trap: reason=unstable_if action=reinterpret pc=0x0000018daf38b4b4 method=sun.invoke.util.VerifyAccess.isTypeVisible(Ljava/lang/Class;Ljava/lang/Class;)Z @ 77 c2
Event: 192.783 Thread 0x0000018dfeb2c310 DEOPT PACKING pc=0x0000018daf38b4b4 sp=0x0000000a982f5f50
Event: 192.784 Thread 0x0000018dfeb2c310 DEOPT UNPACKING pc=0x0000018daeb446a2 sp=0x0000000a982f5d90 mode 2
Event: 192.884 Thread 0x0000018dfeb2c310 Uncommon trap: trap_request=0xffffff45 fr.pc=0x0000018daf1b51ec relative=0x00000000000000cc
Event: 192.884 Thread 0x0000018dfeb2c310 Uncommon trap: reason=unstable_if action=reinterpret pc=0x0000018daf1b51ec method=java.lang.ref.SoftReference.get()Ljava/lang/Object; @ 6 c2
Event: 192.885 Thread 0x0000018dfeb2c310 DEOPT PACKING pc=0x0000018daf1b51ec sp=0x0000000a982f4e00
Event: 192.885 Thread 0x0000018dfeb2c310 DEOPT UNPACKING pc=0x0000018daeb446a2 sp=0x0000000a982f4db8 mode 2
Event: 192.943 Thread 0x0000018dfeb2c310 Uncommon trap: trap_request=0xffffff45 fr.pc=0x0000018daf4a11f4 relative=0x0000000000000b54
Event: 192.943 Thread 0x0000018dfeb2c310 Uncommon trap: reason=unstable_if action=reinterpret pc=0x0000018daf4a11f4 method=sun.nio.fs.WindowsPath.getFileName()Ljava/nio/file/Path; @ 45 c2
Event: 192.943 Thread 0x0000018dfeb2c310 DEOPT PACKING pc=0x0000018daf4a11f4 sp=0x0000000a982f31d0
Event: 192.943 Thread 0x0000018dfeb2c310 DEOPT UNPACKING pc=0x0000018daeb446a2 sp=0x0000000a982f31b8 mode 2
Event: 192.952 Thread 0x0000018dfeb2c310 Uncommon trap: trap_request=0xffffff45 fr.pc=0x0000018daf27c7dc relative=0x000000000000095c
Event: 192.952 Thread 0x0000018dfeb2c310 Uncommon trap: reason=unstable_if action=reinterpret pc=0x0000018daf27c7dc method=java.util.regex.Pattern.single(I)Ljava/util/regex/Pattern$CharPredicate; @ 5 c2
Event: 192.952 Thread 0x0000018dfeb2c310 DEOPT PACKING pc=0x0000018daf27c7dc sp=0x0000000a982f2ce0
Event: 192.952 Thread 0x0000018dfeb2c310 DEOPT UNPACKING pc=0x0000018daeb446a2 sp=0x0000000a982f2c08 mode 2

Classes loaded (20 events):
Event: 192.923 Loading class sun/security/ssl/SSLCipher$WriteCipherGenerator done
Event: 192.924 Loading class sun/security/ssl/SSLCipher$NullWriteCipherGenerator done
Event: 192.924 Loading class sun/security/ssl/SSLCipher$StreamReadCipherGenerator
Event: 192.925 Loading class sun/security/ssl/SSLCipher$StreamReadCipherGenerator done
Event: 192.925 Loading class sun/security/ssl/SSLCipher$StreamWriteCipherGenerator
Event: 192.926 Loading class sun/security/ssl/SSLCipher$StreamWriteCipherGenerator done
Event: 192.926 Loading class javax/crypto/Cipher
Event: 192.935 Loading class javax/crypto/Cipher done
Event: 192.935 Loading class javax/crypto/Cipher$Transform
Event: 192.936 Loading class javax/crypto/Cipher$Transform done
Event: 192.938 Loading class javax/crypto/JceSecurity
Event: 192.941 Loading class javax/crypto/JceSecurity done
Event: 192.941 Loading class javax/crypto/JceSecurity$1
Event: 192.943 Loading class javax/crypto/JceSecurity$1 done
Event: 192.961 Loading class javax/crypto/CryptoPermissions
Event: 192.962 Loading class javax/crypto/CryptoPermissions done
Event: 192.962 Loading class javax/crypto/CryptoPolicyParser
Event: 192.964 Loading class javax/crypto/CryptoPolicyParser done
Event: 192.965 Loading class java/io/StreamTokenizer
Event: 192.967 Loading class java/io/StreamTokenizer done

Classes unloaded (0 events):
No events

Classes redefined (0 events):
No events

Internal exceptions (20 events):
Event: 159.054 Thread 0x0000018dfeb805b0 Exception <a 'java/lang/NoSuchMethodError'{0x000000008c904130}: static Lorg/gradle/internal/build/event/types/DefaultTaskFinishedProgressEvent;.<clinit>()V> (0x000000008c904130) 
thrown [s\open\src\hotspot\share\prims\jni.cpp, line 1106]
Event: 159.063 Thread 0x0000018dfeb805b0 Exception <a 'java/lang/NoSuchMethodError'{0x000000008c91a568}: static Lorg/gradle/internal/build/event/types/DefaultTaskSuccessResult;.<clinit>()V> (0x000000008c91a568) 
thrown [s\open\src\hotspot\share\prims\jni.cpp, line 1106]
Event: 159.063 Thread 0x0000018dfeb805b0 Exception <a 'java/lang/NoSuchMethodError'{0x000000008c91bca0}: static Lorg/gradle/internal/build/event/types/AbstractTaskResult;.<clinit>()V> (0x000000008c91bca0) 
thrown [s\open\src\hotspot\share\prims\jni.cpp, line 1106]
Event: 159.673 Thread 0x0000018d8c159a10 Exception <a 'java/lang/NoSuchMethodError'{0x000000008c9f8df8}: static Ljava/lang/Object;.<clinit>()V> (0x000000008c9f8df8) 
thrown [s\open\src\hotspot\share\prims\jni.cpp, line 1106]
Event: 159.674 Thread 0x0000018d8c159a10 Exception <a 'java/lang/NoSuchMethodError'{0x000000008c804378}: static Lorg/jetbrains/kotlin/gradle/plugin/statistics/MetricContainer;.<clinit>()V> (0x000000008c804378) 
thrown [s\open\src\hotspot\share\prims\jni.cpp, line 1106]
Event: 160.052 Thread 0x0000018d86f4cc40 Implicit null exception at 0x0000018daf201407 to 0x0000018daf2014cc
Event: 160.309 Thread 0x0000018d86f4cc40 Exception <a 'java/lang/NoSuchMethodError'{0x000000008c31e460}: 'void java.lang.invoke.DirectMethodHandle$Holder.invokeStaticInit(java.lang.Object)'> (0x000000008c31e460) 
thrown [s\open\src\hotspot\share\interpreter\linkResolver.cpp, line 773]
Event: 160.321 Thread 0x0000018d86f4cc40 Exception <a 'java/lang/NoSuchMethodError'{0x000000008c32ffc0}: 'void java.lang.invoke.DirectMethodHandle$Holder.invokeStatic(java.lang.Object, int)'> (0x000000008c32ffc0) 
thrown [s\open\src\hotspot\share\interpreter\linkResolver.cpp, line 773]
Event: 160.323 Thread 0x0000018d86f4cc40 Exception <a 'java/lang/NoSuchMethodError'{0x000000008c3333a8}: 'void java.lang.invoke.DirectMethodHandle$Holder.invokeStaticInit(java.lang.Object, int)'> (0x000000008c3333a8) 
thrown [s\open\src\hotspot\share\interpreter\linkResolver.cpp, line 773]
Event: 191.824 Thread 0x0000018dfeb2c310 Exception <a 'java/lang/ClassNotFoundException'{0x000000008a819730}: org/gradle/api/internal/plugins/NaggingBasePluginConventionBeanInfo> (0x000000008a819730) 
thrown [s\open\src\hotspot\share\classfile\systemDictionary.cpp, line 312]
Event: 191.828 Thread 0x0000018dfeb2c310 Exception <a 'java/lang/ClassNotFoundException'{0x000000008a825140}: org/gradle/api/plugins/BasePluginConventionBeanInfo> (0x000000008a825140) 
thrown [s\open\src\hotspot\share\classfile\systemDictionary.cpp, line 312]
Event: 191.831 Thread 0x0000018dfeb2c310 Exception <a 'java/lang/ClassNotFoundException'{0x000000008a830b18}: org/gradle/api/plugins/BasePluginConventionCustomizer> (0x000000008a830b18) 
thrown [s\open\src\hotspot\share\classfile\systemDictionary.cpp, line 312]
Event: 191.842 Thread 0x0000018dfeb2c310 Exception <a 'java/lang/ClassNotFoundException'{0x000000008a848628}: org/gradle/api/internal/plugins/NaggingBasePluginConventionCustomizer> (0x000000008a848628) 
thrown [s\open\src\hotspot\share\classfile\systemDictionary.cpp, line 312]
Event: 191.863 Thread 0x0000018dfeb2c310 Exception <a 'java/lang/ClassNotFoundException'{0x000000008a885278}: org/gradle/api/plugins/internal/NaggingJavaPluginConventionBeanInfo> (0x000000008a885278) 
thrown [s\open\src\hotspot\share\classfile\systemDictionary.cpp, line 312]
Event: 191.864 Thread 0x0000018dfeb2c310 Exception <a 'java/lang/ClassNotFoundException'{0x000000008a890c88}: org/gradle/api/plugins/JavaPluginConventionBeanInfo> (0x000000008a890c88) 
thrown [s\open\src\hotspot\share\classfile\systemDictionary.cpp, line 312]
Event: 191.866 Thread 0x0000018dfeb2c310 Exception <a 'java/lang/ClassNotFoundException'{0x000000008a89c8c8}: org/gradle/api/plugins/JavaPluginConventionCustomizer> (0x000000008a89c8c8) 
thrown [s\open\src\hotspot\share\classfile\systemDictionary.cpp, line 312]
Event: 191.871 Thread 0x0000018dfeb2c310 Exception <a 'java/lang/ClassNotFoundException'{0x000000008a8bded0}: org/gradle/api/plugins/internal/NaggingJavaPluginConventionCustomizer> (0x000000008a8bded0) 
thrown [s\open\src\hotspot\share\classfile\systemDictionary.cpp, line 312]
Event: 192.100 Thread 0x0000018d86f4cc40 Exception <a 'java/lang/NoSuchMethodError'{0x000000008a229c88}: static Lorg/jetbrains/plugins/gradle/tooling/serialization/internal/adapter/kotlin/dsl/InternalKotlinDslScriptsModel;.<clinit>()V> (0x000000008a229c88) 
thrown [s\open\src\hotspot\share\prims\jni.cpp, line 1106]
Event: 192.108 Thread 0x0000018d86f4cc40 Exception <a 'java/lang/NoSuchMethodError'{0x000000008a285f58}: static Lorg/jetbrains/plugins/gradle/tooling/serialization/internal/adapter/kotlin/dsl/InternalKotlinDslScriptModel;.<clinit>()V> (0x000000008a285f58) 
thrown [s\open\src\hotspot\share\prims\jni.cpp, line 1106]
Event: 192.950 Thread 0x0000018dfeb2c310 Exception <a 'sun/nio/fs/WindowsException'{0x00000000fff71398}> (0x00000000fff71398) 
thrown [s\open\src\hotspot\share\prims\jni.cpp, line 520]

ZGC Phase Switch (0 events):
No events

VM Operations (20 events):
Event: 180.510 Executing VM operation: RendezvousGCThreads done
Event: 181.518 Executing VM operation: Cleanup
Event: 181.519 Executing VM operation: Cleanup done
Event: 184.416 Executing VM operation: G1CollectForAllocation (G1 Evacuation Pause)
Event: 184.434 Executing VM operation: G1CollectForAllocation (G1 Evacuation Pause) done
Event: 187.465 Executing VM operation: Cleanup
Event: 187.572 Executing VM operation: Cleanup done
Event: 188.579 Executing VM operation: Cleanup
Event: 188.580 Executing VM operation: Cleanup done
Event: 189.592 Executing VM operation: Cleanup
Event: 189.642 Executing VM operation: Cleanup done
Event: 190.648 Executing VM operation: Cleanup
Event: 190.648 Executing VM operation: Cleanup done
Event: 191.659 Executing VM operation: Cleanup
Event: 191.675 Executing VM operation: Cleanup done
Event: 192.677 Executing VM operation: Cleanup
Event: 192.678 Executing VM operation: Cleanup done
Event: 192.738 Executing VM operation: G1CollectForAllocation (G1 Evacuation Pause)
Event: 192.754 Executing VM operation: G1CollectForAllocation (G1 Evacuation Pause) done
Event: 192.967 Executing VM operation: G1PauseRemark

Events (20 events):
Event: 193.158 Thread 0x0000018dbbf43950 flushing nmethod 0x0000018daf6bf390
Event: 193.158 Thread 0x0000018dbbf43950 flushing nmethod 0x0000018daf697b90
Event: 193.158 Thread 0x0000018dbbf43950 flushing nmethod 0x0000018daf5bc590
Event: 193.158 Thread 0x0000018dbbf43950 flushing nmethod 0x0000018daf4d6190
Event: 193.158 Thread 0x0000018dbbf43950 flushing nmethod 0x0000018daf4d3a10
Event: 193.158 Thread 0x0000018dbbf43950 flushing nmethod 0x0000018daf429d10
Event: 193.158 Thread 0x0000018dbbf43950 flushing nmethod 0x0000018daf37d510
Event: 193.158 Thread 0x0000018dbbf43950 flushing nmethod 0x0000018daf38a890
Event: 193.158 Thread 0x0000018dbbf43950 flushing nmethod 0x0000018daf2e8e90
Event: 193.158 Thread 0x0000018dbbf43950 flushing nmethod 0x0000018daf272310
Event: 193.158 Thread 0x0000018dbbf43950 flushing nmethod 0x0000018daf25a090
Event: 193.158 Thread 0x0000018dbbf43950 flushing nmethod 0x0000018daf201210
Event: 193.158 Thread 0x0000018dbbf43950 flushing nmethod 0x0000018daf234e10
Event: 193.158 Thread 0x0000018dbbf43950 flushing nmethod 0x0000018daf261190
Event: 193.158 Thread 0x0000018dbbf43950 flushing nmethod 0x0000018daf23c810
Event: 193.158 Thread 0x0000018dbbf43950 flushing nmethod 0x0000018daf11ea10
Event: 193.158 Thread 0x0000018dbbf43950 flushing nmethod 0x0000018daf13db90
Event: 193.178 Thread 0x0000018dbbf43950 flushing nmethod 0x0000018daf0ecb10
Event: 193.178 Thread 0x0000018dbbf43950 flushing nmethod 0x0000018daf12bc10
Event: 193.178 Thread 0x0000018dbbf43950 flushing nmethod 0x0000018daf116810


Dynamic libraries:
0x00007ff626c00000 - 0x00007ff626c10000 	C:\Program Files\Java\jdk-21\bin\java.exe
0x00007ffe72d20000 - 0x00007ffe72f87000 	C:\WINDOWS\SYSTEM32\ntdll.dll
0x00007ffe70ff0000 - 0x00007ffe710ba000 	C:\WINDOWS\System32\KERNEL32.DLL
0x00007ffe70060000 - 0x00007ffe70462000 	C:\WINDOWS\System32\KERNELBASE.dll
0x00007ffe70690000 - 0x00007ffe707dc000 	C:\WINDOWS\System32\ucrtbase.dll
0x00007ffe4c190000 - 0x00007ffe4c1ab000 	C:\Program Files\Java\jdk-21\bin\VCRUNTIME140.dll
0x00007ffe473f0000 - 0x00007ffe47409000 	C:\Program Files\Java\jdk-21\bin\jli.dll
0x00007ffe70f20000 - 0x00007ffe70fdc000 	C:\WINDOWS\System32\ADVAPI32.dll
0x00007ffe70a50000 - 0x00007ffe70af9000 	C:\WINDOWS\System32\msvcrt.dll
0x00007ffe710e0000 - 0x00007ffe71189000 	C:\WINDOWS\System32\sechost.dll
0x00007ffe71dd0000 - 0x00007ffe71ee8000 	C:\WINDOWS\System32\RPCRT4.dll
0x00007ffe71790000 - 0x00007ffe7195f000 	C:\WINDOWS\System32\USER32.dll
0x00007ffe70a20000 - 0x00007ffe70a47000 	C:\WINDOWS\System32\win32u.dll
0x00007ffe71970000 - 0x00007ffe7199b000 	C:\WINDOWS\System32\GDI32.dll
0x00007ffe6ff30000 - 0x00007ffe70059000 	C:\WINDOWS\System32\gdi32full.dll
0x00007ffe708b0000 - 0x00007ffe70953000 	C:\WINDOWS\System32\msvcp_win.dll
0x00007ffe5cbf0000 - 0x00007ffe5ce80000 	C:\WINDOWS\WinSxS\amd64_microsoft.windows.common-controls_6595b64144ccf1df_6.0.26100.9278_none_3e0d1ba8e3303201\COMCTL32.dll
0x00007ffe693a0000 - 0x00007ffe693ab000 	C:\WINDOWS\SYSTEM32\VERSION.dll
0x00007ffe70b00000 - 0x00007ffe70b31000 	C:\WINDOWS\System32\IMM32.DLL
0x00007ffe691d0000 - 0x00007ffe691dc000 	C:\Program Files\Java\jdk-21\bin\vcruntime140_1.dll
0x00007ffe13f50000 - 0x00007ffe13fde000 	C:\Program Files\Java\jdk-21\bin\msvcp140.dll
0x00007ffde9c70000 - 0x00007ffdea987000 	C:\Program Files\Java\jdk-21\bin\server\jvm.dll
0x00007ffe71fd0000 - 0x00007ffe72050000 	C:\WINDOWS\System32\WS2_32.dll
0x00007ffe6fd90000 - 0x00007ffe6fdee000 	C:\WINDOWS\SYSTEM32\POWRPROF.dll
0x00007ffe68690000 - 0x00007ffe686c6000 	C:\WINDOWS\SYSTEM32\WINMM.dll
0x00007ffe6fd70000 - 0x00007ffe6fd85000 	C:\WINDOWS\SYSTEM32\UMPDC.dll
0x00007ffe6ec00000 - 0x00007ffe6ec1b000 	C:\WINDOWS\SYSTEM32\kernel.appcore.dll
0x00007ffe636c0000 - 0x00007ffe636ca000 	C:\Program Files\Java\jdk-21\bin\jimage.dll
0x00007ffe6d4d0000 - 0x00007ffe6d712000 	C:\WINDOWS\SYSTEM32\DBGHELP.DLL
0x00007ffe71a20000 - 0x00007ffe71da4000 	C:\WINDOWS\System32\combase.dll
0x00007ffe71ef0000 - 0x00007ffe71fc9000 	C:\WINDOWS\System32\OLEAUT32.dll
0x00007ffe59540000 - 0x00007ffe5957b000 	C:\WINDOWS\SYSTEM32\dbgcore.DLL
0x00007ffe70960000 - 0x00007ffe70a0c000 	C:\WINDOWS\System32\bcryptPrimitives.dll
0x00007ffe631c0000 - 0x00007ffe631cf000 	C:\Program Files\Java\jdk-21\bin\instrument.dll
0x00007ffe270f0000 - 0x00007ffe2710f000 	C:\Program Files\Java\jdk-21\bin\java.dll
0x00007ffe724f0000 - 0x00007ffe72c88000 	C:\WINDOWS\System32\SHELL32.dll
0x00007ffe6d980000 - 0x00007ffe6e22e000 	C:\WINDOWS\SYSTEM32\windows.storage.dll
0x00007ffe723f0000 - 0x00007ffe724eb000 	C:\WINDOWS\System32\SHCORE.dll
0x00007ffe70cd0000 - 0x00007ffe70d36000 	C:\WINDOWS\System32\shlwapi.dll
0x00007ffe6fe50000 - 0x00007ffe6fe79000 	C:\WINDOWS\SYSTEM32\profapi.dll
0x00007ffe13e70000 - 0x00007ffe13f47000 	C:\Program Files\Java\jdk-21\bin\jsvml.dll
0x00007ffe14dc0000 - 0x00007ffe14dd8000 	C:\Program Files\Java\jdk-21\bin\zip.dll
0x00007ffe62180000 - 0x00007ffe62190000 	C:\Program Files\Java\jdk-21\bin\net.dll
0x00007ffe68370000 - 0x00007ffe6849a000 	C:\WINDOWS\SYSTEM32\WINHTTP.dll
0x00007ffe6f1c0000 - 0x00007ffe6f22c000 	C:\WINDOWS\system32\mswsock.dll
0x00007ffe14ca0000 - 0x00007ffe14cb6000 	C:\Program Files\Java\jdk-21\bin\nio.dll
0x00007ffe61aa0000 - 0x00007ffe61ab0000 	C:\Program Files\Java\jdk-21\bin\verify.dll
0x00007ffe0b550000 - 0x00007ffe0b577000 	C:\Users\Apoorv Rathore\.gradle\native\1def1411415f61bf3af743bc5b6707747c0891f09f0c88961ee8f79bc544acac\windows-amd64\native-platform.dll
0x00007ffe095d0000 - 0x00007ffe09648000 	C:\Users\Apoorv Rathore\.gradle\native\0.2.7\x86_64-windows-gnu\gradle-fileevents.dll
0x00007ffe5e170000 - 0x00007ffe5e17a000 	C:\Program Files\Java\jdk-21\bin\management.dll
0x00007ffe5e0e0000 - 0x00007ffe5e0eb000 	C:\Program Files\Java\jdk-21\bin\management_ext.dll
0x00007ffe71190000 - 0x00007ffe71198000 	C:\WINDOWS\System32\PSAPI.DLL
0x00007ffe6e580000 - 0x00007ffe6e5b3000 	C:\WINDOWS\SYSTEM32\IPHLPAPI.DLL
0x00007ffe72340000 - 0x00007ffe7234a000 	C:\WINDOWS\System32\NSI.dll
0x00007ffe4ed70000 - 0x00007ffe4ed79000 	C:\Program Files\Java\jdk-21\bin\extnet.dll
0x00007ffe6f4d0000 - 0x00007ffe6f4eb000 	C:\WINDOWS\SYSTEM32\CRYPTSP.dll
0x00007ffe6eb60000 - 0x00007ffe6eb99000 	C:\WINDOWS\system32\rsaenh.dll
0x00007ffe6f270000 - 0x00007ffe6f2a4000 	C:\WINDOWS\SYSTEM32\USERENV.dll
0x00007ffe6fe20000 - 0x00007ffe6fe4a000 	C:\WINDOWS\SYSTEM32\bcrypt.dll
0x00007ffe6f4b0000 - 0x00007ffe6f4bc000 	C:\WINDOWS\SYSTEM32\CRYPTBASE.dll
0x00007ffe4ecf0000 - 0x00007ffe4ecfe000 	C:\Program Files\Java\jdk-21\bin\sunmscapi.dll
0x00007ffe70500000 - 0x00007ffe7067e000 	C:\WINDOWS\System32\CRYPT32.dll
0x00007ffe6f6f0000 - 0x00007ffe6f720000 	C:\WINDOWS\SYSTEM32\ncrypt.dll
0x00007ffe6f6a0000 - 0x00007ffe6f6df000 	C:\WINDOWS\SYSTEM32\NTASN1.dll
0x00007ffe637a0000 - 0x00007ffe637a8000 	C:\WINDOWS\system32\wshunix.dll

dbghelp: loaded successfully - version: 4.0.5 - missing functions: none
symbol engine: initialized successfully - sym options: 0x614 - pdb path: .;C:\Program Files\Java\jdk-21\bin;C:\WINDOWS\SYSTEM32;C:\WINDOWS\WinSxS\amd64_microsoft.windows.common-controls_6595b64144ccf1df_6.0.26100.9278_none_3e0d1ba8e3303201;C:\Program Files\Java\jdk-21\bin\server;C:\Users\Apoorv Rathore\.gradle\native\1def1411415f61bf3af743bc5b6707747c0891f09f0c88961ee8f79bc544acac\windows-amd64;C:\Users\Apoorv Rathore\.gradle\native\0.2.7\x86_64-windows-gnu

VM Arguments:
jvm_args: --add-opens=java.base/java.lang=ALL-UNNAMED --add-opens=java.base/java.lang.invoke=ALL-UNNAMED --add-opens=java.base/java.util=ALL-UNNAMED --add-opens=java.prefs/java.util.prefs=ALL-UNNAMED --add-exports=jdk.compiler/com.sun.tools.javac.api=ALL-UNNAMED --add-exports=jdk.compiler/com.sun.tools.javac.util=ALL-UNNAMED --add-opens=java.base/java.util=ALL-UNNAMED --add-opens=java.prefs/java.util.prefs=ALL-UNNAMED --add-opens=java.base/java.nio.charset=ALL-UNNAMED --add-opens=java.base/java.net=ALL-UNNAMED --add-opens=java.base/java.util.concurrent.atomic=ALL-UNNAMED --add-opens=java.xml/javax.xml.namespace=ALL-UNNAMED -Xmx2048m -Dfile.encoding=UTF-8 -Duser.country=IN -Duser.language=en -Duser.variant -javaagent:C:\Users\Apoorv Rathore\.gradle\wrapper\dists\gradle-8.13-bin\5xuhj0ry160q40clulazy9h7d\gradle-8.13\lib\agents\gradle-instrumentation-agent-8.13.jar 
java_command: org.gradle.launcher.daemon.bootstrap.GradleDaemon 8.13
java_class_path (initial): C:\Users\Apoorv Rathore\.gradle\wrapper\dists\gradle-8.13-bin\5xuhj0ry160q40clulazy9h7d\gradle-8.13\lib\gradle-daemon-main-8.13.jar
Launcher Type: SUN_STANDARD

[Global flags]
     intx CICompilerCount                          = 4                                         {product} {ergonomic}
     uint ConcGCThreads                            = 3                                         {product} {ergonomic}
     uint G1ConcRefinementThreads                  = 10                                        {product} {ergonomic}
   size_t G1HeapRegionSize                         = 1048576                                   {product} {ergonomic}
    uintx GCDrainStackTargetSize                   = 64                                        {product} {ergonomic}
   size_t InitialHeapSize                          = 125829120                                 {product} {ergonomic}
   size_t MarkStackSize                            = 4194304                                   {product} {ergonomic}
   size_t MaxHeapSize                              = 2147483648                                {product} {command line}
   size_t MaxNewSize                               = 1287651328                                {product} {ergonomic}
   size_t MinHeapDeltaBytes                        = 1048576                                   {product} {ergonomic}
   size_t MinHeapSize                              = 8388608                                   {product} {ergonomic}
    uintx NonNMethodCodeHeapSize                   = 5839372                                {pd product} {ergonomic}
    uintx NonProfiledCodeHeapSize                  = 122909434                              {pd product} {ergonomic}
    uintx ProfiledCodeHeapSize                     = 122909434                              {pd product} {ergonomic}
    uintx ReservedCodeCacheSize                    = 251658240                              {pd product} {ergonomic}
     bool SegmentedCodeCache                       = true                                      {product} {ergonomic}
   size_t SoftMaxHeapSize                          = 2147483648                             {manageable} {ergonomic}
     bool UseCompressedOops                        = true                           {product lp64_product} {ergonomic}
     bool UseG1GC                                  = true                                      {product} {ergonomic}
     bool UseLargePagesIndividualAllocation        = false                                  {pd product} {ergonomic}

Logging:
Log output configuration:
 #0: stdout all=warning uptime,level,tags foldmultilines=false
 #1: stderr all=off uptime,level,tags foldmultilines=false

Environment Variables:
PATH=C:\Program Files\Common Files\Oracle\Java\javapath;C:\WINDOWS\system32;C:\WINDOWS;C:\WINDOWS\System32\Wbem;C:\WINDOWS\System32\WindowsPowerShell\v1.0\;C:\WINDOWS\System32\OpenSSH\;C:\Users\Apoorv Rathore\Desktop\MinGW Installer.lnk;C:\MinGW\bin;C:\Program Files\Java\jdk-18.0.2\bin;C:\ProgramData\chocolatey\bin;C:\xampp\php;C:\composer;C:\Program Files\Git\cmd;C:\Program Files\MongoDB\Server\8.0\bin;C:\Program Files\nodejs\;C:\Users\Apoorv Rathore\.local\bin;C:\Program Files\MySQL\MySQL Shell 8.0\bin\;C:\Users\Apoorv Rathore\Scripts\;C:\Users\Apoorv Rathore\;C:\Users\Apoorv Rathore\AppData\Local\Microsoft\WindowsApps;C:\Users\Apoorv Rathore\AppData\Local\Programs\Microsoft VS Code\bin;C:\Program Files\JetBrains\IntelliJ IDEA Community Edition 2022.1.4\bin;;C:\Users\Apoorv Rathore\AppData\Roaming\Pub\Cache\bin;C:\Program Files\JetBrains\PyCharm Community Edition 2023.2.1\bin;;C:\Users\Apoorv Rathore\AppData\Roaming\Composer\vendor\bin;C:\Users\Apoorv Rathore\AppData\Roaming\npm;C:\flutter\bin;C:\Users\Apoorv Rathore\AppData\Local\Android\Sdk\platform-tools;C:\Users\Apoorv Rathore\AppData\Local\Google\Cloud SDK\google-cloud-sdk\bin
USERNAME=Apoorv Rathore
OS=Windows_NT
PROCESSOR_IDENTIFIER=AMD64 Family 23 Model 104 Stepping 1, AuthenticAMD
TMP=C:\Users\APOORV~1\AppData\Local\Temp
TEMP=C:\Users\APOORV~1\AppData\Local\Temp




Periodic native trim disabled

---------------  S Y S T E M  ---------------

OS:
 Windows 11 , 64 bit Build 26100 (10.0.26100.9278)
OS uptime: 2 days 0:26 hours
Hyper-V role detected

CPU: total 12 (initial active 12) (12 cores per cpu, 2 threads per core) family 23 model 104 stepping 1 microcode 0x8608103, cx8, cmov, fxsr, ht, mmx, 3dnowpref, sse, sse2, sse3, ssse3, sse4a, sse4.1, sse4.2, popcnt, lzcnt, tsc, tscinvbit, avx, avx2, aes, clmul, bmi1, bmi2, adx, sha, fma, vzeroupper, clflush, clflushopt, hv, rdtscp, rdpid, f16c
Processor Information for processor 0
  Max Mhz: 2100, Current Mhz: 1988, Mhz Limit: 2100
Processor Information for processor 1
  Max Mhz: 2100, Current Mhz: 1988, Mhz Limit: 2100
Processor Information for processor 2
  Max Mhz: 2100, Current Mhz: 1988, Mhz Limit: 2100
Processor Information for processor 3
  Max Mhz: 2100, Current Mhz: 1988, Mhz Limit: 2100
Processor Information for processor 4
  Max Mhz: 2100, Current Mhz: 1988, Mhz Limit: 2100
Processor Information for processor 5
  Max Mhz: 2100, Current Mhz: 1988, Mhz Limit: 2100
Processor Information for processor 6
  Max Mhz: 2100, Current Mhz: 2100, Mhz Limit: 2100
Processor Information for processor 7
  Max Mhz: 2100, Current Mhz: 2100, Mhz Limit: 2100
Processor Information for processor 8
  Max Mhz: 2100, Current Mhz: 2100, Mhz Limit: 2100
Processor Information for processor 9
  Max Mhz: 2100, Current Mhz: 1988, Mhz Limit: 2100
Processor Information for processor 10
  Max Mhz: 2100, Current Mhz: 2100, Mhz Limit: 2100
Processor Information for processor 11
  Max Mhz: 2100, Current Mhz: 1988, Mhz Limit: 2100

Memory: 4k page, system-wide physical 7563M (488M free)
TotalPageFile size 31115M (AvailPageFile size 0M)
current process WorkingSet (physical memory assigned to process): 302M, peak: 367M
current process commit charge ("private bytes"): 564M, peak: 575M

vm_info: Java HotSpot(TM) 64-Bit Server VM (21.0.2+13-LTS-58) for windows-amd64 JRE (21.0.2+13-LTS-58), built on 2024-01-05T18:32:24Z by "mach5one" with MS VC++ 17.1 (VS2022)

END.
