#
# There is insufficient memory for the Java Runtime Environment to continue.
# Native memory allocation (mmap) failed to map 65536 bytes. Error detail: Failed to commit metaspace.
# Possible reasons:
#   The system is out of physical RAM or swap space
#   This process is running with CompressedOops enabled, and the Java Heap may be blocking the growth of the native heap
# Possible solutions:
#   Reduce memory load on the system
#   Increase physical memory or swap space
#   Check if swap backing store is full
#   Decrease Java heap size (-Xmx/-Xms)
#   Decrease number of Java threads
#   Decrease Java thread stack sizes (-Xss)
#   Set larger code cache with -XX:ReservedCodeCacheSize=
#   JVM is running with Unscaled Compressed Oops mode in which the Java heap is
#     placed in the first 4GB address space. The Java Heap base address is the
#     maximum limit for the native heap growth. Please use -XX:HeapBaseMinAddress
#     to set the Java Heap base and to place the Java Heap above 4GB virtual address.
# This output file may be truncated or incomplete.
#
#  Out of Memory Error (virtualSpaceNode.cpp:113), pid=24328, tid=15016
#
# JRE version: OpenJDK Runtime Environment (21.0.10) (build 21.0.10+-14961533-b1163.108)
# Java VM: OpenJDK 64-Bit Server VM (21.0.10+-14961533-b1163.108, mixed mode, tiered, compressed oops, compressed class ptrs, g1 gc, windows-amd64)
# No core dump will be written. Minidumps are not enabled by default on client versions of Windows
#

---------------  S U M M A R Y ------------

Command Line: --add-opens=java.base/java.lang=ALL-UNNAMED --add-opens=java.base/java.lang.invoke=ALL-UNNAMED --add-opens=java.base/java.util=ALL-UNNAMED --add-opens=java.prefs/java.util.prefs=ALL-UNNAMED --add-exports=jdk.compiler/com.sun.tools.javac.api=ALL-UNNAMED --add-exports=jdk.compiler/com.sun.tools.javac.util=ALL-UNNAMED --add-opens=java.base/java.util=ALL-UNNAMED --add-opens=java.prefs/java.util.prefs=ALL-UNNAMED --add-opens=java.base/java.nio.charset=ALL-UNNAMED --add-opens=java.base/java.net=ALL-UNNAMED --add-opens=java.base/java.util.concurrent.atomic=ALL-UNNAMED --add-opens=java.xml/javax.xml.namespace=ALL-UNNAMED -Xmx2048m -Dfile.encoding=UTF-8 -Duser.country=IN -Duser.language=en -Duser.variant -javaagent:C:\Users\Apoorv Rathore\AndroidStudioProjects\.gradle\wrapper\dists\gradle-8.13-bin\5xuhj0ry160q40clulazy9h7d\gradle-8.13\lib\agents\gradle-instrumentation-agent-8.13.jar org.gradle.launcher.daemon.bootstrap.GradleDaemon 8.13

Host: AMD Ryzen 5 5500U with Radeon Graphics         , 12 cores, 7G,  Windows 11 , 64 bit Build 26100 (10.0.26100.8115)
Time: Thu Apr 16 12:42:57 2026 India Standard Time elapsed time: 802.489905 seconds (0d 0h 13m 22s)

---------------  T H R E A D  ---------------

Current thread (0x0000025aa5871ec0):  JavaThread "Daemon worker"        [_thread_in_vm, id=15016, stack(0x00000061c1000000,0x00000061c1100000) (1024K)]

Stack: [0x00000061c1000000,0x00000061c1100000]
Native frames: (J=compiled Java code, j=interpreted, Vv=VM code, C=native code)
V  [jvm.dll+0x6d78a9]
V  [jvm.dll+0x8665b3]
V  [jvm.dll+0x868bde]
V  [jvm.dll+0x8692c3]
V  [jvm.dll+0x280ee6]
V  [jvm.dll+0x86146e]
V  [jvm.dll+0x67add5]
V  [jvm.dll+0x67ae3a]
V  [jvm.dll+0x67d696]
V  [jvm.dll+0x67d562]
V  [jvm.dll+0x67b7ce]
V  [jvm.dll+0x3c2b6f]
V  [jvm.dll+0x20e6cb]
V  [jvm.dll+0x5b7fa1]
V  [jvm.dll+0x21e64c]
V  [jvm.dll+0x7def2c]
V  [jvm.dll+0x7dffc2]
V  [jvm.dll+0x7e0584]
V  [jvm.dll+0x7e0218]
V  [jvm.dll+0x26f45b]
V  [jvm.dll+0x3d93ae]
C  0x0000025a91dda0f6

The last pc belongs to new (printed below).
Java frames: (J=compiled Java code, j=interpreted, Vv=VM code)
j  com.sun.crypto.provider.DESCipher.<init>()V+10 java.base@21.0.10
J 3747 c1 java.lang.invoke.DirectMethodHandle$Holder.newInvokeSpecial(Ljava/lang/Object;)Ljava/lang/Object; java.base@21.0.10 (20 bytes) @ 0x0000025a8a955d3c [0x0000025a8a955800+0x000000000000053c]
J 11000 c2 jdk.internal.reflect.DirectConstructorHandleAccessor.newInstance([Ljava/lang/Object;)Ljava/lang/Object; java.base@21.0.10 (130 bytes) @ 0x0000025a9290c17c [0x0000025a9290c040+0x000000000000013c]
J 10078 c2 java.lang.reflect.Constructor.newInstanceWithCaller([Ljava/lang/Object;ZLjava/lang/Class;)Ljava/lang/Object; java.base@21.0.10 (51 bytes) @ 0x0000025a928704a8 [0x0000025a92870440+0x0000000000000068]
J 11654 c1 java.security.Provider$Service.newInstanceUtil(Ljava/lang/Class;Ljava/lang/Object;)Ljava/lang/Object; java.base@21.0.10 (60 bytes) @ 0x0000025a8ba3669c [0x0000025a8ba36460+0x000000000000023c]
J 11653 c1 java.security.Provider$Service.newInstance(Ljava/lang/Object;)Ljava/lang/Object; java.base@21.0.10 (354 bytes) @ 0x0000025a8ba2fefc [0x0000025a8ba2f4a0+0x0000000000000a5c]
j  javax.crypto.Cipher.getInstance(Ljava/lang/String;)Ljavax/crypto/Cipher;+179 java.base@21.0.10
j  sun.security.ssl.SSLCipher.isTransformationAvailable(Ljava/lang/String;)Z+12 java.base@21.0.10
j  sun.security.ssl.SSLCipher.<init>(Ljava/lang/String;ILjava/lang/String;Lsun/security/ssl/CipherType;IIIIZZ[Ljava/util/Map$Entry;[Ljava/util/Map$Entry;)V+124 java.base@21.0.10
j  sun.security.ssl.SSLCipher.<clinit>()V+334 java.base@21.0.10
v  ~StubRoutines::call_stub 0x0000025a91dc100d
j  sun.security.ssl.CipherSuite.<clinit>()V+18 java.base@21.0.10
v  ~StubRoutines::call_stub 0x0000025a91dc100d
j  sun.security.ssl.SSLContextImpl.getApplicableSupportedCipherSuites(Ljava/util/List;)Ljava/util/List;+0 java.base@21.0.10
j  sun.security.ssl.SSLContextImpl$AbstractTLSContext.<clinit>()V+84 java.base@21.0.10
v  ~StubRoutines::call_stub 0x0000025a91dc100d
J 1307  java.lang.Class.forName0(Ljava/lang/String;ZLjava/lang/ClassLoader;Ljava/lang/Class;)Ljava/lang/Class; java.base@21.0.10 (0 bytes) @ 0x0000025a923fdcd7 [0x0000025a923fdc40+0x0000000000000097]
j  java.lang.Class.forName(Ljava/lang/String;Ljava/lang/Class;)Ljava/lang/Class;+19 java.base@21.0.10
J 11018 c1 java.lang.Class.forName(Ljava/lang/String;)Ljava/lang/Class; java.base@21.0.10 (10 bytes) @ 0x0000025a8b939ccc [0x0000025a8b939c40+0x000000000000008c]
j  java.security.Provider$Service.getImplClass()Ljava/lang/Class;+64 java.base@21.0.10
J 16075 c1 java.security.Provider$Service.getDefaultConstructor()Ljava/lang/reflect/Constructor; java.base@21.0.10 (84 bytes) @ 0x0000025a8c090fbc [0x0000025a8c090a80+0x000000000000053c]
J 11654 c1 java.security.Provider$Service.newInstanceUtil(Ljava/lang/Class;Ljava/lang/Object;)Ljava/lang/Object; java.base@21.0.10 (60 bytes) @ 0x0000025a8ba36554 [0x0000025a8ba36460+0x00000000000000f4]
J 11653 c1 java.security.Provider$Service.newInstance(Ljava/lang/Object;)Ljava/lang/Object; java.base@21.0.10 (354 bytes) @ 0x0000025a8ba2fefc [0x0000025a8ba2f4a0+0x0000000000000a5c]
J 16104 c1 sun.security.jca.GetInstance.getInstance(Ljava/security/Provider$Service;Ljava/lang/Class;)Lsun/security/jca/GetInstance$Instance; java.base@21.0.10 (28 bytes) @ 0x0000025a8c09f2fc [0x0000025a8c09f200+0x00000000000000fc]
J 16159 c1 sun.security.jca.GetInstance.getInstance(Ljava/lang/String;Ljava/lang/Class;Ljava/lang/String;)Lsun/security/jca/GetInstance$Instance; java.base@21.0.10 (130 bytes) @ 0x0000025a8c0b8464 [0x0000025a8c0b8060+0x0000000000000404]
j  javax.net.ssl.SSLContext.getInstance(Ljava/lang/String;)Ljavax/net/ssl/SSLContext;+12 java.base@21.0.10
j  org.gradle.internal.resource.transport.http.SystemDefaultSSLContextFactory.create()Ljavax/net/ssl/SSLContext;+2
j  org.gradle.internal.resource.transport.http.DefaultSslContextFactory$SslContextLoader.load(Ljava/util/Map;)Ljavax/net/ssl/SSLContext;+0
j  org.gradle.internal.resource.transport.http.DefaultSslContextFactory$SynchronizedSystemPropertiesCacheLoader.lambda$load$0(Ljava/util/Map;)Ljavax/net/ssl/SSLContext;+1
j  org.gradle.internal.resource.transport.http.DefaultSslContextFactory$SynchronizedSystemPropertiesCacheLoader$$Lambda+0x000000010144b4f8.create()Ljava/lang/Object;+4
j  org.gradle.internal.SystemProperties.withSystemProperties(Ljava/util/Map;Lorg/gradle/internal/Factory;)Ljava/lang/Object;+92
j  org.gradle.internal.resource.transport.http.DefaultSslContextFactory$SynchronizedSystemPropertiesCacheLoader.load(Ljava/util/Map;)Ljavax/net/ssl/SSLContext;+10
j  org.gradle.internal.resource.transport.http.DefaultSslContextFactory$SynchronizedSystemPropertiesCacheLoader.load(Ljava/lang/Object;)Ljava/lang/Object;+5
J 11649 c2 com.google.common.cache.LocalCache$Segment.lockedGetOrLoad(Ljava/lang/Object;ILcom/google/common/cache/CacheLoader;)Ljava/lang/Object; (447 bytes) @ 0x0000025a92923d48 [0x0000025a929223e0+0x0000000000001968]
J 11416 c2 com.google.common.cache.LocalCache$Segment.get(Ljava/lang/Object;ILcom/google/common/cache/CacheLoader;)Ljava/lang/Object; (210 bytes) @ 0x0000025a9271f73c [0x0000025a9271f600+0x000000000000013c]
J 11652 c2 com.google.common.cache.LocalCache.get(Ljava/lang/Object;Lcom/google/common/cache/CacheLoader;)Ljava/lang/Object; (21 bytes) @ 0x0000025a9292bdf8 [0x0000025a9292bcc0+0x0000000000000138]
J 11259 c1 com.google.common.cache.LocalCache$LocalLoadingCache.getUnchecked(Ljava/lang/Object;)Ljava/lang/Object; (19 bytes) @ 0x0000025a8b961e04 [0x0000025a8b961d00+0x0000000000000104]
j  org.gradle.internal.resource.transport.http.DefaultSslContextFactory.createSslContext()Ljavax/net/ssl/SSLContext;+7
j  org.gradle.internal.resource.transport.http.HttpClientConfigurer.jdkSupportsTLSProtocol(Ljava/lang/String;)Z+9
j  org.gradle.internal.resource.transport.http.HttpClientConfigurer.determineHttpsProtocols()[Ljava/lang/String;+48
j  org.gradle.internal.resource.transport.http.HttpClientConfigurer.<init>(Lorg/gradle/internal/resource/transport/http/HttpSettings;)V+11
j  org.gradle.internal.resource.transport.http.HttpClientHelper.getClient()Lorg/apache/http/impl/client/CloseableHttpClient;+19
j  org.gradle.internal.resource.transport.http.HttpClientHelper.performHttpRequest(Lorg/apache/http/client/methods/HttpRequestBase;Lorg/apache/http/protocol/HttpContext;)Lorg/gradle/internal/resource/transport/http/HttpClientResponse;+31
j  org.gradle.internal.resource.transport.http.HttpClientHelper.performHttpRequest(Lorg/apache/http/client/methods/HttpRequestBase;)Lorg/gradle/internal/resource/transport/http/HttpClientResponse;+16
j  org.gradle.internal.resource.transport.http.HttpClientHelper.executeGetOrHead(Lorg/apache/http/client/methods/HttpRequestBase;)Lorg/gradle/internal/resource/transport/http/HttpClientResponse;+2
j  org.gradle.internal.resource.transport.http.HttpClientHelper.performRequest(Lorg/apache/http/client/methods/HttpRequestBase;Z)Lorg/gradle/internal/resource/transport/http/HttpClientResponse;+19
j  org.gradle.internal.resource.transport.http.HttpClientHelper.performRawHead(Ljava/lang/String;Z)Lorg/gradle/internal/resource/transport/http/HttpClientResponse;+10
j  org.gradle.internal.resource.transport.http.HttpClientHelper.performHead(Ljava/lang/String;Z)Lorg/gradle/internal/resource/transport/http/HttpClientResponse;+4
j  org.gradle.internal.resource.transport.http.HttpResourceAccessor.getMetaData(Lorg/gradle/internal/resource/ExternalResourceName;Z)Lorg/gradle/internal/resource/metadata/ExternalResourceMetaData;+25
j  org.gradle.internal.resource.transfer.DefaultExternalResourceConnector.getMetaData(Lorg/gradle/internal/resource/ExternalResourceName;Z)Lorg/gradle/internal/resource/metadata/ExternalResourceMetaData;+18
j  org.gradle.internal.resource.transfer.ProgressLoggingExternalResourceAccessor$MetadataOperation.call(Lorg/gradle/internal/operations/BuildOperationContext;)Lorg/gradle/internal/resource/metadata/ExternalResourceMetaData;+15
j  org.gradle.internal.resource.transfer.ProgressLoggingExternalResourceAccessor$MetadataOperation.call(Lorg/gradle/internal/operations/BuildOperationContext;)Ljava/lang/Object;+2
J 7624 c1 org.gradle.internal.operations.DefaultBuildOperationRunner$CallableBuildOperationWorker.execute(Lorg/gradle/internal/operations/BuildOperation;Lorg/gradle/internal/operations/BuildOperationContext;)V (10 bytes) @ 0x0000025a8b4be534 [0x0000025a8b4be2e0+0x0000000000000254]
J 8891 c1 org.gradle.internal.operations.DefaultBuildOperationRunner$2.execute(Lorg/gradle/internal/operations/BuildOperationDescriptor;Lorg/gradle/internal/operations/BuildOperationState;Lorg/gradle/internal/operations/BuildOperationState;Lorg/gradle/internal/operations/DefaultBuildOperationRunner$ReadableBuildOperationContext;Lorg/gradle/internal/operations/DefaultBuildOperationRunner$BuildOperationExecutionListener;)Lorg/gradle/internal/operations/BuildOperation; (110 bytes) @ 0x0000025a8b695334 [0x0000025a8b695140+0x00000000000001f4]
J 8607 c1 org.gradle.internal.operations.DefaultBuildOperationRunner$2.execute(Lorg/gradle/internal/operations/BuildOperationDescriptor;Lorg/gradle/internal/operations/BuildOperationState;Lorg/gradle/internal/operations/BuildOperationState;Lorg/gradle/internal/operations/DefaultBuildOperationRunner$ReadableBuildOperationContext;Lorg/gradle/internal/operations/DefaultBuildOperationRunner$BuildOperationExecutionListener;)Ljava/lang/Object; (12 bytes) @ 0x0000025a8b61b24c [0x0000025a8b61b1c0+0x000000000000008c]
J 14651 c1 org.gradle.internal.operations.DefaultBuildOperationRunner.execute(Lorg/gradle/internal/operations/BuildOperationDescriptor$Builder;Lorg/gradle/internal/operations/BuildOperationState;Lorg/gradle/internal/operations/DefaultBuildOperationRunner$BuildOperationExecution;)Ljava/lang/Object; (147 bytes) @ 0x0000025a8a95ca9c [0x0000025a8a95c000+0x0000000000000a9c]
J 14005 c2 org.gradle.internal.operations.DefaultBuildOperationRunner.execute(Lorg/gradle/internal/operations/BuildOperation;Lorg/gradle/internal/operations/BuildOperationWorker;Lorg/gradle/internal/operations/BuildOperationState;)V (23 bytes) @ 0x0000025a9238fe90 [0x0000025a9238fdc0+0x00000000000000d0]
J 7623 c1 org.gradle.internal.operations.DefaultBuildOperationRunner.call(Lorg/gradle/internal/operations/CallableBuildOperation;)Ljava/lang/Object; (24 bytes) @ 0x0000025a8b4bdcc4 [0x0000025a8b4bd820+0x00000000000004a4]
j  org.gradle.internal.resource.transfer.ProgressLoggingExternalResourceAccessor.getMetaData(Lorg/gradle/internal/resource/ExternalResourceName;Z)Lorg/gradle/internal/resource/metadata/ExternalResourceMetaData;+14
j  org.gradle.internal.resource.transfer.AccessorBackedExternalResource.getMetaData()Lorg/gradle/internal/resource/metadata/ExternalResourceMetaData;+12
j  org.gradle.api.internal.artifacts.repositories.resolver.DefaultExternalResourceArtifactResolver.staticResourceExists(Ljava/util/List;Lorg/gradle/internal/component/external/model/ModuleComponentArtifactMetadata;Lorg/gradle/internal/resolve/result/ResourceAwareResolveResult;)Z+85
j  org.gradle.api.internal.artifacts.repositories.resolver.DefaultExternalResourceArtifactResolver.artifactExists(Lorg/gradle/internal/component/external/model/ModuleComponentArtifactMetadata;Lorg/gradle/internal/resolve/result/ResourceAwareResolveResult;)Z+7
j  org.gradle.api.internal.artifacts.repositories.resolver.ExternalResourceResolver$RemoteRepositoryAccess.resolveArtifact(Lorg/gradle/internal/component/model/ComponentArtifactMetadata;Lorg/gradle/internal/component/model/ModuleSources;Lorg/gradle/internal/resolve/result/BuildableArtifactFileResolveResult;)V+35
j  org.gradle.api.internal.artifacts.ivyservice.ivyresolve.CachingModuleComponentRepository$ResolveAndCacheRepositoryAccess.resolveArtifact(Lorg/gradle/internal/component/model/ComponentArtifactMetadata;Lorg/gradle/internal/component/model/ModuleSources;Lorg/gradle/internal/resolve/result/BuildableArtifactFileResolveResult;)V+15
j  org.gradle.api.internal.artifacts.ivyservice.ivyresolve.ErrorHandlingModuleComponentRepository$ErrorHandlingModuleComponentRepositoryAccess.lambda$resolveArtifact$12(Lorg/gradle/internal/component/model/ComponentArtifactMetadata;Lorg/gradle/internal/component/model/ModuleSources;Lorg/gradle/internal/resolve/result/BuildableArtifactFileResolveResult;)Lorg/gradle/internal/resolve/ArtifactResolveException;+7
J 16222 c1 org.gradle.api.internal.artifacts.ivyservice.ivyresolve.ErrorHandlingModuleComponentRepository$ErrorHandlingModuleComponentRepositoryAccess$$Lambda+0x0000000100b12000.call()Ljava/lang/Object; (20 bytes) @ 0x0000025a8c0e37dc [0x0000025a8c0e3740+0x000000000000009c]
J 8336 c1 org.gradle.api.internal.artifacts.ivyservice.ivyresolve.ErrorHandlingModuleComponentRepository$ErrorHandlingModuleComponentRepositoryAccess.tryResolveAndMaybeDisable(Lorg/gradle/internal/resolve/result/ErroringResolveResult;Ljava/util/concurrent/Callable;Lorg/gradle/api/Transformer;)V (229 bytes) @ 0x0000025a8b5a7ef4 [0x0000025a8b5a7d80+0x0000000000000174]
J 16376 c1 org.gradle.api.internal.artifacts.ivyservice.ivyresolve.ErrorHandlingModuleComponentRepository$ErrorHandlingModuleComponentRepositoryAccess.resolveArtifact(Lorg/gradle/internal/component/model/ComponentArtifactMetadata;Lorg/gradle/internal/component/model/ModuleSources;Lorg/gradle/internal/resolve/result/BuildableArtifactFileResolveResult;)V (28 bytes) @ 0x0000025a8c128434 [0x0000025a8c127780+0x0000000000000cb4]
J 16377 c1 org.gradle.api.internal.artifacts.ivyservice.ivyresolve.RepositoryChainArtifactResolver.resolveArtifactLater(Lorg/gradle/internal/component/model/ComponentArtifactMetadata;Lorg/gradle/internal/component/model/ModuleSources;Lorg/gradle/api/internal/artifacts/ivyservice/ivyresolve/ModuleComponentRepository;)Ljava/io/File; (57 bytes) @ 0x0000025a8c12b37c [0x0000025a8c12ad80+0x00000000000005fc]
J 16381 c1 org.gradle.api.internal.artifacts.ivyservice.ivyresolve.RepositoryChainArtifactResolver$$Lambda+0x0000000100b0f5c0.get()Ljava/lang/Object; (20 bytes) @ 0x0000025a8c12dfdc [0x0000025a8c12dd60+0x000000000000027c]
J 8616 c1 org.gradle.internal.model.CalculatedValueContainerFactory$SupplierBackedCalculator.calculateValue(Lorg/gradle/api/internal/tasks/NodeExecutionContext;)Ljava/lang/Object; (10 bytes) @ 0x0000025a8b622044 [0x0000025a8b621f40+0x0000000000000104]
J 9071 c1 org.gradle.internal.model.CalculatedValueContainer$CalculationState$$Lambda+0x000000010084a578.call()Ljava/lang/Object; (12 bytes) @ 0x0000025a8aae424c [0x0000025a8aae3fe0+0x000000000000026c]
J 8621 c1 org.gradle.internal.model.CalculatedValueContainer$CalculationState.attachValue(Lorg/gradle/internal/model/CalculatedValueContainer;Lorg/gradle/api/internal/tasks/NodeExecutionContext;)V (57 bytes) @ 0x0000025a8b62557c [0x0000025a8b624b20+0x0000000000000a5c]
J 16235 c1 org.gradle.api.internal.artifacts.DefaultResolvableArtifact.getFile()Ljava/io/File; (22 bytes) @ 0x0000025a8c0eac1c [0x0000025a8c0eaaa0+0x000000000000017c]
J 8690 c1 org.gradle.internal.resolve.resolver.DefaultComponentArtifactResolver.resolveArtifacts(Ljava/util/List;)Ljava/util/Set; (110 bytes) @ 0x0000025a8b647074 [0x0000025a8b646440+0x0000000000000c34]
J 16050 c1 org.gradle.api.internal.artifacts.ivyservice.resolveengine.artifact.ArtifactBackedResolvedVariant.getArtifacts()Lorg/gradle/api/internal/artifacts/ivyservice/resolveengine/artifact/ResolvedArtifactSet; (161 bytes) @ 0x0000025a8c07eb24 [0x0000025a8c07ea60+0x00000000000000c4]
J 8680 c1 org.gradle.api.internal.artifacts.transform.AttributeMatchingArtifactVariantSelector.doSelect(Lorg/gradle/api/internal/artifacts/ivyservice/resolveengine/artifact/ResolvedVariantSet;Lorg/gradle/api/internal/attributes/ImmutableAttributes;Z)Lorg/gradle/api/internal/artifacts/ivyservice/resolveengine/artifact/ResolvedArtifactSet; (180 bytes) @ 0x0000025a8b642dec [0x0000025a8b641f00+0x0000000000000eec]
J 8679 c1 org.gradle.api.internal.artifacts.transform.AttributeMatchingArtifactVariantSelector.select(Lorg/gradle/api/internal/artifacts/ivyservice/resolveengine/artifact/ResolvedVariantSet;Lorg/gradle/api/internal/attributes/ImmutableAttributes;Z)Lorg/gradle/api/internal/artifacts/ivyservice/resolveengine/artifact/ResolvedArtifactSet; (29 bytes) @ 0x0000025a8b641804 [0x0000025a8b641760+0x00000000000000a4]
J 8711 c1 org.gradle.api.internal.artifacts.ivyservice.resolveengine.artifact.VariantResolvingArtifactSet.select(Lorg/gradle/api/internal/artifacts/ivyservice/resolveengine/artifact/ArtifactSelectionServices;Lorg/gradle/api/internal/artifacts/ivyservice/resolveengine/artifact/ArtifactSelectionSpec;)Lorg/gradle/api/internal/artifacts/ivyservice/resolveengine/artifact/ResolvedArtifactSet; (178 bytes) @ 0x0000025a8b6514b4 [0x0000025a8b650a80+0x0000000000000a34]
j  org.gradle.api.internal.artifacts.ivyservice.resolveengine.artifact.DefaultVisitedArtifactResults.select(Lorg/gradle/api/internal/artifacts/ivyservice/resolveengine/artifact/ArtifactSelectionServices;Lorg/gradle/api/internal/artifacts/ivyservice/resolveengine/artifact/ArtifactSelectionSpec;Z)Lorg/gradle/api/internal/artifacts/ivyservice/resolveengine/artifact/SelectedArtifactResults;+55
j  org.gradle.api.internal.artifacts.ivyservice.resolveengine.artifact.DefaultVisitedArtifactSet.select(Lorg/gradle/api/internal/artifacts/ivyservice/resolveengine/artifact/ArtifactSelectionSpec;)Lorg/gradle/api/internal/artifacts/ivyservice/resolveengine/artifact/SelectedArtifactSet;+10
j  org.gradle.api.internal.artifacts.resolver.DefaultResolutionOutputs$DefaultArtifactView.selectArtifacts(Lorg/gradle/api/internal/artifacts/ResolverResults;)Lorg/gradle/api/internal/artifacts/ivyservice/resolveengine/artifact/SelectedArtifactSet;+53
j  org.gradle.api.internal.artifacts.resolver.DefaultResolutionOutputs$DefaultArtifactView$$Lambda+0x00000001008478a0.apply(Ljava/lang/Object;)Ljava/lang/Object;+8
j  org.gradle.api.internal.artifacts.configurations.ResolutionResultProvider$1.getValue()Ljava/lang/Object;+13
j  org.gradle.api.internal.artifacts.configurations.ResolutionResultProviderBackedSelectedArtifactSet.visitArtifacts(Lorg/gradle/api/internal/artifacts/ivyservice/resolveengine/artifact/ArtifactVisitor;Z)V+12
j  org.gradle.api.internal.artifacts.configurations.DefaultArtifactCollection.lambda$new$0(ZLorg/gradle/api/internal/artifacts/configurations/ResolutionHost;)Lorg/gradle/api/internal/artifacts/configurations/DefaultArtifactCollection$ArtifactSetResult;+17
j  org.gradle.api.internal.artifacts.configurations.DefaultArtifactCollection$$Lambda+0x000000010086a5a0.get()Ljava/lang/Object;+12
J 8616 c1 org.gradle.internal.model.CalculatedValueContainerFactory$SupplierBackedCalculator.calculateValue(Lorg/gradle/api/internal/tasks/NodeExecutionContext;)Ljava/lang/Object; (10 bytes) @ 0x0000025a8b622044 [0x0000025a8b621f40+0x0000000000000104]
J 9071 c1 org.gradle.internal.model.CalculatedValueContainer$CalculationState$$Lambda+0x000000010084a578.call()Ljava/lang/Object; (12 bytes) @ 0x0000025a8aae424c [0x0000025a8aae3fe0+0x000000000000026c]
J 8621 c1 org.gradle.internal.model.CalculatedValueContainer$CalculationState.attachValue(Lorg/gradle/internal/model/CalculatedValueContainer;Lorg/gradle/api/internal/tasks/NodeExecutionContext;)V (57 bytes) @ 0x0000025a8b62557c [0x0000025a8b624b20+0x0000000000000a5c]
J 14312 c2 org.gradle.internal.model.CalculatedValueContainer.finalizeIfNotAlready()V (6 bytes) @ 0x0000025a9236d804 [0x0000025a9236d7a0+0x0000000000000064]
j  org.gradle.api.internal.artifacts.configurations.DefaultArtifactCollection.ensureResolved()V+4
j  org.gradle.api.internal.artifacts.configurations.DefaultArtifactCollection.iterator()Ljava/util/Iterator;+1
j  com.android.build.gradle.internal.ide.dependencies.FullDependencyGraphBuilder.buildGraph(Lcom/android/build/gradle/internal/publishing/AndroidArtifacts$ConsumedConfigType;Z)Lcom/android/build/gradle/internal/ide/dependencies/Graph;+376
j  com.android.build.gradle.internal.ide.dependencies.FullDependencyGraphBuilder.buildWithAdjacencyList()Lcom/android/build/gradle/internal/ide/v2/ArtifactDependenciesAdjacencyListImpl;+12
j  com.android.build.gradle.internal.ide.v2.ModelBuilder.createDependenciesWithAdjacencyList(Lcom/android/build/gradle/internal/component/ComponentCreationConfig;Lcom/android/build/gradle/internal/ide/dependencies/LibraryService;Lcom/android/build/gradle/internal/ide/dependencies/GraphEdgeCache;ZZ)Lcom/android/builder/model/v2/ide/ArtifactDependenciesAdjacencyList;+11
j  com.android.build.gradle.internal.ide.v2.ModelBuilder.buildVariantDependenciesModel(Lorg/gradle/api/Project;Lcom/android/builder/model/v2/models/ModelBuilderParameter;Z)Ljava/io/Serializable;+398
j  com.android.build.gradle.internal.ide.v2.ModelBuilder.buildAll(Ljava/lang/String;Lcom/android/builder/model/v2/models/ModelBuilderParameter;Lorg/gradle/api/Project;)Ljava/lang/Object;+68
j  com.android.build.gradle.internal.ide.v2.ModelBuilder.buildAll(Ljava/lang/String;Ljava/lang/Object;Lorg/gradle/api/Project;)Ljava/lang/Object;+7
j  org.gradle.tooling.provider.model.internal.DefaultToolingModelBuilderRegistry$BuilderWithParameter.build(Ljava/lang/Object;)Ljava/lang/Object;+38
j  org.gradle.tooling.provider.model.internal.DefaultToolingModelBuilderRegistry$UserCodeAssigningBuilder.lambda$build$0(Ljava/lang/Object;)Ljava/lang/Object;+5
j  org.gradle.tooling.provider.model.internal.DefaultToolingModelBuilderRegistry$UserCodeAssigningBuilder$$Lambda+0x000000010109ac28.get()Ljava/lang/Object;+8
J 13196 c1 org.gradle.internal.code.DefaultUserCodeApplicationContext$CurrentApplication.reapply(Ljava/util/function/Supplier;)Ljava/lang/Object; (61 bytes) @ 0x0000025a8bcea91c [0x0000025a8bcea5a0+0x000000000000037c]
j  org.gradle.tooling.provider.model.internal.DefaultToolingModelBuilderRegistry$UserCodeAssigningBuilder.build(Ljava/lang/Object;)Ljava/lang/Object;+11
j  org.gradle.tooling.provider.model.internal.DefaultToolingModelBuilderRegistry$LockSingleProjectBuilder.lambda$build$0(Ljava/lang/Object;Lorg/gradle/api/internal/project/ProjectInternal;)Ljava/lang/Object;+5
j  org.gradle.tooling.provider.model.internal.DefaultToolingModelBuilderRegistry$LockSingleProjectBuilder$$Lambda+0x000000010109a9b0.apply(Ljava/lang/Object;)Ljava/lang/Object;+12
j  org.gradle.api.internal.project.DefaultProjectStateRegistry$ProjectStateImpl.lambda$fromMutableState$2(Ljava/util/function/Function;)Ljava/lang/Object;+5
j  org.gradle.api.internal.project.DefaultProjectStateRegistry$ProjectStateImpl$$Lambda+0x0000000100a6ef68.create()Ljava/lang/Object;+8
j  org.gradle.internal.work.DefaultWorkerLeaseService.withReplacedLocks(Ljava/util/Collection;Lorg/gradle/internal/resources/ResourceLock;Lorg/gradle/internal/Factory;)Ljava/lang/Object;+40
j  org.gradle.api.internal.project.DefaultProjectStateRegistry$ProjectStateImpl.fromMutableState(Ljava/util/function/Function;)Ljava/lang/Object;+133
j  org.gradle.tooling.provider.model.internal.DefaultToolingModelBuilderRegistry$LockSingleProjectBuilder.build(Ljava/lang/Object;)Ljava/lang/Object;+11
j  org.gradle.tooling.provider.model.internal.DefaultToolingModelBuilderRegistry$BuildOperationWrappingBuilder$1.call(Lorg/gradle/internal/operations/BuildOperationContext;)Ljava/lang/Object;+11
J 7624 c1 org.gradle.internal.operations.DefaultBuildOperationRunner$CallableBuildOperationWorker.execute(Lorg/gradle/internal/operations/BuildOperation;Lorg/gradle/internal/operations/BuildOperationContext;)V (10 bytes) @ 0x0000025a8b4be534 [0x0000025a8b4be2e0+0x0000000000000254]
J 8891 c1 org.gradle.internal.operations.DefaultBuildOperationRunner$2.execute(Lorg/gradle/internal/operations/BuildOperationDescriptor;Lorg/gradle/internal/operations/BuildOperationState;Lorg/gradle/internal/operations/BuildOperationState;Lorg/gradle/internal/operations/DefaultBuildOperationRunner$ReadableBuildOperationContext;Lorg/gradle/internal/operations/DefaultBuildOperationRunner$BuildOperationExecutionListener;)Lorg/gradle/internal/operations/BuildOperation; (110 bytes) @ 0x0000025a8b695334 [0x0000025a8b695140+0x00000000000001f4]
J 8607 c1 org.gradle.internal.operations.DefaultBuildOperationRunner$2.execute(Lorg/gradle/internal/operations/BuildOperationDescriptor;Lorg/gradle/internal/operations/BuildOperationState;Lorg/gradle/internal/operations/BuildOperationState;Lorg/gradle/internal/operations/DefaultBuildOperationRunner$ReadableBuildOperationContext;Lorg/gradle/internal/operations/DefaultBuildOperationRunner$BuildOperationExecutionListener;)Ljava/lang/Object; (12 bytes) @ 0x0000025a8b61b24c [0x0000025a8b61b1c0+0x000000000000008c]
J 14651 c1 org.gradle.internal.operations.DefaultBuildOperationRunner.execute(Lorg/gradle/internal/operations/BuildOperationDescriptor$Builder;Lorg/gradle/internal/operations/BuildOperationState;Lorg/gradle/internal/operations/DefaultBuildOperationRunner$BuildOperationExecution;)Ljava/lang/Object; (147 bytes) @ 0x0000025a8a95ca9c [0x0000025a8a95c000+0x0000000000000a9c]
J 14005 c2 org.gradle.internal.operations.DefaultBuildOperationRunner.execute(Lorg/gradle/internal/operations/BuildOperation;Lorg/gradle/internal/operations/BuildOperationWorker;Lorg/gradle/internal/operations/BuildOperationState;)V (23 bytes) @ 0x0000025a9238fe90 [0x0000025a9238fdc0+0x00000000000000d0]
J 7623 c1 org.gradle.internal.operations.DefaultBuildOperationRunner.call(Lorg/gradle/internal/operations/CallableBuildOperation;)Ljava/lang/Object; (24 bytes) @ 0x0000025a8b4bdcc4 [0x0000025a8b4bd820+0x00000000000004a4]
j  org.gradle.tooling.provider.model.internal.DefaultToolingModelBuilderRegistry$BuildOperationWrappingBuilder.build(Ljava/lang/Object;)Ljava/lang/Object;+13
j  org.gradle.internal.build.DefaultBuildToolingModelController$AbstractToolingScope.getModel(Ljava/lang/String;Lorg/gradle/tooling/provider/model/internal/ToolingModelParameterCarrier;)Ljava/lang/Object;+46
j  org.gradle.internal.buildtree.DefaultBuildTreeModelCreator$DefaultBuildTreeModelController.getModelForScope(Lorg/gradle/tooling/provider/model/internal/ToolingModelScope;Ljava/lang/String;Ljava/lang/Object;)Ljava/lang/Object;+28
j  org.gradle.internal.buildtree.DefaultBuildTreeModelCreator$DefaultBuildTreeModelController.access$300(Lorg/gradle/internal/buildtree/DefaultBuildTreeModelCreator$DefaultBuildTreeModelController;Lorg/gradle/tooling/provider/model/internal/ToolingModelScope;Ljava/lang/String;Ljava/lang/Object;)Ljava/lang/Object;+4
j  org.gradle.internal.buildtree.DefaultBuildTreeModelCreator$DefaultBuildTreeModelController$1.call(Lorg/gradle/internal/operations/BuildOperationContext;)Ljava/lang/Object;+41
J 7624 c1 org.gradle.internal.operations.DefaultBuildOperationRunner$CallableBuildOperationWorker.execute(Lorg/gradle/internal/operations/BuildOperation;Lorg/gradle/internal/operations/BuildOperationContext;)V (10 bytes) @ 0x0000025a8b4be534 [0x0000025a8b4be2e0+0x0000000000000254]
J 8891 c1 org.gradle.internal.operations.DefaultBuildOperationRunner$2.execute(Lorg/gradle/internal/operations/BuildOperationDescriptor;Lorg/gradle/internal/operations/BuildOperationState;Lorg/gradle/internal/operations/BuildOperationState;Lorg/gradle/internal/operations/DefaultBuildOperationRunner$ReadableBuildOperationContext;Lorg/gradle/internal/operations/DefaultBuildOperationRunner$BuildOperationExecutionListener;)Lorg/gradle/internal/operations/BuildOperation; (110 bytes) @ 0x0000025a8b695334 [0x0000025a8b695140+0x00000000000001f4]
J 8607 c1 org.gradle.internal.operations.DefaultBuildOperationRunner$2.execute(Lorg/gradle/internal/operations/BuildOperationDescriptor;Lorg/gradle/internal/operations/BuildOperationState;Lorg/gradle/internal/operations/BuildOperationState;Lorg/gradle/internal/operations/DefaultBuildOperationRunner$ReadableBuildOperationContext;Lorg/gradle/internal/operations/DefaultBuildOperationRunner$BuildOperationExecutionListener;)Ljava/lang/Object; (12 bytes) @ 0x0000025a8b61b24c [0x0000025a8b61b1c0+0x000000000000008c]
J 14651 c1 org.gradle.internal.operations.DefaultBuildOperationRunner.execute(Lorg/gradle/internal/operations/BuildOperationDescriptor$Builder;Lorg/gradle/internal/operations/BuildOperationState;Lorg/gradle/internal/operations/DefaultBuildOperationRunner$BuildOperationExecution;)Ljava/lang/Object; (147 bytes) @ 0x0000025a8a95ca9c [0x0000025a8a95c000+0x0000000000000a9c]
J 14005 c2 org.gradle.internal.operations.DefaultBuildOperationRunner.execute(Lorg/gradle/internal/operations/BuildOperation;Lorg/gradle/internal/operations/BuildOperationWorker;Lorg/gradle/internal/operations/BuildOperationState;)V (23 bytes) @ 0x0000025a9238fe90 [0x0000025a9238fdc0+0x00000000000000d0]
J 7623 c1 org.gradle.internal.operations.DefaultBuildOperationRunner.call(Lorg/gradle/internal/operations/CallableBuildOperation;)Ljava/lang/Object; (24 bytes) @ 0x0000025a8b4bdcc4 [0x0000025a8b4bd820+0x00000000000004a4]
j  org.gradle.internal.buildtree.DefaultBuildTreeModelCreator$DefaultBuildTreeModelController.getModel(Lorg/gradle/internal/buildtree/BuildTreeModelTarget;Ljava/lang/String;Ljava/lang/Object;)Ljava/lang/Object;+18
j  org.gradle.tooling.internal.provider.runner.DefaultBuildController.getModel(Ljava/lang/Object;Lorg/gradle/tooling/internal/protocol/ModelIdentifier;Ljava/lang/Object;)Lorg/gradle/tooling/internal/protocol/BuildResult;+61
j  org.gradle.tooling.internal.consumer.connection.ParameterAwareBuildControllerAdapter.getModel(Ljava/lang/Object;Lorg/gradle/tooling/internal/protocol/ModelIdentifier;Ljava/lang/Object;)Lorg/gradle/tooling/internal/protocol/BuildResult;+7
j  org.gradle.tooling.internal.consumer.connection.UnparameterizedBuildController.getModel(Lorg/gradle/tooling/model/Model;Ljava/lang/Class;Ljava/lang/Class;Lorg/gradle/api/Action;)Ljava/lang/Object;+44
j  org.gradle.tooling.internal.consumer.connection.NestedActionAwareBuildControllerAdapter.getModel(Lorg/gradle/tooling/model/Model;Ljava/lang/Class;Ljava/lang/Class;Lorg/gradle/api/Action;)Ljava/lang/Object;+6
j  org.gradle.tooling.internal.consumer.connection.UnparameterizedBuildController.findModel(Lorg/gradle/tooling/model/Model;Ljava/lang/Class;Ljava/lang/Class;Lorg/gradle/api/Action;)Ljava/lang/Object;+6
j  org.gradle.tooling.internal.consumer.connection.NestedActionAwareBuildControllerAdapter.findModel(Lorg/gradle/tooling/model/Model;Ljava/lang/Class;Ljava/lang/Class;Lorg/gradle/api/Action;)Ljava/lang/Object;+6
j  org.jetbrains.plugins.gradle.model.DefaultBuildController.findModel(Lorg/gradle/tooling/model/Model;Ljava/lang/Class;Ljava/lang/Class;Lorg/gradle/api/Action;)Ljava/lang/Object;+26
j  com.android.tools.idea.gradle.project.sync.SyncActionRunnerKt$toMeasuringController$1.findModel$lambda$7(Lorg/gradle/tooling/BuildController;Lorg/gradle/tooling/model/Model;Ljava/lang/Class;Ljava/lang/Class;Lorg/gradle/api/Action;)Ljava/lang/Object;+6
j  com.android.tools.idea.gradle.project.sync.SyncActionRunnerKt$toMeasuringController$1$$Lambda+0x00000001013edd90.invoke()Ljava/lang/Object;+20
j  com.android.tools.idea.projectsystem.gradle.sync.Counter.invoke(Lkotlin/jvm/functions/Function0;)Ljava/lang/Object;+22
j  com.android.tools.idea.gradle.project.sync.SyncActionRunnerKt.measure(Lcom/android/tools/idea/gradle/project/sync/SyncCounters;Ljava/lang/Class;Lkotlin/jvm/functions/Function0;)Ljava/lang/Object;+398
j  com.android.tools.idea.gradle.project.sync.SyncActionRunnerKt.access$measure(Lcom/android/tools/idea/gradle/project/sync/SyncCounters;Ljava/lang/Class;Lkotlin/jvm/functions/Function0;)Ljava/lang/Object;+3
j  com.android.tools.idea.gradle.project.sync.SyncActionRunnerKt$toMeasuringController$1.findModel(Lorg/gradle/tooling/model/Model;Ljava/lang/Class;Ljava/lang/Class;Lorg/gradle/api/Action;)Ljava/lang/Object;+38
j  com.android.tools.idea.gradle.project.sync.ActionToRun$toSafeController$1.findModel(Lorg/gradle/tooling/model/Model;Ljava/lang/Class;Ljava/lang/Class;Lorg/gradle/api/Action;)Ljava/lang/Object;+36
j  com.android.tools.idea.gradle.project.sync.ModelFetchersKt.findVariantDependenciesV2Model$findModel(Lorg/gradle/tooling/BuildController;Lorg/gradle/tooling/model/gradle/BasicGradleProject;Ljava/lang/String;Ljava/lang/Class;Lkotlin/jvm/functions/Function1;)Ljava/lang/Object;+22
j  com.android.tools.idea.gradle.project.sync.ModelFetchersKt.findVariantDependenciesV2Model(Lorg/gradle/tooling/BuildController;Lorg/gradle/tooling/model/gradle/BasicGradleProject;Lcom/android/tools/idea/gradle/project/sync/ModelVersions;Ljava/lang/String;ZLkotlin/jvm/functions/Function1;)Lcom/android/tools/idea/gradle/project/sync/VariantDependenciesCompat;+96
j  com.android.tools.idea.gradle.project.sync.AndroidProjectResultKt.v2VariantFetcher$lambda$0(Ljava/util/List;Lcom/android/tools/idea/gradle/project/sync/ModelVersions;ZLcom/android/tools/idea/gradle/project/sync/AndroidProjectResult$Companion$RuntimeClasspathBehaviour;ZLcom/android/tools/idea/gradle/project/sync/ModelCache$V2;Lorg/gradle/tooling/BuildController;Lcom/android/tools/idea/gradle/project/sync/AndroidProjectPathResolver;Lcom/android/tools/idea/gradle/project/sync/AndroidModule;Lcom/android/tools/idea/gradle/project/sync/ModuleConfiguration;)Lcom/android/tools/idea/gradle/project/sync/ModelResult;+128
j  com.android.tools.idea.gradle.project.sync.AndroidProjectResultKt$$Lambda+0x000000010141f058.invoke(Ljava/lang/Object;Ljava/lang/Object;Ljava/lang/Object;Ljava/lang/Object;)Ljava/lang/Object;+41
j  com.android.tools.idea.gradle.project.sync.VariantDiscovery.toFetchVariantDependenciesAction$lambda$1$0(Lcom/android/tools/idea/gradle/project/sync/AndroidModule;Lorg/gradle/tooling/BuildController;Lcom/android/tools/idea/gradle/project/sync/VariantDiscovery;Lcom/android/tools/idea/gradle/project/sync/ModuleConfiguration;Lcom/android/tools/idea/gradle/project/sync/ModelResult$Context;)Lcom/android/tools/idea/gradle/project/sync/SyncVariantResultSuccess;+21
j  com.android.tools.idea.gradle.project.sync.VariantDiscovery$$Lambda+0x0000000101423ab0.invoke(Ljava/lang/Object;)Ljava/lang/Object;+20
j  com.android.tools.idea.gradle.project.sync.ModelResult$Companion.create(Lkotlin/jvm/functions/Function1;)Lcom/android/tools/idea/gradle/project/sync/ModelResult;+34
j  com.android.tools.idea.gradle.project.sync.VariantDiscovery.toFetchVariantDependenciesAction$lambda$1(Lcom/android/tools/idea/gradle/project/sync/VariantDiscovery;Lcom/android/tools/idea/gradle/project/sync/ModuleConfiguration;Lcom/android/tools/idea/gradle/project/sync/AndroidModule;Lorg/gradle/tooling/BuildController;)Lcom/android/tools/idea/gradle/project/sync/FetchedVariantResult;+48
j  com.android.tools.idea.gradle.project.sync.VariantDiscovery$$Lambda+0x0000000101422cf0.invoke(Ljava/lang/Object;)Ljava/lang/Object;+16
j  com.android.tools.idea.gradle.project.sync.ActionToRun.map$lambda$0(Lkotlin/jvm/functions/Function1;Lcom/android/tools/idea/gradle/project/sync/ActionToRun;Lorg/gradle/tooling/BuildController;)Ljava/lang/Object;+12
j  com.android.tools.idea.gradle.project.sync.ActionToRun$$Lambda+0x00000001014231a0.invoke(Ljava/lang/Object;)Ljava/lang/Object;+12
j  com.android.tools.idea.gradle.project.sync.ActionToRun.run$intellij_android_projectSystem_gradle_sync(Lorg/gradle/tooling/BuildController;)Ljava/lang/Object;+15
j  com.android.tools.idea.gradle.project.sync.SyncActionRunner.runActions$lambda$0(Ljava/util/List;Lcom/android/tools/idea/gradle/project/sync/SyncActionRunner;Lorg/gradle/tooling/BuildController;)Ljava/lang/Object;+25
j  com.android.tools.idea.gradle.project.sync.SyncActionRunner$$Lambda+0x0000000101421308.invoke(Ljava/lang/Object;)Ljava/lang/Object;+12
j  com.android.tools.idea.gradle.project.sync.SyncActionRunner.runAction(Lkotlin/jvm/functions/Function1;)Ljava/lang/Object;+12
j  com.android.tools.idea.gradle.project.sync.SyncActionRunner.runActions(Ljava/util/List;)Ljava/util/List;+50
j  com.android.tools.idea.gradle.project.sync.VariantDiscovery.discoverVariantsAndSync(Z)V+437
j  com.android.tools.idea.gradle.project.sync.SyncProjectActionWorker.populateAndroidModels$lambda$3(Lcom/android/tools/idea/gradle/project/sync/SyncProjectActionWorker;ZLjava/util/Map;)Lkotlin/Unit;+55
j  com.android.tools.idea.gradle.project.sync.SyncProjectActionWorker$$Lambda+0x000000010141fa10.invoke()Ljava/lang/Object;+12
j  com.android.tools.idea.projectsystem.gradle.sync.Counter.invoke(Lkotlin/jvm/functions/Function0;)Ljava/lang/Object;+22
j  com.android.tools.idea.gradle.project.sync.SyncProjectActionWorker.populateAndroidModels(Ljava/util/List;Z)Ljava/util/List;+353
j  com.android.tools.idea.gradle.project.sync.AndroidExtraModelProviderWorker.populateBuildModels()V+572
j  com.android.tools.idea.gradle.project.sync.AndroidExtraModelProviderImpl.populateBuildModels(Lorg/gradle/tooling/BuildController;Lorg/gradle/tooling/model/gradle/GradleBuild;Lorg/jetbrains/plugins/gradle/model/ProjectImportModelProvider$GradleModelConsumer;)V+268
j  com.android.tools.idea.gradle.project.sync.AndroidExtraModelProvider.populateModels(Lorg/gradle/tooling/BuildController;Ljava/util/Collection;Lorg/jetbrains/plugins/gradle/model/ProjectImportModelProvider$GradleModelConsumer;)V+92
j  com.intellij.gradle.toolingExtension.impl.modelAction.GradleModelFetchAction.lambda$populateModels$13(Lorg/jetbrains/plugins/gradle/model/ProjectImportModelProvider;Lorg/gradle/tooling/BuildController;Ljava/util/Collection;Lorg/jetbrains/plugins/gradle/model/ProjectImportModelProvider$GradleModelConsumer;Lio/opentelemetry/api/trace/Span;)V+4
j  com.intellij.gradle.toolingExtension.impl.modelAction.GradleModelFetchAction$$Lambda+0x00000001010d60c8.accept(Ljava/lang/Object;)V+20
j  com.intellij.gradle.toolingExtension.impl.telemetry.GradleOpenTelemetry.lambda$runWithSpan$1(Ljava/util/function/Consumer;Lio/opentelemetry/api/trace/Span;)Ljava/lang/Object;+2
j  com.intellij.gradle.toolingExtension.impl.telemetry.GradleOpenTelemetry$$Lambda+0x00000001010d3c18.apply(Ljava/lang/Object;)Ljava/lang/Object;+8
j  com.intellij.gradle.toolingExtension.impl.telemetry.GradleOpenTelemetry.callWithSpan(Ljava/lang/String;Ljava/util/function/Consumer;Ljava/util/function/Function;)Ljava/lang/Object;+66
j  com.intellij.gradle.toolingExtension.impl.telemetry.GradleOpenTelemetry.callWithSpan(Ljava/lang/String;Ljava/util/function/Function;)Ljava/lang/Object;+24
j  com.intellij.gradle.toolingExtension.impl.telemetry.GradleOpenTelemetry.runWithSpan(Ljava/lang/String;Ljava/util/function/Consumer;)V+24
j  com.intellij.gradle.toolingExtension.impl.modelAction.GradleModelFetchAction.populateModels(Lorg/gradle/tooling/BuildController;Lcom/intellij/gradle/toolingExtension/impl/telemetry/GradleOpenTelemetry;Lorg/jetbrains/plugins/gradle/model/ProjectImportModelProvider$GradleModelConsumer;Ljava/util/Collection;Ljava/util/Collection;)V+95
j  com.intellij.gradle.toolingExtension.impl.modelAction.GradleModelFetchAction.lambda$executeAction$11(Lcom/intellij/gradle/toolingExtension/modelAction/GradleModelFetchPhase;Lorg/gradle/tooling/BuildController;Lcom/intellij/gradle/toolingExtension/impl/telemetry/GradleOpenTelemetry;Lorg/jetbrains/plugins/gradle/model/ProjectImportModelProvider$GradleModelConsumer;Ljava/util/Collection;Lcom/intellij/gradle/toolingExtension/impl/modelAction/GradleDaemonModelHolder;Lio/opentelemetry/api/trace/Span;)V+26
j  com.intellij.gradle.toolingExtension.impl.modelAction.GradleModelFetchAction$$Lambda+0x00000001010d5c00.accept(Ljava/lang/Object;)V+32
j  com.intellij.gradle.toolingExtension.impl.telemetry.GradleOpenTelemetry.lambda$runWithSpan$1(Ljava/util/function/Consumer;Lio/opentelemetry/api/trace/Span;)Ljava/lang/Object;+2
j  com.intellij.gradle.toolingExtension.impl.telemetry.GradleOpenTelemetry$$Lambda+0x00000001010d3c18.apply(Ljava/lang/Object;)Ljava/lang/Object;+8
j  com.intellij.gradle.toolingExtension.impl.telemetry.GradleOpenTelemetry.callWithSpan(Ljava/lang/String;Ljava/util/function/Consumer;Ljava/util/function/Function;)Ljava/lang/Object;+66
j  com.intellij.gradle.toolingExtension.impl.telemetry.GradleOpenTelemetry.callWithSpan(Ljava/lang/String;Ljava/util/function/Function;)Ljava/lang/Object;+24
j  com.intellij.gradle.toolingExtension.impl.telemetry.GradleOpenTelemetry.runWithSpan(Ljava/lang/String;Ljava/util/function/Consumer;)V+24
j  com.intellij.gradle.toolingExtension.impl.modelAction.GradleModelFetchAction.lambda$executeAction$12(Lcom/intellij/gradle/toolingExtension/impl/telemetry/GradleOpenTelemetry;Lorg/gradle/tooling/BuildController;Lorg/jetbrains/plugins/gradle/model/ProjectImportModelProvider$GradleModelConsumer;Ljava/util/Collection;Lcom/intellij/gradle/toolingExtension/impl/modelAction/GradleDaemonModelHolder;Lcom/intellij/gradle/toolingExtension/modelAction/GradleModelFetchPhase;)V+23
j  com.intellij.gradle.toolingExtension.impl.modelAction.GradleModelFetchAction$$Lambda+0x00000001010d5998.accept(Ljava/lang/Object;)V+28
j  java.util.ArrayList.forEach(Ljava/util/function/Consumer;)V+46 java.base@21.0.10
j  com.intellij.gradle.toolingExtension.impl.modelAction.GradleModelFetchAction.executeAction(Lorg/gradle/tooling/BuildController;Ljava/util/concurrent/ExecutorService;Lcom/intellij/gradle/toolingExtension/impl/telemetry/GradleOpenTelemetry;Lcom/intellij/gradle/toolingExtension/impl/modelAction/GradleDaemonModelHolder;)V+79
j  com.intellij.gradle.toolingExtension.impl.modelAction.GradleModelFetchAction.lambda$doExecute$5(Lorg/gradle/tooling/BuildController;Ljava/util/concurrent/ExecutorService;Lcom/intellij/gradle/toolingExtension/impl/telemetry/GradleOpenTelemetry;Lio/opentelemetry/api/trace/Span;)V+8
j  com.intellij.gradle.toolingExtension.impl.modelAction.GradleModelFetchAction$$Lambda+0x00000001010d39b0.accept(Ljava/lang/Object;)V+20
j  com.intellij.gradle.toolingExtension.impl.telemetry.GradleOpenTelemetry.lambda$runWithSpan$1(Ljava/util/function/Consumer;Lio/opentelemetry/api/trace/Span;)Ljava/lang/Object;+2
j  com.intellij.gradle.toolingExtension.impl.telemetry.GradleOpenTelemetry$$Lambda+0x00000001010d3c18.apply(Ljava/lang/Object;)Ljava/lang/Object;+8
j  com.intellij.gradle.toolingExtension.impl.telemetry.GradleOpenTelemetry.callWithSpan(Ljava/lang/String;Ljava/util/function/Consumer;Ljava/util/function/Function;)Ljava/lang/Object;+66
j  com.intellij.gradle.toolingExtension.impl.telemetry.GradleOpenTelemetry.callWithSpan(Ljava/lang/String;Ljava/util/function/Function;)Ljava/lang/Object;+24
j  com.intellij.gradle.toolingExtension.impl.telemetry.GradleOpenTelemetry.runWithSpan(Ljava/lang/String;Ljava/util/function/Consumer;)V+24
j  com.intellij.gradle.toolingExtension.impl.modelAction.GradleModelFetchAction.doExecute(Lorg/gradle/tooling/BuildController;Ljava/util/concurrent/ExecutorService;Lcom/intellij/gradle/toolingExtension/impl/telemetry/GradleOpenTelemetry;)Lcom/intellij/gradle/toolingExtension/impl/modelAction/GradleModelHolderState;+119
j  com.intellij.gradle.toolingExtension.impl.modelAction.GradleModelFetchAction.lambda$execute$1(Lorg/gradle/tooling/BuildController;Ljava/util/concurrent/ExecutorService;Lcom/intellij/gradle/toolingExtension/impl/telemetry/GradleOpenTelemetry;Lio/opentelemetry/api/trace/Span;)Lcom/intellij/gradle/toolingExtension/impl/modelAction/GradleModelHolderState;+4
j  com.intellij.gradle.toolingExtension.impl.modelAction.GradleModelFetchAction$$Lambda+0x0000000100576d90.apply(Ljava/lang/Object;)Ljava/lang/Object;+20
j  com.intellij.gradle.toolingExtension.impl.telemetry.GradleOpenTelemetry.callWithSpan(Ljava/lang/String;Ljava/util/function/Consumer;Ljava/util/function/Function;)Ljava/lang/Object;+66
j  com.intellij.gradle.toolingExtension.impl.telemetry.GradleOpenTelemetry.callWithSpan(Ljava/lang/String;Ljava/util/function/Function;)Ljava/lang/Object;+24
j  com.intellij.gradle.toolingExtension.impl.modelAction.GradleModelFetchAction.lambda$execute$2(Lorg/gradle/tooling/BuildController;Ljava/util/concurrent/ExecutorService;Lcom/intellij/gradle/toolingExtension/impl/telemetry/GradleOpenTelemetry;)Lcom/intellij/gradle/toolingExtension/impl/modelAction/GradleModelHolderState;+13
j  com.intellij.gradle.toolingExtension.impl.modelAction.GradleModelFetchAction$$Lambda+0x000000010056e508.apply(Ljava/lang/Object;)Ljava/lang/Object;+16
j  com.intellij.gradle.toolingExtension.impl.modelAction.GradleModelFetchAction.withOpenTelemetry(Ljava/util/function/Function;)Lcom/intellij/gradle/toolingExtension/impl/modelAction/GradleModelHolderState;+19
j  com.intellij.gradle.toolingExtension.impl.modelAction.GradleModelFetchAction.lambda$execute$3(Lorg/gradle/tooling/BuildController;Ljava/util/concurrent/ExecutorService;)Lcom/intellij/gradle/toolingExtension/impl/modelAction/GradleModelHolderState;+8
j  com.intellij.gradle.toolingExtension.impl.modelAction.GradleModelFetchAction$$Lambda+0x000000010056de00.apply(Ljava/lang/Object;)Ljava/lang/Object;+12
j  com.intellij.gradle.toolingExtension.impl.util.GradleExecutorServiceUtil.withSingleThreadExecutor(Ljava/lang/String;Ljava/util/function/Function;)Ljava/lang/Object;+31
j  com.intellij.gradle.toolingExtension.impl.modelAction.GradleModelFetchAction.execute(Lorg/gradle/tooling/BuildController;)Lcom/intellij/gradle/toolingExtension/impl/modelAction/GradleModelHolderState;+22
j  com.intellij.gradle.toolingExtension.impl.modelAction.GradleModelFetchAction.execute(Lorg/gradle/tooling/BuildController;)Ljava/lang/Object;+2
j  org.gradle.tooling.internal.consumer.connection.InternalBuildActionAdapter.execute(Lorg/gradle/tooling/internal/protocol/InternalBuildControllerVersion2;)Ljava/lang/Object;+11
j  org.gradle.tooling.internal.provider.runner.AbstractClientProvidedBuildActionRunner$ActionAdapter.executeAction(Ljava/lang/Object;Lorg/gradle/tooling/internal/provider/runner/DefaultBuildController;)Ljava/lang/Object;+12
j  org.gradle.tooling.internal.provider.runner.AbstractClientProvidedBuildActionRunner$ActionAdapter.runAction(Lorg/gradle/internal/buildtree/BuildTreeModelController;Ljava/lang/Object;Lorg/gradle/tooling/internal/protocol/PhasedActionResult$Phase;)V+29
j  org.gradle.tooling.internal.provider.runner.AbstractClientProvidedBuildActionRunner$ActionAdapter.fromBuildModel(Lorg/gradle/internal/buildtree/BuildTreeModelController;)Lorg/gradle/tooling/internal/provider/serialization/SerializedPayload;+14
j  org.gradle.tooling.internal.provider.runner.AbstractClientProvidedBuildActionRunner$ActionAdapter.fromBuildModel(Lorg/gradle/internal/buildtree/BuildTreeModelController;)Ljava/lang/Object;+2
j  org.gradle.internal.buildtree.DefaultBuildTreeModelCreator.fromBuildModel(Lorg/gradle/internal/buildtree/BuildTreeModelAction;)Ljava/lang/Object;+10
j  org.gradle.internal.buildtree.DefaultBuildTreeLifecycleController.lambda$fromBuildModel$2(Lorg/gradle/internal/buildtree/BuildTreeModelAction;Z)Lorg/gradle/internal/build/ExecutionResult;+57
j  org.gradle.internal.buildtree.DefaultBuildTreeLifecycleController$$Lambda+0x0000000100546348.get()Ljava/lang/Object;+12
j  org.gradle.internal.buildtree.DefaultBuildTreeLifecycleController.lambda$runBuild$4(Ljava/util/function/Supplier;)Ljava/lang/Object;+1
j  org.gradle.internal.buildtree.DefaultBuildTreeLifecycleController$$Lambda+0x00000001005465a0.get()Ljava/lang/Object;+8
j  org.gradle.internal.model.StateTransitionController.lambda$transition$6(Ljava/util/function/Supplier;)Lorg/gradle/internal/build/ExecutionResult;+1
j  org.gradle.internal.model.StateTransitionController$$Lambda+0x0000000100546a50.get()Ljava/lang/Object;+4
j  org.gradle.internal.model.StateTransitionController.doTransition(Lorg/gradle/internal/model/StateTransitionController$State;Lorg/gradle/internal/model/StateTransitionController$State;Ljava/util/function/Supplier;)Lorg/gradle/internal/build/ExecutionResult;+24
j  org.gradle.internal.model.StateTransitionController.lambda$transition$7(Lorg/gradle/internal/model/StateTransitionController$State;Lorg/gradle/internal/model/StateTransitionController$State;Ljava/util/function/Supplier;)Ljava/lang/Object;+9
j  org.gradle.internal.model.StateTransitionController$$Lambda+0x00000001005467f8.create()Ljava/lang/Object;+16
j  org.gradle.internal.work.DefaultSynchronizer.withLock(Lorg/gradle/internal/Factory;)Ljava/lang/Object;+6
j  org.gradle.internal.model.StateTransitionController.transition(Lorg/gradle/internal/model/StateTransitionController$State;Lorg/gradle/internal/model/StateTransitionController$State;Ljava/util/function/Supplier;)Ljava/lang/Object;+13
j  org.gradle.internal.buildtree.DefaultBuildTreeLifecycleController.runBuild(Ljava/util/function/Supplier;)Ljava/lang/Object;+17
j  org.gradle.internal.buildtree.DefaultBuildTreeLifecycleController.fromBuildModel(ZLorg/gradle/internal/buildtree/BuildTreeModelAction;)Ljava/lang/Object;+9
j  org.gradle.tooling.internal.provider.runner.AbstractClientProvidedBuildActionRunner.runClientAction(Lorg/gradle/tooling/internal/provider/runner/AbstractClientProvidedBuildActionRunner$ClientAction;Lorg/gradle/internal/buildtree/BuildTreeLifecycleController;)Lorg/gradle/internal/buildtree/BuildActionRunner$Result;+22
j  org.gradle.tooling.internal.provider.runner.ClientProvidedPhasedActionRunner.run(Lorg/gradle/internal/invocation/BuildAction;Lorg/gradle/internal/buildtree/BuildTreeLifecycleController;)Lorg/gradle/internal/buildtree/BuildActionRunner$Result;+45
j  org.gradle.launcher.exec.ChainingBuildActionRunner.run(Lorg/gradle/internal/invocation/BuildAction;Lorg/gradle/internal/buildtree/BuildTreeLifecycleController;)Lorg/gradle/internal/buildtree/BuildActionRunner$Result;+34
j  org.gradle.internal.buildtree.ProblemReportingBuildActionRunner.run(Lorg/gradle/internal/invocation/BuildAction;Lorg/gradle/internal/buildtree/BuildTreeLifecycleController;)Lorg/gradle/internal/buildtree/BuildActionRunner$Result;+12
j  org.gradle.launcher.exec.BuildOutcomeReportingBuildActionRunner.run(Lorg/gradle/internal/invocation/BuildAction;Lorg/gradle/internal/buildtree/BuildTreeLifecycleController;)Lorg/gradle/internal/buildtree/BuildActionRunner$Result;+69
j  org.gradle.tooling.internal.provider.FileSystemWatchingBuildActionRunner.run(Lorg/gradle/internal/invocation/BuildAction;Lorg/gradle/internal/buildtree/BuildTreeLifecycleController;)Lorg/gradle/internal/buildtree/BuildActionRunner$Result;+317
j  org.gradle.launcher.exec.BuildCompletionNotifyingBuildActionRunner.run(Lorg/gradle/internal/invocation/BuildAction;Lorg/gradle/internal/buildtree/BuildTreeLifecycleController;)Lorg/gradle/internal/buildtree/BuildActionRunner$Result;+6
j  org.gradle.launcher.exec.RootBuildLifecycleBuildActionExecutor.lambda$execute$0(Lorg/gradle/internal/invocation/BuildAction;Lorg/gradle/internal/buildtree/BuildTreeLifecycleController;)Lorg/gradle/internal/buildtree/BuildActionRunner$Result;+6
j  org.gradle.launcher.exec.RootBuildLifecycleBuildActionExecutor$$Lambda+0x000000010050b9b0.apply(Ljava/lang/Object;)Ljava/lang/Object;+12
j  org.gradle.composite.internal.DefaultRootBuildState.run(Ljava/util/function/Function;)Ljava/lang/Object;+87
j  org.gradle.launcher.exec.RootBuildLifecycleBuildActionExecutor.execute(Lorg/gradle/internal/invocation/BuildAction;Lorg/gradle/internal/buildtree/BuildTreeContext;)Lorg/gradle/internal/buildtree/BuildActionRunner$Result;+75
j  org.gradle.internal.buildtree.InitDeprecationLoggingActionExecutor.execute(Lorg/gradle/internal/invocation/BuildAction;Lorg/gradle/internal/buildtree/BuildTreeContext;)Lorg/gradle/internal/buildtree/BuildActionRunner$Result;+83
j  org.gradle.internal.buildtree.InitProblems.execute(Lorg/gradle/internal/invocation/BuildAction;Lorg/gradle/internal/buildtree/BuildTreeContext;)Lorg/gradle/internal/buildtree/BuildActionRunner$Result;+13
j  org.gradle.internal.buildtree.DefaultBuildTreeContext.execute(Lorg/gradle/internal/invocation/BuildAction;)Lorg/gradle/internal/buildtree/BuildActionRunner$Result;+64
j  org.gradle.launcher.exec.BuildTreeLifecycleBuildActionExecutor.lambda$execute$0(Lorg/gradle/internal/invocation/BuildAction;Lorg/gradle/internal/buildtree/BuildTreeContext;)Lorg/gradle/internal/buildtree/BuildActionRunner$Result;+2
j  org.gradle.launcher.exec.BuildTreeLifecycleBuildActionExecutor$$Lambda+0x00000001003fe5e0.apply(Ljava/lang/Object;)Ljava/lang/Object;+8
j  org.gradle.internal.buildtree.BuildTreeState.run(Ljava/util/function/Function;)Ljava/lang/Object;+47
j  org.gradle.launcher.exec.BuildTreeLifecycleBuildActionExecutor.execute(Lorg/gradle/internal/invocation/BuildAction;Lorg/gradle/internal/session/BuildSessionContext;)Lorg/gradle/internal/buildtree/BuildActionRunner$Result;+74
j  org.gradle.launcher.exec.RunAsBuildOperationBuildActionExecutor$2.call(Lorg/gradle/internal/operations/BuildOperationContext;)Lorg/gradle/internal/buildtree/BuildActionRunner$Result;+25
j  org.gradle.launcher.exec.RunAsBuildOperationBuildActionExecutor$2.call(Lorg/gradle/internal/operations/BuildOperationContext;)Ljava/lang/Object;+2
j  org.gradle.internal.operations.DefaultBuildOperationRunner$CallableBuildOperationWorker.execute(Lorg/gradle/internal/operations/CallableBuildOperation;Lorg/gradle/internal/operations/BuildOperationContext;)V+3
j  org.gradle.internal.operations.DefaultBuildOperationRunner$CallableBuildOperationWorker.execute(Lorg/gradle/internal/operations/BuildOperation;Lorg/gradle/internal/operations/BuildOperationContext;)V+6
j  org.gradle.internal.operations.DefaultBuildOperationRunner$2.execute(Lorg/gradle/internal/operations/BuildOperationDescriptor;Lorg/gradle/internal/operations/BuildOperationState;Lorg/gradle/internal/operations/BuildOperationState;Lorg/gradle/internal/operations/DefaultBuildOperationRunner$ReadableBuildOperationContext;Lorg/gradle/internal/operations/DefaultBuildOperationRunner$BuildOperationExecutionListener;)Lorg/gradle/internal/operations/BuildOperation;+22
j  org.gradle.internal.operations.DefaultBuildOperationRunner$2.execute(Lorg/gradle/internal/operations/BuildOperationDescriptor;Lorg/gradle/internal/operations/BuildOperationState;Lorg/gradle/internal/operations/BuildOperationState;Lorg/gradle/internal/operations/DefaultBuildOperationRunner$ReadableBuildOperationContext;Lorg/gradle/internal/operations/DefaultBuildOperationRunner$BuildOperationExecutionListener;)Ljava/lang/Object;+8
j  org.gradle.internal.operations.DefaultBuildOperationRunner.execute(Lorg/gradle/internal/operations/BuildOperationDescriptor$Builder;Lorg/gradle/internal/operations/BuildOperationState;Lorg/gradle/internal/operations/DefaultBuildOperationRunner$BuildOperationExecution;)Ljava/lang/Object;+141
j  org.gradle.internal.operations.DefaultBuildOperationRunner.execute(Lorg/gradle/internal/operations/BuildOperation;Lorg/gradle/internal/operations/BuildOperationWorker;Lorg/gradle/internal/operations/BuildOperationState;)V+18
j  org.gradle.internal.operations.DefaultBuildOperationRunner.call(Lorg/gradle/internal/operations/CallableBuildOperation;)Ljava/lang/Object;+16
j  org.gradle.launcher.exec.RunAsBuildOperationBuildActionExecutor.execute(Lorg/gradle/internal/invocation/BuildAction;Lorg/gradle/internal/session/BuildSessionContext;)Lorg/gradle/internal/buildtree/BuildActionRunner$Result;+23
j  org.gradle.launcher.exec.RunAsWorkerThreadBuildActionExecutor.lambda$execute$0(Lorg/gradle/internal/invocation/BuildAction;Lorg/gradle/internal/session/BuildSessionContext;)Lorg/gradle/internal/buildtree/BuildActionRunner$Result;+6
j  org.gradle.launcher.exec.RunAsWorkerThreadBuildActionExecutor$$Lambda+0x00000001003c8bc0.create()Ljava/lang/Object;+12
j  org.gradle.internal.work.DefaultWorkerLeaseService.withLocks(Ljava/util/Collection;Lorg/gradle/internal/Factory;)Ljava/lang/Object;+28
j  org.gradle.internal.work.DefaultWorkerLeaseService.runAsWorkerThread(Lorg/gradle/internal/Factory;)Ljava/lang/Object;+33
j  org.gradle.launcher.exec.RunAsWorkerThreadBuildActionExecutor.execute(Lorg/gradle/internal/invocation/BuildAction;Lorg/gradle/internal/session/BuildSessionContext;)Lorg/gradle/internal/buildtree/BuildActionRunner$Result;+12
j  org.gradle.tooling.internal.provider.continuous.ContinuousBuildActionExecutor.execute(Lorg/gradle/internal/invocation/BuildAction;Lorg/gradle/internal/session/BuildSessionContext;)Lorg/gradle/internal/buildtree/BuildActionRunner$Result;+58
j  org.gradle.tooling.internal.provider.SubscribableBuildActionExecutor.execute(Lorg/gradle/internal/invocation/BuildAction;Lorg/gradle/internal/session/BuildSessionContext;)Lorg/gradle/internal/buildtree/BuildActionRunner$Result;+30
j  org.gradle.internal.session.DefaultBuildSessionContext.execute(Lorg/gradle/internal/invocation/BuildAction;)Lorg/gradle/internal/buildtree/BuildActionRunner$Result;+64
j  org.gradle.internal.buildprocess.execution.BuildSessionLifecycleBuildActionExecutor$ActionImpl.apply(Lorg/gradle/internal/session/BuildSessionContext;)Lorg/gradle/launcher/exec/BuildActionResult;+6
j  org.gradle.internal.buildprocess.execution.BuildSessionLifecycleBuildActionExecutor$ActionImpl.apply(Ljava/lang/Object;)Ljava/lang/Object;+5
j  org.gradle.internal.session.BuildSessionState.run(Ljava/util/function/Function;)Ljava/lang/Object;+5
j  org.gradle.internal.buildprocess.execution.BuildSessionLifecycleBuildActionExecutor.execute(Lorg/gradle/internal/invocation/BuildAction;Lorg/gradle/launcher/exec/BuildActionParameters;Lorg/gradle/initialization/BuildRequestContext;)Lorg/gradle/launcher/exec/BuildActionResult;+95
j  org.gradle.internal.buildprocess.execution.BuildSessionLifecycleBuildActionExecutor.execute(Lorg/gradle/internal/invocation/BuildAction;Ljava/lang/Object;Ljava/lang/Object;)Lorg/gradle/launcher/exec/BuildActionResult;+10
j  org.gradle.internal.buildprocess.execution.StartParamsValidatingActionExecutor.execute(Lorg/gradle/internal/invocation/BuildAction;Lorg/gradle/launcher/exec/BuildActionParameters;Lorg/gradle/initialization/BuildRequestContext;)Lorg/gradle/launcher/exec/BuildActionResult;+203
j  org.gradle.internal.buildprocess.execution.StartParamsValidatingActionExecutor.execute(Lorg/gradle/internal/invocation/BuildAction;Ljava/lang/Object;Ljava/lang/Object;)Lorg/gradle/launcher/exec/BuildActionResult;+10
j  org.gradle.internal.buildprocess.execution.SessionFailureReportingActionExecutor.execute(Lorg/gradle/internal/invocation/BuildAction;Lorg/gradle/launcher/exec/BuildActionParameters;Lorg/gradle/initialization/BuildRequestContext;)Lorg/gradle/launcher/exec/BuildActionResult;+7
j  org.gradle.internal.buildprocess.execution.SessionFailureReportingActionExecutor.execute(Lorg/gradle/internal/invocation/BuildAction;Ljava/lang/Object;Ljava/lang/Object;)Lorg/gradle/launcher/exec/BuildActionResult;+10
j  org.gradle.internal.buildprocess.execution.SetupLoggingActionExecutor.execute(Lorg/gradle/internal/invocation/BuildAction;Lorg/gradle/launcher/exec/BuildActionParameters;Lorg/gradle/initialization/BuildRequestContext;)Lorg/gradle/launcher/exec/BuildActionResult;+50
j  org.gradle.internal.buildprocess.execution.SetupLoggingActionExecutor.execute(Lorg/gradle/internal/invocation/BuildAction;Ljava/lang/Object;Ljava/lang/Object;)Lorg/gradle/launcher/exec/BuildActionResult;+10
j  org.gradle.launcher.daemon.server.exec.ExecuteBuild.doBuild(Lorg/gradle/launcher/daemon/server/api/DaemonCommandExecution;Lorg/gradle/launcher/daemon/protocol/Build;)V+147
j  org.gradle.launcher.daemon.server.exec.BuildCommandOnly.execute(Lorg/gradle/launcher/daemon/server/api/DaemonCommandExecution;)V+49
j  org.gradle.launcher.daemon.server.api.DaemonCommandExecution.proceed()Z+23
j  org.gradle.launcher.daemon.server.exec.WatchForDisconnection.execute(Lorg/gradle/launcher/daemon/server/api/DaemonCommandExecution;)V+19
j  org.gradle.launcher.daemon.server.api.DaemonCommandExecution.proceed()Z+23
j  org.gradle.launcher.daemon.server.exec.ResetDeprecationLogger.execute(Lorg/gradle/launcher/daemon/server/api/DaemonCommandExecution;)V+7
j  org.gradle.launcher.daemon.server.api.DaemonCommandExecution.proceed()Z+23
j  org.gradle.launcher.daemon.server.exec.RequestStopIfSingleUsedDaemon.execute(Lorg/gradle/launcher/daemon/server/api/DaemonCommandExecution;)V+33
j  org.gradle.launcher.daemon.server.api.DaemonCommandExecution.proceed()Z+23
j  org.gradle.launcher.daemon.server.exec.ForwardClientInput.lambda$execute$0(Lorg/gradle/launcher/daemon/server/api/DaemonCommandExecution;Lorg/gradle/internal/daemon/clientinput/StdinHandler;)Ljava/lang/Object;+11
j  org.gradle.launcher.daemon.server.exec.ForwardClientInput$$Lambda+0x0000000100290238.apply(Ljava/lang/Object;)Ljava/lang/Object;+8
j  org.gradle.internal.daemon.clientinput.ClientInputForwarder.forwardInput(Ljava/util/function/Function;)Ljava/lang/Object;+46
j  org.gradle.launcher.daemon.server.exec.ForwardClientInput.execute(Lorg/gradle/launcher/daemon/server/api/DaemonCommandExecution;)V+10
j  org.gradle.launcher.daemon.server.api.DaemonCommandExecution.proceed()Z+23
j  org.gradle.launcher.daemon.server.exec.LogAndCheckHealth.execute(Lorg/gradle/launcher/daemon/server/api/DaemonCommandExecution;)V+51
j  org.gradle.launcher.daemon.server.api.DaemonCommandExecution.proceed()Z+23
j  org.gradle.launcher.daemon.server.exec.LogToClient.doBuild(Lorg/gradle/launcher/daemon/server/api/DaemonCommandExecution;Lorg/gradle/launcher/daemon/protocol/Build;)V+87
j  org.gradle.launcher.daemon.server.exec.BuildCommandOnly.execute(Lorg/gradle/launcher/daemon/server/api/DaemonCommandExecution;)V+49
j  org.gradle.launcher.daemon.server.api.DaemonCommandExecution.proceed()Z+23
j  org.gradle.launcher.daemon.server.exec.EstablishBuildEnvironment.doBuild(Lorg/gradle/launcher/daemon/server/api/DaemonCommandExecution;Lorg/gradle/launcher/daemon/protocol/Build;)V+356
j  org.gradle.launcher.daemon.server.exec.BuildCommandOnly.execute(Lorg/gradle/launcher/daemon/server/api/DaemonCommandExecution;)V+49
j  org.gradle.launcher.daemon.server.api.DaemonCommandExecution.proceed()Z+23
j  org.gradle.launcher.daemon.server.exec.StartBuildOrRespondWithBusy$1.run()V+44
j  org.gradle.launcher.daemon.server.DaemonStateCoordinator.lambda$runCommand$0(Ljava/lang/Runnable;)V+1
j  org.gradle.launcher.daemon.server.DaemonStateCoordinator$$Lambda+0x000000010028f158.run()V+8
j  org.gradle.internal.concurrent.ExecutorPolicy$CatchAndRecordFailures.onExecute(Ljava/lang/Runnable;)V+1
j  org.gradle.internal.concurrent.AbstractManagedExecutor$1.run()V+25
j  java.util.concurrent.ThreadPoolExecutor.runWorker(Ljava/util/concurrent/ThreadPoolExecutor$Worker;)V+92 java.base@21.0.10
j  java.util.concurrent.ThreadPoolExecutor$Worker.run()V+5 java.base@21.0.10
j  java.lang.Thread.runWith(Ljava/lang/Object;Ljava/lang/Runnable;)V+5 java.base@21.0.10
j  java.lang.Thread.run()V+19 java.base@21.0.10
v  ~StubRoutines::call_stub 0x0000025a91dc100d
new  187 new  [0x0000025a91dd9f80, 0x0000025a91dda180]  512 bytes
[MachCode]
  0x0000025a91dd9f80: 4883 ec08 | c5fa 1104 | 24eb 1f48 | 83ec 10c5 | fb11 0424 | eb14 4883 | ec10 4889 | 0424 48c7 
  0x0000025a91dd9fa0: 4424 0800 | 0000 00eb | 0150 410f | b755 010f | cac1 ea10 | 488b 4de8 | 488b 4908 | 488b 4908 
  0x0000025a91dd9fc0: 488b 4108 | 807c 1004 | 070f 85ca | 0000 0066 | 8b54 d148 | 488b 4928 | 488b 4cd1 | 0851 80b9 
  0x0000025a91dd9fe0: 6101 0000 | 040f 85ad | 0000 008b | 5108 f6c2 | 010f 85a1 | 0000 0049 | 8b87 b801 | 0000 488d 
  0x0000025a91dda000: 1c10 493b | 9fc8 0100 | 000f 8789 | 0000 0049 | 899f b801 | 0000 4883 | ea10 0f84 | 0f00 0000 
  0x0000025a91dda020: 33c9 c1ea | 0348 894c | d008 48ff | ca75 f648 | c700 0100 | 0000 5933 | f689 700c | 48c1 e903 
  0x0000025a91dda040: 8948 0849 | baa9 fa93 | e0f8 7f00 | 0041 803a | 000f 843c | 0000 0050 | 488b c848 | 83ec 2040 
  0x0000025a91dda060: f6c4 0f0f | 8419 0000 | 0048 83ec | 0848 b870 | e94d e0f8 | 7f00 00ff | d048 83c4 | 08e9 0c00 
  0x0000025a91dda080: 0000 48b8 | 70e9 4de0 | f87f 0000 | ffd0 4883 | c420 58e9 | cb00 0000 | 5948 8b55 | e848 8b52 
  0x0000025a91dda0a0: 0848 8b52 | 0845 0fb7 | 4501 410f | c841 c1e8 | 10e8 0500 | 0000 e9a8 | 0000 0048 | 8d44 2408 
  0x0000025a91dda0c0: 4c89 6dc0 | 498b cfc5 | f877 4989 | afb0 0300 | 0049 8987 | a003 0000 | 4883 ec20 | 40f6 c40f 
  0x0000025a91dda0e0: 0f84 1900 | 0000 4883 | ec08 48b8 | 6093 17e0 | f87f 0000 | ffd0 4883 | c408 e90c | 0000 0048 
  0x0000025a91dda100: b860 9317 | e0f8 7f00 | 00ff d048 | 83c4 2049 | c787 a003 | 0000 0000 | 0000 49c7 | 87b0 0300 
  0x0000025a91dda120: 0000 0000 | 0049 c787 | a803 0000 | 0000 0000 | c5f8 7749 | 837f 0800 | 0f84 0500 | 0000 e9bd 
  0x0000025a91dda140: 6dfe ff49 | 8b87 f803 | 0000 49c7 | 87f8 0300 | 0000 0000 | 004c 8b6d | c04c 8b75 | c84e 8d74 
  0x0000025a91dda160: f500 c341 | 0fb6 5d03 | 4983 c503 | 49ba 90c6 | 96e0 f87f | 0000 41ff | 24da 660f | 1f44 0000 
[/MachCode]

Compiled method (c1) 802761 3747       3       java.lang.invoke.DirectMethodHandle$Holder::newInvokeSpecial (20 bytes)
 total in heap  [0x0000025a8a955610,0x0000025a8a955fd8] = 2504
 relocation     [0x0000025a8a955770,0x0000025a8a955800] = 144
 main code      [0x0000025a8a955800,0x0000025a8a955e18] = 1560
 stub code      [0x0000025a8a955e18,0x0000025a8a955e78] = 96
 metadata       [0x0000025a8a955e78,0x0000025a8a955e90] = 24
 scopes data    [0x0000025a8a955e90,0x0000025a8a955f08] = 120
 scopes pcs     [0x0000025a8a955f08,0x0000025a8a955fb8] = 176
 dependencies   [0x0000025a8a955fb8,0x0000025a8a955fc0] = 8
 nul chk table  [0x0000025a8a955fc0,0x0000025a8a955fd8] = 24

[Constant Pool (empty)]

[MachCode]
[Verified Entry Point]
  # {method} {0x0000025aa03e03d0} 'newInvokeSpecial' '(Ljava/lang/Object;)Ljava/lang/Object;' in 'java/lang/invoke/DirectMethodHandle$Holder'
  # parm0:    rdx:rdx   = 'java/lang/Object'
  #           [sp+0x60]  (sp of caller)
  0x0000025a8a955800: 8984 2400 | 80ff ff55 | 4883 ec50 | 4181 7f20 | 1d00 0000 

  0x0000025a8a955814: ;   {runtime_call StubRoutines (final stubs)}
  0x0000025a8a955814: 7405 e8e5 

  0x0000025a8a955818: ;   {metadata(method data for {method} {0x0000025aa03e03d0} 'newInvokeSpecial' '(Ljava/lang/Object;)Ljava/lang/Object;' in 'java/lang/invoke/DirectMethodHandle$Holder')}
  0x0000025a8a955818: 5e4a 0749 | b878 d637 | a15a 0200 | 004d 8d80 | 3802 0000 | 4885 d275 | 0d41 f600 | 0175 44f0 
  0x0000025a8a955838: 4983 0801 | eb3d 8b72 | 0848 c1e6 | 034c 8bd6 | 4933 3048 | f7c6 fcff | ffff 7427 | 40f6 c602 
  0x0000025a8a955858: 7521 49f7 | 00fe ffff | ff74 1549 | 8bf2 4933 | 3048 f7c6 | fcff ffff | 7409 4983 | 0802 eb03 
  0x0000025a8a955878: ;   {metadata(method data for {method} {0x0000025aa03e03d0} 'newInvokeSpecial' '(Ljava/lang/Object;)Ljava/lang/Object;' in 'java/lang/invoke/DirectMethodHandle$Holder')}
  0x0000025a8a955878: 4989 3049 | b878 d637 | a15a 0200 | 0041 8bb0 | cc00 0000 | 83c6 0241 | 89b0 cc00 | 0000 81e6 
  0x0000025a8a955898: fe07 0000 | 85f6 0f84 | b804 0000 

  0x0000025a8a9558a4: ;   {metadata(method data for {method} {0x0000025aa03e03d0} 'newInvokeSpecial' '(Ljava/lang/Object;)Ljava/lang/Object;' in 'java/lang/invoke/DirectMethodHandle$Holder')}
  0x0000025a8a9558a4: 49b8 78d6 | 37a1 5a02 | 0000 4d8d | 8020 0100 | 0048 85d2 | 750f 41f6 | 4008 0175 | 4af0 4983 
  0x0000025a8a9558c4: 4808 01eb | 428b 7208 | 48c1 e603 | 4c8b d649 | 3370 0848 | f7c6 fcff | ffff 742b | 40f6 c602 
  0x0000025a8a9558e4: 7525 49f7 | 4008 feff | ffff 7417 | 498b f249 | 3370 0848 | f7c6 fcff | ffff 740b | 4983 4808 
  0x0000025a8a955904: 02eb 0449 

  0x0000025a8a955908: ;   {metadata(method data for {method} {0x0000025aa03e03d0} 'newInvokeSpecial' '(Ljava/lang/Object;)Ljava/lang/Object;' in 'java/lang/invoke/DirectMethodHandle$Holder')}
  0x0000025a8a955908: 8970 0849 | b878 d637 | a15a 0200 | 0049 8380 | 1001 0000 

  0x0000025a8a95591c: ;   {metadata(method data for {method} {0x0000025aa0093740} 'allocateInstance' '(Ljava/lang/Object;)Ljava/lang/Object;' in 'java/lang/invoke/DirectMethodHandle')}
  0x0000025a8a95591c: 0149 b8b8 | e79f a05a | 0200 0041 | 8bb0 cc00 | 0000 83c6 | 0241 89b0 | cc00 0000 | 81e6 feff 
  0x0000025a8a95593c: 1f00 85f6 | 0f84 3704 | 0000 4885 

  0x0000025a8a955948: ;   {metadata(method data for {method} {0x0000025aa0093740} 'allocateInstance' '(Ljava/lang/Object;)Ljava/lang/Object;' in 'java/lang/invoke/DirectMethodHandle')}
  0x0000025a8a955948: d275 1648 | bfb8 e79f | a05a 0200 | 0080 8f09 | 0100 0001 | e9ba 0000 

  0x0000025a8a955960: ;   {metadata('java/lang/invoke/DirectMethodHandle$Constructor')}
  0x0000025a8a955960: 0048 bba0 | d301 0001 | 0000 008b | 7208 48c1 | e603 483b | de0f 8584 

  0x0000025a8a955978: ;   {metadata(method data for {method} {0x0000025aa0093740} 'allocateInstance' '(Ljava/lang/Object;)Ljava/lang/Object;' in 'java/lang/invoke/DirectMethodHandle')}
  0x0000025a8a955978: 0000 0048 | bfb8 e79f | a05a 0200 | 008b 5a08 | 48c1 e303 | 483b 9f20 | 0100 0075 | 0d48 8387 
  0x0000025a8a955998: 2801 0000 | 01e9 7900 | 0000 483b | 9f30 0100 | 0075 0d48 | 8387 3801 | 0000 01e9 | 6300 0000 
  0x0000025a8a9559b8: 4883 bf20 | 0100 0000 | 7517 4889 | 9f20 0100 | 0048 c787 | 2801 0000 | 0100 0000 | e942 0000 
  0x0000025a8a9559d8: 0048 83bf | 3001 0000 | 0075 1748 | 899f 3001 | 0000 48c7 | 8738 0100 | 0001 0000 | 00e9 2100 
  0x0000025a8a9559f8: 0000 e91c 

  0x0000025a8a9559fc: ;   {metadata(method data for {method} {0x0000025aa0093740} 'allocateInstance' '(Ljava/lang/Object;)Ljava/lang/Object;' in 'java/lang/invoke/DirectMethodHandle')}
  0x0000025a8a9559fc: 0000 0048 | bfb8 e79f | a05a 0200 | 0048 83af | 1001 0000 | 01e9 8803 | 0000 e900 | 0000 004c 
  0x0000025a8a955a1c: 8bc2 458b 

  0x0000025a8a955a20: ;   {oop(a 'jdk/internal/misc/Unsafe'{0x00000000ffb407e8})}
  0x0000025a8a955a20: 4028 48be | e807 b4ff | 0000 0000 

  0x0000025a8a955a2c: ;   {metadata(method data for {method} {0x0000025aa0093740} 'allocateInstance' '(Ljava/lang/Object;)Ljava/lang/Object;' in 'java/lang/invoke/DirectMethodHandle')}
  0x0000025a8a955a2c: 488b fe48 | bbb8 e79f | a05a 0200 | 0048 8383 | 4801 0000 | 0148 8954 | 2430 488b | d666 0f1f 
  0x0000025a8a955a4c: ;   {optimized virtual_call}
  0x0000025a8a955a4c: 4400 00e8 

  0x0000025a8a955a50: ; ImmutableOopMap {[48]=Oop }
                      ;*invokevirtual allocateInstance {reexecute=0 rethrow=0 return_oop=0}
                      ; - java.lang.invoke.DirectMethodHandle::allocateInstance@12
                      ; - java.lang.invoke.DirectMethodHandle$Holder::newInvokeSpecial@1
  0x0000025a8a955a50: 044f a807 

  0x0000025a8a955a54: ;   {other}
  0x0000025a8a955a54: 0f1f 8400 | 4404 0000 

  0x0000025a8a955a5c: ;   {metadata(method data for {method} {0x0000025aa03e03d0} 'newInvokeSpecial' '(Ljava/lang/Object;)Ljava/lang/Object;' in 'java/lang/invoke/DirectMethodHandle$Holder')}
  0x0000025a8a955a5c: 48ba 78d6 | 37a1 5a02 | 0000 488d | 9230 0100 | 0048 85c0 | 750c f602 | 0175 45f0 | 4883 0a01 
  0x0000025a8a955a7c: eb3e 448b | 4008 49c1 | e003 4d8b | d04c 3302 | 49f7 c0fc | ffff ff74 | 2741 f6c0 | 0275 2148 
  0x0000025a8a955a9c: f702 feff | ffff 7415 | 4d8b c24c | 3302 49f7 | c0fc ffff | ff74 0948 | 830a 02eb | 034c 8902 
  0x0000025a8a955abc: ;   {metadata(method data for {method} {0x0000025aa03e03d0} 'newInvokeSpecial' '(Ljava/lang/Object;)Ljava/lang/Object;' in 'java/lang/invoke/DirectMethodHandle$Holder')}
  0x0000025a8a955abc: 48ba 78d6 | 37a1 5a02 | 0000 488d | 9250 0100 | 004c 8b44 | 2430 4d85 | c075 0ef6 | 4208 0175 
  0x0000025a8a955adc: 4bf0 4883 | 4a08 01eb | 4341 8b70 | 0848 c1e6 | 034c 8bd6 | 4833 7208 | 48f7 c6fc | ffff ff74 
  0x0000025a8a955afc: 2b40 f6c6 | 0275 2548 | f742 08fe | ffff ff74 | 1749 8bf2 | 4833 7208 | 48f7 c6fc | ffff ff74 
  0x0000025a8a955b1c: 0b48 834a | 0802 eb04 | 4889 7208 

  0x0000025a8a955b28: ;   {metadata(method data for {method} {0x0000025aa03e03d0} 'newInvokeSpecial' '(Ljava/lang/Object;)Ljava/lang/Object;' in 'java/lang/invoke/DirectMethodHandle$Holder')}
  0x0000025a8a955b28: 48ba 78d6 | 37a1 5a02 | 0000 4883 | 8240 0100 

  0x0000025a8a955b38: ;   {metadata(method data for {method} {0x0000025aa0093680} 'constructorMethod' '(Ljava/lang/Object;)Ljava/lang/Object;' in 'java/lang/invoke/DirectMethodHandle')}
  0x0000025a8a955b38: 0001 48ba | 78e9 9fa0 | 5a02 0000 | 8bb2 cc00 | 0000 83c6 | 0289 b2cc | 0000 0081 | e6fe ff1f 
  0x0000025a8a955b58: 0085 f60f | 844b 0200 | 004d 85c0 

  0x0000025a8a955b64: ;   {metadata(method data for {method} {0x0000025aa0093680} 'constructorMethod' '(Ljava/lang/Object;)Ljava/lang/Object;' in 'java/lang/invoke/DirectMethodHandle')}
  0x0000025a8a955b64: 7516 48be | 78e9 9fa0 | 5a02 0000 | 808e 0901 | 0000 01e9 | bc00 0000 

  0x0000025a8a955b7c: ;   {metadata('java/lang/invoke/DirectMethodHandle$Constructor')}
  0x0000025a8a955b7c: 48bf a0d3 | 0100 0100 | 0000 418b | 5008 48c1 | e203 483b | fa0f 8585 

  0x0000025a8a955b94: ;   {metadata(method data for {method} {0x0000025aa0093680} 'constructorMethod' '(Ljava/lang/Object;)Ljava/lang/Object;' in 'java/lang/invoke/DirectMethodHandle')}
  0x0000025a8a955b94: 0000 0048 | be78 e99f | a05a 0200 | 0041 8b78 | 0848 c1e7 | 0348 3bbe | 2001 0000 | 750d 4883 
  0x0000025a8a955bb4: 8628 0100 | 0001 e979 | 0000 0048 | 3bbe 3001 | 0000 750d | 4883 8638 | 0100 0001 | e963 0000 
  0x0000025a8a955bd4: 0048 83be | 2001 0000 | 0075 1748 | 89be 2001 | 0000 48c7 | 8628 0100 | 0001 0000 | 00e9 4200 
  0x0000025a8a955bf4: 0000 4883 | be30 0100 | 0000 7517 | 4889 be30 | 0100 0048 | c786 3801 | 0000 0100 | 0000 e921 
  0x0000025a8a955c14: 0000 00e9 | 1c00 0000 

  0x0000025a8a955c1c: ;   {metadata(method data for {method} {0x0000025aa0093680} 'constructorMethod' '(Ljava/lang/Object;)Ljava/lang/Object;' in 'java/lang/invoke/DirectMethodHandle')}
  0x0000025a8a955c1c: 48be 78e9 | 9fa0 5a02 | 0000 4883 | ae10 0100 | 0001 e99a | 0100 00e9 | 0000 0000 | 498b d044 
  0x0000025a8a955c3c: ;   {metadata(method data for {method} {0x0000025aa03e03d0} 'newInvokeSpecial' '(Ljava/lang/Object;)Ljava/lang/Object;' in 'java/lang/invoke/DirectMethodHandle$Holder')}
  0x0000025a8a955c3c: 8b42 2448 | ba78 d637 | a15a 0200 | 0048 8d92 | 6001 0000 | 4d85 c075 | 0cf6 0201 | 7547 f048 
  0x0000025a8a955c5c: 830a 01eb 

  0x0000025a8a955c60: ;   {metadata('java/lang/invoke/MemberName')}
  0x0000025a8a955c60: 4048 bea8 | ff04 0001 | 0000 004c | 8bd6 4833 | 3248 f7c6 | fcff ffff | 7427 40f6 | c602 7521 
  0x0000025a8a955c80: 48f7 02fe | ffff ff74 | 1549 8bf2 | 4833 3248 | f7c6 fcff | ffff 7409 | 4883 0a02 | eb03 4889 
  0x0000025a8a955ca0: ;   {metadata(method data for {method} {0x0000025aa03e03d0} 'newInvokeSpecial' '(Ljava/lang/Object;)Ljava/lang/Object;' in 'java/lang/invoke/DirectMethodHandle$Holder')}
  0x0000025a8a955ca0: 3248 ba78 | d637 a15a | 0200 0048 | 8d92 b801 | 0000 4885 | c075 0ef6 | 4208 0175 | 4af0 4883 
  0x0000025a8a955cc0: 4a08 01eb | 428b 7008 | 48c1 e603 | 4c8b d648 | 3372 0848 | f7c6 fcff | ffff 742b | 40f6 c602 
  0x0000025a8a955ce0: 7525 48f7 | 4208 feff | ffff 7417 | 498b f248 | 3372 0848 | f7c6 fcff | ffff 740b | 4883 4a08 
  0x0000025a8a955d00: 02eb 0448 | 8972 084d | 85c0 750c | f642 1801 | 7506 f048 | 834a 1801 

  0x0000025a8a955d18: ;   {metadata(method data for {method} {0x0000025aa03e03d0} 'newInvokeSpecial' '(Ljava/lang/Object;)Ljava/lang/Object;' in 'java/lang/invoke/DirectMethodHandle$Holder')}
  0x0000025a8a955d18: 48ba 78d6 | 37a1 5a02 | 0000 4883 | 82a8 0100 | 0001 488b | d048 8944 | 2438 0f1f 

  0x0000025a8a955d34: ;   {static_call}
  0x0000025a8a955d34: 4400 00e8 

  0x0000025a8a955d38: ; ImmutableOopMap {[56]=Oop }
                      ;*invokestatic linkToSpecial {reexecute=0 rethrow=0 return_oop=0}
                      ; - java.lang.invoke.DirectMethodHandle$Holder::newInvokeSpecial@15
  0x0000025a8a955d38: c404 a107 

  0x0000025a8a955d3c: ;   {other}
  0x0000025a8a955d3c: 0f1f 8400 | 2c07 0001 | 488b 4424 | 3848 83c4 

  0x0000025a8a955d4c: ;   {poll_return}
  0x0000025a8a955d4c: 505d 493b | a750 0400 | 000f 8780 | 0000 00c3 

  0x0000025a8a955d5c: ;   {metadata({method} {0x0000025aa03e03d0} 'newInvokeSpecial' '(Ljava/lang/Object;)Ljava/lang/Object;' in 'java/lang/invoke/DirectMethodHandle$Holder')}
  0x0000025a8a955d5c: 49ba c803 | 3ea0 5a02 | 0000 4c89 | 5424 0848 | c704 24ff 

  0x0000025a8a955d70: ;   {runtime_call counter_overflow Runtime1 stub}
  0x0000025a8a955d70: ffff ffe8 

  0x0000025a8a955d74: ; ImmutableOopMap {rdx=Oop }
                      ;*synchronization entry
                      ; - java.lang.invoke.DirectMethodHandle$Holder::newInvokeSpecial@-1
  0x0000025a8a955d74: 883e 5707 | e927 fbff 

  0x0000025a8a955d7c: ;   {metadata({method} {0x0000025aa0093740} 'allocateInstance' '(Ljava/lang/Object;)Ljava/lang/Object;' in 'java/lang/invoke/DirectMethodHandle')}
  0x0000025a8a955d7c: ff49 ba38 | 3709 a05a | 0200 004c | 8954 2408 | 48c7 0424 | ffff ffff 

  0x0000025a8a955d94: ;   {runtime_call counter_overflow Runtime1 stub}
  0x0000025a8a955d94: e867 3e57 

  0x0000025a8a955d98: ; ImmutableOopMap {rdx=Oop }
                      ;*synchronization entry
                      ; - java.lang.invoke.DirectMethodHandle::allocateInstance@-1
                      ; - java.lang.invoke.DirectMethodHandle$Holder::newInvokeSpecial@1
  0x0000025a8a955d98: 07e9 a8fb | ffff 4889 

  0x0000025a8a955da0: ;   {runtime_call throw_class_cast_exception Runtime1 stub}
  0x0000025a8a955da0: 1424 e859 

  0x0000025a8a955da4: ; ImmutableOopMap {rdx=Oop }
                      ;*checkcast {reexecute=0 rethrow=0 return_oop=0}
                      ; - java.lang.invoke.DirectMethodHandle::allocateInstance@1
                      ; - java.lang.invoke.DirectMethodHandle$Holder::newInvokeSpecial@1
                      ;   {runtime_call throw_null_pointer_exception Runtime1 stub}
  0x0000025a8a955da4: 1157 07e8 

  0x0000025a8a955da8: ; ImmutableOopMap {rdx=Oop }
                      ;*getfield instanceClass {reexecute=1 rethrow=0 return_oop=0}
                      ; - (reexecute) java.lang.invoke.DirectMethodHandle::allocateInstance@9
                      ; - java.lang.invoke.DirectMethodHandle$Holder::newInvokeSpecial@1
  0x0000025a8a955da8: 54ed 5607 

  0x0000025a8a955dac: ;   {metadata({method} {0x0000025aa0093680} 'constructorMethod' '(Ljava/lang/Object;)Ljava/lang/Object;' in 'java/lang/invoke/DirectMethodHandle')}
  0x0000025a8a955dac: 49ba 7836 | 09a0 5a02 | 0000 4c89 | 5424 0848 | c704 24ff 

  0x0000025a8a955dc0: ;   {runtime_call counter_overflow Runtime1 stub}
  0x0000025a8a955dc0: ffff ffe8 

  0x0000025a8a955dc4: ; ImmutableOopMap {rax=Oop r8=Oop }
                      ;*synchronization entry
                      ; - java.lang.invoke.DirectMethodHandle::constructorMethod@-1
                      ; - java.lang.invoke.DirectMethodHandle$Holder::newInvokeSpecial@6
  0x0000025a8a955dc4: 383e 5707 | e994 fdff | ff4c 8904 

  0x0000025a8a955dd0: ;   {runtime_call throw_class_cast_exception Runtime1 stub}
  0x0000025a8a955dd0: 24e8 2a11 

  0x0000025a8a955dd4: ; ImmutableOopMap {rax=Oop }
                      ;*checkcast {reexecute=0 rethrow=0 return_oop=0}
                      ; - java.lang.invoke.DirectMethodHandle::constructorMethod@1
                      ; - java.lang.invoke.DirectMethodHandle$Holder::newInvokeSpecial@6
                      ;   {runtime_call throw_null_pointer_exception Runtime1 stub}
  0x0000025a8a955dd4: 5707 e825 

  0x0000025a8a955dd8: ; ImmutableOopMap {rax=Oop }
                      ;*getfield initMethod {reexecute=1 rethrow=0 return_oop=0}
                      ; - (reexecute) java.lang.invoke.DirectMethodHandle::constructorMethod@6
                      ; - java.lang.invoke.DirectMethodHandle$Holder::newInvokeSpecial@6
                      ;   {internal_word}
  0x0000025a8a955dd8: ed56 0749 | ba4e 5d95 | 8a5a 0200 | 004d 8997 | 6804 0000 

  0x0000025a8a955dec: ;   {runtime_call SafepointBlob}
  0x0000025a8a955dec: e90f f64b | 0749 8b87 | 0005 0000 | 49c7 8700 | 0500 0000 | 0000 0049 | c787 0805 | 0000 0000 
  0x0000025a8a955e0c: 0000 4883 

  0x0000025a8a955e10: ;   {runtime_call unwind_exception Runtime1 stub}
  0x0000025a8a955e10: c450 5de9 | e8dd 5607 
[Stub Code]
  0x0000025a8a955e18: ;   {no_reloc}
  0x0000025a8a955e18: 48bb 0000 | 0000 0000 

  0x0000025a8a955e20: ;   {runtime_call nmethod}
  0x0000025a8a955e20: 0000 e9fb 

  0x0000025a8a955e24: ;   {static_stub}
  0x0000025a8a955e24: ffff ff48 | bb00 0000 | 0000 0000 

  0x0000025a8a955e30: ;   {runtime_call nmethod}
  0x0000025a8a955e30: 00e9 fbff 

  0x0000025a8a955e34: ;   {runtime_call handle_exception_from_callee Runtime1 stub}
  0x0000025a8a955e34: ffff e8c5 

  0x0000025a8a955e38: ;   {external_word}
  0x0000025a8a955e38: 0a57 0748 | b9d0 616e | e0f8 7f00 | 0048 83e4 

  0x0000025a8a955e48: ;   {runtime_call}
  0x0000025a8a955e48: f048 b890 | db3c e0f8 | 7f00 00ff 

  0x0000025a8a955e54: ;   {section_word}
  0x0000025a8a955e54: d0f4 49ba | 565e 958a | 5a02 0000 

  0x0000025a8a955e60: ;   {runtime_call DeoptimizationBlob}
  0x0000025a8a955e60: 4152 e939 

  0x0000025a8a955e64: ;   {section_word}
  0x0000025a8a955e64: e84b 0749 | ba67 5e95 | 8a5a 0200 

  0x0000025a8a955e70: ;   {runtime_call DeoptimizationBlob}
  0x0000025a8a955e70: 0041 52e9 | 28e8 4b07 
[/MachCode]


Compiled method (c2) 802819 11000   !   4       jdk.internal.reflect.DirectConstructorHandleAccessor::newInstance (130 bytes)
 total in heap  [0x0000025a9290bd90,0x0000025a9290cf68] = 4568
 relocation     [0x0000025a9290bef0,0x0000025a9290c028] = 312
 main code      [0x0000025a9290c040,0x0000025a9290c6e8] = 1704
 stub code      [0x0000025a9290c6e8,0x0000025a9290c768] = 128
 oops           [0x0000025a9290c768,0x0000025a9290c798] = 48
 metadata       [0x0000025a9290c798,0x0000025a9290c7f0] = 88
 scopes data    [0x0000025a9290c7f0,0x0000025a9290caf0] = 768
 scopes pcs     [0x0000025a9290caf0,0x0000025a9290cda0] = 688
 dependencies   [0x0000025a9290cda0,0x0000025a9290cdc0] = 32
 handler table  [0x0000025a9290cdc0,0x0000025a9290cf20] = 352
 nul chk table  [0x0000025a9290cf20,0x0000025a9290cf68] = 72

[Constant Pool (empty)]

[MachCode]
[Entry Point]
  # {method} {0x0000025aa020e460} 'newInstance' '([Ljava/lang/Object;)Ljava/lang/Object;' in 'jdk/internal/reflect/DirectConstructorHandleAccessor'
  # this:     rdx:rdx   = 'jdk/internal/reflect/DirectConstructorHandleAccessor'
  # parm0:    r8:r8     = '[Ljava/lang/Object;'
  #           [sp+0x40]  (sp of caller)
  0x0000025a9290c040: 448b 5208 | 49c1 e203 

  0x0000025a9290c048: ;   {runtime_call ic_miss_stub}
  0x0000025a9290c048: 493b c20f | 852f 2750 | ff66 6690 | 660f 1f44 | 0000 660f | 1f44 0000 
[Verified Entry Point]
  0x0000025a9290c060: 8984 2400 | 80ff ff55 | 4883 ec30 | 4181 7f20 | 1d00 0000 | 0f85 5f06 | 0000 4889 | 1424 4d85 
  0x0000025a9290c080: c00f 8486 | 0200 0045 | 8b50 0c4c | 8944 2408 | 448b 5a0c | 453b d30f | 8580 0200 | 0044 8b42 
  0x0000025a9290c0a0: 1041 83fb | 010f 8584 | 0000 004c | 8b54 2408 

  0x0000025a9290c0b0: ; implicit exception: dispatches to 0x0000025a9290c4b4
  0x0000025a9290c0b0: 458b 5a0c | 4585 db0f | 869b 0200 | 0045 8b50 | 104c 8b5c | 2408 458b 

  0x0000025a9290c0c8: ;   {oop(a 'java/lang/invoke/MethodType'{0x00000000ffb57d68} = (Ljava/lang/Object;)Ljava/lang/Object;)}
  0x0000025a9290c0c8: 4b10 4181 | fa68 7db5 | ff0f 85a5 | 0200 0045 | 8b50 1445 | 85d2 0f84 | 5c02 0000 | 498b e845 
  0x0000025a9290c0e8: 3b62 1c75 | 1c44 894c | 2408 488b 

  0x0000025a9290c0f4: ;   {static_call}
  0x0000025a9290c0f4: d566 90e8 

  0x0000025a9290c0f8: ; ImmutableOopMap {rbp=Oop [0]=Oop [8]=NarrowOop }
                      ;*invokestatic maybeCustomize {reexecute=0 rethrow=0 return_oop=0}
                      ; - java.lang.invoke.Invokers::checkCustomized@19
                      ; - java.lang.invoke.Invokers$Holder::invokeExact_MT@14
                      ; - jdk.internal.reflect.DirectConstructorHandleAccessor::invokeImpl@53
                      ; - jdk.internal.reflect.DirectConstructorHandleAccessor::newInstance@60
  0x0000025a9290c0f8: a4c4 f6ff 

  0x0000025a9290c0fc: ;   {other}
  0x0000025a9290c0fc: 0f1f 8400 | 6c03 0000 | 448b 4c24 | 084d 8bc1 

  0x0000025a9290c10c: ;   {optimized virtual_call}
  0x0000025a9290c10c: 488b d5e8 

  0x0000025a9290c110: ; ImmutableOopMap {[0]=Oop }
                      ;*invokevirtual invokeBasic {reexecute=0 rethrow=0 return_oop=1}
                      ; - java.lang.invoke.Invokers$Holder::invokeExact_MT@19
                      ; - jdk.internal.reflect.DirectConstructorHandleAccessor::invokeImpl@53
                      ; - jdk.internal.reflect.DirectConstructorHandleAccessor::newInstance@60
  0x0000025a9290c110: ec79 a5ff 

  0x0000025a9290c114: ;   {other}
  0x0000025a9290c114: 0f1f 8400 | 8403 0001 | 4883 c430 

  0x0000025a9290c120: ;   {poll_return}
  0x0000025a9290c120: 5d49 3ba7 | 5004 0000 | 0f87 9505 | 0000 c341 | 83fb 017d | 5145 85db | 0f85 f300 | 0000 418b 
  0x0000025a9290c140: ;   {oop(a 'java/lang/invoke/MethodType'{0x00000000ffb57d90} = ()Ljava/lang/Object;)}
  0x0000025a9290c140: 6810 81fd | 907d b5ff | 0f85 da02 | 0000 458b | 5014 4585 | d20f 8479 | 0200 0049 | 8be8 453b 
  0x0000025a9290c160: 621c 7510 

  0x0000025a9290c164: ;   {static_call}
  0x0000025a9290c164: 488b d5e8 

  0x0000025a9290c168: ; ImmutableOopMap {rbp=Oop [0]=Oop }
                      ;*invokestatic maybeCustomize {reexecute=0 rethrow=0 return_oop=0}
                      ; - java.lang.invoke.Invokers::checkCustomized@19
                      ; - java.lang.invoke.Invokers$Holder::invokeExact_MT@14
                      ; - jdk.internal.reflect.DirectConstructorHandleAccessor::invokeImpl@40
                      ; - jdk.internal.reflect.DirectConstructorHandleAccessor::newInstance@60
  0x0000025a9290c168: 34c4 f6ff 

  0x0000025a9290c16c: ;   {other}
  0x0000025a9290c16c: 0f1f 8400 | dc03 0002 

  0x0000025a9290c174: ;   {optimized virtual_call}
  0x0000025a9290c174: 488b d5e8 

  0x0000025a9290c178: ; ImmutableOopMap {[0]=Oop }
                      ;*invokevirtual invokeBasic {reexecute=0 rethrow=0 return_oop=1}
                      ; - java.lang.invoke.Invokers$Holder::invokeExact_MT@18
                      ; - jdk.internal.reflect.DirectConstructorHandleAccessor::invokeImpl@40
                      ; - jdk.internal.reflect.DirectConstructorHandleAccessor::newInstance@60
  0x0000025a9290c178: 8470 a5ff 

  0x0000025a9290c17c: ;   {other}
  0x0000025a9290c17c: 0f1f 8400 | ec03 0003 | eb96 4183 | fb02 0f84 | f900 0000 | 4183 fb04 | 0f8d 9700 | 0000 4c8b 
  0x0000025a9290c19c: 5424 0845 | 8b5a 0c41 | 83fb 020f | 86c3 0200 | 0045 8b58 | 1045 8b4a | 1841 8b5a | 1041 8b6a 
  0x0000025a9290c1bc: ;   {oop(a 'java/lang/invoke/MethodType'{0x00000000ffb57e70} = (Ljava/lang/Object;Ljava/lang/Object;Ljava/lang/Object;)Ljava/lang/Object;)}
  0x0000025a9290c1bc: 1441 81fb | 707e b5ff | 0f85 c202 | 0000 458b | 5014 4585 | d20f 8481 | 0200 004d | 8bd8 453b 
  0x0000025a9290c1dc: 621c 752e | 4c89 5c24 | 1089 5c24 | 0c44 894c | 2408 498b 

  0x0000025a9290c1f0: ;   {static_call}
  0x0000025a9290c1f0: d366 90e8 

  0x0000025a9290c1f4: ; ImmutableOopMap {rbp=NarrowOop [0]=Oop [8]=NarrowOop [12]=NarrowOop [16]=Oop }
                      ;*invokestatic maybeCustomize {reexecute=0 rethrow=0 return_oop=0}
                      ; - java.lang.invoke.Invokers::checkCustomized@19
                      ; - java.lang.invoke.LambdaForm$MH/0x00000001000c1c00::invokeExact_MT@15
                      ; - jdk.internal.reflect.DirectConstructorHandleAccessor::invokeImpl@88
                      ; - jdk.internal.reflect.DirectConstructorHandleAccessor::newInstance@60
  0x0000025a9290c1f4: a8c3 f6ff 

  0x0000025a9290c1f8: ;   {other}
  0x0000025a9290c1f8: 0f1f 8400 | 6804 0004 | 448b 4c24 | 088b 5c24 | 0c4c 8b5c | 2410 498b | f94c 8bc3 | 4c8b cd49 
  0x0000025a9290c218: 8bd3 488b 

  0x0000025a9290c21c: ;   {optimized virtual_call}
  0x0000025a9290c21c: 2c24 90e8 

  0x0000025a9290c220: ; ImmutableOopMap {rbp=Oop [0]=Oop }
                      ;*invokevirtual invokeBasic {reexecute=0 rethrow=0 return_oop=1}
                      ; - java.lang.invoke.LambdaForm$MH/0x00000001000c1c00::invokeExact_MT@22
                      ; - jdk.internal.reflect.DirectConstructorHandleAccessor::invokeImpl@88
                      ; - jdk.internal.reflect.DirectConstructorHandleAccessor::newInstance@60
  0x0000025a9290c220: 5c6c a6ff 

  0x0000025a9290c224: ;   {other}
  0x0000025a9290c224: 0f1f 8400 | 9404 0005 | e9eb feff | ff41 8b68 

  0x0000025a9290c234: ;   {oop(a 'java/lang/invoke/MethodType'{0x0000000081463de0} = ([Ljava/lang/Object;)Ljava/lang/Object;)}
  0x0000025a9290c234: 1081 fde0 | 3d46 810f | 85ff 0100 | 0045 8b58 | 1445 85db | 0f84 9e01 | 0000 498b | e845 3b63 
  0x0000025a9290c254: 1c75 1148 

  0x0000025a9290c258: ;   {static_call}
  0x0000025a9290c258: 8bd5 90e8 

  0x0000025a9290c25c: ; ImmutableOopMap {rbp=Oop [0]=Oop [8]=Oop }
                      ;*invokestatic maybeCustomize {reexecute=0 rethrow=0 return_oop=0}
                      ; - java.lang.invoke.Invokers::checkCustomized@19
                      ; - java.lang.invoke.Invokers$Holder::invokeExact_MT@14
                      ; - jdk.internal.reflect.DirectConstructorHandleAccessor::invokeImpl@99
                      ; - jdk.internal.reflect.DirectConstructorHandleAccessor::newInstance@60
  0x0000025a9290c25c: 40c3 f6ff 

  0x0000025a9290c260: ;   {other}
  0x0000025a9290c260: 0f1f 8400 | d004 0006 | 488b d54c | 8b44 2408 | 488b 2c24 

  0x0000025a9290c274: ;   {optimized virtual_call}
  0x0000025a9290c274: 6666 90e8 

  0x0000025a9290c278: ; ImmutableOopMap {rbp=Oop [0]=Oop }
                      ;*invokevirtual invokeBasic {reexecute=0 rethrow=0 return_oop=1}
                      ; - java.lang.invoke.Invokers$Holder::invokeExact_MT@19
                      ; - jdk.internal.reflect.DirectConstructorHandleAccessor::invokeImpl@99
                      ; - jdk.internal.reflect.DirectConstructorHandleAccessor::newInstance@60
  0x0000025a9290c278: 8478 a5ff 

  0x0000025a9290c27c: ;   {other}
  0x0000025a9290c27c: 0f1f 8400 | ec04 0007 | e993 feff | ff4c 8b54 | 2408 458b | 5a0c 4183 | fb01 0f86 | 1c01 0000 
  0x0000025a9290c29c: ; implicit exception: dispatches to 0x0000025a9290c5c0
  0x0000025a9290c29c: 458b 5810 | 458b 4a14 | 418b 6a10 

  0x0000025a9290c2a8: ;   {oop(a 'java/lang/invoke/MethodType'{0x00000000ffb46710} = (Ljava/lang/Object;Ljava/lang/Object;)Ljava/lang/Object;)}
  0x0000025a9290c2a8: 4181 fb10 | 67b4 ff0f | 854f 0100 | 0045 8b50 | 1445 85d2 | 0f84 de00 | 0000 4d8b | d845 3b62 
  0x0000025a9290c2c8: 1c75 274c | 895c 2410 | 4489 4c24 | 0849 8bd3 

  0x0000025a9290c2d8: ;   {static_call}
  0x0000025a9290c2d8: 6666 90e8 

  0x0000025a9290c2dc: ; ImmutableOopMap {rbp=NarrowOop [0]=Oop [8]=NarrowOop [16]=Oop }
                      ;*invokestatic maybeCustomize {reexecute=0 rethrow=0 return_oop=0}
                      ; - java.lang.invoke.Invokers::checkCustomized@19
                      ; - java.lang.invoke.Invokers$Holder::invokeExact_MT@14
                      ; - jdk.internal.reflect.DirectConstructorHandleAccessor::invokeImpl@69
                      ; - jdk.internal.reflect.DirectConstructorHandleAccessor::newInstance@60
  0x0000025a9290c2dc: c0c2 f6ff 

  0x0000025a9290c2e0: ;   {other}
  0x0000025a9290c2e0: 0f1f 8400 | 5005 0008 | 448b 4c24 | 084c 8b5c | 2410 4c8b | c549 8bd3 

  0x0000025a9290c2f8: ;   {optimized virtual_call}
  0x0000025a9290c2f8: 6666 90e8 

  0x0000025a9290c2fc: ; ImmutableOopMap {[0]=Oop }
                      ;*invokevirtual invokeBasic {reexecute=0 rethrow=0 return_oop=1}
                      ; - java.lang.invoke.Invokers$Holder::invokeExact_MT@20
                      ; - jdk.internal.reflect.DirectConstructorHandleAccessor::invokeImpl@69
                      ; - jdk.internal.reflect.DirectConstructorHandleAccessor::newInstance@60
  0x0000025a9290c2fc: 0046 a6ff 

  0x0000025a9290c300: ;   {other}
  0x0000025a9290c300: 0f1f 8400 | 7005 0009 | e90f feff | ff45 33d2 | 4533 db4c | 895c 2408 | e973 fdff | ffba 45ff 
  0x0000025a9290c320: ffff 488b | 2c24 4489 | 5424 0444 | 895c 2408 

  0x0000025a9290c330: ;   {runtime_call UncommonTrapBlob}
  0x0000025a9290c330: 6666 90e8 

  0x0000025a9290c334: ; ImmutableOopMap {rbp=Oop }
                      ;*if_icmpeq {reexecute=1 rethrow=0 return_oop=0}
                      ; - (reexecute) jdk.internal.reflect.DirectConstructorHandleAccessor::newInstance@16
  0x0000025a9290c334: c87f 50ff 

  0x0000025a9290c338: ;   {other}
  0x0000025a9290c338: 0f1f 8400 | a805 000a | baf6 ffff | ff48 8b2c 

  0x0000025a9290c348: ;   {runtime_call UncommonTrapBlob}
  0x0000025a9290c348: 2466 90e8 

  0x0000025a9290c34c: ; ImmutableOopMap {rbp=Oop }
                      ;*getfield customized {reexecute=1 rethrow=0 return_oop=0}
                      ; - (reexecute) java.lang.invoke.Invokers::checkCustomized@12
                      ; - java.lang.invoke.Invokers$Holder::invokeExact_MT@14
                      ; - jdk.internal.reflect.DirectConstructorHandleAccessor::invokeImpl@53
                      ; - jdk.internal.reflect.DirectConstructorHandleAccessor::newInstance@60
  0x0000025a9290c34c: b07f 50ff 

  0x0000025a9290c350: ;   {other}
  0x0000025a9290c350: 0f1f 8400 | c005 000b | bae4 ffff | ff48 8b2c | 2448 ff74 | 2408 488f | 0424 4489 

  0x0000025a9290c36c: ;   {runtime_call UncommonTrapBlob}
  0x0000025a9290c36c: 4424 08e8 

  0x0000025a9290c370: ; ImmutableOopMap {rbp=Oop [0]=Oop [8]=NarrowOop }
                      ;*aaload {reexecute=0 rethrow=0 return_oop=0}
                      ; - jdk.internal.reflect.DirectConstructorHandleAccessor::invokeImpl@52
                      ; - jdk.internal.reflect.DirectConstructorHandleAccessor::newInstance@60
  0x0000025a9290c370: 8c7f 50ff 

  0x0000025a9290c374: ;   {other}
  0x0000025a9290c374: 0f1f 8400 | e405 000c | ba45 ffff | ff48 8b2c | 2444 8904 | 2444 8954 | 2408 4489 

  0x0000025a9290c390: ;   {runtime_call UncommonTrapBlob}
  0x0000025a9290c390: 4c24 0ce8 

  0x0000025a9290c394: ; ImmutableOopMap {rbp=Oop [0]=NarrowOop [8]=NarrowOop [12]=NarrowOop }
                      ;*if_acmpeq {reexecute=1 rethrow=0 return_oop=0}
                      ; - (reexecute) java.lang.invoke.Invokers::checkExactType@7
                      ; - java.lang.invoke.Invokers$Holder::invokeExact_MT@10
                      ; - jdk.internal.reflect.DirectConstructorHandleAccessor::invokeImpl@53
                      ; - jdk.internal.reflect.DirectConstructorHandleAccessor::newInstance@60
  0x0000025a9290c394: 687f 50ff 

  0x0000025a9290c398: ;   {other}
  0x0000025a9290c398: 0f1f 8400 | 0806 000d | baf6 ffff | ff48 8b2c 

  0x0000025a9290c3a8: ;   {runtime_call UncommonTrapBlob}
  0x0000025a9290c3a8: 2466 90e8 

  0x0000025a9290c3ac: ; ImmutableOopMap {rbp=Oop }
                      ;*getfield customized {reexecute=1 rethrow=0 return_oop=0}
                      ; - (reexecute) java.lang.invoke.Invokers::checkCustomized@12
                      ; - java.lang.invoke.Invokers$Holder::invokeExact_MT@14
                      ; - jdk.internal.reflect.DirectConstructorHandleAccessor::invokeImpl@69
                      ; - jdk.internal.reflect.DirectConstructorHandleAccessor::newInstance@60
  0x0000025a9290c3ac: 507f 50ff 

  0x0000025a9290c3b0: ;   {other}
  0x0000025a9290c3b0: 0f1f 8400 | 2006 000e | bae4 ffff | ff48 8b2c | 2444 8944 

  0x0000025a9290c3c4: ;   {runtime_call UncommonTrapBlob}
  0x0000025a9290c3c4: 2410 90e8 

  0x0000025a9290c3c8: ; ImmutableOopMap {rbp=Oop [8]=Oop [16]=NarrowOop }
                      ;*aaload {reexecute=0 rethrow=0 return_oop=0}
                      ; - jdk.internal.reflect.DirectConstructorHandleAccessor::invokeImpl@65
                      ; - jdk.internal.reflect.DirectConstructorHandleAccessor::newInstance@60
  0x0000025a9290c3c8: 347f 50ff 

  0x0000025a9290c3cc: ;   {other}
  0x0000025a9290c3cc: 0f1f 8400 | 3c06 000f | baf6 ffff | ff48 8b2c 

  0x0000025a9290c3dc: ;   {runtime_call UncommonTrapBlob}
  0x0000025a9290c3dc: 2466 90e8 

  0x0000025a9290c3e0: ; ImmutableOopMap {rbp=Oop }
                      ;*getfield customized {reexecute=1 rethrow=0 return_oop=0}
                      ; - (reexecute) java.lang.invoke.Invokers::checkCustomized@12
                      ; - java.lang.invoke.Invokers$Holder::invokeExact_MT@14
                      ; - jdk.internal.reflect.DirectConstructorHandleAccessor::invokeImpl@40
                      ; - jdk.internal.reflect.DirectConstructorHandleAccessor::newInstance@60
  0x0000025a9290c3e0: 1c7f 50ff 

  0x0000025a9290c3e4: ;   {other}
  0x0000025a9290c3e4: 0f1f 8400 | 5406 0010 | baf6 ffff | ff48 8b2c 

  0x0000025a9290c3f4: ;   {runtime_call UncommonTrapBlob}
  0x0000025a9290c3f4: 2466 90e8 

  0x0000025a9290c3f8: ; ImmutableOopMap {rbp=Oop }
                      ;*getfield customized {reexecute=1 rethrow=0 return_oop=0}
                      ; - (reexecute) java.lang.invoke.Invokers::checkCustomized@12
                      ; - java.lang.invoke.Invokers$Holder::invokeExact_MT@14
                      ; - jdk.internal.reflect.DirectConstructorHandleAccessor::invokeImpl@99
                      ; - jdk.internal.reflect.DirectConstructorHandleAccessor::newInstance@60
  0x0000025a9290c3f8: 047f 50ff 

  0x0000025a9290c3fc: ;   {other}
  0x0000025a9290c3fc: 0f1f 8400 | 6c06 0011 | ba45 ffff | ff44 8944 | 2408 4489 | 4c24 0c44 | 895c 2414 

  0x0000025a9290c418: ;   {runtime_call UncommonTrapBlob}
  0x0000025a9290c418: 6666 90e8 

  0x0000025a9290c41c: ; ImmutableOopMap {rbp=NarrowOop [0]=Oop [8]=NarrowOop [12]=NarrowOop [20]=NarrowOop }
                      ;*if_acmpeq {reexecute=1 rethrow=0 return_oop=0}
                      ; - (reexecute) java.lang.invoke.Invokers::checkExactType@7
                      ; - java.lang.invoke.Invokers$Holder::invokeExact_MT@10
                      ; - jdk.internal.reflect.DirectConstructorHandleAccessor::invokeImpl@69
                      ; - jdk.internal.reflect.DirectConstructorHandleAccessor::newInstance@60
  0x0000025a9290c41c: e07e 50ff 

  0x0000025a9290c420: ;   {other}
  0x0000025a9290c420: 0f1f 8400 | 9006 0012 | ba45 ffff | ff44 8944 

  0x0000025a9290c430: ;   {runtime_call UncommonTrapBlob}
  0x0000025a9290c430: 2408 90e8 

  0x0000025a9290c434: ; ImmutableOopMap {rbp=NarrowOop [0]=Oop [8]=NarrowOop }
                      ;*if_acmpeq {reexecute=1 rethrow=0 return_oop=0}
                      ; - (reexecute) java.lang.invoke.Invokers::checkExactType@7
                      ; - java.lang.invoke.Invokers$Holder::invokeExact_MT@10
                      ; - jdk.internal.reflect.DirectConstructorHandleAccessor::invokeImpl@40
                      ; - jdk.internal.reflect.DirectConstructorHandleAccessor::newInstance@60
  0x0000025a9290c434: c87e 50ff 

  0x0000025a9290c438: ;   {other}
  0x0000025a9290c438: 0f1f 8400 | a806 0013 | ba45 ffff | ff44 8944 

  0x0000025a9290c448: ;   {runtime_call UncommonTrapBlob}
  0x0000025a9290c448: 2410 90e8 

  0x0000025a9290c44c: ; ImmutableOopMap {rbp=NarrowOop [0]=Oop [8]=Oop [16]=NarrowOop }
                      ;*if_acmpeq {reexecute=1 rethrow=0 return_oop=0}
                      ; - (reexecute) java.lang.invoke.Invokers::checkExactType@7
                      ; - java.lang.invoke.Invokers$Holder::invokeExact_MT@10
                      ; - jdk.internal.reflect.DirectConstructorHandleAccessor::invokeImpl@99
                      ; - jdk.internal.reflect.DirectConstructorHandleAccessor::newInstance@60
  0x0000025a9290c44c: b07e 50ff 

  0x0000025a9290c450: ;   {other}
  0x0000025a9290c450: 0f1f 8400 | c006 0014 | baf6 ffff | ff48 8b2c 

  0x0000025a9290c460: ;   {runtime_call UncommonTrapBlob}
  0x0000025a9290c460: 2466 90e8 

  0x0000025a9290c464: ; ImmutableOopMap {rbp=Oop }
                      ;*getfield customized {reexecute=1 rethrow=0 return_oop=0}
                      ; - (reexecute) java.lang.invoke.Invokers::checkCustomized@12
                      ; - java.lang.invoke.LambdaForm$MH/0x00000001000c1c00::invokeExact_MT@15
                      ; - jdk.internal.reflect.DirectConstructorHandleAccessor::invokeImpl@88
                      ; - jdk.internal.reflect.DirectConstructorHandleAccessor::newInstance@60
  0x0000025a9290c464: 987e 50ff 

  0x0000025a9290c468: ;   {other}
  0x0000025a9290c468: 0f1f 8400 | d806 0015 | bae4 ffff | ff48 8b2c | 2444 8944 

  0x0000025a9290c47c: ;   {runtime_call UncommonTrapBlob}
  0x0000025a9290c47c: 2410 90e8 

  0x0000025a9290c480: ; ImmutableOopMap {rbp=Oop [8]=Oop [16]=NarrowOop }
                      ;*aaload {reexecute=0 rethrow=0 return_oop=0}
                      ; - jdk.internal.reflect.DirectConstructorHandleAccessor::invokeImpl@81
                      ; - jdk.internal.reflect.DirectConstructorHandleAccessor::newInstance@60
  0x0000025a9290c480: 7c7e 50ff 

  0x0000025a9290c484: ;   {other}
  0x0000025a9290c484: 0f1f 8400 | f406 0016 | ba45 ffff | ff44 8944 | 2408 895c | 240c 4489 | 4c24 1044 | 895c 2418 
  0x0000025a9290c4a4: ;   {runtime_call UncommonTrapBlob}
  0x0000025a9290c4a4: 6666 90e8 

  0x0000025a9290c4a8: ; ImmutableOopMap {rbp=NarrowOop [0]=Oop [8]=NarrowOop [12]=NarrowOop [16]=NarrowOop [24]=NarrowOop }
                      ;*if_acmpeq {reexecute=1 rethrow=0 return_oop=0}
                      ; - (reexecute) java.lang.invoke.Invokers::checkExactType@7
                      ; - java.lang.invoke.LambdaForm$MH/0x00000001000c1c00::invokeExact_MT@11
                      ; - jdk.internal.reflect.DirectConstructorHandleAccessor::invokeImpl@88
                      ; - jdk.internal.reflect.DirectConstructorHandleAccessor::newInstance@60
  0x0000025a9290c4a8: 547e 50ff 

  0x0000025a9290c4ac: ;   {other}
  0x0000025a9290c4ac: 0f1f 8400 | 1c07 0017 | baf6 ffff | ff48 8b2c 

  0x0000025a9290c4bc: ;   {runtime_call UncommonTrapBlob}
  0x0000025a9290c4bc: 2466 90e8 

  0x0000025a9290c4c0: ; ImmutableOopMap {rbp=Oop }
                      ;*aaload {reexecute=0 rethrow=0 return_oop=0}
                      ; - jdk.internal.reflect.DirectConstructorHandleAccessor::invokeImpl@52
                      ; - jdk.internal.reflect.DirectConstructorHandleAccessor::newInstance@60
  0x0000025a9290c4c0: 3c7e 50ff 

  0x0000025a9290c4c4: ;   {other}
  0x0000025a9290c4c4: 0f1f 8400 | 3407 0018 | ba5e ffff | ff48 8b2c 

  0x0000025a9290c4d4: ;   {runtime_call UncommonTrapBlob}
  0x0000025a9290c4d4: 2466 90e8 

  0x0000025a9290c4d8: ; ImmutableOopMap {rbp=Oop }
                      ;*invokevirtual type {reexecute=0 rethrow=0 return_oop=0}
                      ; - java.lang.invoke.Invokers::checkExactType@1
                      ; - java.lang.invoke.Invokers$Holder::invokeExact_MT@10
                      ; - jdk.internal.reflect.DirectConstructorHandleAccessor::invokeImpl@53
                      ; - jdk.internal.reflect.DirectConstructorHandleAccessor::newInstance@60
  0x0000025a9290c4d8: 247e 50ff 

  0x0000025a9290c4dc: ;   {other}
  0x0000025a9290c4dc: 0f1f 8400 | 4c07 0019 | eb00 448b | 4008 4d33 | db4f 8d1c | c348 8bd0 | eb46 eb00 | 448b 4008 
  0x0000025a9290c4fc: 4d33 db4f | 8d1c c348 | 8bd0 eb34 | eb00 448b | 5008 4d33 | db4f 8d1c | d348 8bd0 | eb22 eb00 
  0x0000025a9290c51c: 448b 4008 | 4d33 db4f | 8d1c c348 | 8bd0 eb10 | eb00 448b | 5008 4d33 | db4f 8d1c | d348 8bd0 
  0x0000025a9290c53c: 4d8b 5350 

  0x0000025a9290c540: ;   {metadata('java/lang/ClassCastException')}
  0x0000025a9290c540: 49bb f05c | 0400 0100 | 0000 4d3b | d375 3148 | 8bea 488b | 1424 4c8b 

  0x0000025a9290c558: ;   {optimized virtual_call}
  0x0000025a9290c558: c566 90e8 

  0x0000025a9290c55c: ; ImmutableOopMap {rbp=Oop }
                      ;*invokevirtual isIllegalArgument {reexecute=0 rethrow=0 return_oop=0}
                      ; - jdk.internal.reflect.DirectConstructorHandleAccessor::newInstance@67
  0x0000025a9290c55c: 2025 50ff 

  0x0000025a9290c560: ;   {other}
  0x0000025a9290c560: 0f1f 8400 | d007 001a | 85c0 7528 | ba47 0000 

  0x0000025a9290c570: ;   {runtime_call UncommonTrapBlob}
  0x0000025a9290c570: 0066 90e8 

  0x0000025a9290c574: ; ImmutableOopMap {rbp=Oop }
                      ;*new {reexecute=0 rethrow=0 return_oop=0}
                      ; - jdk.internal.reflect.DirectConstructorHandleAccessor::newInstance@84
  0x0000025a9290c574: 887d 50ff 

  0x0000025a9290c578: ;   {other}
  0x0000025a9290c578: 0f1f 8400 | e807 001b | 488b 2c24 

  0x0000025a9290c584: ;   {runtime_call _rethrow_Java}
  0x0000025a9290c584: 6666 90e8 

  0x0000025a9290c588: ; ImmutableOopMap {rbp=Oop [0]=Oop }
                      ;*invokevirtual invokeImpl {reexecute=0 rethrow=0 return_oop=1}
                      ; - jdk.internal.reflect.DirectConstructorHandleAccessor::newInstance@60
  0x0000025a9290c588: 7485 5cff 

  0x0000025a9290c58c: ;   {other}
  0x0000025a9290c58c: 0f1f 8400 | fc07 001c | ba1f 0000 

  0x0000025a9290c598: ;   {runtime_call UncommonTrapBlob}
  0x0000025a9290c598: 0066 90e8 

  0x0000025a9290c59c: ; ImmutableOopMap {rbp=Oop }
                      ;*new {reexecute=0 rethrow=0 return_oop=0}
                      ; - jdk.internal.reflect.DirectConstructorHandleAccessor::newInstance@73
  0x0000025a9290c59c: 607d 50ff 

  0x0000025a9290c5a0: ;   {other}
  0x0000025a9290c5a0: 0f1f 8400 | 1008 001d | baf6 ffff | ff48 8b2c 

  0x0000025a9290c5b0: ;   {runtime_call UncommonTrapBlob}
  0x0000025a9290c5b0: 2466 90e8 

  0x0000025a9290c5b4: ; ImmutableOopMap {rbp=Oop }
                      ;*aaload {reexecute=0 rethrow=0 return_oop=0}
                      ; - jdk.internal.reflect.DirectConstructorHandleAccessor::invokeImpl@65
                      ; - jdk.internal.reflect.DirectConstructorHandleAccessor::newInstance@60
  0x0000025a9290c5b4: 487d 50ff 

  0x0000025a9290c5b8: ;   {other}
  0x0000025a9290c5b8: 0f1f 8400 | 2808 001e | ba5e ffff | ff48 8b2c 

  0x0000025a9290c5c8: ;   {runtime_call UncommonTrapBlob}
  0x0000025a9290c5c8: 2466 90e8 

  0x0000025a9290c5cc: ; ImmutableOopMap {rbp=Oop }
                      ;*invokevirtual type {reexecute=0 rethrow=0 return_oop=0}
                      ; - java.lang.invoke.Invokers::checkExactType@1
                      ; - java.lang.invoke.Invokers$Holder::invokeExact_MT@10
                      ; - jdk.internal.reflect.DirectConstructorHandleAccessor::invokeImpl@69
                      ; - jdk.internal.reflect.DirectConstructorHandleAccessor::newInstance@60
  0x0000025a9290c5cc: 307d 50ff 

  0x0000025a9290c5d0: ;   {other}
  0x0000025a9290c5d0: 0f1f 8400 | 4008 001f | ba5e ffff | ff48 8b2c 

  0x0000025a9290c5e0: ;   {runtime_call UncommonTrapBlob}
  0x0000025a9290c5e0: 2466 90e8 

  0x0000025a9290c5e4: ; ImmutableOopMap {rbp=Oop }
                      ;*invokevirtual type {reexecute=0 rethrow=0 return_oop=0}
                      ; - java.lang.invoke.Invokers::checkExactType@1
                      ; - java.lang.invoke.Invokers$Holder::invokeExact_MT@10
                      ; - jdk.internal.reflect.DirectConstructorHandleAccessor::invokeImpl@40
                      ; - jdk.internal.reflect.DirectConstructorHandleAccessor::newInstance@60
  0x0000025a9290c5e4: 187d 50ff 

  0x0000025a9290c5e8: ;   {other}
  0x0000025a9290c5e8: 0f1f 8400 | 5808 0020 | ba5e ffff | ff48 8b2c 

  0x0000025a9290c5f8: ;   {runtime_call UncommonTrapBlob}
  0x0000025a9290c5f8: 2466 90e8 

  0x0000025a9290c5fc: ; ImmutableOopMap {rbp=Oop }
                      ;*invokevirtual type {reexecute=0 rethrow=0 return_oop=0}
                      ; - java.lang.invoke.Invokers::checkExactType@1
                      ; - java.lang.invoke.Invokers$Holder::invokeExact_MT@10
                      ; - jdk.internal.reflect.DirectConstructorHandleAccessor::invokeImpl@99
                      ; - jdk.internal.reflect.DirectConstructorHandleAccessor::newInstance@60
  0x0000025a9290c5fc: 007d 50ff 

  0x0000025a9290c600: ;   {other}
  0x0000025a9290c600: 0f1f 8400 | 7008 0021 | baf6 ffff | ff48 8b2c 

  0x0000025a9290c610: ;   {runtime_call UncommonTrapBlob}
  0x0000025a9290c610: 2466 90e8 

  0x0000025a9290c614: ; ImmutableOopMap {rbp=Oop }
                      ;*aaload {reexecute=0 rethrow=0 return_oop=0}
                      ; - jdk.internal.reflect.DirectConstructorHandleAccessor::invokeImpl@81
                      ; - jdk.internal.reflect.DirectConstructorHandleAccessor::newInstance@60
  0x0000025a9290c614: e87c 50ff 

  0x0000025a9290c618: ;   {other}
  0x0000025a9290c618: 0f1f 8400 | 8808 0022 | baf6 ffff | ff48 8b2c 

  0x0000025a9290c628: ;   {runtime_call UncommonTrapBlob}
  0x0000025a9290c628: 2466 90e8 

  0x0000025a9290c62c: ; ImmutableOopMap {rbp=Oop }
                      ;*invokevirtual type {reexecute=0 rethrow=0 return_oop=0}
                      ; - java.lang.invoke.Invokers::checkExactType@1
                      ; - java.lang.invoke.LambdaForm$MH/0x00000001000c1c00::invokeExact_MT@11
                      ; - jdk.internal.reflect.DirectConstructorHandleAccessor::invokeImpl@88
                      ; - jdk.internal.reflect.DirectConstructorHandleAccessor::newInstance@60
  0x0000025a9290c62c: d07c 50ff 

  0x0000025a9290c630: ;   {other}
  0x0000025a9290c630: 0f1f 8400 | a008 0023 | 488b e848 | 8b14 244c 

  0x0000025a9290c640: ;   {optimized virtual_call}
  0x0000025a9290c640: 8bc0 90e8 

  0x0000025a9290c644: ; ImmutableOopMap {rbp=Oop }
                      ;*invokevirtual isIllegalArgument {reexecute=0 rethrow=0 return_oop=0}
                      ; - jdk.internal.reflect.DirectConstructorHandleAccessor::newInstance@96
  0x0000025a9290c644: 3824 50ff 

  0x0000025a9290c648: ;   {other}
  0x0000025a9290c648: 0f1f 8400 | b808 0024 | 85c0 7514 | ba47 0000 

  0x0000025a9290c658: ;   {runtime_call UncommonTrapBlob}
  0x0000025a9290c658: 0066 90e8 

  0x0000025a9290c65c: ; ImmutableOopMap {rbp=Oop }
                      ;*new {reexecute=0 rethrow=0 return_oop=0}
                      ; - jdk.internal.reflect.DirectConstructorHandleAccessor::newInstance@111
  0x0000025a9290c65c: a07c 50ff 

  0x0000025a9290c660: ;   {other}
  0x0000025a9290c660: 0f1f 8400 | d008 0025 | ba1f 0000 

  0x0000025a9290c66c: ;   {runtime_call UncommonTrapBlob}
  0x0000025a9290c66c: 0066 90e8 

  0x0000025a9290c670: ; ImmutableOopMap {rbp=Oop }
                      ;*new {reexecute=0 rethrow=0 return_oop=0}
                      ; - jdk.internal.reflect.DirectConstructorHandleAccessor::newInstance@102
  0x0000025a9290c670: 8c7c 50ff 

  0x0000025a9290c674: ;   {other}
  0x0000025a9290c674: 0f1f 8400 | e408 0026 | bab5 ffff | ff48 8904 

  0x0000025a9290c684: ;   {runtime_call UncommonTrapBlob}
  0x0000025a9290c684: 2466 90e8 

  0x0000025a9290c688: ; ImmutableOopMap {rbp=Oop [0]=Oop }
                      ;*astore_3 {reexecute=0 rethrow=0 return_oop=0}
                      ; - jdk.internal.reflect.DirectConstructorHandleAccessor::newInstance@64
  0x0000025a9290c688: 747c 50ff 

  0x0000025a9290c68c: ;   {other}
  0x0000025a9290c68c: 0f1f 8400 | fc08 0027 | ba47 0000 | 0048 8be8 

  0x0000025a9290c69c: ;   {runtime_call UncommonTrapBlob}
  0x0000025a9290c69c: 6666 90e8 

  0x0000025a9290c6a0: ; ImmutableOopMap {rbp=Oop }
                      ;*new {reexecute=0 rethrow=0 return_oop=0}
                      ; - jdk.internal.reflect.DirectConstructorHandleAccessor::newInstance@121
  0x0000025a9290c6a0: 5c7c 50ff 

  0x0000025a9290c6a4: ;   {other}
  0x0000025a9290c6a4: 0f1f 8400 | 1409 0028 | 488b d0eb | 0848 8bd0 | eb03 488b | d048 83c4 

  0x0000025a9290c6bc: ;   {runtime_call _rethrow_Java}
  0x0000025a9290c6bc: 305d e93d 

  0x0000025a9290c6c0: ;   {internal_word}
  0x0000025a9290c6c0: 845c ff49 | ba21 c190 | 925a 0200 | 004d 8997 | 6804 0000 

  0x0000025a9290c6d4: ;   {runtime_call SafepointBlob}
  0x0000025a9290c6d4: e927 8d50 

  0x0000025a9290c6d8: ;   {runtime_call StubRoutines (final stubs)}
  0x0000025a9290c6d8: ffe8 22f0 | 4eff e997 | f9ff fff4 | f4f4 f4f4 
[Stub Code]
  0x0000025a9290c6e8: ;   {no_reloc}
  0x0000025a9290c6e8: 48bb 0000 | 0000 0000 

  0x0000025a9290c6f0: ;   {runtime_call nmethod}
  0x0000025a9290c6f0: 0000 e9fb 

  0x0000025a9290c6f4: ;   {static_stub}
  0x0000025a9290c6f4: ffff ff48 | bb00 0000 | 0000 0000 

  0x0000025a9290c700: ;   {runtime_call nmethod}
  0x0000025a9290c700: 00e9 fbff 

  0x0000025a9290c704: ;   {static_stub}
  0x0000025a9290c704: ffff 48bb | 0000 0000 | 0000 0000 

  0x0000025a9290c710: ;   {runtime_call nmethod}
  0x0000025a9290c710: e9fb ffff 

  0x0000025a9290c714: ;   {static_stub}
  0x0000025a9290c714: ff48 bb00 | 0000 0000 

  0x0000025a9290c71c: ;   {runtime_call nmethod}
  0x0000025a9290c71c: 0000 00e9 | fbff ffff 

  0x0000025a9290c724: ;   {static_stub}
  0x0000025a9290c724: 48bb 0000 | 0000 0000 

  0x0000025a9290c72c: ;   {runtime_call nmethod}
  0x0000025a9290c72c: 0000 e9fb 

  0x0000025a9290c730: ;   {static_stub}
  0x0000025a9290c730: ffff ff48 | bb00 0000 | 0000 0000 

  0x0000025a9290c73c: ;   {runtime_call nmethod}
  0x0000025a9290c73c: 00e9 fbff 

  0x0000025a9290c740: ;   {runtime_call ExceptionBlob}
  0x0000025a9290c740: ffff e939 | f25b ffe8 | 0000 0000 | 4883 2c24 

  0x0000025a9290c750: ;   {runtime_call DeoptimizationBlob}
  0x0000025a9290c750: 05e9 4a7f | 50ff e800 | 0000 0048 | 832c 2405 

  0x0000025a9290c760: ;   {runtime_call DeoptimizationBlob}
  0x0000025a9290c760: e93b 7f50 | fff4 f4f4 
[/MachCode]


---------------  P R O C E S S  ---------------

Threads class SMR info:
_java_thread_list=0x0000025aa9be6da0, length=166, elements={
0x0000025a85298150, 0x0000025a9f4195b0, 0x0000025a9f425530, 0x0000025a9f425f90,
0x0000025a9f41c760, 0x0000025a9f4471f0, 0x0000025a9f447c50, 0x0000025a9f4506c0,
0x0000025a9f465970, 0x0000025a9f466410, 0x0000025a9f7467c0, 0x0000025a9f827130,
0x0000025aa4db4800, 0x0000025aa48880b0, 0x0000025a9fa71060, 0x0000025aa44772e0,
0x0000025a9f88d330, 0x0000025aa5871ec0, 0x0000025aa5871830, 0x0000025aa5872550,
0x0000025aa586f760, 0x0000025aa586fdf0, 0x0000025aa5870480, 0x0000025aa5870b10,
0x0000025aa51bd290, 0x0000025aa51bd920, 0x0000025aa51bdfb0, 0x0000025aa51be640,
0x0000025aa51becd0, 0x0000025aa51bf360, 0x0000025aa51bbee0, 0x0000025aa51bf9f0,
0x0000025aa51bcc00, 0x0000025aa51bc570, 0x0000025aa51c1430, 0x0000025aa51c2150,
0x0000025aa51c0710, 0x0000025aa51c27e0, 0x0000025aa51c1ac0, 0x0000025aa51c0da0,
0x0000025aa51c3500, 0x0000025aa51c0080, 0x0000025aa6ed6e70, 0x0000025aa6ed7b90,
0x0000025aa6ed67e0, 0x0000025aa6ed5430, 0x0000025aa6ed4da0, 0x0000025aa6ed8220,
0x0000025aa6ed8f40, 0x0000025aa6ed9c60, 0x0000025aa6ed95d0, 0x0000025aa6ed88b0,
0x0000025aa6eda2f0, 0x0000025aa6eda980, 0x0000025aa6ed7500, 0x0000025aa6edb010,
0x0000025aa6edc3c0, 0x0000025aa6edb6a0, 0x0000025aa6edbd30, 0x0000025aa7085fc0,
0x0000025aa7089ad0, 0x0000025aa7088db0, 0x0000025aa7089440, 0x0000025aa7086650,
0x0000025aa708a160, 0x0000025aa7088720, 0x0000025aa7088090, 0x0000025aa7086ce0,
0x0000025aa708a7f0, 0x0000025aa7087370, 0x0000025aa708b510, 0x0000025aa708d5e0,
0x0000025aa708bba0, 0x0000025aa708c230, 0x0000025aa86fc780, 0x0000025aa86fce10,
0x0000025aa86fb3d0, 0x0000025aa86fba60, 0x0000025aa86fd4a0, 0x0000025aa86fc0f0,
0x0000025aa86fa6b0, 0x0000025aa86fa020, 0x0000025aa86fdb30, 0x0000025aa86fe1c0,
0x0000025aa86fad40, 0x0000025aa8700920, 0x0000025aa86feee0, 0x0000025aa8700fb0,
0x0000025aa86fe850, 0x0000025aa8701640, 0x0000025aa86ff570, 0x0000025aa86ffc00,
0x0000025aa8700290, 0x0000025aa9b29b20, 0x0000025aa9b2aed0, 0x0000025aa9b2a1b0,
0x0000025aa9b28770, 0x0000025aa9b28e00, 0x0000025aa9b29490, 0x0000025aa9b2b560,
0x0000025aa9b280e0, 0x0000025aa9b2a840, 0x0000025aa7c10f00, 0x0000025aa7c11590,
0x0000025aa7c12940, 0x0000025aa92ccdd0, 0x0000025aa92d0f70, 0x0000025aa92d0250,
0x0000025aa92d08e0, 0x0000025aa92d2320, 0x0000025aa92d29b0, 0x0000025aa92d1600,
0x0000025aa92d1c90, 0x0000025aaa279850, 0x0000025aa586f0d0, 0x0000025aa7c13cf0,
0x0000025aa6ab2780, 0x0000025aa6ab41c0, 0x0000025aa6ab0d40, 0x0000025aa6ab4850,
0x0000025aaa27b920, 0x0000025aa6ab3b30, 0x0000025aa6ab8360, 0x0000025aa8aa22f0,
0x0000025aa8aa15d0, 0x0000025aa8aa2980, 0x0000025aa8aa1c60, 0x0000025aa984cf30,
0x0000025aa984e2e0, 0x0000025aa984fd20, 0x0000025aa984e970, 0x0000025aa984d5c0,
0x0000025aa984f000, 0x0000025aa98503b0, 0x0000025aa84d2310, 0x0000025aa84d15f0,
0x0000025aa84d1c80, 0x0000025aa7ab90f0, 0x0000025aa7aba4a0, 0x0000025aa7ab76b0,
0x0000025aa7ab7d40, 0x0000025aa7ab83d0, 0x0000025aa7ab8a60, 0x0000025aa7ab9780,
0x0000025aa7ab9e10, 0x0000025aafa31570, 0x0000025aafa32290, 0x0000025aafa31c00,
0x0000025aafa32920, 0x0000025aa9f14820, 0x0000025aa9f14190, 0x0000025aa9f15540,
0x0000025aa9f14eb0, 0x0000025aaa69f410, 0x0000025aaf833650, 0x0000025aa7ab7020,
0x0000025aaa6a2e60, 0x0000025aaa6a34f0, 0x0000025aaa6a0d90, 0x0000025aaa6a0070,
0x0000025aaa6a2140, 0x0000025aaa6a0700, 0x0000025aaa6a1420, 0x0000025aaa6a1ab0,
0x0000025aaa6a27d0, 0x0000025aaf076460
}

Java Threads: ( => current thread )
  0x0000025a85298150 JavaThread "main"                              [_thread_blocked, id=11296, stack(0x00000061bed00000,0x00000061bee00000) (1024K)]
  0x0000025a9f4195b0 JavaThread "Common-Cleaner"             daemon [_thread_blocked, id=29152, stack(0x00000061bf500000,0x00000061bf600000) (1024K)]
  0x0000025a9f425530 JavaThread "Reference Handler"          daemon [_thread_blocked, id=3048, stack(0x00000061bf600000,0x00000061bf700000) (1024K)]
  0x0000025a9f425f90 JavaThread "Finalizer"                  daemon [_thread_blocked, id=22016, stack(0x00000061bf700000,0x00000061bf800000) (1024K)]
  0x0000025a9f41c760 JavaThread "Signal Dispatcher"          daemon [_thread_blocked, id=27068, stack(0x00000061bf800000,0x00000061bf900000) (1024K)]
  0x0000025a9f4471f0 JavaThread "Attach Listener"            daemon [_thread_blocked, id=36484, stack(0x00000061bf900000,0x00000061bfa00000) (1024K)]
  0x0000025a9f447c50 JavaThread "Service Thread"             daemon [_thread_blocked, id=35644, stack(0x00000061bfa00000,0x00000061bfb00000) (1024K)]
  0x0000025a9f4506c0 JavaThread "Monitor Deflation Thread"   daemon [_thread_blocked, id=20308, stack(0x00000061bfb00000,0x00000061bfc00000) (1024K)]
  0x0000025a9f465970 JavaThread "C2 CompilerThread0"         daemon [_thread_blocked, id=30092, stack(0x00000061bfc00000,0x00000061bfd00000) (1024K)]
  0x0000025a9f466410 JavaThread "C1 CompilerThread0"         daemon [_thread_blocked, id=11960, stack(0x00000061bfd00000,0x00000061bfe00000) (1024K)]
  0x0000025a9f7467c0 JavaThread "Notification Thread"        daemon [_thread_blocked, id=22664, stack(0x00000061bfe00000,0x00000061bff00000) (1024K)]
  0x0000025a9f827130 JavaThread "Daemon health stats"               [_thread_blocked, id=19472, stack(0x00000061c0700000,0x00000061c0800000) (1024K)]
  0x0000025aa4db4800 JavaThread "Incoming local TCP Connector on port 56824"        [_thread_in_native, id=24272, stack(0x00000061c0800000,0x00000061c0900000) (1024K)]
  0x0000025aa48880b0 JavaThread "Daemon periodic checks"            [_thread_blocked, id=27848, stack(0x00000061c0900000,0x00000061c0a00000) (1024K)]
  0x0000025a9fa71060 JavaThread "Daemon"                            [_thread_blocked, id=31624, stack(0x00000061c0a00000,0x00000061c0b00000) (1024K)]
  0x0000025aa44772e0 JavaThread "Handler for socket connection from /127.0.0.1:56824 to /127.0.0.1:51964"        [_thread_in_native, id=17108, stack(0x00000061c0b00000,0x00000061c0c00000) (1024K)]
  0x0000025a9f88d330 JavaThread "Cancel handler"                    [_thread_blocked, id=10228, stack(0x00000061c0f00000,0x00000061c1000000) (1024K)]
=>0x0000025aa5871ec0 JavaThread "Daemon worker"                     [_thread_in_vm, id=15016, stack(0x00000061c1000000,0x00000061c1100000) (1024K)]
  0x0000025aa5871830 JavaThread "Asynchronous log dispatcher for DefaultDaemonConnection: socket connection from /127.0.0.1:56824 to /127.0.0.1:51964"        [_thread_blocked, id=8756, stack(0x00000061c1100000,0x00000061c1200000) (1024K)]
  0x0000025aa5872550 JavaThread "Stdin handler"                     [_thread_blocked, id=4672, stack(0x00000061c1200000,0x00000061c1300000) (1024K)]
  0x0000025aa586f760 JavaThread "Daemon client event forwarder"        [_thread_blocked, id=5192, stack(0x00000061c1300000,0x00000061c1400000) (1024K)]
  0x0000025aa586fdf0 JavaThread "Cache worker for journal cache (C:\Users\Apoorv Rathore\AndroidStudioProjects\.gradle\caches\journal-1)"        [_thread_blocked, id=3004, stack(0x00000061c1400000,0x00000061c1500000) (1024K)]
  0x0000025aa5870480 JavaThread "File lock request listener"        [_thread_in_native, id=33624, stack(0x00000061c1500000,0x00000061c1600000) (1024K)]
  0x0000025aa5870b10 JavaThread "Cache worker for file hash cache (C:\Users\Apoorv Rathore\AndroidStudioProjects\.gradle\caches\8.13\fileHashes)"        [_thread_blocked, id=18240, stack(0x00000061c1700000,0x00000061c1800000) (1024K)]
  0x0000025aa51bd290 JavaThread "Cache worker for file hash cache (C:\Users\Apoorv Rathore\MySanjeevni\.gradle\8.13\fileHashes)"        [_thread_blocked, id=6872, stack(0x00000061c1800000,0x00000061c1900000) (1024K)]
  0x0000025aa51bd920 JavaThread "Cache worker for Build Output Cleanup Cache (C:\Users\Apoorv Rathore\MySanjeevni\.gradle\buildOutputCleanup)"        [_thread_blocked, id=34640, stack(0x00000061c1900000,0x00000061c1a00000) (1024K)]
  0x0000025aa51bdfb0 JavaThread "File watcher server"        daemon [_thread_in_native, id=3316, stack(0x00000061c1a00000,0x00000061c1b00000) (1024K)]
  0x0000025aa51be640 JavaThread "File watcher consumer"      daemon [_thread_blocked, id=26972, stack(0x00000061c1b00000,0x00000061c1c00000) (1024K)]
  0x0000025aa51becd0 JavaThread "jar transforms"                    [_thread_blocked, id=16968, stack(0x00000061c1c00000,0x00000061c1d00000) (1024K)]
  0x0000025aa51bf360 JavaThread "jar transforms Thread 2"           [_thread_blocked, id=6604, stack(0x00000061c1d00000,0x00000061c1e00000) (1024K)]
  0x0000025aa51bbee0 JavaThread "jar transforms Thread 3"           [_thread_blocked, id=34332, stack(0x00000061c1e00000,0x00000061c1f00000) (1024K)]
  0x0000025aa51bf9f0 JavaThread "jar transforms Thread 4"           [_thread_blocked, id=26512, stack(0x00000061c1f00000,0x00000061c2000000) (1024K)]
  0x0000025aa51bcc00 JavaThread "jar transforms Thread 5"           [_thread_blocked, id=30648, stack(0x00000061c2000000,0x00000061c2100000) (1024K)]
  0x0000025aa51bc570 JavaThread "jar transforms Thread 6"           [_thread_blocked, id=30380, stack(0x00000061c2100000,0x00000061c2200000) (1024K)]
  0x0000025aa51c1430 JavaThread "jar transforms Thread 7"           [_thread_blocked, id=16404, stack(0x00000061c2200000,0x00000061c2300000) (1024K)]
  0x0000025aa51c2150 JavaThread "jar transforms Thread 8"           [_thread_blocked, id=23576, stack(0x00000061c2300000,0x00000061c2400000) (1024K)]
  0x0000025aa51c0710 JavaThread "jar transforms Thread 9"           [_thread_blocked, id=36856, stack(0x00000061c2400000,0x00000061c2500000) (1024K)]
  0x0000025aa51c27e0 JavaThread "jar transforms Thread 10"          [_thread_blocked, id=3752, stack(0x00000061c2500000,0x00000061c2600000) (1024K)]
  0x0000025aa51c1ac0 JavaThread "jar transforms Thread 11"          [_thread_blocked, id=30420, stack(0x00000061c2600000,0x00000061c2700000) (1024K)]
  0x0000025aa51c0da0 JavaThread "jar transforms Thread 12"          [_thread_blocked, id=13664, stack(0x00000061c2700000,0x00000061c2800000) (1024K)]
  0x0000025aa51c3500 JavaThread "Cache worker for checksums cache (C:\Users\Apoorv Rathore\MySanjeevni\.gradle\8.13\checksums)"        [_thread_blocked, id=27748, stack(0x00000061bea00000,0x00000061beb00000) (1024K)]
  0x0000025aa51c0080 JavaThread "Cache worker for file content cache (C:\Users\Apoorv Rathore\AndroidStudioProjects\.gradle\caches\8.13\fileContent)"        [_thread_blocked, id=9784, stack(0x00000061beb00000,0x00000061bec00000) (1024K)]
  0x0000025aa6ed6e70 JavaThread "Cache worker for cache directory md-supplier (C:\Users\Apoorv Rathore\AndroidStudioProjects\.gradle\caches\8.13\md-supplier)"        [_thread_blocked, id=34488, stack(0x00000061bec00000,0x00000061bed00000) (1024K)]
  0x0000025aa6ed7b90 JavaThread "Cache worker for cache directory md-rule (C:\Users\Apoorv Rathore\AndroidStudioProjects\.gradle\caches\8.13\md-rule)"        [_thread_blocked, id=35016, stack(0x00000061c2800000,0x00000061c2900000) (1024K)]
  0x0000025aa6ed67e0 JavaThread "Unconstrained build operations"        [_thread_blocked, id=21880, stack(0x00000061c2900000,0x00000061c2a00000) (1024K)]
  0x0000025aa6ed5430 JavaThread "Unconstrained build operations Thread 2"        [_thread_blocked, id=33196, stack(0x00000061c2a00000,0x00000061c2b00000) (1024K)]
  0x0000025aa6ed4da0 JavaThread "Unconstrained build operations Thread 3"        [_thread_blocked, id=8736, stack(0x00000061c2b00000,0x00000061c2c00000) (1024K)]
  0x0000025aa6ed8220 JavaThread "Unconstrained build operations Thread 4"        [_thread_blocked, id=2624, stack(0x00000061c2c00000,0x00000061c2d00000) (1024K)]
  0x0000025aa6ed8f40 JavaThread "Unconstrained build operations Thread 5"        [_thread_blocked, id=25696, stack(0x00000061c2d00000,0x00000061c2e00000) (1024K)]
  0x0000025aa6ed9c60 JavaThread "Unconstrained build operations Thread 6"        [_thread_blocked, id=3828, stack(0x00000061c2e00000,0x00000061c2f00000) (1024K)]
  0x0000025aa6ed95d0 JavaThread "Unconstrained build operations Thread 7"        [_thread_blocked, id=24248, stack(0x00000061c2f00000,0x00000061c3000000) (1024K)]
  0x0000025aa6ed88b0 JavaThread "Unconstrained build operations Thread 8"        [_thread_blocked, id=23952, stack(0x00000061c3000000,0x00000061c3100000) (1024K)]
  0x0000025aa6eda2f0 JavaThread "Unconstrained build operations Thread 9"        [_thread_blocked, id=16156, stack(0x00000061c3100000,0x00000061c3200000) (1024K)]
  0x0000025aa6eda980 JavaThread "Unconstrained build operations Thread 10"        [_thread_blocked, id=6208, stack(0x00000061c3200000,0x00000061c3300000) (1024K)]
  0x0000025aa6ed7500 JavaThread "Unconstrained build operations Thread 11"        [_thread_blocked, id=14176, stack(0x00000061c3300000,0x00000061c3400000) (1024K)]
  0x0000025aa6edb010 JavaThread "Unconstrained build operations Thread 12"        [_thread_blocked, id=13228, stack(0x00000061c3400000,0x00000061c3500000) (1024K)]
  0x0000025aa6edc3c0 JavaThread "Unconstrained build operations Thread 13"        [_thread_blocked, id=33372, stack(0x00000061c3500000,0x00000061c3600000) (1024K)]
  0x0000025aa6edb6a0 JavaThread "Unconstrained build operations Thread 14"        [_thread_blocked, id=23480, stack(0x00000061c3600000,0x00000061c3700000) (1024K)]
  0x0000025aa6edbd30 JavaThread "Unconstrained build operations Thread 15"        [_thread_blocked, id=10748, stack(0x00000061c3700000,0x00000061c3800000) (1024K)]
  0x0000025aa7085fc0 JavaThread "Unconstrained build operations Thread 16"        [_thread_blocked, id=36824, stack(0x00000061c3800000,0x00000061c3900000) (1024K)]
  0x0000025aa7089ad0 JavaThread "Unconstrained build operations Thread 17"        [_thread_blocked, id=17664, stack(0x00000061c3900000,0x00000061c3a00000) (1024K)]
  0x0000025aa7088db0 JavaThread "Unconstrained build operations Thread 18"        [_thread_blocked, id=29736, stack(0x00000061c3a00000,0x00000061c3b00000) (1024K)]
  0x0000025aa7089440 JavaThread "Unconstrained build operations Thread 19"        [_thread_blocked, id=12476, stack(0x00000061c3b00000,0x00000061c3c00000) (1024K)]
  0x0000025aa7086650 JavaThread "Unconstrained build operations Thread 20"        [_thread_blocked, id=11756, stack(0x00000061c3c00000,0x00000061c3d00000) (1024K)]
  0x0000025aa708a160 JavaThread "Unconstrained build operations Thread 21"        [_thread_blocked, id=12092, stack(0x00000061c3d00000,0x00000061c3e00000) (1024K)]
  0x0000025aa7088720 JavaThread "Unconstrained build operations Thread 22"        [_thread_blocked, id=16080, stack(0x00000061c3e00000,0x00000061c3f00000) (1024K)]
  0x0000025aa7088090 JavaThread "Unconstrained build operations Thread 23"        [_thread_blocked, id=14980, stack(0x00000061c3f00000,0x00000061c4000000) (1024K)]
  0x0000025aa7086ce0 JavaThread "Unconstrained build operations Thread 24"        [_thread_blocked, id=17216, stack(0x00000061c4000000,0x00000061c4100000) (1024K)]
  0x0000025aa708a7f0 JavaThread "Unconstrained build operations Thread 25"        [_thread_blocked, id=31796, stack(0x00000061c4100000,0x00000061c4200000) (1024K)]
  0x0000025aa7087370 JavaThread "Unconstrained build operations Thread 26"        [_thread_blocked, id=20080, stack(0x00000061c4200000,0x00000061c4300000) (1024K)]
  0x0000025aa708b510 JavaThread "Unconstrained build operations Thread 27"        [_thread_blocked, id=29996, stack(0x00000061c4300000,0x00000061c4400000) (1024K)]
  0x0000025aa708d5e0 JavaThread "Unconstrained build operations Thread 28"        [_thread_blocked, id=19076, stack(0x00000061c4400000,0x00000061c4500000) (1024K)]
  0x0000025aa708bba0 JavaThread "Unconstrained build operations Thread 29"        [_thread_blocked, id=25672, stack(0x00000061c4500000,0x00000061c4600000) (1024K)]
  0x0000025aa708c230 JavaThread "Unconstrained build operations Thread 30"        [_thread_blocked, id=18032, stack(0x00000061c4600000,0x00000061c4700000) (1024K)]
  0x0000025aa86fc780 JavaThread "Unconstrained build operations Thread 31"        [_thread_blocked, id=34480, stack(0x00000061c4700000,0x00000061c4800000) (1024K)]
  0x0000025aa86fce10 JavaThread "Unconstrained build operations Thread 32"        [_thread_blocked, id=29084, stack(0x00000061c4800000,0x00000061c4900000) (1024K)]
  0x0000025aa86fb3d0 JavaThread "Unconstrained build operations Thread 33"        [_thread_blocked, id=28240, stack(0x00000061c4900000,0x00000061c4a00000) (1024K)]
  0x0000025aa86fba60 JavaThread "Unconstrained build operations Thread 34"        [_thread_blocked, id=9700, stack(0x00000061c4a00000,0x00000061c4b00000) (1024K)]
  0x0000025aa86fd4a0 JavaThread "Unconstrained build operations Thread 35"        [_thread_blocked, id=33108, stack(0x00000061c4b00000,0x00000061c4c00000) (1024K)]
  0x0000025aa86fc0f0 JavaThread "Unconstrained build operations Thread 36"        [_thread_blocked, id=11864, stack(0x00000061c4c00000,0x00000061c4d00000) (1024K)]
  0x0000025aa86fa6b0 JavaThread "Unconstrained build operations Thread 37"        [_thread_blocked, id=27760, stack(0x00000061c4d00000,0x00000061c4e00000) (1024K)]
  0x0000025aa86fa020 JavaThread "Unconstrained build operations Thread 38"        [_thread_blocked, id=4236, stack(0x00000061c4e00000,0x00000061c4f00000) (1024K)]
  0x0000025aa86fdb30 JavaThread "Unconstrained build operations Thread 39"        [_thread_blocked, id=15132, stack(0x00000061c4f00000,0x00000061c5000000) (1024K)]
  0x0000025aa86fe1c0 JavaThread "Unconstrained build operations Thread 40"        [_thread_blocked, id=32668, stack(0x00000061c5000000,0x00000061c5100000) (1024K)]
  0x0000025aa86fad40 JavaThread "Unconstrained build operations Thread 41"        [_thread_blocked, id=20220, stack(0x00000061c5100000,0x00000061c5200000) (1024K)]
  0x0000025aa8700920 JavaThread "Unconstrained build operations Thread 42"        [_thread_blocked, id=17304, stack(0x00000061c5200000,0x00000061c5300000) (1024K)]
  0x0000025aa86feee0 JavaThread "Unconstrained build operations Thread 43"        [_thread_blocked, id=17832, stack(0x00000061c5300000,0x00000061c5400000) (1024K)]
  0x0000025aa8700fb0 JavaThread "Unconstrained build operations Thread 44"        [_thread_blocked, id=28696, stack(0x00000061c5400000,0x00000061c5500000) (1024K)]
  0x0000025aa86fe850 JavaThread "Unconstrained build operations Thread 45"        [_thread_blocked, id=29932, stack(0x00000061c5500000,0x00000061c5600000) (1024K)]
  0x0000025aa8701640 JavaThread "Unconstrained build operations Thread 46"        [_thread_blocked, id=27712, stack(0x00000061c5600000,0x00000061c5700000) (1024K)]
  0x0000025aa86ff570 JavaThread "Unconstrained build operations Thread 47"        [_thread_blocked, id=31280, stack(0x00000061c5700000,0x00000061c5800000) (1024K)]
  0x0000025aa86ffc00 JavaThread "Unconstrained build operations Thread 48"        [_thread_blocked, id=21740, stack(0x00000061c5800000,0x00000061c5900000) (1024K)]
  0x0000025aa8700290 JavaThread "Unconstrained build operations Thread 49"        [_thread_blocked, id=28064, stack(0x00000061c5900000,0x00000061c5a00000) (1024K)]
  0x0000025aa9b29b20 JavaThread "Unconstrained build operations Thread 50"        [_thread_blocked, id=28928, stack(0x00000061c5a00000,0x00000061c5b00000) (1024K)]
  0x0000025aa9b2aed0 JavaThread "Unconstrained build operations Thread 51"        [_thread_blocked, id=2436, stack(0x00000061c5b00000,0x00000061c5c00000) (1024K)]
  0x0000025aa9b2a1b0 JavaThread "Unconstrained build operations Thread 52"        [_thread_blocked, id=35252, stack(0x00000061c5c00000,0x00000061c5d00000) (1024K)]
  0x0000025aa9b28770 JavaThread "Unconstrained build operations Thread 53"        [_thread_blocked, id=16980, stack(0x00000061c5d00000,0x00000061c5e00000) (1024K)]
  0x0000025aa9b28e00 JavaThread "Unconstrained build operations Thread 54"        [_thread_blocked, id=34120, stack(0x00000061c5e00000,0x00000061c5f00000) (1024K)]
  0x0000025aa9b29490 JavaThread "Unconstrained build operations Thread 55"        [_thread_blocked, id=27580, stack(0x00000061c5f00000,0x00000061c6000000) (1024K)]
  0x0000025aa9b2b560 JavaThread "Unconstrained build operations Thread 56"        [_thread_blocked, id=4576, stack(0x00000061c6000000,0x00000061c6100000) (1024K)]
  0x0000025aa9b280e0 JavaThread "Unconstrained build operations Thread 57"        [_thread_blocked, id=27996, stack(0x00000061c6100000,0x00000061c6200000) (1024K)]
  0x0000025aa9b2a840 JavaThread "Unconstrained build operations Thread 58"        [_thread_blocked, id=18312, stack(0x00000061c6200000,0x00000061c6300000) (1024K)]
  0x0000025aa7c10f00 JavaThread "Unconstrained build operations Thread 59"        [_thread_blocked, id=10844, stack(0x00000061c6300000,0x00000061c6400000) (1024K)]
  0x0000025aa7c11590 JavaThread "Memory manager"                    [_thread_blocked, id=26700, stack(0x00000061c6400000,0x00000061c6500000) (1024K)]
  0x0000025aa7c12940 JavaThread "build event listener"              [_thread_blocked, id=17688, stack(0x00000061c6500000,0x00000061c6600000) (1024K)]
  0x0000025aa92ccdd0 JavaThread "File lock release action executor Thread 2"        [_thread_blocked, id=35892, stack(0x00000061c1600000,0x00000061c1700000) (1024K)]
  0x0000025aa92d0f70 JavaThread "pool-3-thread-1"                   [_thread_blocked, id=28028, stack(0x00000061c6800000,0x00000061c6900000) (1024K)]
  0x0000025aa92d0250 JavaThread "Execution worker"                  [_thread_blocked, id=11304, stack(0x00000061c6a00000,0x00000061c6b00000) (1024K)]
  0x0000025aa92d08e0 JavaThread "Execution worker Thread 2"         [_thread_blocked, id=33760, stack(0x00000061c6b00000,0x00000061c6c00000) (1024K)]
  0x0000025aa92d2320 JavaThread "Execution worker Thread 3"         [_thread_blocked, id=4080, stack(0x00000061c6c00000,0x00000061c6d00000) (1024K)]
  0x0000025aa92d29b0 JavaThread "Execution worker Thread 4"         [_thread_blocked, id=34980, stack(0x00000061c6d00000,0x00000061c6e00000) (1024K)]
  0x0000025aa92d1600 JavaThread "Execution worker Thread 5"         [_thread_blocked, id=25756, stack(0x00000061c6e00000,0x00000061c6f00000) (1024K)]
  0x0000025aa92d1c90 JavaThread "Execution worker Thread 6"         [_thread_blocked, id=13844, stack(0x00000061c6f00000,0x00000061c7000000) (1024K)]
  0x0000025aaa279850 JavaThread "Execution worker Thread 7"         [_thread_blocked, id=34140, stack(0x00000061c7000000,0x00000061c7100000) (1024K)]
  0x0000025aa586f0d0 JavaThread "Execution worker Thread 8"         [_thread_blocked, id=36252, stack(0x00000061c7100000,0x00000061c7200000) (1024K)]
  0x0000025aa7c13cf0 JavaThread "Execution worker Thread 9"         [_thread_blocked, id=22720, stack(0x00000061c7200000,0x00000061c7300000) (1024K)]
  0x0000025aa6ab2780 JavaThread "Execution worker Thread 10"        [_thread_blocked, id=20796, stack(0x00000061c7300000,0x00000061c7400000) (1024K)]
  0x0000025aa6ab41c0 JavaThread "Execution worker Thread 11"        [_thread_blocked, id=17392, stack(0x00000061c7400000,0x00000061c7500000) (1024K)]
  0x0000025aa6ab0d40 JavaThread "Cache worker for execution history cache (C:\Users\Apoorv Rathore\MySanjeevni\.gradle\8.13\executionHistory)"        [_thread_blocked, id=35356, stack(0x00000061c7500000,0x00000061c7600000) (1024K)]
  0x0000025aa6ab4850 JavaThread "idea-tooling-model-converter"        [_thread_blocked, id=22008, stack(0x00000061c7600000,0x00000061c7700000) (1024K)]
  0x0000025aaa27b920 JavaThread "Unconstrained build operations Thread 60"        [_thread_blocked, id=25952, stack(0x00000061c6700000,0x00000061c6800000) (1024K)]
  0x0000025aa6ab3b30 JavaThread "Unconstrained build operations Thread 61"        [_thread_blocked, id=31724, stack(0x00000061c6600000,0x00000061c6700000) (1024K)]
  0x0000025aa6ab8360 JavaThread "Unconstrained build operations Thread 62"        [_thread_blocked, id=28616, stack(0x00000061c6900000,0x00000061c6a00000) (1024K)]
  0x0000025aa8aa22f0 JavaThread "Unconstrained build operations Thread 63"        [_thread_blocked, id=25788, stack(0x00000061c7900000,0x00000061c7a00000) (1024K)]
  0x0000025aa8aa15d0 JavaThread "Unconstrained build operations Thread 64"        [_thread_blocked, id=14288, stack(0x00000061c7a00000,0x00000061c7b00000) (1024K)]
  0x0000025aa8aa2980 JavaThread "Unconstrained build operations Thread 65"        [_thread_blocked, id=37580, stack(0x00000061c7b00000,0x00000061c7c00000) (1024K)]
  0x0000025aa8aa1c60 JavaThread "Unconstrained build operations Thread 66"        [_thread_blocked, id=36260, stack(0x00000061c7c00000,0x00000061c7d00000) (1024K)]
  0x0000025aa984cf30 JavaThread "Unconstrained build operations Thread 67"        [_thread_blocked, id=2316, stack(0x00000061c7d00000,0x00000061c7e00000) (1024K)]
  0x0000025aa984e2e0 JavaThread "Unconstrained build operations Thread 68"        [_thread_blocked, id=37544, stack(0x00000061c7e00000,0x00000061c7f00000) (1024K)]
  0x0000025aa984fd20 JavaThread "Unconstrained build operations Thread 69"        [_thread_blocked, id=30308, stack(0x00000061c7f00000,0x00000061c8000000) (1024K)]
  0x0000025aa984e970 JavaThread "Unconstrained build operations Thread 70"        [_thread_blocked, id=10104, stack(0x00000061c8000000,0x00000061c8100000) (1024K)]
  0x0000025aa984d5c0 JavaThread "Unconstrained build operations Thread 71"        [_thread_blocked, id=37560, stack(0x00000061c8100000,0x00000061c8200000) (1024K)]
  0x0000025aa984f000 JavaThread "Unconstrained build operations Thread 72"        [_thread_blocked, id=37568, stack(0x00000061c8200000,0x00000061c8300000) (1024K)]
  0x0000025aa98503b0 JavaThread "Unconstrained build operations Thread 73"        [_thread_blocked, id=36924, stack(0x00000061c8300000,0x00000061c8400000) (1024K)]
  0x0000025aa84d2310 JavaThread "Unconstrained build operations Thread 74"        [_thread_blocked, id=4704, stack(0x00000061c7700000,0x00000061c7800000) (1024K)]
  0x0000025aa84d15f0 JavaThread "Unconstrained build operations Thread 75"        [_thread_blocked, id=32216, stack(0x00000061c7800000,0x00000061c7900000) (1024K)]
  0x0000025aa84d1c80 JavaThread "Unconstrained build operations Thread 76"        [_thread_blocked, id=9692, stack(0x00000061c8400000,0x00000061c8500000) (1024K)]
  0x0000025aa7ab90f0 JavaThread "Unconstrained build operations Thread 77"        [_thread_blocked, id=13712, stack(0x00000061c8500000,0x00000061c8600000) (1024K)]
  0x0000025aa7aba4a0 JavaThread "Unconstrained build operations Thread 78"        [_thread_blocked, id=29356, stack(0x00000061c8600000,0x00000061c8700000) (1024K)]
  0x0000025aa7ab76b0 JavaThread "Unconstrained build operations Thread 79"        [_thread_blocked, id=13036, stack(0x00000061c8700000,0x00000061c8800000) (1024K)]
  0x0000025aa7ab7d40 JavaThread "Unconstrained build operations Thread 80"        [_thread_blocked, id=31080, stack(0x00000061c8800000,0x00000061c8900000) (1024K)]
  0x0000025aa7ab83d0 JavaThread "Unconstrained build operations Thread 81"        [_thread_blocked, id=14652, stack(0x00000061c8900000,0x00000061c8a00000) (1024K)]
  0x0000025aa7ab8a60 JavaThread "Unconstrained build operations Thread 82"        [_thread_blocked, id=1244, stack(0x00000061c8a00000,0x00000061c8b00000) (1024K)]
  0x0000025aa7ab9780 JavaThread "Unconstrained build operations Thread 83"        [_thread_blocked, id=29380, stack(0x00000061c8b00000,0x00000061c8c00000) (1024K)]
  0x0000025aa7ab9e10 JavaThread "Unconstrained build operations Thread 84"        [_thread_blocked, id=29372, stack(0x00000061c8c00000,0x00000061c8d00000) (1024K)]
  0x0000025aafa31570 JavaThread "Unconstrained build operations Thread 85"        [_thread_blocked, id=28040, stack(0x00000061c8d00000,0x00000061c8e00000) (1024K)]
  0x0000025aafa32290 JavaThread "Unconstrained build operations Thread 86"        [_thread_blocked, id=35932, stack(0x00000061c8e00000,0x00000061c8f00000) (1024K)]
  0x0000025aafa31c00 JavaThread "Unconstrained build operations Thread 87"        [_thread_blocked, id=24052, stack(0x00000061c8f00000,0x00000061c9000000) (1024K)]
  0x0000025aafa32920 JavaThread "Unconstrained build operations Thread 88"        [_thread_blocked, id=11736, stack(0x00000061c9000000,0x00000061c9100000) (1024K)]
  0x0000025aa9f14820 JavaThread "Unconstrained build operations Thread 89"        [_thread_blocked, id=21608, stack(0x00000061c9100000,0x00000061c9200000) (1024K)]
  0x0000025aa9f14190 JavaThread "Unconstrained build operations Thread 90"        [_thread_blocked, id=21612, stack(0x00000061c9200000,0x00000061c9300000) (1024K)]
  0x0000025aa9f15540 JavaThread "Unconstrained build operations Thread 91"        [_thread_blocked, id=15224, stack(0x00000061c9300000,0x00000061c9400000) (1024K)]
  0x0000025aa9f14eb0 JavaThread "Unconstrained build operations Thread 92"        [_thread_blocked, id=12624, stack(0x00000061c9400000,0x00000061c9500000) (1024K)]
  0x0000025aaa69f410 JavaThread "Unconstrained build operations Thread 93"        [_thread_blocked, id=27824, stack(0x00000061c9500000,0x00000061c9600000) (1024K)]
  0x0000025aaf833650 JavaThread "Unconstrained build operations Thread 94"        [_thread_blocked, id=28312, stack(0x00000061c9600000,0x00000061c9700000) (1024K)]
  0x0000025aa7ab7020 JavaThread "Unconstrained build operations Thread 95"        [_thread_blocked, id=31996, stack(0x00000061c9700000,0x00000061c9800000) (1024K)]
  0x0000025aaa6a2e60 JavaThread "Unconstrained build operations Thread 96"        [_thread_blocked, id=37724, stack(0x00000061c9800000,0x00000061c9900000) (1024K)]
  0x0000025aaa6a34f0 JavaThread "Unconstrained build operations Thread 97"        [_thread_blocked, id=37700, stack(0x00000061c9900000,0x00000061c9a00000) (1024K)]
  0x0000025aaa6a0d90 JavaThread "Unconstrained build operations Thread 98"        [_thread_blocked, id=17100, stack(0x00000061c9a00000,0x00000061c9b00000) (1024K)]
  0x0000025aaa6a0070 JavaThread "Unconstrained build operations Thread 99"        [_thread_blocked, id=5480, stack(0x00000061c9b00000,0x00000061c9c00000) (1024K)]
  0x0000025aaa6a2140 JavaThread "Unconstrained build operations Thread 100"        [_thread_blocked, id=29772, stack(0x00000061c9c00000,0x00000061c9d00000) (1024K)]
  0x0000025aaa6a0700 JavaThread "Unconstrained build operations Thread 101"        [_thread_blocked, id=33972, stack(0x00000061c9d00000,0x00000061c9e00000) (1024K)]
  0x0000025aaa6a1420 JavaThread "Unconstrained build operations Thread 102"        [_thread_blocked, id=22988, stack(0x00000061c9e00000,0x00000061c9f00000) (1024K)]
  0x0000025aaa6a1ab0 JavaThread "Unconstrained build operations Thread 103"        [_thread_blocked, id=35592, stack(0x00000061c9f00000,0x00000061ca000000) (1024K)]
  0x0000025aaa6a27d0 JavaThread "Unconstrained build operations Thread 104"        [_thread_blocked, id=4620, stack(0x00000061ca000000,0x00000061ca100000) (1024K)]
  0x0000025aaf076460 JavaThread "Unconstrained build operations Thread 105"        [_thread_blocked, id=34128, stack(0x00000061ca100000,0x00000061ca200000) (1024K)]
Total: 166

Other Threads:
  0x0000025a9f279130 VMThread "VM Thread"                           [id=7456, stack(0x00000061bf400000,0x00000061bf500000) (1024K)] _threads_hazard_ptr=0x0000025aa9be6da0
  0x0000025a9f217c60 WatcherThread "VM Periodic Task Thread"        [id=23832, stack(0x00000061bf300000,0x00000061bf400000) (1024K)]
  0x0000025a87785ec0 WorkerThread "GC Thread#0"                     [id=14396, stack(0x00000061bee00000,0x00000061bef00000) (1024K)]
  0x0000025a9fb16aa0 WorkerThread "GC Thread#1"                     [id=11044, stack(0x00000061bff00000,0x00000061c0000000) (1024K)]
  0x0000025a9fa42490 WorkerThread "GC Thread#2"                     [id=10132, stack(0x00000061c0000000,0x00000061c0100000) (1024K)]
  0x0000025a9f9be430 WorkerThread "GC Thread#3"                     [id=18152, stack(0x00000061c0100000,0x00000061c0200000) (1024K)]
  0x0000025aa4270880 WorkerThread "GC Thread#4"                     [id=9448, stack(0x00000061c0200000,0x00000061c0300000) (1024K)]
  0x0000025aa4914150 WorkerThread "GC Thread#5"                     [id=21892, stack(0x00000061c0300000,0x00000061c0400000) (1024K)]
  0x0000025aa4914500 WorkerThread "GC Thread#6"                     [id=12208, stack(0x00000061c0400000,0x00000061c0500000) (1024K)]
  0x0000025aa49148b0 WorkerThread "GC Thread#7"                     [id=23472, stack(0x00000061c0500000,0x00000061c0600000) (1024K)]
  0x0000025aa4914c60 WorkerThread "GC Thread#8"                     [id=12576, stack(0x00000061c0600000,0x00000061c0700000) (1024K)]
  0x0000025aa45ac930 WorkerThread "GC Thread#9"                     [id=24588, stack(0x00000061c0c00000,0x00000061c0d00000) (1024K)]
  0x0000025a87796dc0 ConcurrentGCThread "G1 Main Marker"            [id=32368, stack(0x00000061bef00000,0x00000061bf000000) (1024K)]
  0x0000025a8779a3e0 WorkerThread "G1 Conc#0"                       [id=15052, stack(0x00000061bf000000,0x00000061bf100000) (1024K)]
  0x0000025aa45aba70 WorkerThread "G1 Conc#1"                       [id=33316, stack(0x00000061c0d00000,0x00000061c0e00000) (1024K)]
  0x0000025aa45ac1d0 WorkerThread "G1 Conc#2"                       [id=23120, stack(0x00000061c0e00000,0x00000061c0f00000) (1024K)]
  0x0000025a877ee610 ConcurrentGCThread "G1 Refine#0"               [id=21688, stack(0x00000061bf100000,0x00000061bf200000) (1024K)]
  0x0000025a9f0e6710 ConcurrentGCThread "G1 Service"                [id=35596, stack(0x00000061bf200000,0x00000061bf300000) (1024K)]
Total: 18

Threads with active compile tasks:
Total: 0

VM state: synchronizing (normal execution)

VM Mutex/Monitor currently owned by a thread:  ([mutex/lock_event])
[0x00007ff8e09564d0] Metaspace_lock - owner thread: 0x0000025aa5871ec0
[0x00007ff8e09586d0] Threads_lock - owner thread: 0x0000025a9f279130

Heap address: 0x0000000080000000, size: 2048 MB, Compressed Oops mode: 32-bit

CDS archive(s) not mapped
Compressed class space mapped at: 0x0000000100000000-0x0000000140000000, reserved size: 1073741824
Narrow klass base: 0x0000000000000000, Narrow klass shift: 3, Narrow klass range: 0x140000000

GC Precious Log:
 CardTable entry size: 512
 Card Set container configuration: InlinePtr #cards 5 size 8 Array Of Cards #cards 12 size 40 Howl #buckets 4 coarsen threshold 1843 Howl Bitmap #cards 512 size 80 coarsen threshold 460 Card regions per heap region 1 cards per card region 2048
 CPUs: 12 total, 12 available
 Memory: 7563M
 Large Page Support: Disabled
 NUMA Support: Disabled
 Compressed Oops: Enabled (32-bit)
 Heap Region Size: 1M
 Heap Min Capacity: 8M
 Heap Initial Capacity: 120M
 Heap Max Capacity: 2G
 Pre-touch: Disabled
 Parallel Workers: 10
 Concurrent Workers: 3
 Concurrent Refinement Workers: 10
 Periodic GC: Disabled

Heap:
 garbage-first heap   total 321536K, used 178445K [0x0000000080000000, 0x0000000100000000)
  region size 1024K, 6 young (6144K), 2 survivors (2048K)
 Metaspace       used 143183K, committed 145472K, reserved 1179648K
  class space    used 19633K, committed 20736K, reserved 1048576K

Heap Regions: E=young(eden), S=young(survivor), O=old, HS=humongous(starts), HC=humongous(continues), CS=collection set, F=free, TAMS=top-at-mark-start, PB=parsable bottom
|   0|0x0000000080000000, 0x0000000080100000, 0x0000000080100000|100%|HS|  |TAMS 0x0000000080000000| PB 0x0000000080000000| Complete 
|   1|0x0000000080100000, 0x0000000080200000, 0x0000000080200000|100%|HC|  |TAMS 0x0000000080100000| PB 0x0000000080100000| Complete 
|   2|0x0000000080200000, 0x0000000080300000, 0x0000000080300000|100%|HC|  |TAMS 0x0000000080200000| PB 0x0000000080200000| Complete 
|   3|0x0000000080300000, 0x0000000080400000, 0x0000000080400000|100%| O|  |TAMS 0x0000000080300000| PB 0x0000000080300000| Untracked 
|   4|0x0000000080400000, 0x0000000080500000, 0x0000000080500000|100%| O|  |TAMS 0x0000000080400000| PB 0x0000000080400000| Untracked 
|   5|0x0000000080500000, 0x0000000080600000, 0x0000000080600000|100%| O|  |TAMS 0x0000000080500000| PB 0x0000000080500000| Untracked 
|   6|0x0000000080600000, 0x0000000080700000, 0x0000000080700000|100%|HS|  |TAMS 0x0000000080600000| PB 0x0000000080600000| Complete 
|   7|0x0000000080700000, 0x0000000080800000, 0x0000000080800000|100%| O|  |TAMS 0x0000000080700000| PB 0x0000000080700000| Untracked 
|   8|0x0000000080800000, 0x0000000080900000, 0x0000000080900000|100%| O|  |TAMS 0x0000000080800000| PB 0x0000000080800000| Untracked 
|   9|0x0000000080900000, 0x0000000080a00000, 0x0000000080a00000|100%| O|  |TAMS 0x0000000080900000| PB 0x0000000080900000| Untracked 
|  10|0x0000000080a00000, 0x0000000080b00000, 0x0000000080b00000|100%| O|  |TAMS 0x0000000080a00000| PB 0x0000000080a00000| Untracked 
|  11|0x0000000080b00000, 0x0000000080c00000, 0x0000000080c00000|100%| O|  |TAMS 0x0000000080b00000| PB 0x0000000080b00000| Untracked 
|  12|0x0000000080c00000, 0x0000000080d00000, 0x0000000080d00000|100%| O|  |TAMS 0x0000000080c00000| PB 0x0000000080c00000| Untracked 
|  13|0x0000000080d00000, 0x0000000080e00000, 0x0000000080e00000|100%| O|  |TAMS 0x0000000080d00000| PB 0x0000000080d00000| Untracked 
|  14|0x0000000080e00000, 0x0000000080f00000, 0x0000000080f00000|100%| O|  |TAMS 0x0000000080e00000| PB 0x0000000080e00000| Untracked 
|  15|0x0000000080f00000, 0x0000000081000000, 0x0000000081000000|100%| O|  |TAMS 0x0000000080f00000| PB 0x0000000080f00000| Untracked 
|  16|0x0000000081000000, 0x0000000081100000, 0x0000000081100000|100%| O|  |TAMS 0x0000000081000000| PB 0x0000000081000000| Untracked 
|  17|0x0000000081100000, 0x0000000081200000, 0x0000000081200000|100%| O|  |TAMS 0x0000000081100000| PB 0x0000000081100000| Untracked 
|  18|0x0000000081200000, 0x0000000081300000, 0x0000000081300000|100%| O|  |TAMS 0x0000000081200000| PB 0x0000000081200000| Untracked 
|  19|0x0000000081300000, 0x0000000081400000, 0x0000000081400000|100%| O|  |TAMS 0x0000000081300000| PB 0x0000000081300000| Untracked 
|  20|0x0000000081400000, 0x0000000081500000, 0x0000000081500000|100%| O|  |TAMS 0x0000000081400000| PB 0x0000000081400000| Untracked 
|  21|0x0000000081500000, 0x0000000081600000, 0x0000000081600000|100%| O|  |TAMS 0x0000000081500000| PB 0x0000000081500000| Untracked 
|  22|0x0000000081600000, 0x0000000081700000, 0x0000000081700000|100%|HS|  |TAMS 0x0000000081600000| PB 0x0000000081600000| Complete 
|  23|0x0000000081700000, 0x0000000081800000, 0x0000000081800000|100%|HC|  |TAMS 0x0000000081700000| PB 0x0000000081700000| Complete 
|  24|0x0000000081800000, 0x0000000081900000, 0x0000000081900000|100%|HC|  |TAMS 0x0000000081800000| PB 0x0000000081800000| Complete 
|  25|0x0000000081900000, 0x0000000081a00000, 0x0000000081a00000|100%|HC|  |TAMS 0x0000000081900000| PB 0x0000000081900000| Complete 
|  26|0x0000000081a00000, 0x0000000081b00000, 0x0000000081b00000|100%|HC|  |TAMS 0x0000000081a00000| PB 0x0000000081a00000| Complete 
|  27|0x0000000081b00000, 0x0000000081c00000, 0x0000000081c00000|100%|HC|  |TAMS 0x0000000081b00000| PB 0x0000000081b00000| Complete 
|  28|0x0000000081c00000, 0x0000000081d00000, 0x0000000081d00000|100%|HS|  |TAMS 0x0000000081c00000| PB 0x0000000081c00000| Complete 
|  29|0x0000000081d00000, 0x0000000081e00000, 0x0000000081e00000|100%|HC|  |TAMS 0x0000000081d00000| PB 0x0000000081d00000| Complete 
|  30|0x0000000081e00000, 0x0000000081f00000, 0x0000000081f00000|100%|HS|  |TAMS 0x0000000081e00000| PB 0x0000000081e00000| Complete 
|  31|0x0000000081f00000, 0x0000000082000000, 0x0000000082000000|100%|HS|  |TAMS 0x0000000081f00000| PB 0x0000000081f00000| Complete 
|  32|0x0000000082000000, 0x0000000082100000, 0x0000000082100000|100%|HC|  |TAMS 0x0000000082000000| PB 0x0000000082000000| Complete 
|  33|0x0000000082100000, 0x0000000082200000, 0x0000000082200000|100%|HC|  |TAMS 0x0000000082100000| PB 0x0000000082100000| Complete 
|  34|0x0000000082200000, 0x0000000082300000, 0x0000000082300000|100%|HC|  |TAMS 0x0000000082200000| PB 0x0000000082200000| Complete 
|  35|0x0000000082300000, 0x0000000082400000, 0x0000000082400000|100%|HC|  |TAMS 0x0000000082300000| PB 0x0000000082300000| Complete 
|  36|0x0000000082400000, 0x0000000082500000, 0x0000000082500000|100%|HC|  |TAMS 0x0000000082400000| PB 0x0000000082400000| Complete 
|  37|0x0000000082500000, 0x0000000082600000, 0x0000000082600000|100%|HS|  |TAMS 0x0000000082500000| PB 0x0000000082500000| Complete 
|  38|0x0000000082600000, 0x0000000082700000, 0x0000000082700000|100%|HC|  |TAMS 0x0000000082600000| PB 0x0000000082600000| Complete 
|  39|0x0000000082700000, 0x0000000082800000, 0x0000000082800000|100%|HS|  |TAMS 0x0000000082700000| PB 0x0000000082700000| Complete 
|  40|0x0000000082800000, 0x0000000082900000, 0x0000000082900000|100%| O|  |TAMS 0x0000000082800000| PB 0x0000000082800000| Untracked 
|  41|0x0000000082900000, 0x0000000082a00000, 0x0000000082a00000|100%| O|  |TAMS 0x0000000082900000| PB 0x0000000082900000| Untracked 
|  42|0x0000000082a00000, 0x0000000082b00000, 0x0000000082b00000|100%| O|  |TAMS 0x0000000082a00000| PB 0x0000000082a00000| Untracked 
|  43|0x0000000082b00000, 0x0000000082c00000, 0x0000000082c00000|100%| O|  |TAMS 0x0000000082b00000| PB 0x0000000082b00000| Untracked 
|  44|0x0000000082c00000, 0x0000000082d00000, 0x0000000082d00000|100%| O|  |TAMS 0x0000000082c00000| PB 0x0000000082c00000| Untracked 
|  45|0x0000000082d00000, 0x0000000082e00000, 0x0000000082e00000|100%| O|  |TAMS 0x0000000082d00000| PB 0x0000000082d00000| Untracked 
|  46|0x0000000082e00000, 0x0000000082f00000, 0x0000000082f00000|100%| O|  |TAMS 0x0000000082e00000| PB 0x0000000082e00000| Untracked 
|  47|0x0000000082f00000, 0x0000000083000000, 0x0000000083000000|100%| O|  |TAMS 0x0000000082f00000| PB 0x0000000082f00000| Untracked 
|  48|0x0000000083000000, 0x0000000083100000, 0x0000000083100000|100%| O|  |TAMS 0x0000000083000000| PB 0x0000000083000000| Untracked 
|  49|0x0000000083100000, 0x0000000083200000, 0x0000000083200000|100%| O|  |TAMS 0x0000000083100000| PB 0x0000000083100000| Untracked 
|  50|0x0000000083200000, 0x0000000083300000, 0x0000000083300000|100%| O|  |TAMS 0x0000000083200000| PB 0x0000000083200000| Untracked 
|  51|0x0000000083300000, 0x0000000083400000, 0x0000000083400000|100%| O|  |TAMS 0x0000000083300000| PB 0x0000000083300000| Untracked 
|  52|0x0000000083400000, 0x0000000083500000, 0x0000000083500000|100%| O|  |TAMS 0x0000000083400000| PB 0x0000000083400000| Untracked 
|  53|0x0000000083500000, 0x0000000083600000, 0x0000000083600000|100%| O|  |TAMS 0x0000000083500000| PB 0x0000000083500000| Untracked 
|  54|0x0000000083600000, 0x0000000083700000, 0x0000000083700000|100%|HS|  |TAMS 0x0000000083600000| PB 0x0000000083600000| Complete 
|  55|0x0000000083700000, 0x0000000083800000, 0x0000000083800000|100%| O|  |TAMS 0x0000000083700000| PB 0x0000000083700000| Untracked 
|  56|0x0000000083800000, 0x0000000083900000, 0x0000000083900000|100%|HS|  |TAMS 0x0000000083800000| PB 0x0000000083800000| Complete 
|  57|0x0000000083900000, 0x0000000083a00000, 0x0000000083a00000|100%|HC|  |TAMS 0x0000000083900000| PB 0x0000000083900000| Complete 
|  58|0x0000000083a00000, 0x0000000083b00000, 0x0000000083b00000|100%| O|  |TAMS 0x0000000083a00000| PB 0x0000000083a00000| Untracked 
|  59|0x0000000083b00000, 0x0000000083c00000, 0x0000000083c00000|100%| O|  |TAMS 0x0000000083b00000| PB 0x0000000083b00000| Untracked 
|  60|0x0000000083c00000, 0x0000000083d00000, 0x0000000083d00000|100%| O|  |TAMS 0x0000000083c00000| PB 0x0000000083c00000| Untracked 
|  61|0x0000000083d00000, 0x0000000083e00000, 0x0000000083e00000|100%| O|  |TAMS 0x0000000083d00000| PB 0x0000000083d00000| Untracked 
|  62|0x0000000083e00000, 0x0000000083f00000, 0x0000000083f00000|100%| O|  |TAMS 0x0000000083e00000| PB 0x0000000083e00000| Untracked 
|  63|0x0000000083f00000, 0x0000000084000000, 0x0000000084000000|100%| O|  |TAMS 0x0000000083f00000| PB 0x0000000083f00000| Untracked 
|  64|0x0000000084000000, 0x0000000084100000, 0x0000000084100000|100%| O|  |TAMS 0x0000000084000000| PB 0x0000000084000000| Untracked 
|  65|0x0000000084100000, 0x0000000084200000, 0x0000000084200000|100%| O|  |TAMS 0x0000000084100000| PB 0x0000000084100000| Untracked 
|  66|0x0000000084200000, 0x0000000084300000, 0x0000000084300000|100%| O|  |TAMS 0x0000000084200000| PB 0x0000000084200000| Untracked 
|  67|0x0000000084300000, 0x0000000084400000, 0x0000000084400000|100%| O|  |TAMS 0x0000000084300000| PB 0x0000000084300000| Untracked 
|  68|0x0000000084400000, 0x0000000084500000, 0x0000000084500000|100%| O|  |TAMS 0x0000000084400000| PB 0x0000000084400000| Untracked 
|  69|0x0000000084500000, 0x0000000084600000, 0x0000000084600000|100%| O|  |TAMS 0x0000000084500000| PB 0x0000000084500000| Untracked 
|  70|0x0000000084600000, 0x0000000084700000, 0x0000000084700000|100%| O|  |TAMS 0x0000000084600000| PB 0x0000000084600000| Untracked 
|  71|0x0000000084700000, 0x0000000084800000, 0x0000000084800000|100%| O|  |TAMS 0x0000000084700000| PB 0x0000000084700000| Untracked 
|  72|0x0000000084800000, 0x0000000084900000, 0x0000000084900000|100%| O|  |TAMS 0x0000000084800000| PB 0x0000000084800000| Untracked 
|  73|0x0000000084900000, 0x0000000084a00000, 0x0000000084a00000|100%| O|  |TAMS 0x0000000084900000| PB 0x0000000084900000| Untracked 
|  74|0x0000000084a00000, 0x0000000084b00000, 0x0000000084b00000|100%| O|  |TAMS 0x0000000084a00000| PB 0x0000000084a00000| Untracked 
|  75|0x0000000084b00000, 0x0000000084c00000, 0x0000000084c00000|100%| O|  |TAMS 0x0000000084b00000| PB 0x0000000084b00000| Untracked 
|  76|0x0000000084c00000, 0x0000000084d00000, 0x0000000084d00000|100%| O|  |TAMS 0x0000000084c00000| PB 0x0000000084c00000| Untracked 
|  77|0x0000000084d00000, 0x0000000084e00000, 0x0000000084e00000|100%| O|  |TAMS 0x0000000084d00000| PB 0x0000000084d00000| Untracked 
|  78|0x0000000084e00000, 0x0000000084f00000, 0x0000000084f00000|100%|HS|  |TAMS 0x0000000084e00000| PB 0x0000000084e00000| Complete 
|  79|0x0000000084f00000, 0x0000000085000000, 0x0000000085000000|100%|HS|  |TAMS 0x0000000084f00000| PB 0x0000000084f00000| Complete 
|  80|0x0000000085000000, 0x0000000085100000, 0x0000000085100000|100%|HC|  |TAMS 0x0000000085000000| PB 0x0000000085000000| Complete 
|  81|0x0000000085100000, 0x0000000085200000, 0x0000000085200000|100%|HS|  |TAMS 0x0000000085100000| PB 0x0000000085100000| Complete 
|  82|0x0000000085200000, 0x0000000085300000, 0x0000000085300000|100%|HC|  |TAMS 0x0000000085200000| PB 0x0000000085200000| Complete 
|  83|0x0000000085300000, 0x0000000085400000, 0x0000000085400000|100%|HS|  |TAMS 0x0000000085300000| PB 0x0000000085300000| Complete 
|  84|0x0000000085400000, 0x0000000085500000, 0x0000000085500000|100%|HC|  |TAMS 0x0000000085400000| PB 0x0000000085400000| Complete 
|  85|0x0000000085500000, 0x0000000085600000, 0x0000000085600000|100%|HC|  |TAMS 0x0000000085500000| PB 0x0000000085500000| Complete 
|  86|0x0000000085600000, 0x0000000085700000, 0x0000000085700000|100%|HS|  |TAMS 0x0000000085600000| PB 0x0000000085600000| Complete 
|  87|0x0000000085700000, 0x0000000085800000, 0x0000000085800000|100%|HS|  |TAMS 0x0000000085700000| PB 0x0000000085700000| Complete 
|  88|0x0000000085800000, 0x0000000085900000, 0x0000000085900000|100%| O|  |TAMS 0x0000000085800000| PB 0x0000000085800000| Untracked 
|  89|0x0000000085900000, 0x0000000085a00000, 0x0000000085a00000|100%|HS|  |TAMS 0x0000000085900000| PB 0x0000000085900000| Complete 
|  90|0x0000000085a00000, 0x0000000085b00000, 0x0000000085b00000|100%|HS|  |TAMS 0x0000000085a00000| PB 0x0000000085a00000| Complete 
|  91|0x0000000085b00000, 0x0000000085c00000, 0x0000000085c00000|100%|HS|  |TAMS 0x0000000085b00000| PB 0x0000000085b00000| Complete 
|  92|0x0000000085c00000, 0x0000000085d00000, 0x0000000085d00000|100%| O|  |TAMS 0x0000000085c00000| PB 0x0000000085c00000| Untracked 
|  93|0x0000000085d00000, 0x0000000085e00000, 0x0000000085e00000|100%| O|  |TAMS 0x0000000085d00000| PB 0x0000000085d00000| Untracked 
|  94|0x0000000085e00000, 0x0000000085f00000, 0x0000000085f00000|100%| O|  |TAMS 0x0000000085e00000| PB 0x0000000085e00000| Untracked 
|  95|0x0000000085f00000, 0x0000000086000000, 0x0000000086000000|100%| O|  |TAMS 0x0000000085f00000| PB 0x0000000085f00000| Untracked 
|  96|0x0000000086000000, 0x0000000086100000, 0x0000000086100000|100%| O|  |TAMS 0x0000000086000000| PB 0x0000000086000000| Untracked 
|  97|0x0000000086100000, 0x0000000086200000, 0x0000000086200000|100%| O|  |TAMS 0x0000000086100000| PB 0x0000000086100000| Untracked 
|  98|0x0000000086200000, 0x0000000086300000, 0x0000000086300000|100%| O|  |TAMS 0x0000000086200000| PB 0x0000000086200000| Untracked 
|  99|0x0000000086300000, 0x0000000086400000, 0x0000000086400000|100%| O|  |TAMS 0x0000000086300000| PB 0x0000000086300000| Untracked 
| 100|0x0000000086400000, 0x0000000086500000, 0x0000000086500000|100%| O|  |TAMS 0x0000000086400000| PB 0x0000000086400000| Untracked 
| 101|0x0000000086500000, 0x0000000086600000, 0x0000000086600000|100%| O|  |TAMS 0x0000000086500000| PB 0x0000000086500000| Untracked 
| 102|0x0000000086600000, 0x0000000086700000, 0x0000000086700000|100%|HS|  |TAMS 0x0000000086600000| PB 0x0000000086600000| Complete 
| 103|0x0000000086700000, 0x0000000086800000, 0x0000000086800000|100%| O|  |TAMS 0x0000000086700000| PB 0x0000000086700000| Untracked 
| 104|0x0000000086800000, 0x0000000086900000, 0x0000000086900000|100%| O|  |TAMS 0x0000000086800000| PB 0x0000000086800000| Untracked 
| 105|0x0000000086900000, 0x0000000086a00000, 0x0000000086a00000|100%| O|  |TAMS 0x0000000086900000| PB 0x0000000086900000| Untracked 
| 106|0x0000000086a00000, 0x0000000086b00000, 0x0000000086b00000|100%|HS|  |TAMS 0x0000000086a00000| PB 0x0000000086a00000| Complete 
| 107|0x0000000086b00000, 0x0000000086c00000, 0x0000000086c00000|100%|HC|  |TAMS 0x0000000086b00000| PB 0x0000000086b00000| Complete 
| 108|0x0000000086c00000, 0x0000000086d00000, 0x0000000086d00000|100%|HC|  |TAMS 0x0000000086c00000| PB 0x0000000086c00000| Complete 
| 109|0x0000000086d00000, 0x0000000086e00000, 0x0000000086e00000|100%| O|  |TAMS 0x0000000086d00000| PB 0x0000000086d00000| Untracked 
| 110|0x0000000086e00000, 0x0000000086f00000, 0x0000000086f00000|100%| O|  |TAMS 0x0000000086e00000| PB 0x0000000086e00000| Untracked 
| 111|0x0000000086f00000, 0x0000000087000000, 0x0000000087000000|100%| O|  |TAMS 0x0000000086f00000| PB 0x0000000086f00000| Untracked 
| 112|0x0000000087000000, 0x0000000087100000, 0x0000000087100000|100%| O|  |TAMS 0x0000000087000000| PB 0x0000000087000000| Untracked 
| 113|0x0000000087100000, 0x0000000087200000, 0x0000000087200000|100%| O|  |TAMS 0x0000000087100000| PB 0x0000000087100000| Untracked 
| 114|0x0000000087200000, 0x0000000087300000, 0x0000000087300000|100%| O|  |TAMS 0x0000000087200000| PB 0x0000000087200000| Untracked 
| 115|0x0000000087300000, 0x0000000087400000, 0x0000000087400000|100%| O|  |TAMS 0x0000000087300000| PB 0x0000000087300000| Untracked 
| 116|0x0000000087400000, 0x0000000087500000, 0x0000000087500000|100%| O|  |TAMS 0x0000000087400000| PB 0x0000000087400000| Untracked 
| 117|0x0000000087500000, 0x0000000087600000, 0x0000000087600000|100%| O|  |TAMS 0x0000000087500000| PB 0x0000000087500000| Untracked 
| 118|0x0000000087600000, 0x0000000087700000, 0x0000000087700000|100%| O|  |TAMS 0x0000000087600000| PB 0x0000000087600000| Untracked 
| 119|0x0000000087700000, 0x0000000087800000, 0x0000000087800000|100%| O|  |TAMS 0x0000000087700000| PB 0x0000000087700000| Untracked 
| 120|0x0000000087800000, 0x0000000087900000, 0x0000000087900000|100%|HS|  |TAMS 0x0000000087800000| PB 0x0000000087800000| Complete 
| 121|0x0000000087900000, 0x0000000087a00000, 0x0000000087a00000|100%|HC|  |TAMS 0x0000000087900000| PB 0x0000000087900000| Complete 
| 122|0x0000000087a00000, 0x0000000087b00000, 0x0000000087b00000|100%| O|  |TAMS 0x0000000087a00000| PB 0x0000000087a00000| Untracked 
| 123|0x0000000087b00000, 0x0000000087c00000, 0x0000000087c00000|100%| O|  |TAMS 0x0000000087b00000| PB 0x0000000087b00000| Untracked 
| 124|0x0000000087c00000, 0x0000000087d00000, 0x0000000087d00000|100%| O|  |TAMS 0x0000000087c00000| PB 0x0000000087c00000| Untracked 
| 125|0x0000000087d00000, 0x0000000087e00000, 0x0000000087e00000|100%| O|  |TAMS 0x0000000087d00000| PB 0x0000000087d00000| Untracked 
| 126|0x0000000087e00000, 0x0000000087f00000, 0x0000000087f00000|100%| O|  |TAMS 0x0000000087e00000| PB 0x0000000087e00000| Untracked 
| 127|0x0000000087f00000, 0x0000000088000000, 0x0000000088000000|100%| O|  |TAMS 0x0000000087f00000| PB 0x0000000087f00000| Untracked 
| 128|0x0000000088000000, 0x0000000088100000, 0x0000000088100000|100%| O|  |TAMS 0x0000000088000000| PB 0x0000000088000000| Untracked 
| 129|0x0000000088100000, 0x0000000088200000, 0x0000000088200000|100%| O|  |TAMS 0x0000000088100000| PB 0x0000000088100000| Untracked 
| 130|0x0000000088200000, 0x0000000088300000, 0x0000000088300000|100%| O|  |TAMS 0x0000000088200000| PB 0x0000000088200000| Untracked 
| 131|0x0000000088300000, 0x0000000088400000, 0x0000000088400000|100%| O|  |TAMS 0x0000000088300000| PB 0x0000000088300000| Untracked 
| 132|0x0000000088400000, 0x0000000088500000, 0x0000000088500000|100%| O|  |TAMS 0x0000000088400000| PB 0x0000000088400000| Untracked 
| 133|0x0000000088500000, 0x0000000088600000, 0x0000000088600000|100%| O|  |TAMS 0x0000000088500000| PB 0x0000000088500000| Untracked 
| 134|0x0000000088600000, 0x0000000088700000, 0x0000000088700000|100%| O|  |TAMS 0x0000000088600000| PB 0x0000000088600000| Untracked 
| 135|0x0000000088700000, 0x0000000088800000, 0x0000000088800000|100%| O|  |TAMS 0x0000000088700000| PB 0x0000000088700000| Untracked 
| 136|0x0000000088800000, 0x0000000088900000, 0x0000000088900000|100%| O|  |TAMS 0x0000000088800000| PB 0x0000000088800000| Untracked 
| 137|0x0000000088900000, 0x0000000088a00000, 0x0000000088a00000|100%| O|  |TAMS 0x0000000088900000| PB 0x0000000088900000| Untracked 
| 138|0x0000000088a00000, 0x0000000088b00000, 0x0000000088b00000|100%| O|  |TAMS 0x0000000088a00000| PB 0x0000000088a00000| Untracked 
| 139|0x0000000088b00000, 0x0000000088c00000, 0x0000000088c00000|100%| O|  |TAMS 0x0000000088b00000| PB 0x0000000088b00000| Untracked 
| 140|0x0000000088c00000, 0x0000000088d00000, 0x0000000088d00000|100%| O|  |TAMS 0x0000000088c00000| PB 0x0000000088c00000| Untracked 
| 141|0x0000000088d00000, 0x0000000088e00000, 0x0000000088e00000|100%| O|  |TAMS 0x0000000088d00000| PB 0x0000000088d00000| Untracked 
| 142|0x0000000088e00000, 0x0000000088f00000, 0x0000000088f00000|100%| O|  |TAMS 0x0000000088e00000| PB 0x0000000088e00000| Untracked 
| 143|0x0000000088f00000, 0x0000000089000000, 0x0000000089000000|100%| O|  |TAMS 0x0000000088f00000| PB 0x0000000088f00000| Untracked 
| 144|0x0000000089000000, 0x0000000089100000, 0x0000000089100000|100%| O|  |TAMS 0x0000000089000000| PB 0x0000000089000000| Untracked 
| 145|0x0000000089100000, 0x0000000089200000, 0x0000000089200000|100%| O|  |TAMS 0x0000000089100000| PB 0x0000000089100000| Untracked 
| 146|0x0000000089200000, 0x0000000089300000, 0x0000000089300000|100%| O|  |TAMS 0x0000000089200000| PB 0x0000000089200000| Untracked 
| 147|0x0000000089300000, 0x0000000089400000, 0x0000000089400000|100%| O|  |TAMS 0x0000000089300000| PB 0x0000000089300000| Untracked 
| 148|0x0000000089400000, 0x0000000089500000, 0x0000000089500000|100%| O|  |TAMS 0x0000000089400000| PB 0x0000000089400000| Untracked 
| 149|0x0000000089500000, 0x0000000089600000, 0x0000000089600000|100%| O|  |TAMS 0x0000000089500000| PB 0x0000000089500000| Untracked 
| 150|0x0000000089600000, 0x0000000089700000, 0x0000000089700000|100%| O|  |TAMS 0x0000000089600000| PB 0x0000000089600000| Untracked 
| 151|0x0000000089700000, 0x0000000089800000, 0x0000000089800000|100%| O|  |TAMS 0x0000000089700000| PB 0x0000000089700000| Untracked 
| 152|0x0000000089800000, 0x0000000089900000, 0x0000000089900000|100%| O|  |TAMS 0x0000000089800000| PB 0x0000000089800000| Untracked 
| 153|0x0000000089900000, 0x0000000089a00000, 0x0000000089a00000|100%| O|  |TAMS 0x0000000089900000| PB 0x0000000089900000| Untracked 
| 154|0x0000000089a00000, 0x0000000089b00000, 0x0000000089b00000|100%| O|  |TAMS 0x0000000089a00000| PB 0x0000000089a00000| Untracked 
| 155|0x0000000089b00000, 0x0000000089c00000, 0x0000000089c00000|100%| O|  |TAMS 0x0000000089b00000| PB 0x0000000089b00000| Untracked 
| 156|0x0000000089c00000, 0x0000000089d00000, 0x0000000089d00000|100%| O|  |TAMS 0x0000000089c00000| PB 0x0000000089c00000| Untracked 
| 157|0x0000000089d00000, 0x0000000089e00000, 0x0000000089e00000|100%| O|  |TAMS 0x0000000089d00000| PB 0x0000000089d00000| Untracked 
| 158|0x0000000089e00000, 0x0000000089f00000, 0x0000000089f00000|100%| O|  |TAMS 0x0000000089e00000| PB 0x0000000089e00000| Untracked 
| 159|0x0000000089f00000, 0x000000008a000000, 0x000000008a000000|100%| O|  |TAMS 0x0000000089f00000| PB 0x0000000089f00000| Untracked 
| 160|0x000000008a000000, 0x000000008a100000, 0x000000008a100000|100%| O|  |TAMS 0x000000008a000000| PB 0x000000008a000000| Untracked 
| 161|0x000000008a100000, 0x000000008a200000, 0x000000008a200000|100%| O|  |TAMS 0x000000008a100000| PB 0x000000008a100000| Untracked 
| 162|0x000000008a200000, 0x000000008a300000, 0x000000008a300000|100%| O|  |TAMS 0x000000008a200000| PB 0x000000008a200000| Untracked 
| 163|0x000000008a300000, 0x000000008a400000, 0x000000008a400000|100%| O|  |TAMS 0x000000008a300000| PB 0x000000008a300000| Untracked 
| 164|0x000000008a400000, 0x000000008a477760, 0x000000008a500000| 46%| O|  |TAMS 0x000000008a400000| PB 0x000000008a400000| Untracked 
| 165|0x000000008a500000, 0x000000008a500000, 0x000000008a600000|  0%| F|  |TAMS 0x000000008a500000| PB 0x000000008a500000| Untracked 
| 166|0x000000008a600000, 0x000000008a600000, 0x000000008a700000|  0%| F|  |TAMS 0x000000008a600000| PB 0x000000008a600000| Untracked 
| 167|0x000000008a700000, 0x000000008a700000, 0x000000008a800000|  0%| F|  |TAMS 0x000000008a700000| PB 0x000000008a700000| Untracked 
| 168|0x000000008a800000, 0x000000008a800000, 0x000000008a900000|  0%| F|  |TAMS 0x000000008a800000| PB 0x000000008a800000| Untracked 
| 169|0x000000008a900000, 0x000000008a900000, 0x000000008aa00000|  0%| F|  |TAMS 0x000000008a900000| PB 0x000000008a900000| Untracked 
| 170|0x000000008aa00000, 0x000000008aa00000, 0x000000008ab00000|  0%| F|  |TAMS 0x000000008aa00000| PB 0x000000008aa00000| Untracked 
| 171|0x000000008ab00000, 0x000000008ab00000, 0x000000008ac00000|  0%| F|  |TAMS 0x000000008ab00000| PB 0x000000008ab00000| Untracked 
| 172|0x000000008ac00000, 0x000000008ac00000, 0x000000008ad00000|  0%| F|  |TAMS 0x000000008ac00000| PB 0x000000008ac00000| Untracked 
| 173|0x000000008ad00000, 0x000000008ad00000, 0x000000008ae00000|  0%| F|  |TAMS 0x000000008ad00000| PB 0x000000008ad00000| Untracked 
| 174|0x000000008ae00000, 0x000000008ae00000, 0x000000008af00000|  0%| F|  |TAMS 0x000000008ae00000| PB 0x000000008ae00000| Untracked 
| 175|0x000000008af00000, 0x000000008af00000, 0x000000008b000000|  0%| F|  |TAMS 0x000000008af00000| PB 0x000000008af00000| Untracked 
| 176|0x000000008b000000, 0x000000008b000000, 0x000000008b100000|  0%| F|  |TAMS 0x000000008b000000| PB 0x000000008b000000| Untracked 
| 177|0x000000008b100000, 0x000000008b100000, 0x000000008b200000|  0%| F|  |TAMS 0x000000008b100000| PB 0x000000008b100000| Untracked 
| 178|0x000000008b200000, 0x000000008b200000, 0x000000008b300000|  0%| F|  |TAMS 0x000000008b200000| PB 0x000000008b200000| Untracked 
| 179|0x000000008b300000, 0x000000008b300000, 0x000000008b400000|  0%| F|  |TAMS 0x000000008b300000| PB 0x000000008b300000| Untracked 
| 180|0x000000008b400000, 0x000000008b400000, 0x000000008b500000|  0%| F|  |TAMS 0x000000008b400000| PB 0x000000008b400000| Untracked 
| 181|0x000000008b500000, 0x000000008b500000, 0x000000008b600000|  0%| F|  |TAMS 0x000000008b500000| PB 0x000000008b500000| Untracked 
| 182|0x000000008b600000, 0x000000008b600000, 0x000000008b700000|  0%| F|  |TAMS 0x000000008b600000| PB 0x000000008b600000| Untracked 
| 183|0x000000008b700000, 0x000000008b700000, 0x000000008b800000|  0%| F|  |TAMS 0x000000008b700000| PB 0x000000008b700000| Untracked 
| 184|0x000000008b800000, 0x000000008b800000, 0x000000008b900000|  0%| F|  |TAMS 0x000000008b800000| PB 0x000000008b800000| Untracked 
| 185|0x000000008b900000, 0x000000008b900000, 0x000000008ba00000|  0%| F|  |TAMS 0x000000008b900000| PB 0x000000008b900000| Untracked 
| 186|0x000000008ba00000, 0x000000008ba00000, 0x000000008bb00000|  0%| F|  |TAMS 0x000000008ba00000| PB 0x000000008ba00000| Untracked 
| 187|0x000000008bb00000, 0x000000008bb00000, 0x000000008bc00000|  0%| F|  |TAMS 0x000000008bb00000| PB 0x000000008bb00000| Untracked 
| 188|0x000000008bc00000, 0x000000008bc00000, 0x000000008bd00000|  0%| F|  |TAMS 0x000000008bc00000| PB 0x000000008bc00000| Untracked 
| 189|0x000000008bd00000, 0x000000008bd00000, 0x000000008be00000|  0%| F|  |TAMS 0x000000008bd00000| PB 0x000000008bd00000| Untracked 
| 190|0x000000008be00000, 0x000000008be00000, 0x000000008bf00000|  0%| F|  |TAMS 0x000000008be00000| PB 0x000000008be00000| Untracked 
| 191|0x000000008bf00000, 0x000000008bf00000, 0x000000008c000000|  0%| F|  |TAMS 0x000000008bf00000| PB 0x000000008bf00000| Untracked 
| 192|0x000000008c000000, 0x000000008c000000, 0x000000008c100000|  0%| F|  |TAMS 0x000000008c000000| PB 0x000000008c000000| Untracked 
| 193|0x000000008c100000, 0x000000008c100000, 0x000000008c200000|  0%| F|  |TAMS 0x000000008c100000| PB 0x000000008c100000| Untracked 
| 194|0x000000008c200000, 0x000000008c200000, 0x000000008c300000|  0%| F|  |TAMS 0x000000008c200000| PB 0x000000008c200000| Untracked 
| 195|0x000000008c300000, 0x000000008c300000, 0x000000008c400000|  0%| F|  |TAMS 0x000000008c300000| PB 0x000000008c300000| Untracked 
| 196|0x000000008c400000, 0x000000008c400000, 0x000000008c500000|  0%| F|  |TAMS 0x000000008c400000| PB 0x000000008c400000| Untracked 
| 197|0x000000008c500000, 0x000000008c500000, 0x000000008c600000|  0%| F|  |TAMS 0x000000008c500000| PB 0x000000008c500000| Untracked 
| 198|0x000000008c600000, 0x000000008c600000, 0x000000008c700000|  0%| F|  |TAMS 0x000000008c600000| PB 0x000000008c600000| Untracked 
| 199|0x000000008c700000, 0x000000008c700000, 0x000000008c800000|  0%| F|  |TAMS 0x000000008c700000| PB 0x000000008c700000| Untracked 
| 200|0x000000008c800000, 0x000000008c800000, 0x000000008c900000|  0%| F|  |TAMS 0x000000008c800000| PB 0x000000008c800000| Untracked 
| 201|0x000000008c900000, 0x000000008c900000, 0x000000008ca00000|  0%| F|  |TAMS 0x000000008c900000| PB 0x000000008c900000| Untracked 
| 202|0x000000008ca00000, 0x000000008ca00000, 0x000000008cb00000|  0%| F|  |TAMS 0x000000008ca00000| PB 0x000000008ca00000| Untracked 
| 203|0x000000008cb00000, 0x000000008cb00000, 0x000000008cc00000|  0%| F|  |TAMS 0x000000008cb00000| PB 0x000000008cb00000| Untracked 
| 204|0x000000008cc00000, 0x000000008cc00000, 0x000000008cd00000|  0%| F|  |TAMS 0x000000008cc00000| PB 0x000000008cc00000| Untracked 
| 205|0x000000008cd00000, 0x000000008cd00000, 0x000000008ce00000|  0%| F|  |TAMS 0x000000008cd00000| PB 0x000000008cd00000| Untracked 
| 206|0x000000008ce00000, 0x000000008ce00000, 0x000000008cf00000|  0%| F|  |TAMS 0x000000008ce00000| PB 0x000000008ce00000| Untracked 
| 207|0x000000008cf00000, 0x000000008cf00000, 0x000000008d000000|  0%| F|  |TAMS 0x000000008cf00000| PB 0x000000008cf00000| Untracked 
| 208|0x000000008d000000, 0x000000008d000000, 0x000000008d100000|  0%| F|  |TAMS 0x000000008d000000| PB 0x000000008d000000| Untracked 
| 209|0x000000008d100000, 0x000000008d100000, 0x000000008d200000|  0%| F|  |TAMS 0x000000008d100000| PB 0x000000008d100000| Untracked 
| 210|0x000000008d200000, 0x000000008d200000, 0x000000008d300000|  0%| F|  |TAMS 0x000000008d200000| PB 0x000000008d200000| Untracked 
| 211|0x000000008d300000, 0x000000008d300000, 0x000000008d400000|  0%| F|  |TAMS 0x000000008d300000| PB 0x000000008d300000| Untracked 
| 212|0x000000008d400000, 0x000000008d400000, 0x000000008d500000|  0%| F|  |TAMS 0x000000008d400000| PB 0x000000008d400000| Untracked 
| 213|0x000000008d500000, 0x000000008d500000, 0x000000008d600000|  0%| F|  |TAMS 0x000000008d500000| PB 0x000000008d500000| Untracked 
| 214|0x000000008d600000, 0x000000008d600000, 0x000000008d700000|  0%| F|  |TAMS 0x000000008d600000| PB 0x000000008d600000| Untracked 
| 215|0x000000008d700000, 0x000000008d700000, 0x000000008d800000|  0%| F|  |TAMS 0x000000008d700000| PB 0x000000008d700000| Untracked 
| 216|0x000000008d800000, 0x000000008d800000, 0x000000008d900000|  0%| F|  |TAMS 0x000000008d800000| PB 0x000000008d800000| Untracked 
| 217|0x000000008d900000, 0x000000008d900000, 0x000000008da00000|  0%| F|  |TAMS 0x000000008d900000| PB 0x000000008d900000| Untracked 
| 218|0x000000008da00000, 0x000000008da00000, 0x000000008db00000|  0%| F|  |TAMS 0x000000008da00000| PB 0x000000008da00000| Untracked 
| 219|0x000000008db00000, 0x000000008db00000, 0x000000008dc00000|  0%| F|  |TAMS 0x000000008db00000| PB 0x000000008db00000| Untracked 
| 220|0x000000008dc00000, 0x000000008dc00000, 0x000000008dd00000|  0%| F|  |TAMS 0x000000008dc00000| PB 0x000000008dc00000| Untracked 
| 221|0x000000008dd00000, 0x000000008dd00000, 0x000000008de00000|  0%| F|  |TAMS 0x000000008dd00000| PB 0x000000008dd00000| Untracked 
| 222|0x000000008de00000, 0x000000008de00000, 0x000000008df00000|  0%| F|  |TAMS 0x000000008de00000| PB 0x000000008de00000| Untracked 
| 223|0x000000008df00000, 0x000000008df00000, 0x000000008e000000|  0%| F|  |TAMS 0x000000008df00000| PB 0x000000008df00000| Untracked 
| 224|0x000000008e000000, 0x000000008e000000, 0x000000008e100000|  0%| F|  |TAMS 0x000000008e000000| PB 0x000000008e000000| Untracked 
| 225|0x000000008e100000, 0x000000008e100000, 0x000000008e200000|  0%| F|  |TAMS 0x000000008e100000| PB 0x000000008e100000| Untracked 
| 226|0x000000008e200000, 0x000000008e200000, 0x000000008e300000|  0%| F|  |TAMS 0x000000008e200000| PB 0x000000008e200000| Untracked 
| 227|0x000000008e300000, 0x000000008e300000, 0x000000008e400000|  0%| F|  |TAMS 0x000000008e300000| PB 0x000000008e300000| Untracked 
| 228|0x000000008e400000, 0x000000008e400000, 0x000000008e500000|  0%| F|  |TAMS 0x000000008e400000| PB 0x000000008e400000| Untracked 
| 229|0x000000008e500000, 0x000000008e500000, 0x000000008e600000|  0%| F|  |TAMS 0x000000008e500000| PB 0x000000008e500000| Untracked 
| 230|0x000000008e600000, 0x000000008e600000, 0x000000008e700000|  0%| F|  |TAMS 0x000000008e600000| PB 0x000000008e600000| Untracked 
| 231|0x000000008e700000, 0x000000008e700000, 0x000000008e800000|  0%| F|  |TAMS 0x000000008e700000| PB 0x000000008e700000| Untracked 
| 232|0x000000008e800000, 0x000000008e800000, 0x000000008e900000|  0%| F|  |TAMS 0x000000008e800000| PB 0x000000008e800000| Untracked 
| 233|0x000000008e900000, 0x000000008e900000, 0x000000008ea00000|  0%| F|  |TAMS 0x000000008e900000| PB 0x000000008e900000| Untracked 
| 234|0x000000008ea00000, 0x000000008ea00000, 0x000000008eb00000|  0%| F|  |TAMS 0x000000008ea00000| PB 0x000000008ea00000| Untracked 
| 235|0x000000008eb00000, 0x000000008eb00000, 0x000000008ec00000|  0%| F|  |TAMS 0x000000008eb00000| PB 0x000000008eb00000| Untracked 
| 236|0x000000008ec00000, 0x000000008ec00000, 0x000000008ed00000|  0%| F|  |TAMS 0x000000008ec00000| PB 0x000000008ec00000| Untracked 
| 237|0x000000008ed00000, 0x000000008ed00000, 0x000000008ee00000|  0%| F|  |TAMS 0x000000008ed00000| PB 0x000000008ed00000| Untracked 
| 238|0x000000008ee00000, 0x000000008ee00000, 0x000000008ef00000|  0%| F|  |TAMS 0x000000008ee00000| PB 0x000000008ee00000| Untracked 
| 239|0x000000008ef00000, 0x000000008ef00000, 0x000000008f000000|  0%| F|  |TAMS 0x000000008ef00000| PB 0x000000008ef00000| Untracked 
| 240|0x000000008f000000, 0x000000008f000000, 0x000000008f100000|  0%| F|  |TAMS 0x000000008f000000| PB 0x000000008f000000| Untracked 
| 241|0x000000008f100000, 0x000000008f100000, 0x000000008f200000|  0%| F|  |TAMS 0x000000008f100000| PB 0x000000008f100000| Untracked 
| 242|0x000000008f200000, 0x000000008f200000, 0x000000008f300000|  0%| F|  |TAMS 0x000000008f200000| PB 0x000000008f200000| Untracked 
| 243|0x000000008f300000, 0x000000008f300000, 0x000000008f400000|  0%| F|  |TAMS 0x000000008f300000| PB 0x000000008f300000| Untracked 
| 244|0x000000008f400000, 0x000000008f400000, 0x000000008f500000|  0%| F|  |TAMS 0x000000008f400000| PB 0x000000008f400000| Untracked 
| 245|0x000000008f500000, 0x000000008f500000, 0x000000008f600000|  0%| F|  |TAMS 0x000000008f500000| PB 0x000000008f500000| Untracked 
| 246|0x000000008f600000, 0x000000008f600000, 0x000000008f700000|  0%| F|  |TAMS 0x000000008f600000| PB 0x000000008f600000| Untracked 
| 247|0x000000008f700000, 0x000000008f700000, 0x000000008f800000|  0%| F|  |TAMS 0x000000008f700000| PB 0x000000008f700000| Untracked 
| 248|0x000000008f800000, 0x000000008f800000, 0x000000008f900000|  0%| F|  |TAMS 0x000000008f800000| PB 0x000000008f800000| Untracked 
| 249|0x000000008f900000, 0x000000008f900000, 0x000000008fa00000|  0%| F|  |TAMS 0x000000008f900000| PB 0x000000008f900000| Untracked 
| 250|0x000000008fa00000, 0x000000008fa00000, 0x000000008fb00000|  0%| F|  |TAMS 0x000000008fa00000| PB 0x000000008fa00000| Untracked 
| 251|0x000000008fb00000, 0x000000008fb00000, 0x000000008fc00000|  0%| F|  |TAMS 0x000000008fb00000| PB 0x000000008fb00000| Untracked 
| 252|0x000000008fc00000, 0x000000008fc00000, 0x000000008fd00000|  0%| F|  |TAMS 0x000000008fc00000| PB 0x000000008fc00000| Untracked 
| 253|0x000000008fd00000, 0x000000008fd00000, 0x000000008fe00000|  0%| F|  |TAMS 0x000000008fd00000| PB 0x000000008fd00000| Untracked 
| 254|0x000000008fe00000, 0x000000008fe00000, 0x000000008ff00000|  0%| F|  |TAMS 0x000000008fe00000| PB 0x000000008fe00000| Untracked 
| 255|0x000000008ff00000, 0x000000008ff00000, 0x0000000090000000|  0%| F|  |TAMS 0x000000008ff00000| PB 0x000000008ff00000| Untracked 
| 256|0x0000000090000000, 0x0000000090000000, 0x0000000090100000|  0%| F|  |TAMS 0x0000000090000000| PB 0x0000000090000000| Untracked 
| 257|0x0000000090100000, 0x0000000090100000, 0x0000000090200000|  0%| F|  |TAMS 0x0000000090100000| PB 0x0000000090100000| Untracked 
| 258|0x0000000090200000, 0x0000000090200000, 0x0000000090300000|  0%| F|  |TAMS 0x0000000090200000| PB 0x0000000090200000| Untracked 
| 259|0x0000000090300000, 0x0000000090300000, 0x0000000090400000|  0%| F|  |TAMS 0x0000000090300000| PB 0x0000000090300000| Untracked 
| 260|0x0000000090400000, 0x0000000090400000, 0x0000000090500000|  0%| F|  |TAMS 0x0000000090400000| PB 0x0000000090400000| Untracked 
| 261|0x0000000090500000, 0x0000000090500000, 0x0000000090600000|  0%| F|  |TAMS 0x0000000090500000| PB 0x0000000090500000| Untracked 
| 262|0x0000000090600000, 0x0000000090600000, 0x0000000090700000|  0%| F|  |TAMS 0x0000000090600000| PB 0x0000000090600000| Untracked 
| 263|0x0000000090700000, 0x0000000090700000, 0x0000000090800000|  0%| F|  |TAMS 0x0000000090700000| PB 0x0000000090700000| Untracked 
| 264|0x0000000090800000, 0x0000000090800000, 0x0000000090900000|  0%| F|  |TAMS 0x0000000090800000| PB 0x0000000090800000| Untracked 
| 265|0x0000000090900000, 0x0000000090900000, 0x0000000090a00000|  0%| F|  |TAMS 0x0000000090900000| PB 0x0000000090900000| Untracked 
| 266|0x0000000090a00000, 0x0000000090a00000, 0x0000000090b00000|  0%| F|  |TAMS 0x0000000090a00000| PB 0x0000000090a00000| Untracked 
| 267|0x0000000090b00000, 0x0000000090b00000, 0x0000000090c00000|  0%| F|  |TAMS 0x0000000090b00000| PB 0x0000000090b00000| Untracked 
| 268|0x0000000090c00000, 0x0000000090c00000, 0x0000000090d00000|  0%| F|  |TAMS 0x0000000090c00000| PB 0x0000000090c00000| Untracked 
| 269|0x0000000090d00000, 0x0000000090d00000, 0x0000000090e00000|  0%| F|  |TAMS 0x0000000090d00000| PB 0x0000000090d00000| Untracked 
| 270|0x0000000090e00000, 0x0000000090e00000, 0x0000000090f00000|  0%| F|  |TAMS 0x0000000090e00000| PB 0x0000000090e00000| Untracked 
| 271|0x0000000090f00000, 0x0000000090f00000, 0x0000000091000000|  0%| F|  |TAMS 0x0000000090f00000| PB 0x0000000090f00000| Untracked 
| 272|0x0000000091000000, 0x0000000091000000, 0x0000000091100000|  0%| F|  |TAMS 0x0000000091000000| PB 0x0000000091000000| Untracked 
| 273|0x0000000091100000, 0x0000000091100000, 0x0000000091200000|  0%| F|  |TAMS 0x0000000091100000| PB 0x0000000091100000| Untracked 
| 274|0x0000000091200000, 0x0000000091200000, 0x0000000091300000|  0%| F|  |TAMS 0x0000000091200000| PB 0x0000000091200000| Untracked 
| 275|0x0000000091300000, 0x0000000091300000, 0x0000000091400000|  0%| F|  |TAMS 0x0000000091300000| PB 0x0000000091300000| Untracked 
| 276|0x0000000091400000, 0x0000000091400000, 0x0000000091500000|  0%| F|  |TAMS 0x0000000091400000| PB 0x0000000091400000| Untracked 
| 277|0x0000000091500000, 0x0000000091500000, 0x0000000091600000|  0%| F|  |TAMS 0x0000000091500000| PB 0x0000000091500000| Untracked 
| 278|0x0000000091600000, 0x0000000091600000, 0x0000000091700000|  0%| F|  |TAMS 0x0000000091600000| PB 0x0000000091600000| Untracked 
| 279|0x0000000091700000, 0x0000000091700000, 0x0000000091800000|  0%| F|  |TAMS 0x0000000091700000| PB 0x0000000091700000| Untracked 
| 280|0x0000000091800000, 0x0000000091800000, 0x0000000091900000|  0%| F|  |TAMS 0x0000000091800000| PB 0x0000000091800000| Untracked 
| 281|0x0000000091900000, 0x00000000919cbd60, 0x0000000091a00000| 79%| S|CS|TAMS 0x0000000091900000| PB 0x0000000091900000| Complete 
| 282|0x0000000091a00000, 0x0000000091b00000, 0x0000000091b00000|100%| S|CS|TAMS 0x0000000091a00000| PB 0x0000000091a00000| Complete 
| 283|0x0000000091b00000, 0x0000000091b00000, 0x0000000091c00000|  0%| F|  |TAMS 0x0000000091b00000| PB 0x0000000091b00000| Untracked 
| 284|0x0000000091c00000, 0x0000000091c00000, 0x0000000091d00000|  0%| F|  |TAMS 0x0000000091c00000| PB 0x0000000091c00000| Untracked 
| 285|0x0000000091d00000, 0x0000000091d00000, 0x0000000091e00000|  0%| F|  |TAMS 0x0000000091d00000| PB 0x0000000091d00000| Untracked 
| 286|0x0000000091e00000, 0x0000000091e00000, 0x0000000091f00000|  0%| F|  |TAMS 0x0000000091e00000| PB 0x0000000091e00000| Untracked 
| 287|0x0000000091f00000, 0x0000000091f00000, 0x0000000092000000|  0%| F|  |TAMS 0x0000000091f00000| PB 0x0000000091f00000| Untracked 
| 288|0x0000000092000000, 0x0000000092000000, 0x0000000092100000|  0%| F|  |TAMS 0x0000000092000000| PB 0x0000000092000000| Untracked 
| 289|0x0000000092100000, 0x0000000092100000, 0x0000000092200000|  0%| F|  |TAMS 0x0000000092100000| PB 0x0000000092100000| Untracked 
| 290|0x0000000092200000, 0x0000000092200000, 0x0000000092300000|  0%| F|  |TAMS 0x0000000092200000| PB 0x0000000092200000| Untracked 
| 291|0x0000000092300000, 0x0000000092300000, 0x0000000092400000|  0%| F|  |TAMS 0x0000000092300000| PB 0x0000000092300000| Untracked 
| 292|0x0000000092400000, 0x0000000092400000, 0x0000000092500000|  0%| F|  |TAMS 0x0000000092400000| PB 0x0000000092400000| Untracked 
| 293|0x0000000092500000, 0x0000000092500000, 0x0000000092600000|  0%| F|  |TAMS 0x0000000092500000| PB 0x0000000092500000| Untracked 
| 294|0x0000000092600000, 0x0000000092600000, 0x0000000092700000|  0%| F|  |TAMS 0x0000000092600000| PB 0x0000000092600000| Untracked 
| 295|0x0000000092700000, 0x0000000092700000, 0x0000000092800000|  0%| F|  |TAMS 0x0000000092700000| PB 0x0000000092700000| Untracked 
| 296|0x0000000092800000, 0x0000000092800000, 0x0000000092900000|  0%| F|  |TAMS 0x0000000092800000| PB 0x0000000092800000| Untracked 
| 297|0x0000000092900000, 0x0000000092900000, 0x0000000092a00000|  0%| F|  |TAMS 0x0000000092900000| PB 0x0000000092900000| Untracked 
| 298|0x0000000092a00000, 0x0000000092a00000, 0x0000000092b00000|  0%| F|  |TAMS 0x0000000092a00000| PB 0x0000000092a00000| Untracked 
| 299|0x0000000092b00000, 0x0000000092b00000, 0x0000000092c00000|  0%| F|  |TAMS 0x0000000092b00000| PB 0x0000000092b00000| Untracked 
| 300|0x0000000092c00000, 0x0000000092c00000, 0x0000000092d00000|  0%| F|  |TAMS 0x0000000092c00000| PB 0x0000000092c00000| Untracked 
| 301|0x0000000092d00000, 0x0000000092d00000, 0x0000000092e00000|  0%| F|  |TAMS 0x0000000092d00000| PB 0x0000000092d00000| Untracked 
| 302|0x0000000092e00000, 0x0000000092e00000, 0x0000000092f00000|  0%| F|  |TAMS 0x0000000092e00000| PB 0x0000000092e00000| Untracked 
| 303|0x0000000092f00000, 0x0000000092f00000, 0x0000000093000000|  0%| F|  |TAMS 0x0000000092f00000| PB 0x0000000092f00000| Untracked 
| 304|0x0000000093000000, 0x0000000093000000, 0x0000000093100000|  0%| F|  |TAMS 0x0000000093000000| PB 0x0000000093000000| Untracked 
| 305|0x0000000093100000, 0x00000000931f9e28, 0x0000000093200000| 97%| E|  |TAMS 0x0000000093100000| PB 0x0000000093100000| Complete 
| 306|0x0000000093200000, 0x0000000093300000, 0x0000000093300000|100%| E|CS|TAMS 0x0000000093200000| PB 0x0000000093200000| Complete 
| 307|0x0000000093300000, 0x0000000093400000, 0x0000000093400000|100%| E|CS|TAMS 0x0000000093300000| PB 0x0000000093300000| Complete 
|2042|0x00000000ffa00000, 0x00000000ffb00000, 0x00000000ffb00000|100%| O|  |TAMS 0x00000000ffa00000| PB 0x00000000ffa00000| Untracked 
|2043|0x00000000ffb00000, 0x00000000ffc00000, 0x00000000ffc00000|100%| O|  |TAMS 0x00000000ffb00000| PB 0x00000000ffb00000| Untracked 
|2044|0x00000000ffc00000, 0x00000000ffd00000, 0x00000000ffd00000|100%| O|  |TAMS 0x00000000ffc00000| PB 0x00000000ffc00000| Untracked 
|2045|0x00000000ffd00000, 0x00000000ffe00000, 0x00000000ffe00000|100%| O|  |TAMS 0x00000000ffd00000| PB 0x00000000ffd00000| Untracked 
|2046|0x00000000ffe00000, 0x00000000fff00000, 0x00000000fff00000|100%| O|  |TAMS 0x00000000ffe00000| PB 0x00000000ffe00000| Untracked 
|2047|0x00000000fff00000, 0x0000000100000000, 0x0000000100000000|100%| E|CS|TAMS 0x00000000fff00000| PB 0x00000000fff00000| Complete 

Card table byte_map: [0x0000025a9a1e0000,0x0000025a9a5e0000] _byte_map_base: 0x0000025a99de0000

Marking Bits: (CMBitMap*) 0x0000025a877864e0
 Bits: [0x0000025a9a5e0000, 0x0000025a9c5e0000)

Polling page: 0x0000025a85550000

Metaspace:

Usage:
  Non-class:    120.65 MB used.
      Class:     19.17 MB used.
       Both:    139.83 MB used.

Virtual space:
  Non-class space:      128.00 MB reserved,     121.81 MB ( 95%) committed,  2 nodes.
      Class space:        1.00 GB reserved,      20.25 MB (  2%) committed,  1 nodes.
             Both:        1.12 GB reserved,     142.06 MB ( 12%) committed. 

Chunk freelists:
   Non-Class:  6.14 MB
       Class:  11.70 MB
        Both:  17.84 MB

MaxMetaspaceSize: unlimited
CompressedClassSpaceSize: 1.00 GB
Initial GC threshold: 21.00 MB
Current GC threshold: 233.75 MB
CDS: off
 - commit_granule_bytes: 65536.
 - commit_granule_words: 8192.
 - virtual_space_node_default_size: 8388608.
 - enlarge_chunks_in_place: 1.
 - use_allocation_guard: 0.


Internal statistics:

num_allocs_failed_limit: 6.
num_arena_births: 4632.
num_arena_deaths: 0.
num_vsnodes_births: 3.
num_vsnodes_deaths: 0.
num_space_committed: 2272.
num_space_uncommitted: 0.
num_chunks_returned_to_freelist: 6.
num_chunks_taken_from_freelist: 10820.
num_chunk_merges: 6.
num_chunk_splits: 7077.
num_chunks_enlarged: 4471.
num_inconsistent_stats: 0.

CodeHeap 'non-profiled nmethods': size=120000Kb used=9461Kb max_used=9461Kb free=110538Kb
 bounds [0x0000025a92360000, 0x0000025a92ca0000, 0x0000025a99890000]
CodeHeap 'profiled nmethods': size=120000Kb used=25229Kb max_used=25229Kb free=94770Kb
 bounds [0x0000025a8a890000, 0x0000025a8c140000, 0x0000025a91dc0000]
CodeHeap 'non-nmethods': size=5760Kb used=2844Kb max_used=2876Kb free=2916Kb
 bounds [0x0000025a91dc0000, 0x0000025a920a0000, 0x0000025a92360000]
CodeCache: size=245760Kb, used=37534Kb, max_used=37566Kb, free=208224Kb
 total_blobs=14414, nmethods=13314, adapters=1004, full_count=0
Compilation: enabled, stopped_count=0, restarted_count=0

Compilation events (20 events):
Event: 795.649 Thread 0x0000025a9f465970 nmethod 16389 0x0000025a92c9c410 code [0x0000025a92c9c5c0, 0x0000025a92c9ca78]
Event: 795.649 Thread 0x0000025a9f465970 16390       4       org.gradle.api.internal.attributes.matching.CachingAttributeSelectionSchema$MatchValueKey::computeHashCode (36 bytes)
Event: 795.651 Thread 0x0000025a9f465970 nmethod 16390 0x0000025a92c9cc10 code [0x0000025a92c9cda0, 0x0000025a92c9cf68]
Event: 796.658 Thread 0x0000025a9f466410 nmethod 16393 0x0000025a8c12f090 code [0x0000025a8c12f360, 0x0000025a8c130430]
Event: 796.675 Thread 0x0000025a9f466410 16392       3       java.lang.invoke.Invokers$Holder::linkToTargetMethod (10 bytes)
Event: 796.679 Thread 0x0000025a9f466410 nmethod 16392 0x0000025a8c130990 code [0x0000025a8c130b60, 0x0000025a8c130f10]
Event: 797.310 Thread 0x0000025a9f466410 16394       3       org.gradle.internal.resource.ExternalResourceName::isUpperCaseChar (18 bytes)
Event: 797.310 Thread 0x0000025a9f466410 nmethod 16394 0x0000025a8c131010 code [0x0000025a8c1311a0, 0x0000025a8c131310]
Event: 797.310 Thread 0x0000025a9f466410 16395       3       org.gradle.internal.resource.ExternalResourceName::isDigit (18 bytes)
Event: 797.310 Thread 0x0000025a9f466410 nmethod 16395 0x0000025a8c131390 code [0x0000025a8c131520, 0x0000025a8c131690]
Event: 797.660 Thread 0x0000025a9f466410 16396       1       org.apache.http.message.ParserCursor::getPos (5 bytes)
Event: 797.660 Thread 0x0000025a9f466410 nmethod 16396 0x0000025a92c9d110 code [0x0000025a92c9d2a0, 0x0000025a92c9d368]
Event: 797.705 Thread 0x0000025a9f465970 16397       4       java.util.regex.Pattern::isSupplementary (21 bytes)
Event: 797.706 Thread 0x0000025a9f466410 16398       3       java.util.regex.Pattern$BranchConn::study (5 bytes)
Event: 797.707 Thread 0x0000025a9f465970 nmethod 16397 0x0000025a92c9d410 code [0x0000025a92c9d5a0, 0x0000025a92c9d648]
Event: 797.707 Thread 0x0000025a9f466410 nmethod 16398 0x0000025a8c131710 code [0x0000025a8c1318a0, 0x0000025a8c1319b8]
Event: 800.236 Thread 0x0000025a9f466410 16399       3       java.lang.Integer::parseInt (264 bytes)
Event: 800.241 Thread 0x0000025a9f466410 nmethod 16399 0x0000025a8c131a90 code [0x0000025a8c131f00, 0x0000025a8c133b98]
Event: 800.276 Thread 0x0000025a9f466410 16400       3       java.lang.String$CaseInsensitiveComparator::compare (13 bytes)
Event: 800.276 Thread 0x0000025a9f466410 nmethod 16400 0x0000025a8c134810 code [0x0000025a8c1349c0, 0x0000025a8c134cc0]

GC Heap History (20 events):
Event: 545.864 GC heap before
{Heap before GC invocations=60 (full 0):
 garbage-first heap   total 321536K, used 191673K [0x0000000080000000, 0x0000000100000000)
  region size 1024K, 37 young (37888K), 4 survivors (4096K)
 Metaspace       used 134584K, committed 136896K, reserved 1179648K
  class space    used 18559K, committed 19712K, reserved 1048576K
}
Event: 545.886 GC heap after
{Heap after GC invocations=61 (full 0):
 garbage-first heap   total 321536K, used 157604K [0x0000000080000000, 0x0000000100000000)
  region size 1024K, 4 young (4096K), 4 survivors (4096K)
 Metaspace       used 134584K, committed 136896K, reserved 1179648K
  class space    used 18559K, committed 19712K, reserved 1048576K
}
Event: 573.541 GC heap before
{Heap before GC invocations=61 (full 0):
 garbage-first heap   total 321536K, used 205732K [0x0000000080000000, 0x0000000100000000)
  region size 1024K, 52 young (53248K), 4 survivors (4096K)
 Metaspace       used 138713K, committed 141120K, reserved 1179648K
  class space    used 19158K, committed 20352K, reserved 1048576K
}
Event: 574.475 GC heap after
{Heap after GC invocations=62 (full 0):
 garbage-first heap   total 321536K, used 159286K [0x0000000080000000, 0x0000000100000000)
  region size 1024K, 6 young (6144K), 6 survivors (6144K)
 Metaspace       used 138713K, committed 141120K, reserved 1179648K
  class space    used 19158K, committed 20352K, reserved 1048576K
}
Event: 580.341 GC heap before
{Heap before GC invocations=62 (full 0):
 garbage-first heap   total 321536K, used 167478K [0x0000000080000000, 0x0000000100000000)
  region size 1024K, 15 young (15360K), 6 survivors (6144K)
 Metaspace       used 139732K, committed 142016K, reserved 1179648K
  class space    used 19274K, committed 20416K, reserved 1048576K
}
Event: 580.398 GC heap after
{Heap after GC invocations=63 (full 0):
 garbage-first heap   total 321536K, used 159875K [0x0000000080000000, 0x0000000100000000)
  region size 1024K, 1 young (1024K), 1 survivors (1024K)
 Metaspace       used 139732K, committed 142016K, reserved 1179648K
  class space    used 19274K, committed 20416K, reserved 1048576K
}
Event: 586.891 GC heap before
{Heap before GC invocations=64 (full 0):
 garbage-first heap   total 321536K, used 184451K [0x0000000080000000, 0x0000000100000000)
  region size 1024K, 25 young (25600K), 1 survivors (1024K)
 Metaspace       used 141883K, committed 144256K, reserved 1179648K
  class space    used 19517K, committed 20672K, reserved 1048576K
}
Event: 586.898 GC heap after
{Heap after GC invocations=65 (full 0):
 garbage-first heap   total 321536K, used 161597K [0x0000000080000000, 0x0000000100000000)
  region size 1024K, 3 young (3072K), 3 survivors (3072K)
 Metaspace       used 141883K, committed 144256K, reserved 1179648K
  class space    used 19517K, committed 20672K, reserved 1048576K
}
Event: 589.810 GC heap before
{Heap before GC invocations=65 (full 0):
 garbage-first heap   total 321536K, used 173885K [0x0000000080000000, 0x0000000100000000)
  region size 1024K, 15 young (15360K), 3 survivors (3072K)
 Metaspace       used 142011K, committed 144384K, reserved 1179648K
  class space    used 19518K, committed 20672K, reserved 1048576K
}
Event: 589.826 GC heap after
{Heap after GC invocations=66 (full 0):
 garbage-first heap   total 321536K, used 163750K [0x0000000080000000, 0x0000000100000000)
  region size 1024K, 2 young (2048K), 2 survivors (2048K)
 Metaspace       used 142011K, committed 144384K, reserved 1179648K
  class space    used 19518K, committed 20672K, reserved 1048576K
}
Event: 592.351 GC heap before
{Heap before GC invocations=66 (full 0):
 garbage-first heap   total 321536K, used 200614K [0x0000000080000000, 0x0000000100000000)
  region size 1024K, 38 young (38912K), 2 survivors (2048K)
 Metaspace       used 142422K, committed 144704K, reserved 1179648K
  class space    used 19545K, committed 20672K, reserved 1048576K
}
Event: 592.366 GC heap after
{Heap after GC invocations=67 (full 0):
 garbage-first heap   total 321536K, used 169297K [0x0000000080000000, 0x0000000100000000)
  region size 1024K, 5 young (5120K), 5 survivors (5120K)
 Metaspace       used 142422K, committed 144704K, reserved 1179648K
  class space    used 19545K, committed 20672K, reserved 1048576K
}
Event: 608.946 GC heap before
{Heap before GC invocations=67 (full 0):
 garbage-first heap   total 321536K, used 179537K [0x0000000080000000, 0x0000000100000000)
  region size 1024K, 15 young (15360K), 5 survivors (5120K)
 Metaspace       used 142430K, committed 144704K, reserved 1179648K
  class space    used 19546K, committed 20672K, reserved 1048576K
}
Event: 608.973 GC heap after
{Heap after GC invocations=68 (full 0):
 garbage-first heap   total 321536K, used 171624K [0x0000000080000000, 0x0000000100000000)
  region size 1024K, 2 young (2048K), 2 survivors (2048K)
 Metaspace       used 142430K, committed 144704K, reserved 1179648K
  class space    used 19546K, committed 20672K, reserved 1048576K
}
Event: 761.699 GC heap before
{Heap before GC invocations=68 (full 0):
 garbage-first heap   total 321536K, used 295528K [0x0000000080000000, 0x0000000100000000)
  region size 1024K, 124 young (126976K), 2 survivors (2048K)
 Metaspace       used 142529K, committed 144896K, reserved 1179648K
  class space    used 19551K, committed 20736K, reserved 1048576K
}
Event: 762.073 GC heap after
{Heap after GC invocations=69 (full 0):
 garbage-first heap   total 321536K, used 173217K [0x0000000080000000, 0x0000000100000000)
  region size 1024K, 4 young (4096K), 4 survivors (4096K)
 Metaspace       used 142529K, committed 144896K, reserved 1179648K
  class space    used 19551K, committed 20736K, reserved 1048576K
}
Event: 763.488 GC heap before
{Heap before GC invocations=69 (full 0):
 garbage-first heap   total 321536K, used 184481K [0x0000000080000000, 0x0000000100000000)
  region size 1024K, 15 young (15360K), 4 survivors (4096K)
 Metaspace       used 142532K, committed 144896K, reserved 1179648K
  class space    used 19551K, committed 20736K, reserved 1048576K
}
Event: 763.576 GC heap after
{Heap after GC invocations=70 (full 0):
 garbage-first heap   total 321536K, used 175581K [0x0000000080000000, 0x0000000100000000)
  region size 1024K, 2 young (2048K), 2 survivors (2048K)
 Metaspace       used 142532K, committed 144896K, reserved 1179648K
  class space    used 19551K, committed 20736K, reserved 1048576K
}
Event: 795.486 GC heap before
{Heap before GC invocations=70 (full 0):
 garbage-first heap   total 321536K, used 199133K [0x0000000080000000, 0x0000000100000000)
  region size 1024K, 26 young (26624K), 2 survivors (2048K)
 Metaspace       used 142665K, committed 145024K, reserved 1179648K
  class space    used 19568K, committed 20736K, reserved 1048576K
}
Event: 795.519 GC heap after
{Heap after GC invocations=71 (full 0):
 garbage-first heap   total 321536K, used 175373K [0x0000000080000000, 0x0000000100000000)
  region size 1024K, 2 young (2048K), 2 survivors (2048K)
 Metaspace       used 142665K, committed 145024K, reserved 1179648K
  class space    used 19568K, committed 20736K, reserved 1048576K
}

Dll operation events (3 events):
Event: 0.037 Loaded shared library C:\Program Files\Android\Android Studio\jbr\bin\java.dll
Event: 0.057 Loaded shared library C:\Program Files\Android\Android Studio\jbr\bin\zip.dll
Event: 2.535 Loaded shared library C:\Program Files\Android\Android Studio\jbr\bin\verify.dll

Deoptimization events (20 events):
Event: 800.263 Thread 0x0000025aa5871ec0 Uncommon trap: trap_request=0xffffff45 fr.pc=0x0000025a9250ffec relative=0x00000000000000cc
Event: 800.264 Thread 0x0000025aa5871ec0 Uncommon trap: reason=unstable_if action=reinterpret pc=0x0000025a9250ffec method=java.lang.ref.SoftReference.get()Ljava/lang/Object; @ 6 c2
Event: 800.264 Thread 0x0000025aa5871ec0 DEOPT PACKING pc=0x0000025a9250ffec sp=0x00000061c10f41d0
Event: 800.264 Thread 0x0000025aa5871ec0 DEOPT UNPACKING pc=0x0000025a91e143a2 sp=0x00000061c10f4188 mode 2
Event: 800.265 Thread 0x0000025aa5871ec0 Uncommon trap: trap_request=0xffffffde fr.pc=0x0000025a928d9968 relative=0x00000000000003e8
Event: 800.265 Thread 0x0000025aa5871ec0 Uncommon trap: reason=class_check action=maybe_recompile pc=0x0000025a928d9968 method=java.util.regex.Pattern$NotBehind.match(Ljava/util/regex/Matcher;ILjava/lang/CharSequence;)Z @ 125 c2
Event: 800.265 Thread 0x0000025aa5871ec0 DEOPT PACKING pc=0x0000025a928d9968 sp=0x00000061c10f3d60
Event: 800.266 Thread 0x0000025aa5871ec0 DEOPT UNPACKING pc=0x0000025a91e143a2 sp=0x00000061c10f3cd8 mode 2
Event: 800.266 Thread 0x0000025aa5871ec0 Uncommon trap: trap_request=0xffffffde fr.pc=0x0000025a928d9968 relative=0x00000000000003e8
Event: 800.266 Thread 0x0000025aa5871ec0 Uncommon trap: reason=class_check action=maybe_recompile pc=0x0000025a928d9968 method=java.util.regex.Pattern$NotBehind.match(Ljava/util/regex/Matcher;ILjava/lang/CharSequence;)Z @ 125 c2
Event: 800.266 Thread 0x0000025aa5871ec0 DEOPT PACKING pc=0x0000025a928d9968 sp=0x00000061c10f3d60
Event: 800.266 Thread 0x0000025aa5871ec0 DEOPT UNPACKING pc=0x0000025a91e143a2 sp=0x00000061c10f3cd8 mode 2
Event: 800.266 Thread 0x0000025aa5871ec0 Uncommon trap: trap_request=0xffffffde fr.pc=0x0000025a928d9968 relative=0x00000000000003e8
Event: 800.266 Thread 0x0000025aa5871ec0 Uncommon trap: reason=class_check action=maybe_recompile pc=0x0000025a928d9968 method=java.util.regex.Pattern$NotBehind.match(Ljava/util/regex/Matcher;ILjava/lang/CharSequence;)Z @ 125 c2
Event: 800.266 Thread 0x0000025aa5871ec0 DEOPT PACKING pc=0x0000025a928d9968 sp=0x00000061c10f3d60
Event: 800.266 Thread 0x0000025aa5871ec0 DEOPT UNPACKING pc=0x0000025a91e143a2 sp=0x00000061c10f3cd8 mode 2
Event: 800.266 Thread 0x0000025aa5871ec0 Uncommon trap: trap_request=0xffffffde fr.pc=0x0000025a928d9968 relative=0x00000000000003e8
Event: 800.266 Thread 0x0000025aa5871ec0 Uncommon trap: reason=class_check action=maybe_recompile pc=0x0000025a928d9968 method=java.util.regex.Pattern$NotBehind.match(Ljava/util/regex/Matcher;ILjava/lang/CharSequence;)Z @ 125 c2
Event: 800.266 Thread 0x0000025aa5871ec0 DEOPT PACKING pc=0x0000025a928d9968 sp=0x00000061c10f3d60
Event: 800.266 Thread 0x0000025aa5871ec0 DEOPT UNPACKING pc=0x0000025a91e143a2 sp=0x00000061c10f3cd8 mode 2

Classes loaded (20 events):
Event: 800.359 Loading class sun/security/ssl/SSLCipher$NullReadCipherGenerator done
Event: 800.359 Loading class sun/security/ssl/SSLCipher$NullWriteCipherGenerator
Event: 800.360 Loading class sun/security/ssl/SSLCipher$WriteCipherGenerator
Event: 800.360 Loading class sun/security/ssl/SSLCipher$WriteCipherGenerator done
Event: 800.360 Loading class sun/security/ssl/SSLCipher$NullWriteCipherGenerator done
Event: 800.361 Loading class sun/security/ssl/SSLCipher$StreamReadCipherGenerator
Event: 800.361 Loading class sun/security/ssl/SSLCipher$StreamReadCipherGenerator done
Event: 800.362 Loading class sun/security/ssl/SSLCipher$StreamWriteCipherGenerator
Event: 800.362 Loading class sun/security/ssl/SSLCipher$StreamWriteCipherGenerator done
Event: 800.366 Loading class com/sun/crypto/provider/ARCFOURCipher
Event: 800.370 Loading class javax/crypto/CipherSpi
Event: 800.372 Loading class javax/crypto/CipherSpi done
Event: 800.372 Loading class com/sun/crypto/provider/ARCFOURCipher done
Event: 800.377 Loading class sun/security/ssl/SSLCipher$T10BlockReadCipherGenerator
Event: 800.377 Loading class sun/security/ssl/SSLCipher$T10BlockReadCipherGenerator done
Event: 800.377 Loading class sun/security/ssl/SSLCipher$T10BlockWriteCipherGenerator
Event: 800.378 Loading class sun/security/ssl/SSLCipher$T10BlockWriteCipherGenerator done
Event: 800.380 Loading class com/sun/crypto/provider/DESCipher
Event: 800.382 Loading class com/sun/crypto/provider/DESCipher done
Event: 800.383 Loading class com/sun/crypto/provider/CipherCore

Classes unloaded (0 events):
No events

Classes redefined (0 events):
No events

Internal exceptions (20 events):
Event: 791.084 Thread 0x0000025aa5871ec0 Exception <a 'sun/nio/fs/WindowsException'{0x0000000091e806a0}> (0x0000000091e806a0) 
thrown [s\src\hotspot\share\prims\jni.cpp, line 537]
Event: 791.328 Thread 0x0000025aa5871ec0 Exception <a 'sun/nio/fs/WindowsException'{0x0000000091e8a800}> (0x0000000091e8a800) 
thrown [s\src\hotspot\share\prims\jni.cpp, line 537]
Event: 791.766 Thread 0x0000025aa5871ec0 Exception <a 'sun/nio/fs/WindowsException'{0x0000000091ebd7b8}> (0x0000000091ebd7b8) 
thrown [s\src\hotspot\share\prims\jni.cpp, line 537]
Event: 791.880 Thread 0x0000025aa5871ec0 Exception <a 'sun/nio/fs/WindowsException'{0x0000000091ee1000}> (0x0000000091ee1000) 
thrown [s\src\hotspot\share\prims\jni.cpp, line 537]
Event: 791.896 Thread 0x0000025aa5871ec0 Exception <a 'sun/nio/fs/WindowsException'{0x0000000091eeb458}> (0x0000000091eeb458) 
thrown [s\src\hotspot\share\prims\jni.cpp, line 537]
Event: 791.908 Thread 0x0000025aa5871ec0 Exception <a 'sun/nio/fs/WindowsException'{0x0000000091ef9ee0}> (0x0000000091ef9ee0) 
thrown [s\src\hotspot\share\prims\jni.cpp, line 537]
Event: 791.920 Thread 0x0000025aa5871ec0 Exception <a 'sun/nio/fs/WindowsException'{0x0000000091d07058}> (0x0000000091d07058) 
thrown [s\src\hotspot\share\prims\jni.cpp, line 537]
Event: 791.993 Thread 0x0000025aa5871ec0 Exception <a 'sun/nio/fs/WindowsException'{0x0000000091d135f8}> (0x0000000091d135f8) 
thrown [s\src\hotspot\share\prims\jni.cpp, line 537]
Event: 792.343 Thread 0x0000025aa5871ec0 Exception <a 'sun/nio/fs/WindowsException'{0x0000000091d1edd8}> (0x0000000091d1edd8) 
thrown [s\src\hotspot\share\prims\jni.cpp, line 537]
Event: 792.627 Thread 0x0000025aa5871ec0 Exception <a 'sun/nio/fs/WindowsException'{0x0000000091d2f608}> (0x0000000091d2f608) 
thrown [s\src\hotspot\share\prims\jni.cpp, line 537]
Event: 793.231 Thread 0x0000025aa5871ec0 Exception <a 'sun/nio/fs/WindowsException'{0x0000000091d4c070}> (0x0000000091d4c070) 
thrown [s\src\hotspot\share\prims\jni.cpp, line 537]
Event: 793.304 Thread 0x0000025aa5871ec0 Exception <a 'sun/nio/fs/WindowsException'{0x0000000091d6fd38}> (0x0000000091d6fd38) 
thrown [s\src\hotspot\share\prims\jni.cpp, line 537]
Event: 793.332 Thread 0x0000025aa5871ec0 Exception <a 'sun/nio/fs/WindowsException'{0x0000000091d79dc0}> (0x0000000091d79dc0) 
thrown [s\src\hotspot\share\prims\jni.cpp, line 537]
Event: 793.540 Thread 0x0000025aa5871ec0 Exception <a 'sun/nio/fs/WindowsException'{0x0000000091dab098}> (0x0000000091dab098) 
thrown [s\src\hotspot\share\prims\jni.cpp, line 537]
Event: 794.388 Thread 0x0000025aa5871ec0 Exception <a 'sun/nio/fs/WindowsException'{0x0000000091dde420}> (0x0000000091dde420) 
thrown [s\src\hotspot\share\prims\jni.cpp, line 537]
Event: 795.647 Thread 0x0000025aa5871ec0 Exception <a 'sun/nio/fs/WindowsException'{0x00000000933c33d0}> (0x00000000933c33d0) 
thrown [s\src\hotspot\share\prims\jni.cpp, line 537]
Event: 796.925 Thread 0x0000025aa48880b0 Exception <a 'sun/nio/fs/WindowsException'{0x00000000933e4ad8}> (0x00000000933e4ad8) 
thrown [s\src\hotspot\share\prims\jni.cpp, line 537]
Event: 796.926 Thread 0x0000025aa48880b0 Exception <a 'sun/nio/fs/WindowsException'{0x00000000933ee840}> (0x00000000933ee840) 
thrown [s\src\hotspot\share\prims\jni.cpp, line 537]
Event: 796.933 Thread 0x0000025aa48880b0 Exception <a 'sun/nio/fs/WindowsException'{0x00000000933f0290}> (0x00000000933f0290) 
thrown [s\src\hotspot\share\prims\jni.cpp, line 537]
Event: 796.935 Thread 0x0000025aa48880b0 Exception <a 'sun/nio/fs/WindowsException'{0x00000000933f5a20}> (0x00000000933f5a20) 
thrown [s\src\hotspot\share\prims\jni.cpp, line 537]

ZGC Phase Switch (0 events):
No events

VM Operations (20 events):
Event: 781.909 Executing non-safepoint VM operation: HandshakeAllThreads (HandshakeForDeflation) done
Event: 781.909 Executing non-safepoint VM operation: RendezvousGCThreads
Event: 781.909 Executing non-safepoint VM operation: RendezvousGCThreads done
Event: 784.948 Executing safepoint VM operation: Cleanup
Event: 784.972 Executing safepoint VM operation: Cleanup done
Event: 785.978 Executing safepoint VM operation: Cleanup
Event: 786.197 Executing safepoint VM operation: Cleanup done
Event: 794.286 Executing safepoint VM operation: Cleanup
Event: 794.286 Executing safepoint VM operation: Cleanup done
Event: 795.299 Executing safepoint VM operation: Cleanup
Event: 795.315 Executing safepoint VM operation: Cleanup done
Event: 795.455 Executing safepoint VM operation: G1CollectForAllocation (G1 Evacuation Pause)
Event: 795.519 Executing safepoint VM operation: G1CollectForAllocation (G1 Evacuation Pause) done
Event: 796.531 Executing safepoint VM operation: Cleanup
Event: 796.675 Executing safepoint VM operation: Cleanup done
Event: 797.688 Executing safepoint VM operation: Cleanup
Event: 797.689 Executing safepoint VM operation: Cleanup done
Event: 798.697 Executing safepoint VM operation: Cleanup
Event: 798.806 Executing safepoint VM operation: Cleanup done
Event: 800.826 Executing safepoint VM operation: Cleanup

Memory protections (0 events):
No events

Nmethod flushes (20 events):
Event: 585.115 Thread 0x0000025a9f279130 flushing  nmethod 0x0000025a8b588510
Event: 585.115 Thread 0x0000025a9f279130 flushing  nmethod 0x0000025a8b628d90
Event: 585.115 Thread 0x0000025a9f279130 flushing  nmethod 0x0000025a8b634c10
Event: 585.115 Thread 0x0000025a9f279130 flushing  nmethod 0x0000025a8bbbae90
Event: 585.127 Thread 0x0000025a9f279130 flushing  nmethod 0x0000025a925cef10
Event: 585.127 Thread 0x0000025a9f279130 flushing  nmethod 0x0000025a92881b90
Event: 585.131 Thread 0x0000025a9f279130 flushing  nmethod 0x0000025a8aa1e710
Event: 585.146 Thread 0x0000025a9f279130 flushing  nmethod 0x0000025a8abe9290
Event: 585.155 Thread 0x0000025a9f279130 flushing  nmethod 0x0000025a8acf4110
Event: 585.155 Thread 0x0000025a9f279130 flushing  nmethod 0x0000025a8ae2a610
Event: 585.155 Thread 0x0000025a9f279130 flushing  nmethod 0x0000025a8b099610
Event: 585.168 Thread 0x0000025a9f279130 flushing  nmethod 0x0000025a8b3d6b10
Event: 585.168 Thread 0x0000025a9f279130 flushing  nmethod 0x0000025a8b79af90
Event: 585.168 Thread 0x0000025a9f279130 flushing  nmethod 0x0000025a8b79b610
Event: 585.168 Thread 0x0000025a9f279130 flushing  nmethod 0x0000025a8b8c7e90
Event: 585.168 Thread 0x0000025a9f279130 flushing  nmethod 0x0000025a8b8da690
Event: 585.185 Thread 0x0000025a9f279130 flushing  nmethod 0x0000025a8ba5ea10
Event: 585.185 Thread 0x0000025a9f279130 flushing  nmethod 0x0000025a8bb98510
Event: 585.185 Thread 0x0000025a9f279130 flushing  nmethod 0x0000025a8bba4690
Event: 585.185 Thread 0x0000025a9f279130 flushing  nmethod 0x0000025a8bd7e290

Events (20 events):
Event: 765.402 Thread 0x0000025aa5871ec0 Thread added: 0x0000025aafa32290
Event: 765.404 Thread 0x0000025aa5871ec0 Thread added: 0x0000025aafa31c00
Event: 765.404 Thread 0x0000025aa5871ec0 Thread added: 0x0000025aafa32920
Event: 765.407 Thread 0x0000025aa5871ec0 Thread added: 0x0000025aa9f14820
Event: 765.408 Thread 0x0000025aa5871ec0 Thread added: 0x0000025aa9f14190
Event: 765.409 Thread 0x0000025aa5871ec0 Thread added: 0x0000025aa9f15540
Event: 765.409 Thread 0x0000025aa5871ec0 Thread added: 0x0000025aa9f14eb0
Event: 765.410 Thread 0x0000025aa5871ec0 Thread added: 0x0000025aaa69f410
Event: 765.411 Thread 0x0000025aa5871ec0 Thread added: 0x0000025aaf833650
Event: 765.411 Thread 0x0000025aa5871ec0 Thread added: 0x0000025aa7ab7020
Event: 795.537 Thread 0x0000025aa5871ec0 Thread added: 0x0000025aaa6a2e60
Event: 795.538 Thread 0x0000025aa5871ec0 Thread added: 0x0000025aaa6a34f0
Event: 795.538 Thread 0x0000025aa5871ec0 Thread added: 0x0000025aaa6a0d90
Event: 795.539 Thread 0x0000025aa5871ec0 Thread added: 0x0000025aaa6a0070
Event: 795.539 Thread 0x0000025aa5871ec0 Thread added: 0x0000025aaa6a2140
Event: 795.540 Thread 0x0000025aa5871ec0 Thread added: 0x0000025aaa6a0700
Event: 795.541 Thread 0x0000025aa5871ec0 Thread added: 0x0000025aaa6a1420
Event: 795.542 Thread 0x0000025aa5871ec0 Thread added: 0x0000025aaa6a1ab0
Event: 795.542 Thread 0x0000025aa5871ec0 Thread added: 0x0000025aaa6a27d0
Event: 795.543 Thread 0x0000025aa5871ec0 Thread added: 0x0000025aaf076460


Dynamic libraries:
0x00007ff6db730000 - 0x00007ff6db73a000 	C:\Program Files\Android\Android Studio\jbr\bin\java.exe
0x00007ff95a620000 - 0x00007ff95a887000 	C:\WINDOWS\SYSTEM32\ntdll.dll
0x00007ff9598f0000 - 0x00007ff9599b9000 	C:\WINDOWS\System32\KERNEL32.DLL
0x00007ff957940000 - 0x00007ff957d34000 	C:\WINDOWS\System32\KERNELBASE.dll
0x00007ff957d40000 - 0x00007ff957e8b000 	C:\WINDOWS\System32\ucrtbase.dll
0x00007ff938dc0000 - 0x00007ff938ddb000 	C:\Program Files\Android\Android Studio\jbr\bin\VCRUNTIME140.dll
0x00007ff92f200000 - 0x00007ff92f218000 	C:\Program Files\Android\Android Studio\jbr\bin\jli.dll
0x00007ff9599c0000 - 0x00007ff959b85000 	C:\WINDOWS\System32\USER32.dll
0x00007ff958380000 - 0x00007ff9583a7000 	C:\WINDOWS\System32\win32u.dll
0x00007ff9457a0000 - 0x00007ff945a33000 	C:\WINDOWS\WinSxS\amd64_microsoft.windows.common-controls_6595b64144ccf1df_6.0.26100.8115_none_3e075c82e3354f9c\COMCTL32.dll
0x00007ff95a5b0000 - 0x00007ff95a5db000 	C:\WINDOWS\System32\GDI32.dll
0x00007ff957760000 - 0x00007ff95788a000 	C:\WINDOWS\System32\gdi32full.dll
0x00007ff958be0000 - 0x00007ff958c89000 	C:\WINDOWS\System32\msvcrt.dll
0x00007ff957890000 - 0x00007ff957933000 	C:\WINDOWS\System32\msvcp_win.dll
0x00007ff95a2d0000 - 0x00007ff95a302000 	C:\WINDOWS\System32\IMM32.DLL
0x00007ff938db0000 - 0x00007ff938dbc000 	C:\Program Files\Android\Android Studio\jbr\bin\vcruntime140_1.dll
0x00007ff91e2e0000 - 0x00007ff91e36d000 	C:\Program Files\Android\Android Studio\jbr\bin\msvcp140.dll
0x00007ff8dfda0000 - 0x00007ff8e0a36000 	C:\Program Files\Android\Android Studio\jbr\bin\server\jvm.dll
0x00007ff9595d0000 - 0x00007ff959686000 	C:\WINDOWS\System32\ADVAPI32.dll
0x00007ff959e00000 - 0x00007ff959ea7000 	C:\WINDOWS\System32\sechost.dll
0x00007ff9594b0000 - 0x00007ff9595c8000 	C:\WINDOWS\System32\RPCRT4.dll
0x00007ff959720000 - 0x00007ff9597a0000 	C:\WINDOWS\System32\WS2_32.dll
0x00007ff950830000 - 0x00007ff950866000 	C:\WINDOWS\SYSTEM32\WINMM.dll
0x00007ff956ca0000 - 0x00007ff956cfe000 	C:\WINDOWS\SYSTEM32\POWRPROF.dll
0x00007ff950870000 - 0x00007ff95087b000 	C:\WINDOWS\SYSTEM32\VERSION.dll
0x00007ff956c80000 - 0x00007ff956c94000 	C:\WINDOWS\SYSTEM32\UMPDC.dll
0x00007ff955c80000 - 0x00007ff955c9b000 	C:\WINDOWS\SYSTEM32\kernel.appcore.dll
0x00007ff938da0000 - 0x00007ff938daa000 	C:\Program Files\Android\Android Studio\jbr\bin\jimage.dll
0x00007ff954e30000 - 0x00007ff955072000 	C:\WINDOWS\SYSTEM32\DBGHELP.DLL
0x00007ff959eb0000 - 0x00007ff95a232000 	C:\WINDOWS\System32\combase.dll
0x00007ff958670000 - 0x00007ff958747000 	C:\WINDOWS\System32\OLEAUT32.dll
0x00007ff945500000 - 0x00007ff94553b000 	C:\WINDOWS\SYSTEM32\dbgcore.DLL
0x00007ff958000000 - 0x00007ff9580a5000 	C:\WINDOWS\System32\bcryptPrimitives.dll
0x00007ff952040000 - 0x00007ff95204e000 	C:\Program Files\Android\Android Studio\jbr\bin\instrument.dll
0x00007ff938d80000 - 0x00007ff938da0000 	C:\Program Files\Android\Android Studio\jbr\bin\java.dll
0x00007ff8f4bd0000 - 0x00007ff8f4be8000 	C:\Program Files\Android\Android Studio\jbr\bin\zip.dll
0x00007ff958c90000 - 0x00007ff9593f6000 	C:\WINDOWS\System32\SHELL32.dll
0x00007ff957e90000 - 0x00007ff957ffa000 	C:\WINDOWS\System32\wintypes.dll
0x00007ff956ef0000 - 0x00007ff957755000 	C:\WINDOWS\System32\windows.storage.dll
0x00007ff959d00000 - 0x00007ff959df7000 	C:\WINDOWS\System32\SHCORE.dll
0x00007ff95a240000 - 0x00007ff95a2a6000 	C:\WINDOWS\System32\shlwapi.dll
0x00007ff956e10000 - 0x00007ff956e39000 	C:\WINDOWS\SYSTEM32\profapi.dll
0x00007ff938d70000 - 0x00007ff938d80000 	C:\Program Files\Android\Android Studio\jbr\bin\net.dll
0x00007ff94dd50000 - 0x00007ff94de7d000 	C:\WINDOWS\SYSTEM32\WINHTTP.dll
0x00007ff9561f0000 - 0x00007ff95625c000 	C:\WINDOWS\system32\mswsock.dll
0x00007ff8ee650000 - 0x00007ff8ee666000 	C:\Program Files\Android\Android Studio\jbr\bin\nio.dll
0x00007ff92d300000 - 0x00007ff92d310000 	C:\Program Files\Android\Android Studio\jbr\bin\verify.dll
0x00007ff8df6a0000 - 0x00007ff8df6c7000 	C:\Users\Apoorv Rathore\AndroidStudioProjects\.gradle\native\1def1411415f61bf3af743bc5b6707747c0891f09f0c88961ee8f79bc544acac\windows-amd64\native-platform.dll
0x00007ff91e260000 - 0x00007ff91e2d8000 	C:\Users\Apoorv Rathore\AndroidStudioProjects\.gradle\native\0.2.7\x86_64-windows-gnu\gradle-fileevents.dll
0x00007ff954220000 - 0x00007ff954229000 	C:\Program Files\Android\Android Studio\jbr\bin\management.dll
0x00007ff9541c0000 - 0x00007ff9541cb000 	C:\Program Files\Android\Android Studio\jbr\bin\management_ext.dll
0x00007ff95a570000 - 0x00007ff95a578000 	C:\WINDOWS\System32\PSAPI.DLL
0x00007ff955560000 - 0x00007ff955592000 	C:\WINDOWS\SYSTEM32\IPHLPAPI.DLL
0x00007ff959cf0000 - 0x00007ff959cfa000 	C:\WINDOWS\System32\NSI.dll
0x00007ff954230000 - 0x00007ff954239000 	C:\Program Files\Android\Android Studio\jbr\bin\extnet.dll
0x00007ff9564d0000 - 0x00007ff9564eb000 	C:\WINDOWS\SYSTEM32\CRYPTSP.dll
0x00007ff955be0000 - 0x00007ff955c19000 	C:\WINDOWS\system32\rsaenh.dll
0x00007ff9562a0000 - 0x00007ff9562d3000 	C:\WINDOWS\SYSTEM32\USERENV.dll
0x00007ff956de0000 - 0x00007ff956e0a000 	C:\WINDOWS\SYSTEM32\bcrypt.dll
0x00007ff9564f0000 - 0x00007ff9564fc000 	C:\WINDOWS\SYSTEM32\CRYPTBASE.dll
0x00007ff92d2d0000 - 0x00007ff92d2d8000 	C:\WINDOWS\system32\wshunix.dll
0x00007ff93d510000 - 0x00007ff93d528000 	C:\WINDOWS\system32\napinsp.dll
0x00007ff9556d0000 - 0x00007ff955802000 	C:\WINDOWS\SYSTEM32\DNSAPI.dll
0x00007ff93d170000 - 0x00007ff93d183000 	C:\WINDOWS\System32\winrnr.dll
0x00007ff93d140000 - 0x00007ff93d162000 	C:\WINDOWS\system32\nlansp_c.dll
0x00007ff93cee0000 - 0x00007ff93cef6000 	C:\WINDOWS\system32\wshbth.dll
0x00007ff94a040000 - 0x00007ff94a04b000 	C:\Windows\System32\rasadhlp.dll
0x00007ff94caf0000 - 0x00007ff94cb76000 	C:\WINDOWS\System32\fwpuclnt.dll

JVMTI agents:
C:\Users\Apoorv Rathore\AndroidStudioProjects\.gradle\wrapper\dists\gradle-8.13-bin\5xuhj0ry160q40clulazy9h7d\gradle-8.13\lib\agents\gradle-instrumentation-agent-8.13.jar path:C:\Program Files\Android\Android Studio\jbr\bin\instrument.dll, loaded, initialized, instrumentlib options:none

dbghelp: loaded successfully - version: 4.0.5 - missing functions: none
symbol engine: initialized successfully - sym options: 0x614 - pdb path: .;C:\Program Files\Android\Android Studio\jbr\bin;C:\WINDOWS\SYSTEM32;C:\WINDOWS\WinSxS\amd64_microsoft.windows.common-controls_6595b64144ccf1df_6.0.26100.8115_none_3e075c82e3354f9c;C:\Program Files\Android\Android Studio\jbr\bin\server;C:\Users\Apoorv Rathore\AndroidStudioProjects\.gradle\native\1def1411415f61bf3af743bc5b6707747c0891f09f0c88961ee8f79bc544acac\windows-amd64;C:\Users\Apoorv Rathore\AndroidStudioProjects\.gradle\native\0.2.7\x86_64-windows-gnu

VM Arguments:
jvm_args: --add-opens=java.base/java.lang=ALL-UNNAMED --add-opens=java.base/java.lang.invoke=ALL-UNNAMED --add-opens=java.base/java.util=ALL-UNNAMED --add-opens=java.prefs/java.util.prefs=ALL-UNNAMED --add-exports=jdk.compiler/com.sun.tools.javac.api=ALL-UNNAMED --add-exports=jdk.compiler/com.sun.tools.javac.util=ALL-UNNAMED --add-opens=java.base/java.util=ALL-UNNAMED --add-opens=java.prefs/java.util.prefs=ALL-UNNAMED --add-opens=java.base/java.nio.charset=ALL-UNNAMED --add-opens=java.base/java.net=ALL-UNNAMED --add-opens=java.base/java.util.concurrent.atomic=ALL-UNNAMED --add-opens=java.xml/javax.xml.namespace=ALL-UNNAMED -Xmx2048m -Dfile.encoding=UTF-8 -Duser.country=IN -Duser.language=en -Duser.variant -javaagent:C:\Users\Apoorv Rathore\AndroidStudioProjects\.gradle\wrapper\dists\gradle-8.13-bin\5xuhj0ry160q40clulazy9h7d\gradle-8.13\lib\agents\gradle-instrumentation-agent-8.13.jar 
java_command: org.gradle.launcher.daemon.bootstrap.GradleDaemon 8.13
java_class_path (initial): C:\Users\Apoorv Rathore\AndroidStudioProjects\.gradle\wrapper\dists\gradle-8.13-bin\5xuhj0ry160q40clulazy9h7d\gradle-8.13\lib\gradle-daemon-main-8.13.jar
Launcher Type: SUN_STANDARD

[Global flags]
     intx CICompilerCount                          = 4                                         {product} {ergonomic}
     uint ConcGCThreads                            = 3                                         {product} {ergonomic}
     uint G1ConcRefinementThreads                  = 10                                        {product} {ergonomic}
   size_t G1HeapRegionSize                         = 1048576                                   {product} {ergonomic}
    uintx GCDrainStackTargetSize                   = 64                                        {product} {ergonomic}
   size_t InitialHeapSize                          = 125829120                                 {product} {ergonomic}
   size_t MarkStackSize                            = 4194304                                   {product} {ergonomic}
   size_t MaxHeapSize                              = 2147483648                                {product} {command line}
   size_t MaxNewSize                               = 1287651328                                {product} {ergonomic}
   size_t MinHeapDeltaBytes                        = 1048576                                   {product} {ergonomic}
   size_t MinHeapSize                              = 8388608                                   {product} {ergonomic}
    uintx NonNMethodCodeHeapSize                   = 5839372                                {pd product} {ergonomic}
    uintx NonProfiledCodeHeapSize                  = 122909434                              {pd product} {ergonomic}
    uintx ProfiledCodeHeapSize                     = 122909434                              {pd product} {ergonomic}
    uintx ReservedCodeCacheSize                    = 251658240                              {pd product} {ergonomic}
     bool SegmentedCodeCache                       = true                                      {product} {ergonomic}
   size_t SoftMaxHeapSize                          = 2147483648                             {manageable} {ergonomic}
     bool UseCompressedOops                        = true                           {product lp64_product} {ergonomic}
     bool UseG1GC                                  = true                                      {product} {ergonomic}
     bool UseLargePagesIndividualAllocation        = false                                  {pd product} {ergonomic}

Logging:
Log output configuration:
 #0: stdout all=warning uptime,level,tags foldmultilines=false
 #1: stderr all=off uptime,level,tags foldmultilines=false

Release file:
JAVA_VERSION="21.0.10" 
MODULES="java.base java.compiler java.datatransfer java.xml java.prefs java.desktop java.instrument java.logging java.management java.security.sasl java.naming java.rmi java.management.rmi java.net.http java.scripting java.security.jgss java.transaction.xa java.sql java.sql.rowset java.xml.crypto java.se java.smartcardio jdk.accessibility jdk.internal.jvmstat jdk.attach jdk.charsets jdk.internal.opt jdk.zipfs jdk.compiler jdk.crypto.ec jdk.crypto.cryptoki jdk.dynalink jdk.hotspot.agent jdk.httpserver jdk.internal.ed jdk.internal.le jdk.internal.vm.ci jdk.jartool jdk.javadoc jdk.jcmd jdk.jdeps jdk.jdwp.agent jdk.jdi jdk.jfr jdk.jlink jdk.jsobject jdk.localedata jdk.management jdk.management.agent jdk.management.jfr jdk.naming.dns jdk.naming.rmi jdk.net jdk.sctp jdk.security.auth jdk.security.jgss jdk.unsupported jdk.unsupported.desktop jdk.xml.dom" 
IMPLEMENTOR="JetBrains s.r.o." 
JAVA_RUNTIME_VERSION="21.0.10+-14961533-b1163.108" 
LIBC="default" 
OS_ARCH="x86_64" 
OS_NAME="Windows" 
SOURCE=".:git:1351622c2ff2" 

Environment Variables:
PATH=C:\Python313\Scripts\;C:\Python313\;C:\Program Files\Common Files\Oracle\Java\javapath;C:\WINDOWS\system32;C:\WINDOWS;C:\WINDOWS\System32\Wbem;C:\WINDOWS\System32\WindowsPowerShell\v1.0\;C:\WINDOWS\System32\OpenSSH\;C:\Users\Apoorv Rathore\Desktop\MinGW Installer.lnk;C:\MinGW\bin;C:\Program Files\Java\jdk-18.0.2\bin;C:\ProgramData\chocolatey\bin;C:\xampp\php;C:\composer;C:\Program Files\Git\cmd;C:\Program Files\MongoDB\Server\8.0\bin;C:\Program Files\nodejs\;C:\Program Files\MySQL\MySQL Shell 8.0\bin\;C:\Users\Apoorv Rathore\Scripts\;C:\Users\Apoorv Rathore\;C:\Users\Apoorv Rathore\AppData\Local\Microsoft\WindowsApps;C:\Users\Apoorv Rathore\AppData\Local\Programs\Microsoft VS Code\bin;C:\Program Files\JetBrains\IntelliJ IDEA Community Edition 2022.1.4\bin;;C:\Users\Apoorv Rathore\Downloads\flutter_windows_3.7.8-stable\flutter\bin;C:\Users\Apoorv Rathore\Downloads\dartsdk-windows-x64-release\dart-sdk\bin;C:\tools\dart-sdk\bin;C:\Users\Apoorv Rathore\AppData\Roaming\Pub\Cache\bin;C:\Program Files\JetBrains\PyCharm Community Edition 2023.2.1\bin;;C:\Users\Apoorv Rathore\AppData\Roaming\Composer\vendor\bin;C:\Users\Apoorv Rathore\AppData\Local\Programs\mongosh\;C:\Users\Apoorv Rathore\AppData\Roaming\npm;C:\Program Files\JetBrains\PyCharm 2025.3.1\bin
USERNAME=Apoorv Rathore
OS=Windows_NT
PROCESSOR_IDENTIFIER=AMD64 Family 23 Model 104 Stepping 1, AuthenticAMD
TMP=C:\Users\APOORV~1\AppData\Local\Temp
TEMP=C:\Users\APOORV~1\AppData\Local\Temp




Periodic native trim disabled

JNI global refs:
JNI global refs: 27, weak refs: 0

JNI global refs memory usage: 835, weak refs: 201

Process memory usage:
Resident Set Size: 169160K (2% of 7745280K total physical memory with 1028780K free physical memory)

OOME stack traces (most recent first):
Classloader memory used:
Loader org.gradle.internal.classloader.VisitableURLClassLoader                         : 45165K
Loader org.gradle.internal.classloader.VisitableURLClassLoader$InstrumentingVisitableURLClassLoader: 43575K
Loader bootstrap                                                                       : 30869K
Loader org.gradle.initialization.MixInLegacyTypesClassLoader                           : 15784K
Loader org.gradle.internal.classloader.VisitableURLClassLoader                         : 6350K
Loader jdk.internal.reflect.DelegatingClassLoader                                      : 537K
Loader jdk.internal.loader.ClassLoaders$PlatformClassLoader                            : 525K
Loader jdk.internal.loader.ClassLoaders$AppClassLoader                                 : 235K
Loader org.gradle.groovy.scripts.internal.DefaultScriptCompilationHandler$ScriptClassLoader: 92448B
Loader org.codehaus.groovy.runtime.callsite.CallSiteClassLoader                        : 49912B

Classes loaded by more than one classloader:
Class Program                                                                         : loaded 5 times (x 72B)
Class com.google.common.collect.Iterators                                             : loaded 4 times (x 71B)
Class com.google.common.collect.ImmutableList                                         : loaded 4 times (x 206B)
Class com.google.common.collect.Lists$StringAsImmutableList                           : loaded 4 times (x 207B)
Class com.google.common.collect.AbstractIterator                                      : loaded 4 times (x 82B)
Class com.google.common.collect.AbstractIndexedListIterator                           : loaded 4 times (x 96B)
Class com.google.common.collect.UnmodifiableIterator                                  : loaded 4 times (x 80B)
Class com.google.common.collect.Iterators$MergingIterator                             : loaded 4 times (x 81B)
Class com.google.common.collect.PeekingIterator                                       : loaded 4 times (x 70B)
Class com.google.common.collect.UnmodifiableListIterator                              : loaded 4 times (x 95B)
Class com.google.common.base.Preconditions                                            : loaded 4 times (x 71B)
Class com.google.common.collect.Iterators$1                                           : loaded 4 times (x 81B)
Class com.google.common.collect.Iterators$4                                           : loaded 4 times (x 82B)
Class com.google.common.collect.Iterators$5                                           : loaded 4 times (x 82B)
Class com.google.common.collect.ImmutableCollection                                   : loaded 4 times (x 125B)
Class com.google.common.collect.Lists                                                 : loaded 4 times (x 71B)
Class com.google.common.collect.Iterators$9                                           : loaded 4 times (x 81B)
Class com.google.common.collect.Iterators$ArrayItr                                    : loaded 4 times (x 97B)
Class org.gradle.internal.Cast                                                        : loaded 3 times (x 71B)
Class com.google.common.collect.ImmutableSet                                          : loaded 3 times (x 145B)
Class com.google.common.collect.ImmutableRangeSet$Builder                             : loaded 3 times (x 77B)
Class Build_gradle$1                                                                  : loaded 3 times (x 74B)
Class com.google.common.collect.RegularImmutableList                                  : loaded 3 times (x 213B)
Class com.google.common.collect.ImmutableList$1                                       : loaded 3 times (x 97B)
Class com.google.common.base.Function                                                 : loaded 3 times (x 70B)
Class com.google.common.collect.RegularImmutableSortedSet                             : loaded 3 times (x 300B)
Class com.google.common.collect.RegularImmutableSet                                   : loaded 3 times (x 149B)
Class com.google.common.collect.ImmutableSortedSet                                    : loaded 3 times (x 300B)
Class org.gradle.api.Action                                                           : loaded 3 times (x 70B)
Class com.google.common.base.Predicate                                                : loaded 3 times (x 70B)
Class com.google.common.collect.ImmutableSet$CachingAsList                            : loaded 3 times (x 148B)
Class com.google.common.collect.AbstractRangeSet                                      : loaded 3 times (x 114B)
Class org.gradle.api.GradleException                                                  : loaded 3 times (x 82B)
Class org.gradle.internal.IoActions                                                   : loaded 3 times (x 71B)
Class com.google.common.collect.ImmutableRangeSet$ComplementRanges                    : loaded 3 times (x 207B)
Class com.google.common.collect.SortedIterable                                        : loaded 3 times (x 70B)
Class com.google.common.collect.SingletonImmutableSet                                 : loaded 3 times (x 146B)
Class com.google.common.collect.ImmutableSet$RegularSetBuilderImpl                    : loaded 3 times (x 77B)
Class com.google.common.collect.ImmutableList$ReverseImmutableList                    : loaded 3 times (x 209B)
Class com.google.common.base.Joiner$1                                                 : loaded 3 times (x 80B)
Class com.google.common.collect.SingletonImmutableList                                : loaded 3 times (x 207B)
Class com.google.common.collect.RangeGwtSerializationDependencies                     : loaded 3 times (x 71B)
Class com.google.common.collect.Multimap                                              : loaded 3 times (x 70B)
Class com.google.common.base.Joiner$2                                                 : loaded 3 times (x 79B)
Class com.google.common.collect.RangeSet                                              : loaded 3 times (x 70B)
Class Build_gradle                                                                    : loaded 3 times (x 130B)
Class com.google.common.collect.ImmutableSet$SetBuilderImpl                           : loaded 3 times (x 76B)
Class com.google.common.collect.Range                                                 : loaded 3 times (x 87B)
Class com.google.common.collect.RegularImmutableAsList                                : loaded 3 times (x 217B)
Class com.google.common.collect.ImmutableRangeSet$1                                   : loaded 3 times (x 210B)
Class com.google.common.collect.ImmutableList$Builder                                 : loaded 3 times (x 77B)
Class com.google.common.collect.Iterators$SingletonIterator                           : loaded 3 times (x 81B)
Class com.google.common.collect.ImmutableList$SubList                                 : loaded 3 times (x 209B)
Class com.google.common.base.Joiner                                                   : loaded 3 times (x 79B)
Class com.google.common.collect.ImmutableCollection$Builder                           : loaded 3 times (x 76B)
Class com.google.common.collect.ImmutableAsList                                       : loaded 3 times (x 209B)
Class com.google.common.collect.ImmutableRangeSet$AsSet                               : loaded 3 times (x 300B)
Class com.google.common.collect.ImmutableRangeSet                                     : loaded 3 times (x 115B)
Class com.google.common.collect.Ordering                                              : loaded 2 times (x 114B)
Class kotlin.sequences.SequencesKt___SequencesKt$flatMap$2                            : loaded 2 times (x 125B)
Class org.gradle.api.internal.classpath.EffectiveClassPath                            : loaded 2 times (x 90B)
Class com.android.builder.model.v2.models.AndroidDsl                                  : loaded 2 times (x 70B)
Class org.jetbrains.plugins.gradle.tooling.serialization.internal.IdeaProjectSerializationService: loaded 2 times (x 77B)
Class com.google.common.collect.ListMultimap                                          : loaded 2 times (x 70B)
Class com.google.common.collect.ImmutableEnumMap                                      : loaded 2 times (x 126B)
Class kotlin.text.StringsKt__AppendableKt                                             : loaded 2 times (x 71B)
Class org.gradle.tooling.internal.gradle.DefaultProjectIdentifier                     : loaded 2 times (x 86B)
Class com.google.common.collect.Sets$1                                                : loaded 2 times (x 139B)
Class org.objectweb.asm.AnnotationVisitor                                             : loaded 2 times (x 78B)
Class com.intellij.gradle.toolingExtension.impl.model.buildScriptClasspathModel.GradleBuildScriptClasspathSerializationService$ReadContext: loaded 2 times (x 72B)
Class com.google.common.collect.ComparatorOrdering                                    : loaded 2 times (x 115B)
Class org.gradle.api.internal.DefaultClassPathProvider                                : loaded 2 times (x 76B)
Class com.android.builder.model.v2.models.BasicAndroidProject                         : loaded 2 times (x 70B)
Class com.google.common.collect.Sets$2                                                : loaded 2 times (x 139B)
Class sync_studio_tooling83341_6oldohrf0hxbbga39dhkzll5i                              : loaded 2 times (x 179B)
Class kotlin.text.StringsKt__StringNumberConversionsJVMKt                             : loaded 2 times (x 71B)
Class com.google.common.collect.NaturalOrdering                                       : loaded 2 times (x 115B)
Class kotlin.text.MatchResult                                                         : loaded 2 times (x 70B)
Class kotlin.sequences.SequenceScope                                                  : loaded 2 times (x 73B)
Class kotlin.sequences.Sequence                                                       : loaded 2 times (x 70B)
Class org.gradle.tooling.ToolingModelContract                                         : loaded 2 times (x 70B)
Class [Lorg.gradle.api.internal.ClassPathProvider;                                    : loaded 2 times (x 69B)
Class org.gradle.api.internal.ClassPathProvider                                       : loaded 2 times (x 70B)
Class [Lorg.objectweb.asm.AnnotationVisitor;                                          : loaded 2 times (x 69B)
Class com.google.common.collect.Sets$3                                                : loaded 2 times (x 139B)
Class com.google.common.util.concurrent.AbstractFuture$SafeAtomicHelper               : loaded 2 times (x 79B)
Class com.google.common.cache.LocalCache$LocalLoadingCache                            : loaded 2 times (x 134B)
Class kotlin.collections.CollectionsKt___CollectionsKt$asSequence$$inlined$Sequence$1 : loaded 2 times (x 75B)
Class org.gradle.internal.service.UnknownServiceException                             : loaded 2 times (x 83B)
Class com.google.common.collect.Sets$4                                                : loaded 2 times (x 139B)
Class org.objectweb.asm.ModuleVisitor                                                 : loaded 2 times (x 81B)
Class com.google.common.cache.LocalCache$Strength$1                                   : loaded 2 times (x 81B)
Class org.jetbrains.kotlin.idea.gradleTooling.model.kapt.KaptGradleModel              : loaded 2 times (x 70B)
Class org.jetbrains.kotlin.idea.gradleTooling.KotlinDslScriptAdditionalTask           : loaded 2 times (x 70B)
Class org.jetbrains.plugins.gradle.model.ClasspathEntryModel                          : loaded 2 times (x 70B)
Class com.google.common.util.concurrent.SettableFuture                                : loaded 2 times (x 114B)
Class com.google.common.cache.LocalCache$Strength$2                                   : loaded 2 times (x 81B)
Class org.jetbrains.plugins.gradle.tooling.serialization.GradleExtensionsSerializationService: loaded 2 times (x 77B)
Class org.gradle.api.JavaVersion                                                      : loaded 2 times (x 79B)
Class org.gradle.tooling.model.Dependency                                             : loaded 2 times (x 70B)
Class com.android.builder.model.v2.ide.AbstractArtifact                               : loaded 2 times (x 70B)
Class com.google.common.cache.LocalCache$Strength$3                                   : loaded 2 times (x 81B)
Class com.google.common.collect.MapDifference                                         : loaded 2 times (x 70B)
Class com.intellij.openapi.externalSystem.model.project.dependencies.ResolutionState  : loaded 2 times (x 79B)
Class kotlin.text.StringsKt__RegexExtensionsJVMKt                                     : loaded 2 times (x 71B)
Class com.google.common.collect.AllEqualOrdering                                      : loaded 2 times (x 114B)
Class kotlin.collections.ArraysKt___ArraysJvmKt                                       : loaded 2 times (x 71B)
Class kotlin.collections.CollectionsKt__CollectionsKt                                 : loaded 2 times (x 71B)
Class org.objectweb.asm.FieldWriter                                                   : loaded 2 times (x 78B)
Class com.google.common.cache.CacheBuilder$NullListener                               : loaded 2 times (x 82B)
Class kotlin.text.Regex$Companion                                                     : loaded 2 times (x 71B)
Class org.gradle.internal.classpath.TransformedClassPath                              : loaded 2 times (x 96B)
Class org.gradle.internal.classloader.InstrumentingClassLoader                        : loaded 2 times (x 70B)
Class com.google.common.collect.ImmutableListMultimap                                 : loaded 2 times (x 176B)
Class [Lcom.android.ide.common.repository.AgpVersion$PreviewKind;                     : loaded 2 times (x 69B)
Class com.google.common.cache.CacheLoader$FunctionToCacheLoader                       : loaded 2 times (x 75B)
Class [Lcom.google.common.collect.ImmutableMapEntry;                                  : loaded 2 times (x 69B)
Class org.gradle.internal.classloader.ClassLoaderVisitor                              : loaded 2 times (x 76B)
Class kotlin.jvm.internal.FunctionReference                                           : loaded 2 times (x 122B)
Class [Lkotlin.coroutines.intrinsics.CoroutineSingletons;                             : loaded 2 times (x 69B)
Class kotlin.jvm.internal.FunctionBase                                                : loaded 2 times (x 70B)
Class kotlin.enums.EnumEntriesList                                                    : loaded 2 times (x 223B)
Class com.google.common.collect.EmptyImmutableListMultimap                            : loaded 2 times (x 176B)
Class com.google.common.collect.BaseImmutableMultimap                                 : loaded 2 times (x 123B)
Class kotlin.collections.AbstractList$Companion                                       : loaded 2 times (x 71B)
Class com.google.common.base.MoreObjects                                              : loaded 2 times (x 71B)
Class kotlin.comparisons.ComparisonsKt___ComparisonsJvmKt                             : loaded 2 times (x 71B)
Class kotlin.collections.CollectionsKt__IteratorsJVMKt                                : loaded 2 times (x 71B)
Class com.android.builder.model.v2.ide.TestInfo$Execution                             : loaded 2 times (x 79B)
Class com.google.common.collect.Platform                                              : loaded 2 times (x 71B)
Class [Lorg.objectweb.asm.Type;                                                       : loaded 2 times (x 69B)
Class kotlin.sequences.SequencesKt___SequencesKt                                      : loaded 2 times (x 71B)
Class org.jetbrains.kotlin.idea.gradleTooling.KotlinSourceSetContainer                : loaded 2 times (x 70B)
Class org.jetbrains.plugins.gradle.model.IntelliJSettings                             : loaded 2 times (x 70B)
Class kotlin.Result                                                                   : loaded 2 times (x 72B)
Class org.gradle.internal.service.ServiceLocator                                      : loaded 2 times (x 70B)
Class com.google.common.base.Ascii                                                    : loaded 2 times (x 71B)
Class com.google.common.collect.SingletonImmutableBiMap                               : loaded 2 times (x 143B)
Class com.google.common.cache.LocalCache$1                                            : loaded 2 times (x 89B)
Class kotlin.text.MatcherMatchResult$groupValues$1                                    : loaded 2 times (x 198B)
Class com.google.common.collect.AbstractMapEntry                                      : loaded 2 times (x 81B)
Class com.intellij.gradle.toolingExtension.util.GradleVersionUtil                     : loaded 2 times (x 71B)
Class ijInit11_3p6r7s8db8df35xslejiqcavf                                              : loaded 2 times (x 179B)
Class com.android.ide.gradle.model.GradlePropertiesModel                              : loaded 2 times (x 70B)
Class kotlin.sequences.TransformingSequence$iterator$1                                : loaded 2 times (x 79B)
Class kotlin.Pair                                                                     : loaded 2 times (x 72B)
Class org.gradle.tooling.internal.adapter.ProtocolToModelAdapter$SupportedPropertyInvoker: loaded 2 times (x 76B)
Class org.gradle.tooling.model.UnsupportedMethodException                             : loaded 2 times (x 82B)
Class com.android.builder.model.v2.ide.BytecodeTransformation                         : loaded 2 times (x 79B)
Class com.google.common.collect.Sets$ImprovedAbstractSet                              : loaded 2 times (x 135B)
Class com.google.common.collect.ReverseNaturalOrdering                                : loaded 2 times (x 114B)
Class com.google.common.collect.AbstractMultimap                                      : loaded 2 times (x 123B)
Class com.google.common.cache.LocalCache$2                                            : loaded 2 times (x 142B)
Class kotlin.collections.CollectionsKt__MutableCollectionsKt                          : loaded 2 times (x 71B)
Class com.android.builder.model.v2.ide.CodeShrinker                                   : loaded 2 times (x 79B)
Class org.gradle.internal.classloader.DefaultClassLoaderFactory                       : loaded 2 times (x 82B)
Class com.google.common.util.concurrent.AbstractFuture$UnsafeAtomicHelper$1           : loaded 2 times (x 76B)
Class com.intellij.util.containers.IntObjectHashMap$ArrayProducer                     : loaded 2 times (x 70B)
Class org.jetbrains.plugins.gradle.tooling.serialization.AnnotationProcessingModelSerializationService$WriteContext: loaded 2 times (x 72B)
Class kotlin.io.TerminateException                                                    : loaded 2 times (x 82B)
Class kotlin.io.FilesKt__FilePathComponentsKt                                         : loaded 2 times (x 71B)
Class kotlin.reflect.KCallable                                                        : loaded 2 times (x 70B)
Class org.jetbrains.kotlin.idea.gradleTooling.AndroidAwareGradleModelProvider$Companion: loaded 2 times (x 71B)
Class com.google.common.util.concurrent.AbstractFuture$Trusted                        : loaded 2 times (x 70B)
Class com.google.common.base.Suppliers                                                : loaded 2 times (x 71B)
Class com.intellij.compose.ide.plugin.gradleTooling.rt.ComposeResourcesModel          : loaded 2 times (x 70B)
Class org.jetbrains.plugins.gradle.tooling.serialization.ProjectDependenciesSerializationService$WriteContext: loaded 2 times (x 72B)
Class org.jetbrains.plugins.gradle.tooling.serialization.ProjectDependenciesSerializationService: loaded 2 times (x 77B)
Class kotlin.text.CharsKt                                                             : loaded 2 times (x 71B)
Class org.gradle.tooling.model.kotlin.dsl.KotlinDslScriptModel                        : loaded 2 times (x 70B)
Class org.gradle.tooling.internal.adapter.CollectionMapper                            : loaded 2 times (x 73B)
Class [Lcom.google.common.cache.CacheBuilder$OneWeigher;                              : loaded 2 times (x 69B)
Class com.google.common.util.concurrent.UncheckedExecutionException                   : loaded 2 times (x 82B)
Class org.gradle.kotlin.dsl.VersionCatalogAccessorsKt                                 : loaded 2 times (x 71B)
Class com.google.common.collect.ExplicitOrdering                                      : loaded 2 times (x 115B)
Class gnu.trove.THash                                                                 : loaded 2 times (x 81B)
Class com.intellij.gradle.toolingExtension.impl.model.buildScriptClasspathModel.GradleBuildScriptClasspathSerializationService$WriteContext: loaded 2 times (x 72B)
Class org.gradle.tooling.internal.adapter.ProtocolToModelAdapter                      : loaded 2 times (x 80B)
Class org.gradle.internal.InternalTransformer                                         : loaded 2 times (x 70B)
Class com.android.builder.model.v2.ide.AndroidGradlePluginProjectFlags$BooleanFlag    : loaded 2 times (x 79B)
Class com.google.common.collect.AbstractMapBasedMultimap$KeySet$1                     : loaded 2 times (x 82B)
Class org.objectweb.asm.ClassWriter                                                   : loaded 2 times (x 106B)
Class com.google.common.base.CharMatcher$And                                          : loaded 2 times (x 112B)
Class com.google.common.cache.CacheLoader$UnsupportedLoadingOperationException        : loaded 2 times (x 82B)
Class kotlin.collections.MapsKt__MapsJVMKt                                            : loaded 2 times (x 71B)
Class kotlin.collections.EmptyList                                                    : loaded 2 times (x 174B)
Class org.gradle.internal.time.DefaultTimer                                           : loaded 2 times (x 80B)
Class org.gradle.internal.classloader.ClasspathUtil$1                                 : loaded 2 times (x 76B)
Class com.google.common.base.Objects                                                  : loaded 2 times (x 71B)
Class org.objectweb.asm.FieldVisitor                                                  : loaded 2 times (x 77B)
Class com.google.common.collect.IndexedImmutableSet                                   : loaded 2 times (x 152B)
Class com.google.common.collect.ImmutableMap$1                                        : loaded 2 times (x 81B)
Class com.google.common.collect.BiMap                                                 : loaded 2 times (x 70B)
Class org.gradle.tooling.internal.adapter.ProtocolToModelAdapter$ViewKey              : loaded 2 times (x 72B)
Class org.gradle.api.internal.classpath.DefaultModuleRegistry$DefaultModule           : loaded 2 times (x 86B)
Class com.android.builder.model.v2.CustomSourceDirectory                              : loaded 2 times (x 70B)
Class com.google.common.primitives.Ints                                               : loaded 2 times (x 71B)
Class com.android.ide.common.repository.AgpVersion                                    : loaded 2 times (x 75B)
Class org.objectweb.asm.MethodTooLargeException                                       : loaded 2 times (x 83B)
Class com.google.common.collect.NullsFirstOrdering                                    : loaded 2 times (x 115B)
Class kotlin.ResultKt                                                                 : loaded 2 times (x 71B)
Class org.gradle.tooling.internal.adapter.ProtocolToModelAdapter$PropertyCachingMethodInvoker: loaded 2 times (x 76B)
Class com.android.builder.model.v2.models.ProjectSyncIssues                           : loaded 2 times (x 70B)
Class com.google.common.collect.ObjectArrays                                          : loaded 2 times (x 71B)
Class com.google.common.collect.Multiset                                              : loaded 2 times (x 70B)
Class com.google.common.collect.ArrayListMultimapGwtSerializationDependencies         : loaded 2 times (x 172B)
Class com.google.common.base.Platform$JdkPatternCompiler                              : loaded 2 times (x 75B)
Class com.google.common.math.MathPreconditions                                        : loaded 2 times (x 71B)
Class org.jetbrains.plugins.gradle.model.ExternalTask                                 : loaded 2 times (x 70B)
Class kotlin.Result$Failure                                                           : loaded 2 times (x 72B)
Class kotlin.collections.ArraysKt__ArraysKt                                           : loaded 2 times (x 71B)
Class org.gradle.internal.time.DefaultCountdownTimer                                  : loaded 2 times (x 88B)
Class com.google.common.collect.ImmutableMapEntrySet                                  : loaded 2 times (x 152B)
Class org.jetbrains.plugins.gradle.model.GradleTaskModel                              : loaded 2 times (x 70B)
Class org.jetbrains.plugins.gradle.tooling.util.ObjectCollector                       : loaded 2 times (x 72B)
Class kotlin.collections.SetsKt__SetsJVMKt                                            : loaded 2 times (x 71B)
Class kotlin.Function                                                                 : loaded 2 times (x 70B)
Class org.gradle.tooling.internal.adapter.ProtocolToModelAdapter$AdaptingMethodInvoker: loaded 2 times (x 76B)
Class org.gradle.tooling.internal.gradle.DefaultBuildIdentifier                       : loaded 2 times (x 79B)
Class org.gradle.api.internal.classpath.Module                                        : loaded 2 times (x 70B)
Class com.google.common.cache.Weigher                                                 : loaded 2 times (x 70B)
Class com.intellij.openapi.externalSystem.model.project.IExternalSystemSourceType     : loaded 2 times (x 70B)
Class kotlin.io.FileAlreadyExistsException                                            : loaded 2 times (x 82B)
Class kotlin.internal.ProgressionUtilKt                                               : loaded 2 times (x 71B)
Class org.gradle.api.internal.classpath.UnknownModuleException                        : loaded 2 times (x 82B)
Class com.google.common.base.Stopwatch                                                : loaded 2 times (x 72B)
Class com.google.common.cache.LocalCache$Strength                                     : loaded 2 times (x 81B)
Class com.google.common.cache.Cache                                                   : loaded 2 times (x 70B)
Class com.intellij.openapi.externalSystem.model.project.dependencies.ProjectDependencies: loaded 2 times (x 70B)
Class org.jetbrains.plugins.gradle.tooling.serialization.ProjectDependenciesSerializationService$ReadContext: loaded 2 times (x 72B)
Class com.google.common.util.concurrent.AbstractFuture$Cancellation                   : loaded 2 times (x 72B)
Class com.google.common.collect.ImmutableMap$Builder                                  : loaded 2 times (x 82B)
Class com.google.common.cache.RemovalListener                                         : loaded 2 times (x 70B)
Class org.jetbrains.plugins.gradle.tooling.serialization.RepositoriesModelSerializationService: loaded 2 times (x 82B)
Class com.android.ide.gradle.model.artifacts.AdditionalClassifierArtifactsModel       : loaded 2 times (x 70B)
Class org.gradle.tooling.internal.gradle.GradleProjectIdentity                        : loaded 2 times (x 70B)
Class org.gradle.api.internal.DefaultClassPathRegistry                                : loaded 2 times (x 76B)
Class com.google.common.collect.ImmutableMultimap$Keys                                : loaded 2 times (x 166B)
Class com.android.builder.model.v2.ide.JavaArtifact                                   : loaded 2 times (x 70B)
Class com.google.common.primitives.IntsMethodsForWeb                                  : loaded 2 times (x 71B)
Class org.gradle.internal.operations.MultipleBuildOperationFailures                   : loaded 2 times (x 95B)
Class com.google.common.base.JdkPattern                                               : loaded 2 times (x 75B)
Class org.objectweb.asm.ClassVisitor                                                  : loaded 2 times (x 88B)
Class org.jetbrains.plugins.gradle.tooling.serialization.KotlinDslScriptsModelSerializationService: loaded 2 times (x 81B)
Class kotlin.reflect.KFunction                                                        : loaded 2 times (x 70B)
Class kotlin.collections.ArrayDeque                                                   : loaded 2 times (x 207B)
Class org.objectweb.asm.SymbolTable$Entry                                             : loaded 2 times (x 74B)
Class com.google.common.util.concurrent.AbstractFuture$AtomicHelper                   : loaded 2 times (x 78B)
Class org.jetbrains.kotlin.idea.gradleTooling.KotlinGradleModel                       : loaded 2 times (x 70B)
Class org.jetbrains.plugins.gradle.tooling.serialization.ExternalTestsSerializationService$WriteContext: loaded 2 times (x 72B)
Class kotlin.collections.MapsKt__MapsKt                                               : loaded 2 times (x 71B)
Class com.android.builder.model.v2.ide.Variant                                        : loaded 2 times (x 70B)
Class org.objectweb.asm.Edge                                                          : loaded 2 times (x 72B)
Class com.google.common.base.Suppliers$SupplierOfInstance                             : loaded 2 times (x 79B)
Class [Lorg.objectweb.asm.Symbol;                                                     : loaded 2 times (x 69B)
Class org.gradle.tooling.model.Model                                                  : loaded 2 times (x 70B)
Class com.google.common.cache.LocalCache$ComputingValueReference                      : loaded 2 times (x 96B)
Class com.android.utils.FileUtils                                                     : loaded 2 times (x 71B)
Class com.google.common.collect.ImmutableMap$IteratorBasedImmutableMap                : loaded 2 times (x 126B)
Class com.android.ide.gradle.model.composites.BuildMap                                : loaded 2 times (x 70B)
Class kotlin.text.MatchResult$Destructured                                            : loaded 2 times (x 72B)
Class kotlin.Metadata                                                                 : loaded 2 times (x 70B)
Class kotlin.UninitializedPropertyAccessException                                     : loaded 2 times (x 82B)
Class com.android.builder.model.v2.models.Versions                                    : loaded 2 times (x 70B)
Class com.google.common.cache.LocalCache$Segment                                      : loaded 2 times (x 154B)
Class org.jetbrains.plugins.gradle.model.IntelliJProjectSettings                      : loaded 2 times (x 70B)
Class org.gradle.tooling.internal.adapter.ProtocolToModelAdapter$MethodInvocationCache: loaded 2 times (x 73B)
Class com.android.builder.model.v2.ide.AaptOptions$Namespacing                        : loaded 2 times (x 79B)
Class com.android.builder.model.v2.models.ndk.NativeModule                            : loaded 2 times (x 70B)
Class com.google.common.collect.AbstractListMultimap                                  : loaded 2 times (x 172B)
Class [Lorg.objectweb.asm.SymbolTable$Entry;                                          : loaded 2 times (x 69B)
Class com.google.common.cache.CacheLoader                                             : loaded 2 times (x 74B)
Class org.gradle.tooling.internal.adapter.TargetTypeProvider                          : loaded 2 times (x 70B)
Class com.google.common.collect.ImmutableBiMap                                        : loaded 2 times (x 143B)
Class org.jetbrains.plugins.gradle.model.ExternalDependency                           : loaded 2 times (x 70B)
Class com.intellij.util.containers.IntObjectHashMap                                   : loaded 2 times (x 72B)
Class org.gradle.internal.installation.GradleInstallation$1                           : loaded 2 times (x 75B)
Class org.gradle.api.internal.classpath.ModuleRegistry                                : loaded 2 times (x 70B)
Class com.google.common.util.concurrent.internal.InternalFutureFailureAccess          : loaded 2 times (x 72B)
Class com.android.ide.common.repository.AgpVersion$PreviewKind$Companion              : loaded 2 times (x 71B)
Class kotlin.ranges.IntProgression$Companion                                          : loaded 2 times (x 71B)
Class com.google.common.collect.ImmutableSet$JdkBackedSetBuilderImpl                  : loaded 2 times (x 76B)
Class org.jetbrains.plugins.gradle.model.VersionCatalogsModel                         : loaded 2 times (x 70B)
Class com.intellij.gradle.toolingExtension.impl.model.sourceSetDependencyModel.GradleSourceSetDependencySerialisationService$SourceSetDependencyModelReadContext: loaded 2 times (x 72B)
Class com.intellij.gradle.toolingExtension.impl.model.dependencyModel.DependencyReadContext: loaded 2 times (x 72B)
Class org.gradle.tooling.internal.adapter.ObjectGraphAdapter                          : loaded 2 times (x 70B)
Class com.google.common.collect.ImmutableMultimap$Values                              : loaded 2 times (x 126B)
Class com.android.builder.model.v2.ide.Installation                                   : loaded 2 times (x 70B)
Class com.google.common.util.concurrent.AbstractFuture$UnsafeAtomicHelper             : loaded 2 times (x 78B)
Class com.google.common.base.CharMatcher$ForPredicate                                 : loaded 2 times (x 112B)
Class com.google.common.cache.LocalCache$LocalManualCache$1                           : loaded 2 times (x 75B)
Class org.jetbrains.plugins.gradle.model.ProjectImportModelProvider                   : loaded 2 times (x 70B)
Class org.jetbrains.plugins.gradle.model.ExternalSourceSet                            : loaded 2 times (x 70B)
Class com.intellij.gradle.toolingExtension.impl.model.warmUp.GradleTaskWarmUpRequest  : loaded 2 times (x 70B)
Class com.android.ide.gradle.model.LegacyAndroidGradlePluginPropertiesModelParameters : loaded 2 times (x 70B)
Class com.google.common.collect.ImmutableSortedAsList                                 : loaded 2 times (x 221B)
Class kotlin.text.RegexKt                                                             : loaded 2 times (x 71B)
Class kotlin.coroutines.intrinsics.IntrinsicsKt__IntrinsicsKt                         : loaded 2 times (x 71B)
Class com.android.builder.model.v2.models.ModelBuilderParameter                       : loaded 2 times (x 70B)
Class com.google.common.base.CharMatcher$AnyOf                                        : loaded 2 times (x 112B)
Class org.jetbrains.plugins.gradle.model.GradleExtensions                             : loaded 2 times (x 70B)
Class com.intellij.gradle.toolingExtension.impl.model.sourceSetArtifactIndex.GradleSourceSetArtifactBuildRequest: loaded 2 times (x 70B)
Class kotlin.io.FilesKt__UtilsKt                                                      : loaded 2 times (x 71B)
Class com.google.common.collect.Lists$TransformingRandomAccessList                    : loaded 2 times (x 199B)
Class kotlin.collections.CollectionsKt__CollectionsJVMKt                              : loaded 2 times (x 71B)
Class org.gradle.api.internal.classpath.DefaultModuleRegistry                         : loaded 2 times (x 86B)
Class org.jetbrains.plugins.gradle.model.AnnotationProcessingModel                    : loaded 2 times (x 70B)
Class com.google.common.util.concurrent.ListenableFuture                              : loaded 2 times (x 70B)
Class com.google.common.cache.ReferenceEntry                                          : loaded 2 times (x 70B)
Class com.google.common.base.Converter                                                : loaded 2 times (x 90B)
Class com.google.common.collect.ImmutableMap$MapViewOfValuesAsSingletonSets           : loaded 2 times (x 126B)
Class org.jetbrains.plugins.gradle.tooling.serialization.internal.IdeaProjectSerializationService$WriteContext$1: loaded 2 times (x 83B)
Class org.jetbrains.plugins.gradle.model.ExternalProject                              : loaded 2 times (x 70B)
Class kotlin.sequences.SequencesKt                                                    : loaded 2 times (x 71B)
Class kotlin.collections.CollectionsKt__IteratorsKt                                   : loaded 2 times (x 71B)
Class [Lcom.android.builder.model.v2.ide.CodeShrinker;                                : loaded 2 times (x 69B)
Class com.google.common.collect.AbstractMapBasedMultimap                              : loaded 2 times (x 139B)
Class com.google.common.util.concurrent.AbstractFuture                                : loaded 2 times (x 106B)
Class com.google.common.base.FunctionalEquivalence                                    : loaded 2 times (x 83B)
Class com.google.common.collect.RegularImmutableMap                                   : loaded 2 times (x 121B)
Class com.android.builder.model.v2.ide.AndroidArtifact                                : loaded 2 times (x 70B)
Class org.jetbrains.plugins.gradle.tooling.serialization.internal.IdeaProjectSerializationService$WriteContext$2: loaded 2 times (x 83B)
Class kotlin.text.StringsKt                                                           : loaded 2 times (x 71B)
Class com.google.common.collect.ImmutableMultiset                                     : loaded 2 times (x 163B)
Class org.objectweb.asm.RecordComponentVisitor                                        : loaded 2 times (x 77B)
Class com.google.common.cache.CacheLoader$SupplierToCacheLoader                       : loaded 2 times (x 75B)
Class org.jetbrains.plugins.gradle.tooling.serialization.AnnotationProcessingModelSerializationService$ReadContext: loaded 2 times (x 72B)
Class org.jetbrains.plugins.gradle.tooling.serialization.internal.IdeaProjectSerializationService$WriteContext$3: loaded 2 times (x 83B)
Class gnu.trove.TObjectHash$NULL                                                      : loaded 2 times (x 71B)
Class org.gradle.util.internal.DefaultGradleVersion$Stage                             : loaded 2 times (x 75B)
Class kotlin.coroutines.jvm.internal.RestrictedContinuationImpl                       : loaded 2 times (x 87B)
Class com.google.common.collect.Maps$EntryTransformer                                 : loaded 2 times (x 70B)
Class org.jetbrains.kotlin.idea.gradleTooling.AndroidAwareGradleModelProvider         : loaded 2 times (x 79B)
Class org.jetbrains.plugins.gradle.tooling.serialization.internal.IdeaProjectSerializationService$WriteContext$4: loaded 2 times (x 83B)
Class com.intellij.gradle.toolingExtension.impl.model.sourceSetDependencyModel.GradleSourceSetDependencySerialisationService$Companion: loaded 2 times (x 71B)
Class [Lkotlin.Pair;                                                                  : loaded 2 times (x 69B)
Class kotlin.text.StringsKt__StringNumberConversionsKt                                : loaded 2 times (x 71B)
Class kotlin.io.FilesKt__FileReadWriteKt                                              : loaded 2 times (x 71B)
Class com.google.common.collect.UsingToStringOrdering                                 : loaded 2 times (x 114B)
Class kotlin.text.MatchNamedGroupCollection                                           : loaded 2 times (x 70B)
Class kotlin.jvm.internal.markers.KMutableList                                        : loaded 2 times (x 70B)
Class org.gradle.internal.time.MonotonicClock                                         : loaded 2 times (x 77B)
Class org.gradle.internal.service.ServiceLookupException                              : loaded 2 times (x 82B)
Class com.google.common.collect.Lists$ReverseList                                     : loaded 2 times (x 200B)
Class org.gradle.api.internal.classpath.ManifestUtil                                  : loaded 2 times (x 71B)
Class [Lcom.google.common.cache.LocalCache$EntryFactory;                              : loaded 2 times (x 69B)
Class com.intellij.gradle.toolingExtension.util.GradleVersionSpecificsUtil            : loaded 2 times (x 71B)
Class org.jetbrains.plugins.gradle.tooling.serialization.internal.IdeaProjectSerializationService$WriteContext$5: loaded 2 times (x 83B)
Class com.intellij.gradle.toolingExtension.impl.model.sourceSetDependencyModel.GradleSourceSetDependencySerialisationService$SourceSetDependencyModelWriteContext: loaded 2 times (x 72B)
Class org.gradle.tooling.internal.adapter.ProtocolToModelAdapter$InvocationHandlerImpl: loaded 2 times (x 77B)
Class org.gradle.internal.classloader.ClassLoaderFactory                              : loaded 2 times (x 70B)
Class com.google.common.base.CommonPattern                                            : loaded 2 times (x 74B)
Class com.google.common.base.CharMatcher$IsNot                                        : loaded 2 times (x 111B)
Class com.google.common.cache.LocalCache$LocalManualCache                             : loaded 2 times (x 99B)
Class org.jetbrains.plugins.gradle.tooling.serialization.internal.IdeaProjectSerializationService$WriteContext$6: loaded 2 times (x 83B)
Class org.jetbrains.plugins.gradle.tooling.util.IntObjectMap                          : loaded 2 times (x 73B)
Class org.gradle.internal.service.CachingServiceLocator                               : loaded 2 times (x 82B)
Class com.google.common.collect.AbstractMapBasedMultimap$KeySet                       : loaded 2 times (x 137B)
Class org.gradle.tooling.model.build.GradleEnvironment                                : loaded 2 times (x 70B)
Class com.google.common.math.IntMath                                                  : loaded 2 times (x 71B)
Class org.jetbrains.plugins.gradle.model.RepositoryModels                             : loaded 2 times (x 70B)
Class org.jetbrains.plugins.gradle.tooling.serialization.internal.IdeaProjectSerializationService$WriteContext$7: loaded 2 times (x 83B)
Class kotlin.collections.AbstractList$SubList                                         : loaded 2 times (x 198B)
Class kotlin.jvm.internal.CallableReference                                           : loaded 2 times (x 106B)
Class com.google.common.collect.ImmutableMapEntry                                     : loaded 2 times (x 85B)
Class org.jetbrains.plugins.gradle.tooling.serialization.internal.IdeaProjectSerializationService$WriteContext$8: loaded 2 times (x 83B)
Class gnu.trove.TObjectIntProcedure                                                   : loaded 2 times (x 70B)
Class kotlin.ranges.IntRange                                                          : loaded 2 times (x 93B)
Class org.gradle.tooling.model.idea.IdeaDependencyScope                               : loaded 2 times (x 70B)
Class org.gradle.internal.time.TimeSource                                             : loaded 2 times (x 70B)
Class org.gradle.tooling.model.kotlin.dsl.KotlinDslScriptsModel                       : loaded 2 times (x 70B)
Class com.google.common.collect.ImmutableMultimap                                     : loaded 2 times (x 147B)
Class com.android.builder.model.v2.ide.TestInfo                                       : loaded 2 times (x 70B)
Class com.google.common.base.Equivalence                                              : loaded 2 times (x 82B)
Class org.jetbrains.plugins.gradle.tooling.util.IntObjectMap$ObjectFactory            : loaded 2 times (x 70B)
Class com.google.common.collect.ImmutableMapEntry$NonTerminalImmutableMapEntry        : loaded 2 times (x 85B)
Class org.jetbrains.plugins.gradle.tooling.serialization.SerializationService         : loaded 2 times (x 70B)
Class org.gradle.tooling.internal.gradle.GradleBuildIdentity                          : loaded 2 times (x 70B)
Class kotlin.enums.EnumEntries                                                        : loaded 2 times (x 70B)
Class com.android.builder.model.v2.ide.JavaCompileOptions                             : loaded 2 times (x 70B)
Class com.google.common.collect.IndexedImmutableSet$1                                 : loaded 2 times (x 213B)
Class com.google.common.cache.CacheBuilder$OneWeigher                                 : loaded 2 times (x 82B)
Class com.google.common.util.concurrent.ExecutionError                                : loaded 2 times (x 82B)
Class org.jetbrains.plugins.gradle.tooling.serialization.internal.adapter.Supplier    : loaded 2 times (x 70B)
Class org.gradle.tooling.internal.adapter.ProtocolToModelAdapter$MixInMappingAction   : loaded 2 times (x 80B)
Class org.gradle.internal.exceptions.ResolutionProvider                               : loaded 2 times (x 70B)
Class kotlin.text.MatchResult$DefaultImpls                                            : loaded 2 times (x 71B)
Class org.gradle.tooling.model.idea.IdeaCompilerOutput                                : loaded 2 times (x 70B)
Class org.gradle.tooling.model.ProjectIdentifier                                      : loaded 2 times (x 70B)
Class org.gradle.internal.classloader.ClasspathUtil                                   : loaded 2 times (x 71B)
Class org.jetbrains.kotlin.tooling.core.HasExtras                                     : loaded 2 times (x 70B)
Class com.google.common.base.Charsets                                                 : loaded 2 times (x 71B)
Class com.google.common.util.concurrent.Uninterruptibles                              : loaded 2 times (x 71B)
Class com.android.builder.model.v2.ide.ProjectType                                    : loaded 2 times (x 79B)
Class com.intellij.gradle.toolingExtension.impl.model.sourceSetModel.GradleSourceSetSerialisationService: loaded 2 times (x 77B)
Class kotlin.io.FileSystemException                                                   : loaded 2 times (x 82B)
Class com.android.builder.model.v2.dsl.BaseConfig                                     : loaded 2 times (x 70B)
Class com.google.common.collect.Maps                                                  : loaded 2 times (x 71B)
Class org.gradle.internal.time.TimeSource$1                                           : loaded 2 times (x 77B)
Class kotlin.jvm.internal.DefaultConstructorMarker                                    : loaded 2 times (x 71B)
Class org.gradle.api.specs.Spec                                                       : loaded 2 times (x 70B)
Class [Lcom.google.common.collect.ImmutableEntry;                                     : loaded 2 times (x 69B)
Class com.google.common.cache.LocalCache$LoadingValueReference                        : loaded 2 times (x 96B)
Class com.intellij.gradle.toolingExtension.impl.model.buildScriptClasspathModel.GradleBuildScriptClasspathSerializationService: loaded 2 times (x 77B)
Class com.google.common.collect.ImmutableEnumSet                                      : loaded 2 times (x 146B)
Class com.google.common.base.Platform                                                 : loaded 2 times (x 71B)
Class org.jetbrains.plugins.gradle.model.FileCollectionDependency                     : loaded 2 times (x 70B)
Class com.intellij.gradle.toolingExtension.impl.model.utilDummyModel.DummyModel       : loaded 2 times (x 70B)
Class kotlin.text.StringsKt__RegexExtensionsKt                                        : loaded 2 times (x 71B)
Class kotlin.collections.EmptyIterator                                                : loaded 2 times (x 89B)
Class org.gradle.internal.time.Clock                                                  : loaded 2 times (x 70B)
Class com.android.builder.model.v2.dsl.ProductFlavor                                  : loaded 2 times (x 70B)
Class [Lcom.android.builder.model.v2.ide.TestInfo$Execution;                          : loaded 2 times (x 69B)
Class [Lorg.objectweb.asm.AnnotationWriter;                                           : loaded 2 times (x 69B)
Class com.google.common.collect.Maps$8                                                : loaded 2 times (x 82B)
Class org.jetbrains.plugins.gradle.model.GradleSourceSetDependencyModel               : loaded 2 times (x 70B)
Class com.google.common.collect.CompoundOrdering                                      : loaded 2 times (x 115B)
Class kotlin.sequences.SequencesKt__SequencesJVMKt                                    : loaded 2 times (x 71B)
Class kotlin.coroutines.jvm.internal.RestrictedSuspendLambda                          : loaded 2 times (x 91B)
Class org.gradle.tooling.internal.adapter.TypeInspector                               : loaded 2 times (x 73B)
Class org.gradle.tooling.internal.adapter.ProtocolToModelAdapter$NoOpDecoration       : loaded 2 times (x 79B)
Class org.gradle.tooling.model.Element                                                : loaded 2 times (x 70B)
Class kotlin.collections.AbstractList                                                 : loaded 2 times (x 197B)
Class kotlin.collections.AbstractCollection                                           : loaded 2 times (x 117B)
Class com.google.common.collect.Lists$ReverseList$1                                   : loaded 2 times (x 99B)
Class com.android.builder.model.v2.models.VariantDependenciesAdjacencyList            : loaded 2 times (x 70B)
Class org.jetbrains.kotlin.tooling.core.Extras                                        : loaded 2 times (x 70B)
Class com.google.common.collect.Sets$SetView                                          : loaded 2 times (x 138B)
Class com.google.common.cache.LocalCache$StrongValueReference                         : loaded 2 times (x 90B)
Class com.google.common.util.concurrent.AbstractFuture$SynchronizedHelper             : loaded 2 times (x 78B)
Class com.intellij.gradle.toolingExtension.impl.model.taskModel.GradleTaskSerialisationService: loaded 2 times (x 76B)
Class com.android.ide.gradle.model.LegacyV1AgpVersionModel                            : loaded 2 times (x 70B)
Class kotlin.text.StringsKt__StringBuilderJVMKt                                       : loaded 2 times (x 71B)
Class kotlin.text.Regex                                                               : loaded 2 times (x 72B)
Class kotlin.sequences.SequencesKt__SequenceBuilderKt$sequence$$inlined$Sequence$1    : loaded 2 times (x 75B)
Class kotlin.Triple                                                                   : loaded 2 times (x 72B)
Class org.objectweb.asm.Type                                                          : loaded 2 times (x 72B)
Class org.jetbrains.plugins.gradle.tooling.util.IntObjectMap$1                        : loaded 2 times (x 77B)
Class org.gradle.internal.classloader.VisitableURLClassLoader$InstrumentingVisitableURLClassLoader: loaded 2 times (x 123B)
Class com.android.builder.model.v2.ide.AndroidGradlePluginProjectFlags                : loaded 2 times (x 70B)
Class [Lcom.android.builder.model.v2.ide.AndroidGradlePluginProjectFlags$BooleanFlag; : loaded 2 times (x 69B)
Class com.android.builder.model.v2.ide.BasicVariant                                   : loaded 2 times (x 70B)
Class org.objectweb.asm.ByteVector                                                    : loaded 2 times (x 79B)
Class [Lcom.google.common.cache.CacheBuilder$NullListener;                            : loaded 2 times (x 69B)
Class com.google.common.math.IntMath$1                                                : loaded 2 times (x 71B)
Class kotlin.comparisons.ComparisonsKt__ComparisonsKt                                 : loaded 2 times (x 71B)
Class kotlin.ranges.RangesKt__RangesKt                                                : loaded 2 times (x 71B)
Class kotlin.collections.SetsKt___SetsKt                                              : loaded 2 times (x 71B)
Class kotlin.sequences.SequencesKt__SequencesKt                                       : loaded 2 times (x 71B)
Class kotlin.coroutines.Continuation                                                  : loaded 2 times (x 70B)
Class org.gradle.internal.classloader.VisitableURLClassLoader$Spec                    : loaded 2 times (x 74B)
Class org.gradle.internal.classpath.DefaultClassPath                                  : loaded 2 times (x 90B)
Class com.android.builder.model.v2.ide.BundleInfo                                     : loaded 2 times (x 70B)
Class com.android.builder.model.v2.ide.SourceProvider                                 : loaded 2 times (x 70B)
Class org.objectweb.asm.Symbol                                                        : loaded 2 times (x 73B)
Class org.jetbrains.plugins.gradle.model.GradleBuildScriptClasspathModel              : loaded 2 times (x 70B)
Class kotlin.sequences.FilteringSequence                                              : loaded 2 times (x 75B)
Class kotlin.text.CharsKt__CharJVMKt                                                  : loaded 2 times (x 71B)
Class kotlin.comparisons.ComparisonsKt                                                : loaded 2 times (x 71B)
Class kotlin.comparisons.ComparisonsKt___ComparisonsKt                                : loaded 2 times (x 71B)
Class kotlin.coroutines.jvm.internal.BaseContinuationImpl                             : loaded 2 times (x 87B)
Class kotlin.Result$Companion                                                         : loaded 2 times (x 71B)
Class org.gradle.util.internal.DefaultGradleVersion                                   : loaded 2 times (x 82B)
Class com.google.common.base.CharMatcher$Ascii                                        : loaded 2 times (x 112B)
Class com.google.common.base.CharMatcher$BitSetMatcher                                : loaded 2 times (x 112B)
Class org.gradle.internal.classloader.ClassLoaderHierarchy                            : loaded 2 times (x 70B)
Class com.google.common.collect.RegularImmutableMap$Values                            : loaded 2 times (x 207B)
Class org.gradle.internal.classloader.ClassLoaderSpec                                 : loaded 2 times (x 71B)
Class org.objectweb.asm.AnnotationWriter                                              : loaded 2 times (x 79B)
Class com.google.common.cache.CacheStats                                              : loaded 2 times (x 71B)
Class kotlin.jvm.internal.FunctionReferenceImpl                                       : loaded 2 times (x 122B)
Class kotlin.collections.CollectionsKt___CollectionsJvmKt                             : loaded 2 times (x 71B)
Class com.google.common.collect.ImmutableMultisetGwtSerializationDependencies         : loaded 2 times (x 125B)
Class org.objectweb.asm.RecordComponentWriter                                         : loaded 2 times (x 78B)
Class [Lcom.android.builder.model.v2.ide.ProjectType;                                 : loaded 2 times (x 69B)
Class com.google.common.util.concurrent.AbstractFuture$Listener                       : loaded 2 times (x 72B)
Class com.google.common.base.CharMatcher$Or                                           : loaded 2 times (x 112B)
Class Settings_gradle$1$1                                                             : loaded 2 times (x 74B)
Class kotlin.TuplesKt                                                                 : loaded 2 times (x 71B)
Class kotlin.jvm.internal.markers.KMutableIterable                                    : loaded 2 times (x 70B)
Class kotlin.Unit                                                                     : loaded 2 times (x 71B)
Class kotlin.sequences.SequencesKt___SequencesJvmKt                                   : loaded 2 times (x 71B)
Class org.gradle.tooling.internal.adapter.ProtocolToModelAdapter$DefaultViewBuilder   : loaded 2 times (x 80B)
Class [Lcom.android.builder.model.v2.ide.AaptOptions$Namespacing;                     : loaded 2 times (x 69B)
Class org.objectweb.asm.Attribute                                                     : loaded 2 times (x 77B)
Class com.google.common.base.Supplier                                                 : loaded 2 times (x 70B)
Class kotlin.ranges.RangesKt                                                          : loaded 2 times (x 71B)
Class org.gradle.tooling.internal.adapter.ProtocolToModelAdapter$ViewGraphDetails$1   : loaded 2 times (x 77B)
Class org.gradle.internal.classloader.VisitableURLClassLoader                         : loaded 2 times (x 117B)
Class com.google.common.util.concurrent.AbstractFuture$Waiter                         : loaded 2 times (x 72B)
Class com.android.ide.common.repository.AgpVersion$Companion                          : loaded 2 times (x 71B)
Class Settings_gradle                                                                 : loaded 2 times (x 128B)
Class org.jetbrains.plugins.gradle.tooling.serialization.ExternalTestsSerializationService$ReadContext: loaded 2 times (x 72B)
Class kotlin.sequences.FlatteningSequence$iterator$1                                  : loaded 2 times (x 79B)
Class kotlin.jvm.functions.Function0                                                  : loaded 2 times (x 70B)
Class kotlin.collections.ArraysUtilJVM                                                : loaded 2 times (x 71B)
Class kotlin.collections.CollectionsKt__ReversedViewsKt                               : loaded 2 times (x 71B)
Class kotlin.sequences.SequencesKt__SequenceBuilderKt                                 : loaded 2 times (x 71B)
Class org.gradle.tooling.model.idea.IdeaDependency                                    : loaded 2 times (x 70B)
Class com.android.builder.model.v2.ide.AaptOptions                                    : loaded 2 times (x 70B)
Class [Lcom.android.builder.model.v2.ide.BytecodeTransformation;                      : loaded 2 times (x 69B)
Class com.google.common.base.Strings                                                  : loaded 2 times (x 71B)
Class com.google.common.collect.Sets                                                  : loaded 2 times (x 71B)
Class org.objectweb.asm.Handler                                                       : loaded 2 times (x 72B)
Class com.google.common.base.CharMatcher$FastMatcher                                  : loaded 2 times (x 111B)
Class com.google.common.base.Ticker                                                   : loaded 2 times (x 72B)
Class kotlin.collections.AbstractMutableList                                          : loaded 2 times (x 206B)
Class kotlin.jvm.functions.Function1                                                  : loaded 2 times (x 70B)
Class com.android.builder.model.v2.models.ndk.NativeModelBuilderParameter             : loaded 2 times (x 70B)
Class [Lcom.google.common.cache.LocalCache$Segment;                                   : loaded 2 times (x 69B)
Class kotlin.io.FilesKt__FileTreeWalkKt                                               : loaded 2 times (x 71B)
Class [Lcom.google.common.cache.LocalCache$Strength;                                  : loaded 2 times (x 69B)
Class com.google.common.cache.CacheBuilder$1                                          : loaded 2 times (x 85B)
Class com.google.common.collect.ImmutableMap                                          : loaded 2 times (x 120B)
Class org.jetbrains.plugins.gradle.tooling.serialization.internal.IdeaProjectSerializationService$WriteContext: loaded 2 times (x 72B)
Class com.intellij.gradle.toolingExtension.impl.model.sourceSetDependencyModel.GradleSourceSetDependencySerialisationService: loaded 2 times (x 77B)
Class org.jetbrains.plugins.gradle.model.GradleSourceSetModel                         : loaded 2 times (x 70B)
Class kotlin.KotlinNothingValueException                                              : loaded 2 times (x 82B)
Class kotlin.jvm.functions.Function2                                                  : loaded 2 times (x 70B)
Class org.gradle.internal.classpath.DefaultClassPath$ImmutableUniqueList$Builder      : loaded 2 times (x 75B)
Class kotlin.jvm.internal.CollectionToArray                                           : loaded 2 times (x 71B)
Class com.google.common.base.CharMatcher$NegatedFastMatcher                           : loaded 2 times (x 113B)
Class com.google.common.cache.LocalCache                                              : loaded 2 times (x 187B)
Class com.google.common.cache.CacheBuilder$2                                          : loaded 2 times (x 79B)
Class com.android.ide.gradle.model.dependencies.Coordinates                           : loaded 2 times (x 70B)
Class kotlin.collections.MapsKt___MapsJvmKt                                           : loaded 2 times (x 71B)
Class org.gradle.tooling.internal.adapter.WeakIdentityHashMap$AbsentValueProvider     : loaded 2 times (x 70B)
Class com.google.common.collect.ArrayListMultimap                                     : loaded 2 times (x 172B)
Class com.google.common.cache.CacheBuilder$3                                          : loaded 2 times (x 72B)
Class [Lcom.google.common.collect.AbstractMapEntry;                                   : loaded 2 times (x 69B)
Class com.google.common.collect.ImmutableEntry                                        : loaded 2 times (x 82B)
Class gnu.trove.TObjectHash                                                           : loaded 2 times (x 94B)
Class org.jetbrains.plugins.gradle.tooling.util.ObjectCollector$Processor             : loaded 2 times (x 70B)
Class kotlin.jvm.functions.Function4                                                  : loaded 2 times (x 70B)
Class kotlin.collections.EmptySet                                                     : loaded 2 times (x 122B)
Class kotlin.annotation.Target                                                        : loaded 2 times (x 70B)
Class kotlin.collections.CollectionsKt___CollectionsKt                                : loaded 2 times (x 71B)
Class kotlin.sequences.FilteringSequence$iterator$1                                   : loaded 2 times (x 79B)
Class org.gradle.internal.exceptions.NonGradleCauseExceptionsHolder                   : loaded 2 times (x 70B)
Class org.gradle.tooling.model.idea.IdeaModuleDependency                              : loaded 2 times (x 70B)
Class org.gradle.tooling.internal.adapter.ViewBuilder                                 : loaded 2 times (x 70B)
Class com.android.builder.model.v2.ide.ApiVersion                                     : loaded 2 times (x 70B)
Class com.google.common.collect.CollectPreconditions                                  : loaded 2 times (x 71B)
Class org.jetbrains.plugins.gradle.model.AnnotationProcessingConfig                   : loaded 2 times (x 70B)
Class gnu.trove.Equality                                                              : loaded 2 times (x 70B)
Class kotlin.text.StringsKt___StringsJvmKt                                            : loaded 2 times (x 71B)
Class kotlin.reflect.KDeclarationContainer                                            : loaded 2 times (x 70B)
Class kotlin.annotation.Retention                                                     : loaded 2 times (x 70B)
Class com.android.builder.model.v2.models.Versions$Version                            : loaded 2 times (x 70B)
Class com.google.common.collect.SortedMapDifference                                   : loaded 2 times (x 70B)
Class org.jetbrains.plugins.gradle.tooling.ModelBuilderService$Parameter              : loaded 2 times (x 70B)
Class kotlin.io.FilesKt                                                               : loaded 2 times (x 71B)
Class kotlin.collections.MapsKt___MapsKt                                              : loaded 2 times (x 71B)
Class kotlin.collections.ArraysKt___ArraysKt                                          : loaded 2 times (x 71B)
Class com.google.common.cache.LocalCache$WriteThroughEntry                            : loaded 2 times (x 79B)
Class com.google.common.cache.LocalCache$HashIterator                                 : loaded 2 times (x 86B)
Class com.google.common.cache.LocalCache$EntryFactory                                 : loaded 2 times (x 83B)
Class gnu.trove.TObjectHashingStrategy                                                : loaded 2 times (x 70B)
Class kotlin.collections.MapsKt__MapWithDefaultKt                                     : loaded 2 times (x 71B)
Class org.gradle.tooling.internal.adapter.ProtocolToModelAdapter$ReflectionMethodInvoker: loaded 2 times (x 76B)
Class org.jetbrains.kotlin.tooling.core.HasMutableExtras                              : loaded 2 times (x 70B)
Class com.google.common.cache.LocalCache$AbstractReferenceEntry                       : loaded 2 times (x 107B)
Class kotlin.text.StringsKt___StringsKt                                               : loaded 2 times (x 71B)
Class com.google.common.collect.NullsLastOrdering                                     : loaded 2 times (x 115B)
Class kotlin.collections.CollectionsKt__MutableCollectionsJVMKt                       : loaded 2 times (x 71B)
Class com.intellij.gradle.toolingExtension.impl.model.sourceSetModel.GradleSourceSetSerialisationService$Companion: loaded 2 times (x 71B)
Class kotlin.enums.EnumEntriesKt                                                      : loaded 2 times (x 71B)
Class com.android.builder.model.v2.models.VariantDependencies                         : loaded 2 times (x 70B)
Class com.google.common.base.CharMatcher$IsEither                                     : loaded 2 times (x 111B)
Class org.objectweb.asm.SymbolTable                                                   : loaded 2 times (x 72B)
Class com.google.common.cache.CacheLoader$InvalidCacheLoadException                   : loaded 2 times (x 82B)
Class org.gradle.internal.classloader.FilteringClassLoader                            : loaded 2 times (x 105B)
Class com.intellij.gradle.toolingExtension.model.repositoryModel.ProjectRepositoriesModel: loaded 2 times (x 70B)
Class org.jetbrains.plugins.gradle.model.GradleProperty                               : loaded 2 times (x 70B)
Class gnu.trove.TObjectCanonicalHashingStrategy                                       : loaded 2 times (x 78B)
Class org.gradle.internal.classloader.SystemClassLoaderSpec                           : loaded 2 times (x 71B)
Class com.android.builder.model.v2.ide.TestedTargetVariant                            : loaded 2 times (x 70B)
Class com.google.common.cache.LocalCache$StrongEntry                                  : loaded 2 times (x 108B)
Class com.google.common.util.concurrent.AbstractFuture$TrustedFuture                  : loaded 2 times (x 114B)
Class com.google.common.cache.LoadingCache                                            : loaded 2 times (x 70B)
Class kotlin.ranges.IntRange$Companion                                                : loaded 2 times (x 71B)
Class kotlin.text.MatcherMatchResult$groups$1                                         : loaded 2 times (x 151B)
Class kotlin.collections.EmptyMap                                                     : loaded 2 times (x 108B)
Class kotlin.reflect.KAnnotatedElement                                                : loaded 2 times (x 70B)
Class kotlin.jvm.internal.markers.KMutableCollection                                  : loaded 2 times (x 70B)
Class kotlin.coroutines.intrinsics.IntrinsicsKt                                       : loaded 2 times (x 71B)
Class org.gradle.internal.exceptions.MultiCauseException                              : loaded 2 times (x 70B)
Class org.gradle.internal.time.CountdownTimer                                         : loaded 2 times (x 70B)
Class kotlin.jvm.internal.Intrinsics                                                  : loaded 2 times (x 71B)
Class org.objectweb.asm.MethodWriter                                                  : loaded 2 times (x 106B)
Class [Lcom.google.common.cache.Weigher;                                              : loaded 2 times (x 69B)
Class com.google.common.collect.RegularImmutableMap$BucketOverflowException           : loaded 2 times (x 82B)
Class com.intellij.gradle.toolingExtension.impl.model.projectModel.GradleExternalProjectSerializationService$ReadContext: loaded 2 times (x 73B)
Class com.intellij.gradle.toolingExtension.impl.model.dependencyModel.DependencyWriteContext: loaded 2 times (x 72B)
Class kotlin.collections.MapsKt                                                       : loaded 2 times (x 71B)
Class kotlin.coroutines.intrinsics.CoroutineSingletons                                : loaded 2 times (x 79B)
Class kotlin.collections.CollectionsKt__IterablesKt                                   : loaded 2 times (x 71B)
Class org.gradle.tooling.model.ProjectModel                                           : loaded 2 times (x 70B)
Class com.google.common.collect.ImmutableMultimap$1                                   : loaded 2 times (x 82B)
Class kotlin.ranges.OpenEndRange                                                      : loaded 2 times (x 70B)
Class kotlin.sequences.SequenceBuilderIterator                                        : loaded 2 times (x 85B)
Class kotlin.KotlinNullPointerException                                               : loaded 2 times (x 83B)
Class com.google.common.collect.ImmutableMultimap$2                                   : loaded 2 times (x 81B)
Class com.android.ide.common.repository.AgpVersion$Companion$WhenMappings             : loaded 2 times (x 71B)
Class com.google.common.collect.RegularImmutableBiMap                                 : loaded 2 times (x 149B)
Class com.google.common.base.CharMatcher$Negated                                      : loaded 2 times (x 113B)
Class com.google.common.base.CharMatcher$Is                                           : loaded 2 times (x 111B)
Class com.google.common.cache.LocalCache$ValueReference                               : loaded 2 times (x 70B)
Class org.jetbrains.plugins.gradle.model.tests.ExternalTestsModel                     : loaded 2 times (x 70B)
Class kotlin.ranges.RangesKt___RangesKt                                               : loaded 2 times (x 71B)
Class org.gradle.tooling.model.idea.IdeaLanguageLevel                                 : loaded 2 times (x 70B)
Class org.gradle.tooling.internal.adapter.ProtocolToModelAdapter$SafeMethodInvoker    : loaded 2 times (x 76B)
Class org.gradle.tooling.internal.adapter.WeakIdentityHashMap$WeakKey                 : loaded 2 times (x 79B)
Class org.gradle.internal.exceptions.DefaultMultiCauseException                       : loaded 2 times (x 95B)
Class com.google.common.base.PatternCompiler                                          : loaded 2 times (x 70B)
Class com.google.common.util.concurrent.AbstractFuture$Failure                        : loaded 2 times (x 72B)
Class com.google.common.base.Equivalence$Equals                                       : loaded 2 times (x 82B)
Class com.google.common.collect.Hashing                                               : loaded 2 times (x 71B)
Class kotlin.NotImplementedError                                                      : loaded 2 times (x 82B)
Class com.intellij.gradle.toolingExtension.impl.model.projectModel.GradleExternalProjectSerializationService: loaded 2 times (x 77B)
Class kotlin.text.CharsKt__CharKt                                                     : loaded 2 times (x 71B)
Class kotlin.collections.ArrayDeque$Companion                                         : loaded 2 times (x 71B)
Class kotlin.collections.ArraysKt                                                     : loaded 2 times (x 71B)
Class org.gradle.tooling.model.HierarchicalElement                                    : loaded 2 times (x 70B)
Class com.android.builder.model.v2.dsl.DependenciesInfo                               : loaded 2 times (x 70B)
Class kotlin.sequences.FlatteningSequence                                             : loaded 2 times (x 75B)
Class org.objectweb.asm.Label                                                         : loaded 2 times (x 73B)
Class org.objectweb.asm.CurrentFrame                                                  : loaded 2 times (x 73B)
Class org.objectweb.asm.ClassTooLargeException                                        : loaded 2 times (x 83B)
Class com.google.common.base.CharMatcher                                              : loaded 2 times (x 111B)
Class kotlin.text.MatcherMatchResult                                                  : loaded 2 times (x 80B)
Class org.jetbrains.plugins.gradle.tooling.serialization.ExternalTestsSerializationService: loaded 2 times (x 77B)
Class com.google.common.collect.ByFunctionOrdering                                    : loaded 2 times (x 115B)
Class kotlin.collections.SetsKt__SetsKt                                               : loaded 2 times (x 71B)
Class kotlin.coroutines.EmptyCoroutineContext                                         : loaded 2 times (x 77B)
Class org.gradle.internal.time.Time                                                   : loaded 2 times (x 71B)
Class com.android.builder.model.v2.models.ProjectGraph                                : loaded 2 times (x 70B)
Class kotlin.text.MatchGroupCollection                                                : loaded 2 times (x 70B)
Class kotlin.text.StringsKt__StringsKt                                                : loaded 2 times (x 71B)
Class org.objectweb.asm.Frame                                                         : loaded 2 times (x 73B)
Class org.objectweb.asm.MethodVisitor                                                 : loaded 2 times (x 105B)
Class com.google.common.base.CharMatcher$1                                            : loaded 2 times (x 113B)
Class com.google.common.base.CharMatcher$NamedFastMatcher                             : loaded 2 times (x 112B)
Class com.google.common.cache.LocalCache$EntryFactory$1                               : loaded 2 times (x 83B)
Class [Lcom.google.common.cache.RemovalListener;                                      : loaded 2 times (x 69B)
Class com.android.ide.common.repository.AgpVersion$PreviewKind                        : loaded 2 times (x 79B)
Class org.jetbrains.plugins.gradle.tooling.serialization.AnnotationProcessingModelSerializationService: loaded 2 times (x 77B)
Class kotlin.collections.ArraysKt__ArraysJVMKt                                        : loaded 2 times (x 71B)
Class com.android.ide.gradle.model.dependencies.DeclaredDependencies                  : loaded 2 times (x 70B)
Class com.google.common.cache.LocalCache$EntryFactory$2                               : loaded 2 times (x 83B)
Class org.jetbrains.plugins.gradle.model.DependencyAccessorsModel                     : loaded 2 times (x 70B)
Class [Lcom.intellij.openapi.externalSystem.model.project.dependencies.ResolutionState;: loaded 2 times (x 69B)
Class gnu.trove.TObjectIntHashMap                                                     : loaded 2 times (x 109B)
Class kotlin.text.StringsKt__StringBuilderKt                                          : loaded 2 times (x 71B)
Class kotlin.jvm.internal.CallableReference$NoReceiver                                : loaded 2 times (x 71B)
Class org.gradle.api.internal.classpath.GlobalCacheRootsProvider                      : loaded 2 times (x 70B)
Class com.google.common.collect.CollectCollectors                                     : loaded 2 times (x 71B)
Class org.objectweb.asm.ModuleWriter                                                  : loaded 2 times (x 82B)
Class com.google.common.cache.LocalCache$EntryFactory$3                               : loaded 2 times (x 83B)
Class com.google.common.base.Ticker$1                                                 : loaded 2 times (x 72B)
Class com.google.common.collect.Maps$BiMapConverter                                   : loaded 2 times (x 90B)
Class com.google.common.collect.ImmutableMapEntrySet$RegularEntrySet                  : loaded 2 times (x 152B)
Class org.jetbrains.kotlin.idea.gradleTooling.KotlinMPPGradleModel                    : loaded 2 times (x 70B)
Class com.intellij.gradle.toolingExtension.impl.model.dependencyDownloadPolicyModel.GradleDependencyDownloadPolicy: loaded 2 times (x 70B)
Class org.gradle.tooling.model.BuildIdentifier                                        : loaded 2 times (x 70B)
Class kotlin.NoWhenBranchMatchedException                                             : loaded 2 times (x 82B)
Class com.android.builder.model.v2.ide.VectorDrawablesOptions                         : loaded 2 times (x 70B)
Class com.google.common.base.CharMatcher$InRange                                      : loaded 2 times (x 111B)
Class com.google.common.cache.LocalCache$EntryFactory$4                               : loaded 2 times (x 83B)
Class com.google.common.collect.ImmutableSet$Builder                                  : loaded 2 times (x 85B)
Class org.jetbrains.kotlin.idea.gradleTooling.PrepareKotlinIdeImportTaskModel         : loaded 2 times (x 70B)
Class com.android.builder.model.v2.models.VariantDependenciesFlatList                 : loaded 2 times (x 70B)
Class com.google.common.cache.LocalCache$EntryFactory$5                               : loaded 2 times (x 83B)
Class com.android.ide.gradle.model.GradlePluginModel                                  : loaded 2 times (x 70B)
Class com.google.common.collect.ReverseOrdering                                       : loaded 2 times (x 115B)
Class org.gradle.tooling.model.build.JavaEnvironment                                  : loaded 2 times (x 70B)
Class org.jetbrains.plugins.gradle.tooling.serialization.internal.IdeaProjectSerializationService$ReadContext: loaded 2 times (x 72B)
Class com.android.builder.model.v2.ide.SourceSetContainer                             : loaded 2 times (x 70B)
Class com.google.common.cache.LocalCache$EntryFactory$6                               : loaded 2 times (x 83B)
Class org.gradle.internal.time.Timer                                                  : loaded 2 times (x 70B)
Class kotlin.jvm.internal.markers.KMappedMarker                                       : loaded 2 times (x 70B)
Class org.gradle.internal.installation.CurrentGradleInstallationLocator               : loaded 2 times (x 71B)
Class com.google.common.collect.ImmutableMultimap$Builder                             : loaded 2 times (x 86B)
Class com.android.builder.model.v2.ide.LintOptions                                    : loaded 2 times (x 70B)
Class com.google.common.collect.Maps$KeySet                                           : loaded 2 times (x 137B)
Class com.google.common.cache.LocalCache$EntryFactory$7                               : loaded 2 times (x 83B)
Class com.google.common.collect.ImmutableSet$EmptySetBuilderImpl                      : loaded 2 times (x 76B)
Class com.google.common.collect.RegularImmutableMap$KeySet                            : loaded 2 times (x 152B)
Class org.gradle.tooling.internal.adapter.ProtocolToModelAdapter$ViewGraphDetails     : loaded 2 times (x 72B)
Class org.gradle.tooling.model.idea.IdeaProject                                       : loaded 2 times (x 70B)
Class org.gradle.tooling.model.DomainObjectSet                                        : loaded 2 times (x 70B)
Class org.gradle.internal.service.DefaultServiceLocator                               : loaded 2 times (x 83B)
Class com.google.common.collect.ImmutableMultimap$EntryCollection                     : loaded 2 times (x 128B)
Class com.android.builder.model.v2.ide.BasicArtifact                                  : loaded 2 times (x 70B)
Class com.google.common.cache.LocalCache$EntryFactory$8                               : loaded 2 times (x 83B)
Class com.google.common.base.Equivalence$Identity                                     : loaded 2 times (x 82B)
Class kotlin.coroutines.jvm.internal.SuspendFunction                                  : loaded 2 times (x 70B)
Class org.gradle.util.GradleVersion                                                   : loaded 2 times (x 81B)
Class org.gradle.internal.installation.CurrentGradleInstallation                      : loaded 2 times (x 73B)
Class com.google.common.cache.CacheLoader$1                                           : loaded 2 times (x 75B)
Class com.google.common.collect.ForwardingObject                                      : loaded 2 times (x 72B)
Class com.google.common.base.PairwiseEquivalence                                      : loaded 2 times (x 83B)
Class org.jetbrains.plugins.gradle.javaModel.JavaGradleManifestModel                  : loaded 2 times (x 70B)
Class org.jetbrains.plugins.gradle.tooling.serialization.GradleExtensionsSerializationService$WriteContext: loaded 2 times (x 72B)
Class com.intellij.gradle.toolingExtension.impl.model.taskModel.GradleTaskSerialisationService$Companion: loaded 2 times (x 71B)
Class kotlin.jvm.internal.StringCompanionObject                                       : loaded 2 times (x 71B)
Class kotlin.coroutines.intrinsics.IntrinsicsKt__IntrinsicsJvmKt                      : loaded 2 times (x 71B)
Class kotlin.coroutines.jvm.internal.CoroutineStackFrame                              : loaded 2 times (x 70B)
Class org.gradle.tooling.internal.adapter.ProtocolToModelAdapter$MethodInvocationCache$MethodInvocationKey: loaded 2 times (x 73B)
Class org.gradle.util.internal.GUtil                                                  : loaded 2 times (x 71B)
Class com.google.common.util.concurrent.AbstractFuture$SetFuture                      : loaded 2 times (x 75B)
Class com.google.common.cache.AbstractCache$StatsCounter                              : loaded 2 times (x 70B)
Class com.intellij.gradle.toolingExtension.impl.model.utilTurnOffDefaultTasksModel.TurnOffDefaultTasks: loaded 2 times (x 70B)
Class com.intellij.gradle.toolingExtension.impl.model.sourceSetModel.GradleSourceSetSerialisationService$SourceSetModelReadContext: loaded 2 times (x 72B)
Class kotlin.io.NoSuchFileException                                                   : loaded 2 times (x 82B)
Class kotlin.collections.CollectionsKt                                                : loaded 2 times (x 71B)
Class com.android.builder.model.v2.dsl.BuildType                                      : loaded 2 times (x 70B)
Class kotlin.sequences.SequencesKt___SequencesKt$sortedWith$1                         : loaded 2 times (x 75B)
Class com.android.builder.model.v2.ide.ViewBindingOptions                             : loaded 2 times (x 70B)
Class com.intellij.gradle.toolingExtension.impl.model.sourceSetModel.GradleSourceSetSerialisationService$SourceSetModelWriteContext: loaded 2 times (x 72B)
Class kotlin.ranges.IntProgressionIterator                                            : loaded 2 times (x 82B)
Class kotlin.coroutines.CoroutineContext                                              : loaded 2 times (x 70B)
Class kotlin.coroutines.jvm.internal.DebugProbesKt                                    : loaded 2 times (x 71B)
Class org.gradle.tooling.internal.adapter.WeakIdentityHashMap                         : loaded 2 times (x 76B)
Class org.gradle.tooling.GradleConnectionException                                    : loaded 2 times (x 83B)
Class org.gradle.tooling.internal.adapter.ProtocolToModelAdapter$1                    : loaded 2 times (x 75B)
Class org.gradle.tooling.internal.adapter.ProtocolToModelAdapter$ViewDecoration       : loaded 2 times (x 70B)
Class org.gradle.internal.installation.GradleInstallation                             : loaded 2 times (x 75B)
Class com.google.common.collect.Iterables                                             : loaded 2 times (x 71B)
Class org.jetbrains.plugins.gradle.tooling.serialization.GradleExtensionsSerializationService$ReadContext: loaded 2 times (x 72B)
Class com.google.common.collect.LexicographicalOrdering                               : loaded 2 times (x 115B)
Class org.gradle.tooling.internal.adapter.MethodInvoker                               : loaded 2 times (x 70B)
Class com.google.common.collect.Lists$RandomAccessReverseList                         : loaded 2 times (x 200B)
Class org.jetbrains.plugins.gradle.tooling.serialization.RepositoriesModelSerializationService$WriteContext: loaded 2 times (x 72B)
Class com.android.ide.gradle.model.LegacyAndroidGradlePluginProperties                : loaded 2 times (x 70B)
Class kotlin.ranges.IntProgression                                                    : loaded 2 times (x 81B)
Class kotlin.jvm.KotlinReflectionNotSupportedError                                    : loaded 2 times (x 82B)
Class org.gradle.tooling.model.gradle.GradleScript                                    : loaded 2 times (x 70B)

---------------  S Y S T E M  ---------------

OS:
 Windows 11 , 64 bit Build 26100 (10.0.26100.8115)
OS uptime: 4 days 20:49 hours
Hyper-V role detected

CPU: total 12 (initial active 12) (12 cores per cpu, 2 threads per core) family 23 model 104 stepping 1 microcode 0x8608103, cx8, cmov, fxsr, ht, mmx, 3dnowpref, sse, sse2, sse3, ssse3, sse4a, sse4.1, sse4.2, popcnt, lzcnt, tsc, tscinvbit, avx, avx2, aes, clmul, bmi1, bmi2, adx, sha, fma, vzeroupper, clflush, clflushopt, hv, rdtscp, rdpid, f16c
Processor Information for processor 0
  Max Mhz: 2100, Current Mhz: 2100, Mhz Limit: 2100
Processor Information for processor 1
  Max Mhz: 2100, Current Mhz: 2100, Mhz Limit: 2100
Processor Information for processor 2
  Max Mhz: 2100, Current Mhz: 2100, Mhz Limit: 2100
Processor Information for processor 3
  Max Mhz: 2100, Current Mhz: 2100, Mhz Limit: 2100
Processor Information for processor 4
  Max Mhz: 2100, Current Mhz: 2100, Mhz Limit: 2100
Processor Information for processor 5
  Max Mhz: 2100, Current Mhz: 1988, Mhz Limit: 2100
Processor Information for processor 6
  Max Mhz: 2100, Current Mhz: 2100, Mhz Limit: 2100
Processor Information for processor 7
  Max Mhz: 2100, Current Mhz: 2100, Mhz Limit: 2100
Processor Information for processor 8
  Max Mhz: 2100, Current Mhz: 2100, Mhz Limit: 2100
Processor Information for processor 9
  Max Mhz: 2100, Current Mhz: 2100, Mhz Limit: 2100
Processor Information for processor 10
  Max Mhz: 2100, Current Mhz: 1988, Mhz Limit: 2100
Processor Information for processor 11
  Max Mhz: 2100, Current Mhz: 2100, Mhz Limit: 2100

Memory: 4k page, system-wide physical 7563M (931M free)
TotalPageFile size 31115M (AvailPageFile size 0M)
current process WorkingSet (physical memory assigned to process): 179M, peak: 374M
current process commit charge ("private bytes"): 694M, peak: 697M

vm_info: OpenJDK 64-Bit Server VM (21.0.10+-14961533-b1163.108) for windows-amd64 JRE (21.0.10+-14961533-b1163.108), built on 2026-03-02T19:58:50Z by "builder" with MS VC++ 16.10 / 16.11 (VS2019)

END.
