#
# There is insufficient memory for the Java Runtime Environment to continue.
# Native memory allocation (mmap) failed to map 65536 bytes. Error detail: Failed to commit metaspace.
# Possible reasons:
#   The system is out of physical RAM or swap space
#   This process is running with CompressedOops enabled, and the Java Heap may be blocking the growth of the native heap
# Possible solutions:
#   Reduce memory load on the system
#   Increase physical memory or swap space
#   Check if swap backing store is full
#   Decrease Java heap size (-Xmx/-Xms)
#   Decrease number of Java threads
#   Decrease Java thread stack sizes (-Xss)
#   Set larger code cache with -XX:ReservedCodeCacheSize=
#   JVM is running with Unscaled Compressed Oops mode in which the Java heap is
#     placed in the first 4GB address space. The Java Heap base address is the
#     maximum limit for the native heap growth. Please use -XX:HeapBaseMinAddress
#     to set the Java Heap base and to place the Java Heap above 4GB virtual address.
# This output file may be truncated or incomplete.
#
#  Out of Memory Error (virtualSpaceNode.cpp:113), pid=36392, tid=21100
#
# JRE version: OpenJDK Runtime Environment (21.0.10) (build 21.0.10+-14961533-b1163.108)
# Java VM: OpenJDK 64-Bit Server VM (21.0.10+-14961533-b1163.108, mixed mode, tiered, compressed oops, compressed class ptrs, g1 gc, windows-amd64)
# No core dump will be written. Minidumps are not enabled by default on client versions of Windows
#

---------------  S U M M A R Y ------------

Command Line: --add-opens=java.base/java.lang=ALL-UNNAMED --add-opens=java.base/java.lang.invoke=ALL-UNNAMED --add-opens=java.base/java.util=ALL-UNNAMED --add-opens=java.prefs/java.util.prefs=ALL-UNNAMED --add-exports=jdk.compiler/com.sun.tools.javac.api=ALL-UNNAMED --add-exports=jdk.compiler/com.sun.tools.javac.util=ALL-UNNAMED --add-opens=java.base/java.util=ALL-UNNAMED --add-opens=java.prefs/java.util.prefs=ALL-UNNAMED --add-opens=java.base/java.nio.charset=ALL-UNNAMED --add-opens=java.base/java.net=ALL-UNNAMED --add-opens=java.base/java.util.concurrent.atomic=ALL-UNNAMED --add-opens=java.xml/javax.xml.namespace=ALL-UNNAMED -Xmx2048m -Dfile.encoding=UTF-8 -Duser.country=IN -Duser.language=en -Duser.variant -javaagent:C:\Users\Apoorv Rathore\AndroidStudioProjects\.gradle\wrapper\dists\gradle-8.13-bin\5xuhj0ry160q40clulazy9h7d\gradle-8.13\lib\agents\gradle-instrumentation-agent-8.13.jar org.gradle.launcher.daemon.bootstrap.GradleDaemon 8.13

Host: AMD Ryzen 5 5500U with Radeon Graphics         , 12 cores, 7G,  Windows 11 , 64 bit Build 26100 (10.0.26100.8115)
Time: Thu Apr 16 12:42:54 2026 India Standard Time elapsed time: 799.978464 seconds (0d 0h 13m 19s)

---------------  T H R E A D  ---------------

Current thread (0x000001e0665b20f0):  JavaThread "Daemon worker"        [_thread_in_vm, id=21100, stack(0x0000005cc4900000,0x0000005cc4a00000) (1024K)]

Stack: [0x0000005cc4900000,0x0000005cc4a00000]
Native frames: (J=compiled Java code, j=interpreted, Vv=VM code, C=native code)
V  [jvm.dll+0x6d78a9]
V  [jvm.dll+0x8665b3]
V  [jvm.dll+0x868bde]
V  [jvm.dll+0x8692c3]
V  [jvm.dll+0x280ee6]
V  [jvm.dll+0x86146e]
V  [jvm.dll+0x67add5]
V  [jvm.dll+0x1e4911]
V  [jvm.dll+0x1e46de]
V  [jvm.dll+0x67d728]
V  [jvm.dll+0x67d562]
V  [jvm.dll+0x67b7ce]
V  [jvm.dll+0x26ba7f]
V  [jvm.dll+0x685875]
V  [jvm.dll+0x21685c]
V  [jvm.dll+0x216da5]
V  [jvm.dll+0x217786]
V  [jvm.dll+0x20c73a]
V  [jvm.dll+0x5b7f75]
V  [jvm.dll+0x7df903]
V  [jvm.dll+0x7dfa4b]
V  [jvm.dll+0x4730c7]
V  [jvm.dll+0x478a18]
C  [java.dll+0x17ec]

Java frames: (J=compiled Java code, j=interpreted, Vv=VM code)
J 1068  java.lang.ClassLoader.defineClass1(Ljava/lang/ClassLoader;Ljava/lang/String;[BIILjava/security/ProtectionDomain;Ljava/lang/String;)Ljava/lang/Class; java.base@21.0.10 (0 bytes) @ 0x000001e05343bd89 [0x000001e05343bcc0+0x00000000000000c9]
J 10326 c2 java.security.SecureClassLoader.defineClass(Ljava/lang/String;[BIILjava/security/CodeSource;)Ljava/lang/Class; java.base@21.0.10 (16 bytes) @ 0x000001e0538f61a4 [0x000001e0538f5800+0x00000000000009a4]
J 11833 c2 java.net.URLClassLoader$1.run()Ljava/lang/Object; java.base@21.0.10 (5 bytes) @ 0x000001e053a03e3c [0x000001e053a023c0+0x0000000000001a7c]
J 7415 c2 java.net.URLClassLoader.findClass(Ljava/lang/String;)Ljava/lang/Class; java.base@21.0.10 (47 bytes) @ 0x000001e05379b59c [0x000001e05379b4e0+0x00000000000000bc]
J 7418 c2 java.lang.ClassLoader.loadClass(Ljava/lang/String;Z)Ljava/lang/Class; java.base@21.0.10 (121 bytes) @ 0x000001e0537a64c8 [0x000001e0537a61a0+0x0000000000000328]
J 5198 c2 java.lang.ClassLoader.loadClass(Ljava/lang/String;)Ljava/lang/Class; java.base@21.0.10 (7 bytes) @ 0x000001e05368c0ec [0x000001e05368c0a0+0x000000000000004c]
v  ~StubRoutines::call_stub 0x000001e052e2100d
j  com.android.tools.idea.gradle.project.sync.AndroidModule$V2.getFetchSyncIssuesAction$lambda$0(Lcom/android/tools/idea/gradle/project/sync/AndroidModule$V2;Lorg/gradle/tooling/BuildController;)Lkotlin/Unit;+44
j  com.android.tools.idea.gradle.project.sync.AndroidModule$V2$$Lambda+0x00000001014525d8.invoke(Ljava/lang/Object;)Ljava/lang/Object;+8
j  com.android.tools.idea.gradle.project.sync.ActionToRun.run$intellij_android_projectSystem_gradle_sync(Lorg/gradle/tooling/BuildController;)Ljava/lang/Object;+15
j  com.android.tools.idea.gradle.project.sync.SyncActionRunner.runActions$lambda$0(Ljava/util/List;Lcom/android/tools/idea/gradle/project/sync/SyncActionRunner;Lorg/gradle/tooling/BuildController;)Ljava/lang/Object;+25
j  com.android.tools.idea.gradle.project.sync.SyncActionRunner$$Lambda+0x00000001013feaa0.invoke(Ljava/lang/Object;)Ljava/lang/Object;+12
j  com.android.tools.idea.gradle.project.sync.SyncActionRunner.runAction(Lkotlin/jvm/functions/Function1;)Ljava/lang/Object;+12
j  com.android.tools.idea.gradle.project.sync.SyncActionRunner.runActions(Ljava/util/List;)Ljava/util/List;+50
j  com.android.tools.idea.gradle.project.sync.SyncProjectActionWorker.populateAndroidModels(Ljava/util/List;Z)Ljava/util/List;+505
j  com.android.tools.idea.gradle.project.sync.AndroidExtraModelProviderWorker.populateBuildModels()V+572
j  com.android.tools.idea.gradle.project.sync.AndroidExtraModelProviderImpl.populateBuildModels(Lorg/gradle/tooling/BuildController;Lorg/gradle/tooling/model/gradle/GradleBuild;Lorg/jetbrains/plugins/gradle/model/ProjectImportModelProvider$GradleModelConsumer;)V+268
j  com.android.tools.idea.gradle.project.sync.AndroidExtraModelProvider.populateModels(Lorg/gradle/tooling/BuildController;Ljava/util/Collection;Lorg/jetbrains/plugins/gradle/model/ProjectImportModelProvider$GradleModelConsumer;)V+92
j  com.intellij.gradle.toolingExtension.impl.modelAction.GradleModelFetchAction.lambda$populateModels$13(Lorg/jetbrains/plugins/gradle/model/ProjectImportModelProvider;Lorg/gradle/tooling/BuildController;Ljava/util/Collection;Lorg/jetbrains/plugins/gradle/model/ProjectImportModelProvider$GradleModelConsumer;Lio/opentelemetry/api/trace/Span;)V+4
j  com.intellij.gradle.toolingExtension.impl.modelAction.GradleModelFetchAction$$Lambda+0x00000001010f65b0.accept(Ljava/lang/Object;)V+20
j  com.intellij.gradle.toolingExtension.impl.telemetry.GradleOpenTelemetry.lambda$runWithSpan$1(Ljava/util/function/Consumer;Lio/opentelemetry/api/trace/Span;)Ljava/lang/Object;+2
j  com.intellij.gradle.toolingExtension.impl.telemetry.GradleOpenTelemetry$$Lambda+0x00000001010f3c18.apply(Ljava/lang/Object;)Ljava/lang/Object;+8
j  com.intellij.gradle.toolingExtension.impl.telemetry.GradleOpenTelemetry.callWithSpan(Ljava/lang/String;Ljava/util/function/Consumer;Ljava/util/function/Function;)Ljava/lang/Object;+66
j  com.intellij.gradle.toolingExtension.impl.telemetry.GradleOpenTelemetry.callWithSpan(Ljava/lang/String;Ljava/util/function/Function;)Ljava/lang/Object;+24
j  com.intellij.gradle.toolingExtension.impl.telemetry.GradleOpenTelemetry.runWithSpan(Ljava/lang/String;Ljava/util/function/Consumer;)V+24
j  com.intellij.gradle.toolingExtension.impl.modelAction.GradleModelFetchAction.populateModels(Lorg/gradle/tooling/BuildController;Lcom/intellij/gradle/toolingExtension/impl/telemetry/GradleOpenTelemetry;Lorg/jetbrains/plugins/gradle/model/ProjectImportModelProvider$GradleModelConsumer;Ljava/util/Collection;Ljava/util/Collection;)V+95
j  com.intellij.gradle.toolingExtension.impl.modelAction.GradleModelFetchAction.lambda$executeAction$11(Lcom/intellij/gradle/toolingExtension/modelAction/GradleModelFetchPhase;Lorg/gradle/tooling/BuildController;Lcom/intellij/gradle/toolingExtension/impl/telemetry/GradleOpenTelemetry;Lorg/jetbrains/plugins/gradle/model/ProjectImportModelProvider$GradleModelConsumer;Ljava/util/Collection;Lcom/intellij/gradle/toolingExtension/impl/modelAction/GradleDaemonModelHolder;Lio/opentelemetry/api/trace/Span;)V+26
j  com.intellij.gradle.toolingExtension.impl.modelAction.GradleModelFetchAction$$Lambda+0x00000001010f5e60.accept(Ljava/lang/Object;)V+32
j  com.intellij.gradle.toolingExtension.impl.telemetry.GradleOpenTelemetry.lambda$runWithSpan$1(Ljava/util/function/Consumer;Lio/opentelemetry/api/trace/Span;)Ljava/lang/Object;+2
j  com.intellij.gradle.toolingExtension.impl.telemetry.GradleOpenTelemetry$$Lambda+0x00000001010f3c18.apply(Ljava/lang/Object;)Ljava/lang/Object;+8
j  com.intellij.gradle.toolingExtension.impl.telemetry.GradleOpenTelemetry.callWithSpan(Ljava/lang/String;Ljava/util/function/Consumer;Ljava/util/function/Function;)Ljava/lang/Object;+66
j  com.intellij.gradle.toolingExtension.impl.telemetry.GradleOpenTelemetry.callWithSpan(Ljava/lang/String;Ljava/util/function/Function;)Ljava/lang/Object;+24
j  com.intellij.gradle.toolingExtension.impl.telemetry.GradleOpenTelemetry.runWithSpan(Ljava/lang/String;Ljava/util/function/Consumer;)V+24
j  com.intellij.gradle.toolingExtension.impl.modelAction.GradleModelFetchAction.lambda$executeAction$12(Lcom/intellij/gradle/toolingExtension/impl/telemetry/GradleOpenTelemetry;Lorg/gradle/tooling/BuildController;Lorg/jetbrains/plugins/gradle/model/ProjectImportModelProvider$GradleModelConsumer;Ljava/util/Collection;Lcom/intellij/gradle/toolingExtension/impl/modelAction/GradleDaemonModelHolder;Lcom/intellij/gradle/toolingExtension/modelAction/GradleModelFetchPhase;)V+23
j  com.intellij.gradle.toolingExtension.impl.modelAction.GradleModelFetchAction$$Lambda+0x00000001010f5bf8.accept(Ljava/lang/Object;)V+28
j  java.util.ArrayList.forEach(Ljava/util/function/Consumer;)V+46 java.base@21.0.10
j  com.intellij.gradle.toolingExtension.impl.modelAction.GradleModelFetchAction.executeAction(Lorg/gradle/tooling/BuildController;Ljava/util/concurrent/ExecutorService;Lcom/intellij/gradle/toolingExtension/impl/telemetry/GradleOpenTelemetry;Lcom/intellij/gradle/toolingExtension/impl/modelAction/GradleDaemonModelHolder;)V+79
j  com.intellij.gradle.toolingExtension.impl.modelAction.GradleModelFetchAction.lambda$doExecute$5(Lorg/gradle/tooling/BuildController;Ljava/util/concurrent/ExecutorService;Lcom/intellij/gradle/toolingExtension/impl/telemetry/GradleOpenTelemetry;Lio/opentelemetry/api/trace/Span;)V+8
j  com.intellij.gradle.toolingExtension.impl.modelAction.GradleModelFetchAction$$Lambda+0x00000001010f39b0.accept(Ljava/lang/Object;)V+20
j  com.intellij.gradle.toolingExtension.impl.telemetry.GradleOpenTelemetry.lambda$runWithSpan$1(Ljava/util/function/Consumer;Lio/opentelemetry/api/trace/Span;)Ljava/lang/Object;+2
j  com.intellij.gradle.toolingExtension.impl.telemetry.GradleOpenTelemetry$$Lambda+0x00000001010f3c18.apply(Ljava/lang/Object;)Ljava/lang/Object;+8
j  com.intellij.gradle.toolingExtension.impl.telemetry.GradleOpenTelemetry.callWithSpan(Ljava/lang/String;Ljava/util/function/Consumer;Ljava/util/function/Function;)Ljava/lang/Object;+66
j  com.intellij.gradle.toolingExtension.impl.telemetry.GradleOpenTelemetry.callWithSpan(Ljava/lang/String;Ljava/util/function/Function;)Ljava/lang/Object;+24
j  com.intellij.gradle.toolingExtension.impl.telemetry.GradleOpenTelemetry.runWithSpan(Ljava/lang/String;Ljava/util/function/Consumer;)V+24
j  com.intellij.gradle.toolingExtension.impl.modelAction.GradleModelFetchAction.doExecute(Lorg/gradle/tooling/BuildController;Ljava/util/concurrent/ExecutorService;Lcom/intellij/gradle/toolingExtension/impl/telemetry/GradleOpenTelemetry;)Lcom/intellij/gradle/toolingExtension/impl/modelAction/GradleModelHolderState;+119
j  com.intellij.gradle.toolingExtension.impl.modelAction.GradleModelFetchAction.lambda$execute$1(Lorg/gradle/tooling/BuildController;Ljava/util/concurrent/ExecutorService;Lcom/intellij/gradle/toolingExtension/impl/telemetry/GradleOpenTelemetry;Lio/opentelemetry/api/trace/Span;)Lcom/intellij/gradle/toolingExtension/impl/modelAction/GradleModelHolderState;+4
j  com.intellij.gradle.toolingExtension.impl.modelAction.GradleModelFetchAction$$Lambda+0x0000000100576d90.apply(Ljava/lang/Object;)Ljava/lang/Object;+20
j  com.intellij.gradle.toolingExtension.impl.telemetry.GradleOpenTelemetry.callWithSpan(Ljava/lang/String;Ljava/util/function/Consumer;Ljava/util/function/Function;)Ljava/lang/Object;+66
j  com.intellij.gradle.toolingExtension.impl.telemetry.GradleOpenTelemetry.callWithSpan(Ljava/lang/String;Ljava/util/function/Function;)Ljava/lang/Object;+24
j  com.intellij.gradle.toolingExtension.impl.modelAction.GradleModelFetchAction.lambda$execute$2(Lorg/gradle/tooling/BuildController;Ljava/util/concurrent/ExecutorService;Lcom/intellij/gradle/toolingExtension/impl/telemetry/GradleOpenTelemetry;)Lcom/intellij/gradle/toolingExtension/impl/modelAction/GradleModelHolderState;+13
j  com.intellij.gradle.toolingExtension.impl.modelAction.GradleModelFetchAction$$Lambda+0x000000010056e508.apply(Ljava/lang/Object;)Ljava/lang/Object;+16
j  com.intellij.gradle.toolingExtension.impl.modelAction.GradleModelFetchAction.withOpenTelemetry(Ljava/util/function/Function;)Lcom/intellij/gradle/toolingExtension/impl/modelAction/GradleModelHolderState;+19
j  com.intellij.gradle.toolingExtension.impl.modelAction.GradleModelFetchAction.lambda$execute$3(Lorg/gradle/tooling/BuildController;Ljava/util/concurrent/ExecutorService;)Lcom/intellij/gradle/toolingExtension/impl/modelAction/GradleModelHolderState;+8
j  com.intellij.gradle.toolingExtension.impl.modelAction.GradleModelFetchAction$$Lambda+0x000000010056de00.apply(Ljava/lang/Object;)Ljava/lang/Object;+12
j  com.intellij.gradle.toolingExtension.impl.util.GradleExecutorServiceUtil.withSingleThreadExecutor(Ljava/lang/String;Ljava/util/function/Function;)Ljava/lang/Object;+31
j  com.intellij.gradle.toolingExtension.impl.modelAction.GradleModelFetchAction.execute(Lorg/gradle/tooling/BuildController;)Lcom/intellij/gradle/toolingExtension/impl/modelAction/GradleModelHolderState;+22
j  com.intellij.gradle.toolingExtension.impl.modelAction.GradleModelFetchAction.execute(Lorg/gradle/tooling/BuildController;)Ljava/lang/Object;+2
j  org.gradle.tooling.internal.consumer.connection.InternalBuildActionAdapter.execute(Lorg/gradle/tooling/internal/protocol/InternalBuildControllerVersion2;)Ljava/lang/Object;+11
j  org.gradle.tooling.internal.provider.runner.AbstractClientProvidedBuildActionRunner$ActionAdapter.executeAction(Ljava/lang/Object;Lorg/gradle/tooling/internal/provider/runner/DefaultBuildController;)Ljava/lang/Object;+12
j  org.gradle.tooling.internal.provider.runner.AbstractClientProvidedBuildActionRunner$ActionAdapter.runAction(Lorg/gradle/internal/buildtree/BuildTreeModelController;Ljava/lang/Object;Lorg/gradle/tooling/internal/protocol/PhasedActionResult$Phase;)V+29
j  org.gradle.tooling.internal.provider.runner.AbstractClientProvidedBuildActionRunner$ActionAdapter.fromBuildModel(Lorg/gradle/internal/buildtree/BuildTreeModelController;)Lorg/gradle/tooling/internal/provider/serialization/SerializedPayload;+14
j  org.gradle.tooling.internal.provider.runner.AbstractClientProvidedBuildActionRunner$ActionAdapter.fromBuildModel(Lorg/gradle/internal/buildtree/BuildTreeModelController;)Ljava/lang/Object;+2
j  org.gradle.internal.buildtree.DefaultBuildTreeModelCreator.fromBuildModel(Lorg/gradle/internal/buildtree/BuildTreeModelAction;)Ljava/lang/Object;+10
j  org.gradle.internal.buildtree.DefaultBuildTreeLifecycleController.lambda$fromBuildModel$2(Lorg/gradle/internal/buildtree/BuildTreeModelAction;Z)Lorg/gradle/internal/build/ExecutionResult;+57
j  org.gradle.internal.buildtree.DefaultBuildTreeLifecycleController$$Lambda+0x0000000100543c80.get()Ljava/lang/Object;+12
j  org.gradle.internal.buildtree.DefaultBuildTreeLifecycleController.lambda$runBuild$4(Ljava/util/function/Supplier;)Ljava/lang/Object;+1
j  org.gradle.internal.buildtree.DefaultBuildTreeLifecycleController$$Lambda+0x0000000100564000.get()Ljava/lang/Object;+8
j  org.gradle.internal.model.StateTransitionController.lambda$transition$6(Ljava/util/function/Supplier;)Lorg/gradle/internal/build/ExecutionResult;+1
j  org.gradle.internal.model.StateTransitionController$$Lambda+0x00000001005644b0.get()Ljava/lang/Object;+4
j  org.gradle.internal.model.StateTransitionController.doTransition(Lorg/gradle/internal/model/StateTransitionController$State;Lorg/gradle/internal/model/StateTransitionController$State;Ljava/util/function/Supplier;)Lorg/gradle/internal/build/ExecutionResult;+24
j  org.gradle.internal.model.StateTransitionController.lambda$transition$7(Lorg/gradle/internal/model/StateTransitionController$State;Lorg/gradle/internal/model/StateTransitionController$State;Ljava/util/function/Supplier;)Ljava/lang/Object;+9
j  org.gradle.internal.model.StateTransitionController$$Lambda+0x0000000100564258.create()Ljava/lang/Object;+16
j  org.gradle.internal.work.DefaultSynchronizer.withLock(Lorg/gradle/internal/Factory;)Ljava/lang/Object;+6
j  org.gradle.internal.model.StateTransitionController.transition(Lorg/gradle/internal/model/StateTransitionController$State;Lorg/gradle/internal/model/StateTransitionController$State;Ljava/util/function/Supplier;)Ljava/lang/Object;+13
j  org.gradle.internal.buildtree.DefaultBuildTreeLifecycleController.runBuild(Ljava/util/function/Supplier;)Ljava/lang/Object;+17
j  org.gradle.internal.buildtree.DefaultBuildTreeLifecycleController.fromBuildModel(ZLorg/gradle/internal/buildtree/BuildTreeModelAction;)Ljava/lang/Object;+9
j  org.gradle.tooling.internal.provider.runner.AbstractClientProvidedBuildActionRunner.runClientAction(Lorg/gradle/tooling/internal/provider/runner/AbstractClientProvidedBuildActionRunner$ClientAction;Lorg/gradle/internal/buildtree/BuildTreeLifecycleController;)Lorg/gradle/internal/buildtree/BuildActionRunner$Result;+22
j  org.gradle.tooling.internal.provider.runner.ClientProvidedPhasedActionRunner.run(Lorg/gradle/internal/invocation/BuildAction;Lorg/gradle/internal/buildtree/BuildTreeLifecycleController;)Lorg/gradle/internal/buildtree/BuildActionRunner$Result;+45
j  org.gradle.launcher.exec.ChainingBuildActionRunner.run(Lorg/gradle/internal/invocation/BuildAction;Lorg/gradle/internal/buildtree/BuildTreeLifecycleController;)Lorg/gradle/internal/buildtree/BuildActionRunner$Result;+34
j  org.gradle.internal.buildtree.ProblemReportingBuildActionRunner.run(Lorg/gradle/internal/invocation/BuildAction;Lorg/gradle/internal/buildtree/BuildTreeLifecycleController;)Lorg/gradle/internal/buildtree/BuildActionRunner$Result;+12
j  org.gradle.launcher.exec.BuildOutcomeReportingBuildActionRunner.run(Lorg/gradle/internal/invocation/BuildAction;Lorg/gradle/internal/buildtree/BuildTreeLifecycleController;)Lorg/gradle/internal/buildtree/BuildActionRunner$Result;+69
j  org.gradle.tooling.internal.provider.FileSystemWatchingBuildActionRunner.run(Lorg/gradle/internal/invocation/BuildAction;Lorg/gradle/internal/buildtree/BuildTreeLifecycleController;)Lorg/gradle/internal/buildtree/BuildActionRunner$Result;+317
j  org.gradle.launcher.exec.BuildCompletionNotifyingBuildActionRunner.run(Lorg/gradle/internal/invocation/BuildAction;Lorg/gradle/internal/buildtree/BuildTreeLifecycleController;)Lorg/gradle/internal/buildtree/BuildActionRunner$Result;+6
j  org.gradle.launcher.exec.RootBuildLifecycleBuildActionExecutor.lambda$execute$0(Lorg/gradle/internal/invocation/BuildAction;Lorg/gradle/internal/buildtree/BuildTreeLifecycleController;)Lorg/gradle/internal/buildtree/BuildActionRunner$Result;+6
j  org.gradle.launcher.exec.RootBuildLifecycleBuildActionExecutor$$Lambda+0x000000010050f2a8.apply(Ljava/lang/Object;)Ljava/lang/Object;+12
j  org.gradle.composite.internal.DefaultRootBuildState.run(Ljava/util/function/Function;)Ljava/lang/Object;+87
j  org.gradle.launcher.exec.RootBuildLifecycleBuildActionExecutor.execute(Lorg/gradle/internal/invocation/BuildAction;Lorg/gradle/internal/buildtree/BuildTreeContext;)Lorg/gradle/internal/buildtree/BuildActionRunner$Result;+75
j  org.gradle.internal.buildtree.InitDeprecationLoggingActionExecutor.execute(Lorg/gradle/internal/invocation/BuildAction;Lorg/gradle/internal/buildtree/BuildTreeContext;)Lorg/gradle/internal/buildtree/BuildActionRunner$Result;+83
j  org.gradle.internal.buildtree.InitProblems.execute(Lorg/gradle/internal/invocation/BuildAction;Lorg/gradle/internal/buildtree/BuildTreeContext;)Lorg/gradle/internal/buildtree/BuildActionRunner$Result;+13
j  org.gradle.internal.buildtree.DefaultBuildTreeContext.execute(Lorg/gradle/internal/invocation/BuildAction;)Lorg/gradle/internal/buildtree/BuildActionRunner$Result;+64
j  org.gradle.launcher.exec.BuildTreeLifecycleBuildActionExecutor.lambda$execute$0(Lorg/gradle/internal/invocation/BuildAction;Lorg/gradle/internal/buildtree/BuildTreeContext;)Lorg/gradle/internal/buildtree/BuildActionRunner$Result;+2
j  org.gradle.launcher.exec.BuildTreeLifecycleBuildActionExecutor$$Lambda+0x0000000100400490.apply(Ljava/lang/Object;)Ljava/lang/Object;+8
j  org.gradle.internal.buildtree.BuildTreeState.run(Ljava/util/function/Function;)Ljava/lang/Object;+47
j  org.gradle.launcher.exec.BuildTreeLifecycleBuildActionExecutor.execute(Lorg/gradle/internal/invocation/BuildAction;Lorg/gradle/internal/session/BuildSessionContext;)Lorg/gradle/internal/buildtree/BuildActionRunner$Result;+74
j  org.gradle.launcher.exec.RunAsBuildOperationBuildActionExecutor$2.call(Lorg/gradle/internal/operations/BuildOperationContext;)Lorg/gradle/internal/buildtree/BuildActionRunner$Result;+25
j  org.gradle.launcher.exec.RunAsBuildOperationBuildActionExecutor$2.call(Lorg/gradle/internal/operations/BuildOperationContext;)Ljava/lang/Object;+2
j  org.gradle.internal.operations.DefaultBuildOperationRunner$CallableBuildOperationWorker.execute(Lorg/gradle/internal/operations/CallableBuildOperation;Lorg/gradle/internal/operations/BuildOperationContext;)V+3
j  org.gradle.internal.operations.DefaultBuildOperationRunner$CallableBuildOperationWorker.execute(Lorg/gradle/internal/operations/BuildOperation;Lorg/gradle/internal/operations/BuildOperationContext;)V+6
j  org.gradle.internal.operations.DefaultBuildOperationRunner$2.execute(Lorg/gradle/internal/operations/BuildOperationDescriptor;Lorg/gradle/internal/operations/BuildOperationState;Lorg/gradle/internal/operations/BuildOperationState;Lorg/gradle/internal/operations/DefaultBuildOperationRunner$ReadableBuildOperationContext;Lorg/gradle/internal/operations/DefaultBuildOperationRunner$BuildOperationExecutionListener;)Lorg/gradle/internal/operations/BuildOperation;+22
j  org.gradle.internal.operations.DefaultBuildOperationRunner$2.execute(Lorg/gradle/internal/operations/BuildOperationDescriptor;Lorg/gradle/internal/operations/BuildOperationState;Lorg/gradle/internal/operations/BuildOperationState;Lorg/gradle/internal/operations/DefaultBuildOperationRunner$ReadableBuildOperationContext;Lorg/gradle/internal/operations/DefaultBuildOperationRunner$BuildOperationExecutionListener;)Ljava/lang/Object;+8
j  org.gradle.internal.operations.DefaultBuildOperationRunner.execute(Lorg/gradle/internal/operations/BuildOperationDescriptor$Builder;Lorg/gradle/internal/operations/BuildOperationState;Lorg/gradle/internal/operations/DefaultBuildOperationRunner$BuildOperationExecution;)Ljava/lang/Object;+141
j  org.gradle.internal.operations.DefaultBuildOperationRunner.execute(Lorg/gradle/internal/operations/BuildOperation;Lorg/gradle/internal/operations/BuildOperationWorker;Lorg/gradle/internal/operations/BuildOperationState;)V+18
j  org.gradle.internal.operations.DefaultBuildOperationRunner.call(Lorg/gradle/internal/operations/CallableBuildOperation;)Ljava/lang/Object;+16
j  org.gradle.launcher.exec.RunAsBuildOperationBuildActionExecutor.execute(Lorg/gradle/internal/invocation/BuildAction;Lorg/gradle/internal/session/BuildSessionContext;)Lorg/gradle/internal/buildtree/BuildActionRunner$Result;+23
j  org.gradle.launcher.exec.RunAsWorkerThreadBuildActionExecutor.lambda$execute$0(Lorg/gradle/internal/invocation/BuildAction;Lorg/gradle/internal/session/BuildSessionContext;)Lorg/gradle/internal/buildtree/BuildActionRunner$Result;+6
j  org.gradle.launcher.exec.RunAsWorkerThreadBuildActionExecutor$$Lambda+0x00000001003c9a10.create()Ljava/lang/Object;+12
j  org.gradle.internal.work.DefaultWorkerLeaseService.withLocks(Ljava/util/Collection;Lorg/gradle/internal/Factory;)Ljava/lang/Object;+28
j  org.gradle.internal.work.DefaultWorkerLeaseService.runAsWorkerThread(Lorg/gradle/internal/Factory;)Ljava/lang/Object;+33
j  org.gradle.launcher.exec.RunAsWorkerThreadBuildActionExecutor.execute(Lorg/gradle/internal/invocation/BuildAction;Lorg/gradle/internal/session/BuildSessionContext;)Lorg/gradle/internal/buildtree/BuildActionRunner$Result;+12
j  org.gradle.tooling.internal.provider.continuous.ContinuousBuildActionExecutor.execute(Lorg/gradle/internal/invocation/BuildAction;Lorg/gradle/internal/session/BuildSessionContext;)Lorg/gradle/internal/buildtree/BuildActionRunner$Result;+58
j  org.gradle.tooling.internal.provider.SubscribableBuildActionExecutor.execute(Lorg/gradle/internal/invocation/BuildAction;Lorg/gradle/internal/session/BuildSessionContext;)Lorg/gradle/internal/buildtree/BuildActionRunner$Result;+30
j  org.gradle.internal.session.DefaultBuildSessionContext.execute(Lorg/gradle/internal/invocation/BuildAction;)Lorg/gradle/internal/buildtree/BuildActionRunner$Result;+64
j  org.gradle.internal.buildprocess.execution.BuildSessionLifecycleBuildActionExecutor$ActionImpl.apply(Lorg/gradle/internal/session/BuildSessionContext;)Lorg/gradle/launcher/exec/BuildActionResult;+6
j  org.gradle.internal.buildprocess.execution.BuildSessionLifecycleBuildActionExecutor$ActionImpl.apply(Ljava/lang/Object;)Ljava/lang/Object;+5
j  org.gradle.internal.session.BuildSessionState.run(Ljava/util/function/Function;)Ljava/lang/Object;+5
j  org.gradle.internal.buildprocess.execution.BuildSessionLifecycleBuildActionExecutor.execute(Lorg/gradle/internal/invocation/BuildAction;Lorg/gradle/launcher/exec/BuildActionParameters;Lorg/gradle/initialization/BuildRequestContext;)Lorg/gradle/launcher/exec/BuildActionResult;+95
j  org.gradle.internal.buildprocess.execution.BuildSessionLifecycleBuildActionExecutor.execute(Lorg/gradle/internal/invocation/BuildAction;Ljava/lang/Object;Ljava/lang/Object;)Lorg/gradle/launcher/exec/BuildActionResult;+10
j  org.gradle.internal.buildprocess.execution.StartParamsValidatingActionExecutor.execute(Lorg/gradle/internal/invocation/BuildAction;Lorg/gradle/launcher/exec/BuildActionParameters;Lorg/gradle/initialization/BuildRequestContext;)Lorg/gradle/launcher/exec/BuildActionResult;+203
j  org.gradle.internal.buildprocess.execution.StartParamsValidatingActionExecutor.execute(Lorg/gradle/internal/invocation/BuildAction;Ljava/lang/Object;Ljava/lang/Object;)Lorg/gradle/launcher/exec/BuildActionResult;+10
j  org.gradle.internal.buildprocess.execution.SessionFailureReportingActionExecutor.execute(Lorg/gradle/internal/invocation/BuildAction;Lorg/gradle/launcher/exec/BuildActionParameters;Lorg/gradle/initialization/BuildRequestContext;)Lorg/gradle/launcher/exec/BuildActionResult;+7
j  org.gradle.internal.buildprocess.execution.SessionFailureReportingActionExecutor.execute(Lorg/gradle/internal/invocation/BuildAction;Ljava/lang/Object;Ljava/lang/Object;)Lorg/gradle/launcher/exec/BuildActionResult;+10
j  org.gradle.internal.buildprocess.execution.SetupLoggingActionExecutor.execute(Lorg/gradle/internal/invocation/BuildAction;Lorg/gradle/launcher/exec/BuildActionParameters;Lorg/gradle/initialization/BuildRequestContext;)Lorg/gradle/launcher/exec/BuildActionResult;+50
j  org.gradle.internal.buildprocess.execution.SetupLoggingActionExecutor.execute(Lorg/gradle/internal/invocation/BuildAction;Ljava/lang/Object;Ljava/lang/Object;)Lorg/gradle/launcher/exec/BuildActionResult;+10
j  org.gradle.launcher.daemon.server.exec.ExecuteBuild.doBuild(Lorg/gradle/launcher/daemon/server/api/DaemonCommandExecution;Lorg/gradle/launcher/daemon/protocol/Build;)V+147
j  org.gradle.launcher.daemon.server.exec.BuildCommandOnly.execute(Lorg/gradle/launcher/daemon/server/api/DaemonCommandExecution;)V+49
j  org.gradle.launcher.daemon.server.api.DaemonCommandExecution.proceed()Z+23
j  org.gradle.launcher.daemon.server.exec.WatchForDisconnection.execute(Lorg/gradle/launcher/daemon/server/api/DaemonCommandExecution;)V+19
j  org.gradle.launcher.daemon.server.api.DaemonCommandExecution.proceed()Z+23
j  org.gradle.launcher.daemon.server.exec.ResetDeprecationLogger.execute(Lorg/gradle/launcher/daemon/server/api/DaemonCommandExecution;)V+7
j  org.gradle.launcher.daemon.server.api.DaemonCommandExecution.proceed()Z+23
j  org.gradle.launcher.daemon.server.exec.RequestStopIfSingleUsedDaemon.execute(Lorg/gradle/launcher/daemon/server/api/DaemonCommandExecution;)V+33
j  org.gradle.launcher.daemon.server.api.DaemonCommandExecution.proceed()Z+23
j  org.gradle.launcher.daemon.server.exec.ForwardClientInput.lambda$execute$0(Lorg/gradle/launcher/daemon/server/api/DaemonCommandExecution;Lorg/gradle/internal/daemon/clientinput/StdinHandler;)Ljava/lang/Object;+11
j  org.gradle.launcher.daemon.server.exec.ForwardClientInput$$Lambda+0x000000010028bc98.apply(Ljava/lang/Object;)Ljava/lang/Object;+8
j  org.gradle.internal.daemon.clientinput.ClientInputForwarder.forwardInput(Ljava/util/function/Function;)Ljava/lang/Object;+46
j  org.gradle.launcher.daemon.server.exec.ForwardClientInput.execute(Lorg/gradle/launcher/daemon/server/api/DaemonCommandExecution;)V+10
j  org.gradle.launcher.daemon.server.api.DaemonCommandExecution.proceed()Z+23
j  org.gradle.launcher.daemon.server.exec.LogAndCheckHealth.execute(Lorg/gradle/launcher/daemon/server/api/DaemonCommandExecution;)V+51
j  org.gradle.launcher.daemon.server.api.DaemonCommandExecution.proceed()Z+23
j  org.gradle.launcher.daemon.server.exec.LogToClient.doBuild(Lorg/gradle/launcher/daemon/server/api/DaemonCommandExecution;Lorg/gradle/launcher/daemon/protocol/Build;)V+87
j  org.gradle.launcher.daemon.server.exec.BuildCommandOnly.execute(Lorg/gradle/launcher/daemon/server/api/DaemonCommandExecution;)V+49
j  org.gradle.launcher.daemon.server.api.DaemonCommandExecution.proceed()Z+23
j  org.gradle.launcher.daemon.server.exec.EstablishBuildEnvironment.doBuild(Lorg/gradle/launcher/daemon/server/api/DaemonCommandExecution;Lorg/gradle/launcher/daemon/protocol/Build;)V+356
j  org.gradle.launcher.daemon.server.exec.BuildCommandOnly.execute(Lorg/gradle/launcher/daemon/server/api/DaemonCommandExecution;)V+49
j  org.gradle.launcher.daemon.server.api.DaemonCommandExecution.proceed()Z+23
j  org.gradle.launcher.daemon.server.exec.StartBuildOrRespondWithBusy$1.run()V+44
j  org.gradle.launcher.daemon.server.DaemonStateCoordinator.lambda$runCommand$0(Ljava/lang/Runnable;)V+1
j  org.gradle.launcher.daemon.server.DaemonStateCoordinator$$Lambda+0x000000010028ebf8.run()V+8
j  org.gradle.internal.concurrent.ExecutorPolicy$CatchAndRecordFailures.onExecute(Ljava/lang/Runnable;)V+1
j  org.gradle.internal.concurrent.AbstractManagedExecutor$1.run()V+25
j  java.util.concurrent.ThreadPoolExecutor.runWorker(Ljava/util/concurrent/ThreadPoolExecutor$Worker;)V+92 java.base@21.0.10
j  java.util.concurrent.ThreadPoolExecutor$Worker.run()V+5 java.base@21.0.10
j  java.lang.Thread.runWith(Ljava/lang/Object;Ljava/lang/Runnable;)V+5 java.base@21.0.10
j  java.lang.Thread.run()V+19 java.base@21.0.10
v  ~StubRoutines::call_stub 0x000001e052e2100d

Compiled method (n/a) 800277 1068     n 0       java.lang.ClassLoader::defineClass1 (native)
 total in heap  [0x000001e05343bb10,0x000001e05343c0a0] = 1424
 relocation     [0x000001e05343bc70,0x000001e05343bca8] = 56
 main code      [0x000001e05343bcc0,0x000001e05343c099] = 985
 stub code      [0x000001e05343c099,0x000001e05343c0a0] = 7

[Constant Pool (empty)]

[MachCode]
[Entry Point]
  # {method} {0x000001e061025040} 'defineClass1' '(Ljava/lang/ClassLoader;Ljava/lang/String;[BIILjava/security/ProtectionDomain;Ljava/lang/String;)Ljava/lang/Class;' in 'java/lang/ClassLoader'
  # parm0:    rdx:rdx   = 'java/lang/ClassLoader'
  # parm1:    r8:r8     = 'java/lang/String'
  # parm2:    r9:r9     = '[B'
  # parm3:    rdi       = int
  # parm4:    rsi       = int
  # parm5:    rcx:rcx   = 'java/security/ProtectionDomain'
  # parm6:    [sp+0xa0]   = 'java/lang/String'  (sp of caller)
  0x000001e05343bcc0: 448b 5208 | 49c1 e203 | 493b c20f | 8407 0000 

  0x000001e05343bcd0: ;   {runtime_call ic_miss_stub}
  0x000001e05343bcd0: 00e9 aa2a | a3ff 6690 
[Verified Entry Point]
  0x000001e05343bcd8: 8984 2400 | 80ff ff55 | 488b ec48 | 81ec 9000 | 0000 6690 | 4181 7f20 | 1f00 0000 

  0x000001e05343bcf4: ;   {runtime_call StubRoutines (final stubs)}
  0x000001e05343bcf4: 7405 e805 | faa1 ff48 | 837d 1000 | 488d 4510 | 480f 4445 | 1048 8944 | 2440 4889 | 4c24 7048 
  0x000001e05343bd14: 83f9 0048 | 8d44 2470 | 480f 4444 | 2470 4889 | 4424 3848 | 8974 2430 | 4889 7c24 | 284c 894c 
  0x000001e05343bd34: 2458 4983 | f900 488d | 4424 5848 | 0f44 4424 | 5848 8944 | 2420 4c89 | 4424 5049 | 83f8 004c 
  0x000001e05343bd54: 8d4c 2450 | 4c0f 444c | 2450 4889 | 5424 4848 | 83fa 004c | 8d44 2448 | 4c0f 4444 

  0x000001e05343bd70: ;   {oop(a 'java/lang/Class'{0x000000008058ae58} = 'java/lang/ClassLoader')}
  0x000001e05343bd70: 2448 49be | 58ae 5880 | 0000 0000 | 4c89 7424 | 784c 8d74 | 2478 498b | d6c5 f877 

  0x000001e05343bd8c: ;   {internal_word}
  0x000001e05343bd8c: 49ba 89bd | 4353 e001 | 0000 4d89 | 97a8 0300 | 0049 89a7 | a003 0000 

  0x000001e05343bda4: ;   {external_word}
  0x000001e05343bda4: 49ba a8fa | 93e0 f87f | 0000 4180 | 3a00 0f84 | 4e00 0000 | 5241 5041 

  0x000001e05343bdbc: ;   {metadata({method} {0x000001e061025040} 'defineClass1' '(Ljava/lang/ClassLoader;Ljava/lang/String;[BIILjava/security/ProtectionDomain;Ljava/lang/String;)Ljava/lang/Class;' in 'java/lang/ClassLoader')}
  0x000001e05343bdbc: 5148 ba38 | 5002 61e0 | 0100 0049 | 8bcf 4883 | ec20 40f6 | c40f 0f84 | 1900 0000 | 4883 ec08 
  0x000001e05343bddc: ;   {runtime_call}
  0x000001e05343bddc: 48b8 30e9 | 4de0 f87f | 0000 ffd0 | 4883 c408 | e90c 0000 

  0x000001e05343bdf0: ;   {runtime_call}
  0x000001e05343bdf0: 0048 b830 | e94d e0f8 | 7f00 00ff | d048 83c4 | 2041 5941 | 585a 498d | 8fc0 0300 | 0041 c787 
  0x000001e05343be10: 4c04 0000 | 0400 0000 

  0x000001e05343be18: ;   {runtime_call}
  0x000001e05343be18: 48b8 ac16 | d838 f97f | 0000 ffd0 | c5f8 7741 | c787 4c04 | 0000 0500 | 0000 f083 | 4424 c000 
  0x000001e05343be38: 493b af50 | 0400 000f | 870e 0000 | 0041 83bf | 4804 0000 | 000f 842b | 0000 00c5 | f877 4889 
  0x000001e05343be58: 45f8 498b | cf4c 8be4 | 4883 ec20 | 4883 e4f0 

  0x000001e05343be68: ;   {runtime_call}
  0x000001e05343be68: 48b8 e01e | 19e0 f87f | 0000 ffd0 | 498b e44d | 33e4 488b | 45f8 41c7 | 874c 0400 | 0008 0000 
  0x000001e05343be88: 0041 83bf | c804 0000 | 020f 84d5 

  0x000001e05343be94: ;   {external_word}
  0x000001e05343be94: 0100 0049 | baa8 fa93 | e0f8 7f00 | 0041 803a | 000f 844c | 0000 0048 

  0x000001e05343beac: ;   {metadata({method} {0x000001e061025040} 'defineClass1' '(Ljava/lang/ClassLoader;Ljava/lang/String;[BIILjava/security/ProtectionDomain;Ljava/lang/String;)Ljava/lang/Class;' in 'java/lang/ClassLoader')}
  0x000001e05343beac: 8945 f848 | ba38 5002 | 61e0 0100 | 0049 8bcf | 4883 ec20 | 40f6 c40f | 0f84 1900 | 0000 4883 
  0x000001e05343becc: ;   {runtime_call}
  0x000001e05343becc: ec08 48b8 | 30e9 4de0 | f87f 0000 | ffd0 4883 | c408 e90c 

  0x000001e05343bee0: ;   {runtime_call}
  0x000001e05343bee0: 0000 0048 | b830 e94d | e0f8 7f00 | 00ff d048 | 83c4 2048 | 8b45 f849 | c787 a003 | 0000 0000 
  0x000001e05343bf00: 0000 49c7 | 87a8 0300 | 0000 0000 | 00c5 f877 | 4885 c00f | 8430 0100 | 00a8 030f | 8508 0000 
  0x000001e05343bf20: 0048 8b00 | e920 0100 | 00a8 010f | 8509 0000 | 0048 8b40 | fee9 0f01 | 0000 488b | 40ff 4180 
  0x000001e05343bf40: 7f40 000f | 8400 0100 | 0048 83f8 | 000f 84f6 | 0000 0049 | 8b4f 2848 | 83f9 000f | 8414 0000 
  0x000001e05343bf60: 0048 83e9 | 0849 894f | 2849 034f | 3848 8901 | e9d4 0000 | 0048 83ec | 7048 8904 | 2448 894c 
  0x000001e05343bf80: 2408 4889 | 5424 104c | 8944 2418 | 4c89 4c24 | 204c 8954 | 2428 4c89 | 5c24 30c5 | fb11 4424 
  0x000001e05343bfa0: 40c5 fb11 | 4c24 48c5 | fb11 5424 | 50c5 fb11 | 5c24 58c5 | fb11 6424 | 60c5 fb11 | 6c24 6849 
  0x000001e05343bfc0: 8bd7 488b | c848 83ec | 2040 f6c4 | 0f0f 8419 | 0000 0048 

  0x000001e05343bfd4: ;   {runtime_call}
  0x000001e05343bfd4: 83ec 0848 | b800 2a0c | e0f8 7f00 | 00ff d048 | 83c4 08e9 | 0c00 0000 

  0x000001e05343bfec: ;   {runtime_call}
  0x000001e05343bfec: 48b8 002a | 0ce0 f87f | 0000 ffd0 | 4883 c420 | c5fb 106c | 2468 c5fb | 1064 2460 | c5fb 105c 
  0x000001e05343c00c: 2458 c5fb | 1054 2450 | c5fb 104c | 2448 c5fb | 1044 2440 | 4c8b 5c24 | 304c 8b54 | 2428 4c8b 
  0x000001e05343c02c: 4c24 204c | 8b44 2418 | 488b 5424 | 1048 8b4c | 2408 488b | 0424 4883 | c470 c5f8 | 7749 8b8f 
  0x000001e05343c04c: 3004 0000 | c781 0001 | 0000 0000 | 0000 c949 | 837f 0800 | 0f85 0100 

  0x000001e05343c064: ;   {runtime_call StubRoutines (initial stubs)}
  0x000001e05343c064: 0000 c3e9 | 944e 9eff | c5f8 7748 | 8945 f84c | 8be4 4883 | ec20 4883 

  0x000001e05343c07c: ;   {runtime_call}
  0x000001e05343c07c: e4f0 48b8 | 8020 4ee0 | f87f 0000 | ffd0 498b | e44d 33e4 | 488b 45f8 | e9fe fdff | fff4 f4f4 
  0x000001e05343c09c: f4f4 f4f4 
[/MachCode]


Compiled method (c2) 800295 10326       4       java.security.SecureClassLoader::defineClass (16 bytes)
 total in heap  [0x000001e0538f5310,0x000001e0538fac28] = 22808
 relocation     [0x000001e0538f5470,0x000001e0538f57e8] = 888
 main code      [0x000001e0538f5800,0x000001e0538f8ab8] = 12984
 stub code      [0x000001e0538f8ab8,0x000001e0538f8bf8] = 320
 oops           [0x000001e0538f8bf8,0x000001e0538f8c10] = 24
 metadata       [0x000001e0538f8c10,0x000001e0538f8ed8] = 712
 scopes data    [0x000001e0538f8ed8,0x000001e0538f9fa8] = 4304
 scopes pcs     [0x000001e0538f9fa8,0x000001e0538fa728] = 1920
 dependencies   [0x000001e0538fa728,0x000001e0538fa7e0] = 184
 handler table  [0x000001e0538fa7e0,0x000001e0538fab88] = 936
 nul chk table  [0x000001e0538fab88,0x000001e0538fac28] = 160

[Constant Pool (empty)]

[MachCode]
[Entry Point]
  # {method} {0x000001e06103d7b0} 'defineClass' '(Ljava/lang/String;[BIILjava/security/CodeSource;)Ljava/lang/Class;' in 'java/security/SecureClassLoader'
  # this:     rdx:rdx   = 'java/security/SecureClassLoader'
  # parm0:    r8:r8     = 'java/lang/String'
  # parm1:    r9:r9     = '[B'
  # parm2:    rdi       = int
  # parm3:    rsi       = int
  # parm4:    rcx:rcx   = 'java/security/CodeSource'
  #           [sp+0xe0]  (sp of caller)
  0x000001e0538f5800: 448b 5208 | 49c1 e203 

  0x000001e0538f5808: ;   {runtime_call ic_miss_stub}
  0x000001e0538f5808: 493b c20f | 856f 8f57 | ff66 6690 | 660f 1f44 | 0000 660f | 1f44 0000 
[Verified Entry Point]
  0x000001e0538f5820: 8984 2400 | 80ff ff55 | 4881 ecd0 | 0000 0090 | 4181 7f20 | 1f00 0000 | 0f85 6e32 | 0000 8974 
  0x000001e0538f5840: 2444 897c | 2440 4c89 | 4c24 384c | 8944 2430 | 4889 5424 | 2848 8be9 | 4885 c90f | 8403 2300 
  0x000001e0538f5860: 004d 8b87 | b801 0000 | 4d8b d049 | 83c2 104d | 3b97 c801 | 0000 0f83 | 6d1c 0000 | 4d89 97b8 
  0x000001e0538f5880: 0100 0041 | 0f18 8200 | 0100 0049 | c700 0100 

  0x000001e0538f5890: ;   {metadata('java/security/SecureClassLoader$CodeSourceKey')}
  0x000001e0538f5890: 0000 41c7 | 4008 1a35 | 0120 4c8b | d545 8950 | 0c4d 8b8f | b801 0000 | 4c8b 5424 | 2841 8b6a 
  0x000001e0538f58b0: 504d 8bd1 | 4983 c210 | 4d3b 97c8 | 0100 000f | 83f7 1b00 | 004d 8997 | b801 0000 | 410f 1882 
  0x000001e0538f58d0: 0001 0000 | 49c7 0101 

  0x000001e0538f58d8: ;   {metadata('java/security/SecureClassLoader$1')}
  0x000001e0538f58d8: 0000 0041 | c741 0862 | 3501 204c | 8b54 2428 | 4589 510c 

  0x000001e0538f58ec: ; implicit exception: dispatches to 0x000001e0538f8714
  0x000001e0538f58ec: 448b 5508 

  0x000001e0538f58f0: ;   {metadata('java/util/concurrent/ConcurrentHashMap')}
  0x000001e0538f58f0: 4181 fa6e | ac00 200f | 85b7 2000 | 0048 8bd5 

  0x000001e0538f5900: ;   {optimized virtual_call}
  0x000001e0538f5900: c5f8 77e8 

  0x000001e0538f5904: ; ImmutableOopMap {[40]=Oop [48]=Oop [56]=Oop }
                      ;*invokeinterface computeIfAbsent {reexecute=0 rethrow=0 return_oop=1}
                      ; - java.security.SecureClassLoader::getProtectionDomain@28
                      ; - java.security.SecureClassLoader::defineClass@9
  0x000001e0538f5904: 7880 4200 

  0x000001e0538f5908: ;   {other}
  0x000001e0538f5908: 0f1f 8400 | f805 0000 

  0x000001e0538f5910: ; implicit exception: dispatches to 0x000001e0538f8734
  0x000001e0538f5910: 448b 5808 

  0x000001e0538f5914: ;   {metadata('java/security/ProtectionDomain')}
  0x000001e0538f5914: 4181 fbcf | 8800 200f | 8533 2d00 | 0048 8984 | 2490 0000 | 004c 8b54 | 2430 458b | 5214 458b 
  0x000001e0538f5934: 5a0c 4585 | db0f 86c9 | 2000 004c | 8b44 2430 | 450f be40 | 1045 85c0 | 0f85 4221 | 0000 c442 
  0x000001e0538f5954: 3af7 c345 | 3bc3 418b | d841 0f4f | db4d 8bca | c4c1 f96e | c14d 8d4a | 1085 db0f | 8ecf 0000 
  0x000001e0538f5974: 0044 3bdb | 0f82 ce20 | 0000 b82f | 0000 0049 | 8bf9 8bd3 | 488b df83 | fa10 0f8c | 7900 0000 
  0x000001e0538f5994: 83fa 200f | 8c36 0000 | 00c5 f96e | d0c4 e27d | 78d2 c5e5 | efdb 8bca | 83e1 e083 | e21f c5fe 
  0x000001e0538f59b4: 6f0b c5f5 | 74ca c4e2 | 7d17 d90f | 8369 0000 | 0048 83c3 | 2083 e920 | 75e4 e90d | 0000 00c5 
  0x000001e0538f59d4: f96e d0c5 | e1ef dbc4 | e269 00d3 | 83fa 100f | 8c24 0000 | 008b ca83 | e1f0 83e2 | 0fc5 fa6f 
  0x000001e0538f59f4: 0bc5 f174 | cac4 e279 | 17d9 0f83 | 2a00 0000 | 4883 c310 | 83e9 1075 | e485 d20f 

  0x000001e0538f5a10: ;   {no_reloc}
  0x000001e0538f5a10: 8412 0000 | 000f b60b | 3bc1 741c | 4883 c301 | 83ea 0174 | 02eb eebb | ffff ffff | eb0d c5fd 
  0x000001e0538f5a30: d7c9 0fbc | c148 03d8 | 482b df83 | fbff 0f85 | b020 0000 | 410f b629 | 83fd 5b0f | 8447 2100 
  0x000001e0538f5a50: 0041 8d58 | fb85 db7c | 0d41 0fbe | 0983 f96a | 0f84 5e0d | 0000 488b | 5c24 2848 | 8b8c 2490 
  0x000001e0538f5a70: 0000 0044 | 8b71 1041 | 8d70 ff41 | 8d7b ff3b | f70f 4ff7 | 85f6 0f8c | c40d 0000 | 413b f30f 
  0x000001e0538f5a90: 83f7 1e00 | 0085 f60f | 8e87 1f00 | 008d 7eff | 33c9 894c | 2420 410f | be4c 3210 | 83f9 2e0f 
  0x000001e0538f5ab0: 84c7 0c00 | 00ff ce3b | f77f eb83 | fe02 0f8e | 8c00 0000 | 8d46 fe83 | fe02 0f4c | 4424 203d 
  0x000001e0538f5ad0: a00f 0000 | bfa0 0f00 | 000f 47c7 | 8bd6 2bd0 | 4863 ce41 | 0fbe 7c0a | 1083 ff2e | 0f84 6903 
  0x000001e0538f5af0: 0000 410f | be4c 0a0f | 83f9 2e0f | 845e 0300 | 008d 4efe | 410f be7c | 0a10 83ff | 2e0f 844f 
  0x000001e0538f5b10: ;   {no_reloc}
  0x000001e0538f5b10: 0300 008d | 4efd 410f | be44 0a10 | 83f8 2e0f | 843d 0300 | 0083 c6fc | 3bf2 7fb4 | 498b 8758 
  0x000001e0538f5b30: 0400 0048 | 8b4c 2428 | 488b 7c24 | 3048 8b94 | 2490 0000 

  0x000001e0538f5b44: ; ImmutableOopMap {r10=NarrowOop rcx=Oop rbx=Oop rdi=Oop rdx=Oop r14=NarrowOop xmm0=Oop r9=Derived_oop_xmm0 [40]=Oop [48]=Oop [56]=Oop [144]=Oop }
                      ;*goto {reexecute=1 rethrow=0 return_oop=0}
                      ; - (reexecute) java.lang.StringLatin1::lastIndexOf@35
                      ; - java.lang.String::lastIndexOf@13
                      ; - java.lang.String::lastIndexOf@8
                      ; - java.lang.ClassLoader::checkCerts@3
                      ; - java.lang.ClassLoader::preDefineClass@113
                      ; - java.lang.ClassLoader::defineClass@4
                      ; - java.security.SecureClassLoader::defineClass@12
                      ;   {poll}
  0x000001e0538f5b44: 0085 0083 | fe02 0f8f | 74ff ffff | 83fe ff0f | 8efd 0c00 | 0066 6690 | 410f be4c | 3210 83f9 
  0x000001e0538f5b64: 2e0f 841d | 2200 00ff | ce83 feff | 7fea e9df | 0c00 0044 | 8bd3 eb04 | 448d 53ff | 4183 faff 
  0x000001e0538f5b84: 0f84 2b02 | 0000 4585 | d20f 8c09 | 2300 0045 | 3bd1 0f8f | 6023 0000 | 453b d10f | 84a3 0c00 
  0x000001e0538f5ba4: 0045 85d2 | 0f84 371b | 0000 498b | 9fb8 0100 | 004c 8bdb | 4983 c318 | 4d3b 9fc8 | 0100 000f 
  0x000001e0538f5bc4: 8383 1b00 | 004d 899f | b801 0000 | 410f 1883 | 0001 0000 | 48c7 0301 

  0x000001e0538f5bdc: ;   {metadata('java/lang/String')}
  0x000001e0538f5bdc: 0000 00c7 | 4308 1284 | 0020 4489 | 630c 4c89 | 6310 4c8d | 5910 443b | d70f 84d4 | 0000 0041 
  0x000001e0538f5bfc: 81fa 0000 | 1000 0f87 | cc24 0000 | 4d63 ca41 | 3bfa 8bef | 410f 4fea | 3bfd 0f82 | 2c25 0000 
  0x000001e0538f5c1c: 443b d50f | 8223 2500 | 0049 83c1 | 1749 8bf9 | 4883 e7f8 | 4181 fa00 | 0010 000f | 879c 1c00 
  0x000001e0538f5c3c: 0049 8bb7 | b801 0000 | 4c8b c64c | 03c7 4d3b | 87c8 0100 | 000f 8382 | 1c00 004d | 8987 b801 
  0x000001e0538f5c5c: 0000 410f | 1880 0001 | 0000 48c7 | 0601 0000 | 0041 0f18 | 8040 0100 

  0x000001e0538f5c74: ;   {metadata({type array byte})}
  0x000001e0538f5c74: 00c7 4608 | 5981 0020 | 4489 560c | 410f 1880 | 8001 0000 | 488b d648 | 83c2 1049 | c1e9 0385 
  0x000001e0538f5c94: ed0f 8441 | 2400 0041 | 3bea 0f8c | 0e19 0000 | 4883 c7f0 | 48c1 ef03 | 498b cb4c | 8bc7 c5f8 
  0x000001e0538f5cb4: 7749 bae0 | 9de5 52e0 | 0100 0041 

  0x000001e0538f5cc0: ;   {other}
  0x000001e0538f5cc0: ffd2 0f1f | 8400 0000 | 0000 e98b | 0000 004c | 63c7 81ff | 0000 1000 | 0f87 af1a | 0000 498b 
  0x000001e0538f5ce0: b7b8 0100 | 004d 8d50 | 1749 83e2 | f84c 8bce | 4d03 ca4d | 3b8f c801 | 0000 0f83 | 8d1a 0000 
  0x000001e0538f5d00: 4d89 8fb8 | 0100 0041 | 0f18 8100 | 0100 0048 | c706 0100 | 0000 410f | 1881 4001 

  0x000001e0538f5d1c: ;   {metadata({type array byte})}
  0x000001e0538f5d1c: 0000 c746 | 0859 8100 | 2089 7e0c | 410f 1881 | 8001 0000 | 488b d648 | 83c2 1049 | 83c0 0749 
  0x000001e0538f5d3c: c1e8 0349 | 8bcb c5f8 | 7749 bae0 | 9de5 52e0 | 0100 0041 

  0x000001e0538f5d50: ;   {other}
  0x000001e0538f5d50: ffd2 0f1f | 8400 0000 | 0000 4180 | 7f40 000f | 8534 1300 | 004c 8bd3 | 4c8b de44 | 895b 144c 
  0x000001e0538f5d70: 8bde 4d33 | da49 c1eb | 144d 85db | 741a 49c1 | ea09 48b9 | 0000 e65a | e001 0000 | 4903 ca80 
  0x000001e0538f5d90: 3902 0f85 | 3413 0000 | 4488 6310 | 488b d390 

  0x000001e0538f5da0: ;   {optimized virtual_call}
  0x000001e0538f5da0: c5f8 77e8 

  0x000001e0538f5da4: ; ImmutableOopMap {[40]=Oop [72]=Oop [104]=Oop }
                      ;*invokevirtual intern {reexecute=0 rethrow=0 return_oop=1}
                      ; - java.lang.Class::getPackageName@65
                      ; - java.lang.ClassLoader::postDefineClass@2
                      ; - java.lang.ClassLoader::defineClass@37
                      ; - java.security.SecureClassLoader::defineClass@12
  0x000001e0538f5da4: b01c aeff 

  0x000001e0538f5da8: ;   {other}
  0x000001e0538f5da8: 0f1f 8400 | 980a 0002 | 4889 4424 | 5041 807f | 4000 0f85 | a112 0000 | 488b 5c24 | 504c 8bd3 
  0x000001e0538f5dc8: 4c8b 5c24 | 6845 8953 | 3c4d 8bd3 | 4c8b db4d | 33da 49c1 | eb14 4d85 | db0f 842e | 0500 0048 
  0x000001e0538f5de8: 85db 0f84 | 2505 0000 | 49c1 ea09 | 48b9 0000 | e65a e001 | 0000 4903 | ca80 3902 | 0f84 0b05 
  0x000001e0538f5e08: 0000 4d8b | 5758 4d8b | 5f48 f083 | 4424 c000 | 8039 000f | 84f4 0400 | 0044 8821 | 4d85 db75 
  0x000001e0538f5e28: 2049 8bd7 | c5f8 7749 | bae0 290c | e0f8 7f00 | 0041 ffd2 

  0x000001e0538f5e3c: ;   {other}
  0x000001e0538f5e3c: 0f1f 8400 | 0000 0000 | e9cc 0400 | 004b 894c | 1af8 4983 | c3f8 4d89 | 5f48 e9ba | 0400 008b 
  0x000001e0538f5e5c: ceeb 038d | 4eff 83f9 | ff0f 84b1 | 0e00 0085 | c90f 8c55 | 1c00 0041 | 3bc8 0f8f | 341d 0000 
  0x000001e0538f5e7c: 413b c80f | 849c 0900 | 0085 c90f | 8404 1600 | 0049 8bb7 | b801 0000 | 4c8b c649 | 83c0 184d 
  0x000001e0538f5e9c: 3b87 c801 | 0000 0f83 | 6416 0000 | 4d89 87b8 | 0100 0041 | 0f18 8000 | 0100 0048 | c706 0100 
  0x000001e0538f5ebc: ;   {metadata('java/lang/String')}
  0x000001e0538f5ebc: 0000 c746 | 0812 8400 | 2044 8966 | 0c4c 8966 | 1041 3bcb | 0f84 d300 | 0000 81f9 | 0000 1000 
  0x000001e0538f5edc: 0f87 5e20 | 0000 4863 | d144 3bd9 | 418b eb0f | 4fe9 443b | dd0f 82bd | 2000 003b | cd0f 82b5 
  0x000001e0538f5efc: 2000 0048 | 83c2 174c | 8bc2 4983 | e0f8 81f9 | 0000 1000 | 0f87 0319 | 0000 4d8b | afb8 0100 
  0x000001e0538f5f1c: 004d 8bd5 | 4d03 d04d | 3b97 c801 | 0000 0f83 | e918 0000 | 4d89 97b8 | 0100 0041 | 0f18 8200 
  0x000001e0538f5f3c: 0100 0049 | c745 0001 | 0000 0041 | 0f18 8240 

  0x000001e0538f5f4c: ;   {metadata({type array byte})}
  0x000001e0538f5f4c: 0100 0041 | c745 0859 | 8100 2041 | 894d 0c41 | 0f18 8280 | 0100 004d | 8bd5 4983 | c210 48c1 
  0x000001e0538f5f6c: ea03 85ed | 0f84 d21f | 0000 3be9 | 0f8c 6e14 | 0000 4983 | c0f0 49c1 | e803 498b | c949 8bd2 
  0x000001e0538f5f8c: c5f8 7749 | bae0 9de5 | 52e0 0100 | 0041 ffd2 

  0x000001e0538f5f9c: ;   {other}
  0x000001e0538f5f9c: 0f1f 8400 | 0000 0000 | e98c 0000 | 004d 63c3 | 4181 fb00 | 0010 000f | 8794 1600 | 004d 8baf 
  0x000001e0538f5fbc: b801 0000 | 498d 4817 | 4883 e1f8 | 498b fd48 | 03f9 493b | bfc8 0100 | 000f 8372 | 1600 0049 
  0x000001e0538f5fdc: 89bf b801 | 0000 0f18 | 8700 0100 | 0049 c745 | 0001 0000 | 000f 1887 | 4001 0000 

  0x000001e0538f5ff8: ;   {metadata({type array byte})}
  0x000001e0538f5ff8: 41c7 4508 | 5981 0020 | 4589 5d0c | 0f18 8780 | 0100 0049 | 8bd5 4883 | c210 4983 | c007 49c1 
  0x000001e0538f6018: e803 498b | c9c5 f877 | 49ba e09d | e552 e001 | 0000 41ff 

  0x000001e0538f602c: ;   {other}
  0x000001e0538f602c: d20f 1f84 | 0000 0000 | 0041 807f | 4000 0f85 | 580c 0000 | 4c8b d64d | 8bc5 4489 | 4614 4d8b 
  0x000001e0538f604c: dd4d 33da | 49c1 eb14 | 4d85 db74 | 1a49 c1ea | 0948 b900 | 00e6 5ae0 | 0100 0049 | 03ca 8039 
  0x000001e0538f606c: 020f 8558 | 0c00 0044 | 8866 1048 | 8bfe 4585 | f674 1a45 | 8b46 1445 | 85c0 0f85 | d407 0000 
  0x000001e0538f608c: 458b 4e10 | 4585 c90f | 8578 0800 

  0x000001e0538f6098: ;   {oop(""{0x000000008054f748})}
  0x000001e0538f6098: 0049 b848 | f754 8000 | 0000 0049 | b900 00e6 | 5ae0 0100 

  0x000001e0538f60ac: ;   {oop(a 'java/security/cert/Certificate'[0] {0x000000008054f028})}
  0x000001e0538f60ac: 0049 bb28 | f054 8000 | 0000 0044 | 8b53 2c45 | 85d2 0f84 | 7918 0000 | 4c89 5c24 | 604c 8bdf 
  0x000001e0538f60cc: 4c89 4c24 | 584c 8944 | 2450 4889 | 5c24 4849 | 8bd2 bf01 | 0000 004d | 8bc3 4c8b | 4c24 6090 
  0x000001e0538f60ec: ;   {optimized virtual_call}
  0x000001e0538f60ec: c5f8 77e8 

  0x000001e0538f60f0: ; ImmutableOopMap {[40]=Oop [48]=Oop [56]=Oop [72]=Oop [80]=Oop [96]=Oop [144]=Oop }
                      ;*invokevirtual putVal {reexecute=0 rethrow=0 return_oop=1}
                      ; - java.util.concurrent.ConcurrentHashMap::putIfAbsent@4
                      ; - java.lang.ClassLoader::checkCerts@62
                      ; - java.lang.ClassLoader::preDefineClass@113
                      ; - java.lang.ClassLoader::defineClass@4
                      ; - java.security.SecureClassLoader::defineClass@12
  0x000001e0538f60f0: 6c1e 2900 

  0x000001e0538f60f4: ;   {other}
  0x000001e0538f60f4: 0f1f 8400 | e40d 0003 | 4885 c074 | 3344 8b58 

  0x000001e0538f6104: ;   {metadata('java/security/cert/Certificate'[])}
  0x000001e0538f6104: 0841 81fb | 1b61 0020 | 0f85 7625 | 0000 488b | c848 8b7c | 2460 448b | 570c 448b | 490c 4585 
  0x000001e0538f6124: d20f 8710 | 1100 0045 | 85c9 0f87 | b01a 0000 | 4c8b 9424 | 9000 0000 | 458b 5a10 | 4585 db0f 
  0x000001e0538f6144: 8441 1300 | 0041 8b6b | 0c44 8b5d | 3845 85db | 0f84 1a18 | 0000 498b | d34c 8bc5 

  0x000001e0538f6160: ;   {optimized virtual_call}
  0x000001e0538f6160: c5f8 77e8 

  0x000001e0538f6164: ; ImmutableOopMap {[40]=Oop [48]=Oop [56]=Oop [80]=Oop [144]=Oop }
                      ;*invokevirtual toExternalForm {reexecute=0 rethrow=0 return_oop=1}
                      ; - java.net.URL::toExternalForm@5
                      ; - java.net.URL::toString@1
                      ; - java.lang.ClassLoader::defineClassSourceLocation@22
                      ; - java.lang.ClassLoader::defineClass@12
                      ; - java.security.SecureClassLoader::defineClass@12
  0x000001e0538f6164: 38a8 b0ff 

  0x000001e0538f6168: ;   {other}
  0x000001e0538f6168: 0f1f 8400 | 580e 0004 | 4c8b 9424 | 9000 0000 | 4c89 5424 | 4848 8b54 | 2428 4c8b | 4424 304c 
  0x000001e0538f6188: 8b4c 2438 | 8b7c 2440 | 8b74 2444 | 498b ca48 | 8904 2490 

  0x000001e0538f619c: ;   {static_call}
  0x000001e0538f619c: c5f8 77e8 

  0x000001e0538f61a0: ; ImmutableOopMap {[40]=Oop [72]=Oop [80]=Oop }
                      ;*invokestatic defineClass1 {reexecute=0 rethrow=0 return_oop=1}
                      ; - java.lang.ClassLoader::defineClass@27
                      ; - java.security.SecureClassLoader::defineClass@12
  0x000001e0538f61a0: 345b b4ff 

  0x000001e0538f61a4: ;   {other}
  0x000001e0538f61a4: 0f1f 8400 | 940e 0005 | 4889 4424 | 6844 8b50 | 3c45 85d2 | 0f85 5401 | 0000 4c8b | 5010 458b 
  0x000001e0538f61c4: 5a08 4585 | db0f 8c89 | 1a00 0044 | 8b50 2c45 | 85d2 0f84 | a705 0000 | 4d8b c241 | 8b48 148b 
  0x000001e0538f61e4: 790c 450f | be58 10c4 | 6222 f7cf | 458d 51ff | 4585 db0f | 853f 1c00 | 004c 8bd9 | 4c89 9c24 
  0x000001e0538f6204: 8800 0000 | 8d5f ff41 | 3bda 410f | 4fda 85db | 0f8c ed00 | 0000 85ff | 0f86 021a | 0000 3bdf 
  0x000001e0538f6224: 0f83 fa19 | 0000 85db | 0f8e 461a | 0000 448d | 53ff 440f | be5c 1910 | 4183 fb2e | 0f84 fa05 
  0x000001e0538f6244: 0000 ffcb | 413b da7f | e983 fb02 | 0f8e 9200 | 0000 448d | 5bfe 83fb | 0244 0f4c | 5c24 2041 
  0x000001e0538f6264: 81fb a00f | 0000 baa0 | 0f00 0044 | 0f47 da8b | d341 2bd3 | 0f1f 8400 | 0000 0000 | 4c63 d346 
  0x000001e0538f6284: 0fbe 5c11 | 1041 83fb | 2e0f 84e4 | f8ff ff46 | 0fbe 5c11 | 0f41 83fb | 2e0f 84d9 

  0x000001e0538f62a0: ;   {no_reloc}
  0x000001e0538f62a0: f8ff ff44 | 8d53 fe46 | 0fbe 5c11 | 1041 83fb | 2e0f 84c9 | f8ff ff44 | 8d53 fd42 | 0fbe 7411 
  0x000001e0538f62c0: 1083 fe2e | 0f84 b6f8 | ffff 83c3 | fc3b da7f | af49 8b87 | 5804 0000 | 4c8b 5424 

  0x000001e0538f62dc: ; ImmutableOopMap {r10=Oop r8=Oop rcx=NarrowOop [40]=Oop [72]=Oop [80]=Oop [104]=Oop [136]=Oop }
                      ;*goto {reexecute=1 rethrow=0 return_oop=0}
                      ; - (reexecute) java.lang.StringLatin1::lastIndexOf@35
                      ; - java.lang.String::lastIndexOf@13
                      ; - java.lang.String::lastIndexOf@8
                      ; - java.lang.Class::getPackageName@47
                      ; - java.lang.ClassLoader::postDefineClass@2
                      ; - java.lang.ClassLoader::defineClass@37
                      ; - java.security.SecureClassLoader::defineClass@12
                      ;   {poll}
  0x000001e0538f62dc: 6885 0083 | fb02 0f8f | 6eff ffff | 83fb ff7e | 1a66 6690 | 440f be5c | 1910 4183 | fb2e 0f84 
  0x000001e0538f62fc: 201d 0000 | ffcb 83fb | ff7f e941 | baff ffff | ffe9 6ef8 | ffff 498b | da48 8b4c | 2428 448b 
  0x000001e0538f631c: 4138 4585 | c00f 8435 | 1600 008b | 430c 4c8b | 5424 6845 | 8b4a 3085 | c075 6044 | 0fb6 5b11 
  0x000001e0538f633c: 4585 db0f | 85ef 0e00 | 0044 8b5b | 1449 8be8 | 498b d380 | 7b10 000f | 85af 1300 | 0044 894c 
  0x000001e0538f635c: 2438 4489 | 4424 2448 | 895c 2430 

  0x000001e0538f6368: ;   {static_call}
  0x000001e0538f6368: c5f8 77e8 

  0x000001e0538f636c: ; ImmutableOopMap {rbp=Oop [36]=NarrowOop [40]=Oop [48]=Oop [56]=NarrowOop [72]=Oop [104]=Oop }
                      ;*invokestatic hashCode {reexecute=0 rethrow=0 return_oop=0}
                      ; - java.lang.String::hashCode@27
                      ; - java.util.concurrent.ConcurrentHashMap::get@1
                      ; - java.lang.ClassLoader::getNamedPackage@5
                      ; - java.lang.ClassLoader::postDefineClass@9
                      ; - java.lang.ClassLoader::defineClass@37
                      ; - java.security.SecureClassLoader::defineClass@12
  0x000001e0538f636c: 5050 bfff 

  0x000001e0538f6370: ;   {other}
  0x000001e0538f6370: 0f1f 8400 | 6010 0007 | 85c0 0f84 | ad13 0000 | 488b 5c24 | 3089 430c | 488b 4c24 | 2844 8b44 
  0x000001e0538f6390: 2424 448b | 4c24 3845 | 8b58 2845 | 85db 0f84 | 1a02 0000 | 418b 6b0c | 85ed 0f86 | 8417 0000 
  0x000001e0538f63b0: 448b d041 | c1ea 1044 | 33d0 ffcd | 4181 e2ff | ffff 7f41 | 23ea 4c63 | c547 8b44 | 8310 4585 
  0x000001e0538f63d0: c00f 84e7 | 0100 0041 | 8b78 0c49 | 8bf0 413b | fa0f 84a2 | 0000 0085 | ff0f 8c6f | 0100 0045 
  0x000001e0538f63f0: 8b58 1845 | 85db 0f84 | c201 0000 | 498b f38b | 7e0c 498b | 8758 0400 

  0x000001e0538f6408: ; ImmutableOopMap {r9=NarrowOop rcx=Oop rbx=Oop rsi=Oop [72]=Oop [104]=Oop }
                      ;*if_icmpne {reexecute=1 rethrow=0 return_oop=0}
                      ; - (reexecute) java.util.concurrent.ConcurrentHashMap::get@127
                      ; - java.lang.ClassLoader::getNamedPackage@5
                      ; - java.lang.ClassLoader::postDefineClass@9
                      ; - java.lang.ClassLoader::defineClass@37
                      ; - java.security.SecureClassLoader::defineClass@12
                      ;   {poll}
  0x000001e0538f6408: 0085 0041 | 3bfa 0f85 | 1704 0000 | 8b6e 104c | 8bdd 4c3b | db74 5e85 | ed0f 84cf | 1e00 0048 
  0x000001e0538f6428: 8974 2450 | 4489 5424 | 4044 894c | 2424 4889 | 5c24 3848 | 894c 2428 | 4c8b c548 | 8bd3 488b 
  0x000001e0538f6448: 6c24 6890 

  0x000001e0538f644c: ;   {optimized virtual_call}
  0x000001e0538f644c: c5f8 77e8 

  0x000001e0538f6450: ; ImmutableOopMap {rbp=Oop [36]=NarrowOop [40]=Oop [56]=Oop [72]=Oop [80]=Oop }
                      ;*invokevirtual equals {reexecute=0 rethrow=0 return_oop=0}
                      ; - java.util.concurrent.ConcurrentHashMap::get@149
                      ; - java.lang.ClassLoader::getNamedPackage@5
                      ; - java.lang.ClassLoader::postDefineClass@9
                      ; - java.lang.ClassLoader::defineClass@37
                      ; - java.security.SecureClassLoader::defineClass@12
  0x000001e0538f6450: ec20 bbff 

  0x000001e0538f6454: ;   {other}
  0x000001e0538f6454: 0f1f 8400 | 4411 0009 | 85c0 0f84 | cc1e 0000 | 488b 4c24 | 2848 896c | 2468 488b | 5c24 3844 
  0x000001e0538f6474: 8b4c 2424 | 488b 7424 | 508b 6e14 | 85ed 7572 | e935 0100 | 0041 8b68 | 104c 8bdd | 4c3b db74 
  0x000001e0538f6494: 5585 ed0f | 84ff 1b00 | 0044 8944 | 243c 4489 | 5424 3844 | 894c 2424 | 4889 4c24 | 284c 8bc5 
  0x000001e0538f64b4: 488b d348 | 8beb 4889 | 7424 5090 

  0x000001e0538f64c0: ;   {optimized virtual_call}
  0x000001e0538f64c0: c5f8 77e8 

  0x000001e0538f64c4: ; ImmutableOopMap {rbp=Oop [36]=NarrowOop [40]=Oop [60]=NarrowOop [72]=Oop [80]=Oop [104]=Oop }
                      ;*invokevirtual equals {reexecute=0 rethrow=0 return_oop=0}
                      ; - java.util.concurrent.ConcurrentHashMap::get@73
                      ; - java.lang.ClassLoader::getNamedPackage@5
                      ; - java.lang.ClassLoader::postDefineClass@9
                      ; - java.lang.ClassLoader::defineClass@37
                      ; - java.security.SecureClassLoader::defineClass@12
  0x000001e0538f64c4: 7820 bbff 

  0x000001e0538f64c8: ;   {other}
  0x000001e0538f64c8: 0f1f 8400 | b811 000a | 85c0 0f84 | c80f 0000 | 488b 4c24 | 2848 8bdd | 448b 4c24 | 2444 8b44 
  0x000001e0538f64e8: 243c 418b | 6814 85ed | 0f84 c800 | 0000 448b | 5508 4d33 | db4f 8d1c | d34d 8b53 

  0x000001e0538f6504: ;   {metadata('java/lang/NamedPackage')}
  0x000001e0538f6504: 3849 bbd0 | 9709 0001 | 0000 004d | 3bd3 0f85 | 5015 0000 | 4c8b 5424 | 4845 8b5a | 1045 85db 
  0x000001e0538f6524: 741a 458b | 4b14 4585 | c90f 85f8 | 0700 0045 | 8b43 1045 | 85c0 0f85 | 8808 0000 | 488b 4424 
  0x000001e0538f6544: 68c5 f877 | 4881 c4d0 | 0000 005d 

  0x000001e0538f6550: ;   {poll_return}
  0x000001e0538f6550: 493b a750 | 0400 000f | 8739 2500 | 00c3 458b 

  0x000001e0538f6560: ;   {metadata('java/util/concurrent/ConcurrentHashMap$ReservationNode')}
  0x000001e0538f6560: 5808 4181 | fb50 d600 

  0x000001e0538f6568: ;   {metadata('java/util/concurrent/ConcurrentHashMap$ForwardingNode')}
  0x000001e0538f6568: 2074 5341 | 81fb 8f3d | 0120 0f85 | c81f 0000 | 4489 4c24 | 2448 895c | 2438 4889 | 4c24 2848 
  0x000001e0538f6588: 8bd6 458b | c24c 8bcb 

  0x000001e0538f6590: ;   {optimized virtual_call}
  0x000001e0538f6590: c5f8 77e8 

  0x000001e0538f6594: ; ImmutableOopMap {[36]=NarrowOop [40]=Oop [56]=Oop [72]=Oop [104]=Oop }
                      ;*invokevirtual find {reexecute=0 rethrow=0 return_oop=1}
                      ; - java.util.concurrent.ConcurrentHashMap::get@93
                      ; - java.lang.ClassLoader::getNamedPackage@5
                      ; - java.lang.ClassLoader::postDefineClass@9
                      ; - java.lang.ClassLoader::defineClass@37
                      ; - java.security.SecureClassLoader::defineClass@12
  0x000001e0538f6594: e884 57ff 

  0x000001e0538f6598: ;   {other}
  0x000001e0538f6598: 0f1f 8400 | 8812 000b | 4885 c00f | 844b 1100 | 008b 6814 | 85ed 0f84 | cc14 0000 | 488b 4c24 
  0x000001e0538f65b8: 28e9 38ff | ffff 498b | 87b8 0100 | 004c 8bd0 | 4983 c218 | 4d3b 97c8 | 0100 000f | 8310 1200 
  0x000001e0538f65d8: 004d 8997 | b801 0000 | 410f 1882 | 0001 0000 | 48c7 0001 

  0x000001e0538f65ec: ;   {metadata('java/lang/NamedPackage')}
  0x000001e0538f65ec: 0000 00c7 | 4008 fa32 | 0120 4489 | 600c 4c89 | 6010 4889 | 4c24 2848 | 895c 2430 | 4489 4c24 
  0x000001e0538f660c: 2448 8944 | 2438 488b | 5424 3090 

  0x000001e0538f6618: ;   {optimized virtual_call}
  0x000001e0538f6618: c5f8 77e8 

  0x000001e0538f661c: ; ImmutableOopMap {[36]=NarrowOop [40]=Oop [48]=Oop [56]=Oop [72]=Oop [104]=Oop }
                      ;*invokevirtual isEmpty {reexecute=0 rethrow=0 return_oop=0}
                      ; - java.lang.NamedPackage::<init>@5
                      ; - java.lang.ClassLoader::getNamedPackage@22
                      ; - java.lang.ClassLoader::postDefineClass@9
                      ; - java.lang.ClassLoader::defineClass@37
                      ; - java.security.SecureClassLoader::defineClass@12
  0x000001e0538f661c: 209a bbff 

  0x000001e0538f6620: ;   {other}
  0x000001e0538f6620: 0f1f 8400 | 1013 000c | 85c0 742c | 448b 5c24 | 2445 85db | 0f84 3617 | 0000 498b | d366 6690 
  0x000001e0538f6640: ;   {optimized virtual_call}
  0x000001e0538f6640: c5f8 77e8 

  0x000001e0538f6644: ; ImmutableOopMap {[36]=NarrowOop [40]=Oop [48]=Oop [56]=Oop [72]=Oop [104]=Oop }
                      ;*invokevirtual isNamed {reexecute=0 rethrow=0 return_oop=0}
                      ; - java.lang.NamedPackage::<init>@12
                      ; - java.lang.ClassLoader::getNamedPackage@22
                      ; - java.lang.ClassLoader::postDefineClass@9
                      ; - java.lang.ClassLoader::defineClass@37
                      ; - java.security.SecureClassLoader::defineClass@12
  0x000001e0538f6644: f893 20f8 

  0x000001e0538f6648: ;   {other}
  0x000001e0538f6648: 0f1f 8400 | 3813 000d | 85c0 0f85 | 3717 0000 | 448b 5c24 | 2449 8beb | 488b 5424 | 3066 6690 
  0x000001e0538f6668: ;   {optimized virtual_call}
  0x000001e0538f6668: c5f8 77e8 

  0x000001e0538f666c: ; ImmutableOopMap {rbp=Oop [36]=NarrowOop [40]=Oop [48]=Oop [56]=Oop [72]=Oop [104]=Oop }
                      ;*invokevirtual intern {reexecute=0 rethrow=0 return_oop=1}
                      ; - java.lang.NamedPackage::<init>@47
                      ; - java.lang.ClassLoader::getNamedPackage@22
                      ; - java.lang.ClassLoader::postDefineClass@9
                      ; - java.lang.ClassLoader::defineClass@37
                      ; - java.security.SecureClassLoader::defineClass@12
  0x000001e0538f666c: e813 aeff 

  0x000001e0538f6670: ;   {other}
  0x000001e0538f6670: 0f1f 8400 | 6013 000e | 488b d841 | 807f 4000 | 0f85 ca0a | 0000 488b | 7c24 384c | 8bd7 4c8b 
  0x000001e0538f6690: db4d 33da | 4c8b cb44 | 894f 0c49 | c1eb 144d | 85db 741f | 4885 db74 | 1a49 c1ea | 0948 b900 
  0x000001e0538f66b0: 00e6 5ae0 | 0100 0049 | 03ca 8039 | 020f 85cf | 0a00 0041 | 807f 4000 | 0f85 4f0a | 0000 8b5c 
  0x000001e0538f66d0: 2424 895f | 104c 8bd5 | 4c8b df4d | 33d3 49c1 | ea14 4d85 | d274 1e85 | db74 1a49 | c1eb 0948 
  0x000001e0538f66f0: b900 00e6 | 5ae0 0100 | 0049 03cb | 8039 020f | 85de 0a00 | 004c 8b5c | 2428 458b | 5338 4585 
  0x000001e0538f6710: d20f 8426 | 1600 0048 | 897c 2438 | 498b d24c | 8b44 2430 | 4c8b cf90 

  0x000001e0538f6728: ;   {optimized virtual_call}
  0x000001e0538f6728: c5f8 77e8 

  0x000001e0538f672c: ; ImmutableOopMap {[36]=NarrowOop [40]=Oop [56]=Oop [72]=Oop [104]=Oop }
                      ;*invokevirtual putIfAbsent {reexecute=0 rethrow=0 return_oop=1}
                      ; - java.lang.ClassLoader::getNamedPackage@32
                      ; - java.lang.ClassLoader::postDefineClass@9
                      ; - java.lang.ClassLoader::defineClass@37
                      ; - java.security.SecureClassLoader::defineClass@12
  0x000001e0538f672c: 10ef beff 

  0x000001e0538f6730: ;   {other}
  0x000001e0538f6730: 0f1f 8400 | 2014 000f | 4885 c00f | 8447 0a00 | 0044 8b50 | 084d 33db | 4f8d 1cd3 | 4d8b 5338 
  0x000001e0538f6750: ;   {metadata('java/lang/NamedPackage')}
  0x000001e0538f6750: 49bb d097 | 0900 0100 | 0000 4d3b | d30f 85f5 | 1500 0048 | 8be8 ba54 | ffff ff90 

  0x000001e0538f676c: ;   {runtime_call UncommonTrapBlob}
  0x000001e0538f676c: c5f8 77e8 

  0x000001e0538f6770: ; ImmutableOopMap {rbp=Oop [36]=NarrowOop [40]=Oop [56]=Oop [72]=Oop [104]=Oop }
                      ;*ifnull {reexecute=1 rethrow=0 return_oop=0}
                      ; - (reexecute) java.lang.ClassLoader::getNamedPackage@42
                      ; - java.lang.ClassLoader::postDefineClass@9
                      ; - java.lang.ClassLoader::defineClass@37
                      ; - java.security.SecureClassLoader::defineClass@12
  0x000001e0538f6770: 8cdb 57ff 

  0x000001e0538f6774: ;   {other}
  0x000001e0538f6774: 0f1f 8400 | 6414 0010 | 8bce e9df | f6ff ff48 | 8944 2430 | 488b d048 | 8b6c 2448 

  0x000001e0538f6790: ;   {optimized virtual_call}
  0x000001e0538f6790: c5f8 77e8 

  0x000001e0538f6794: ; ImmutableOopMap {rbp=Oop [40]=Oop [48]=Oop [72]=Oop [80]=Oop [104]=Oop }
                      ;*invokevirtual initClassName {reexecute=0 rethrow=0 return_oop=1}
                      ; - java.lang.Class::getName@14
                      ; - java.lang.Class::getPackageName@40
                      ; - java.lang.ClassLoader::postDefineClass@2
                      ; - java.lang.ClassLoader::defineClass@37
                      ; - java.security.SecureClassLoader::defineClass@12
  0x000001e0538f6794: 4058 afff 

  0x000001e0538f6798: ;   {other}
  0x000001e0538f6798: 0f1f 8400 | 8814 0011 | 4c8b c048 | 85c0 0f85 | 33fa ffff | baf6 ffff | ff66 6690 

  0x000001e0538f67b4: ;   {runtime_call UncommonTrapBlob}
  0x000001e0538f67b4: c5f8 77e8 

  0x000001e0538f67b8: ; ImmutableOopMap {}
                      ;*invokevirtual lastIndexOf {reexecute=0 rethrow=0 return_oop=0}
                      ; - java.lang.Class::getPackageName@47
                      ; - java.lang.ClassLoader::postDefineClass@2
                      ; - java.lang.ClassLoader::defineClass@37
                      ; - java.security.SecureClassLoader::defineClass@12
  0x000001e0538f67b8: 44db 57ff 

  0x000001e0538f67bc: ;   {other}
  0x000001e0538f67bc: 0f1f 8400 | ac14 0012 | 4183 fb04 | 0f86 ed19 | 0000 4180 | 7a11 610f | 858d f2ff | ff41 807a 
  0x000001e0538f67dc: 1276 0f85 | 82f2 ffff | 4180 7a13 | 610f 8577 | f2ff ff41 | 807a 142e | 0f85 6cf2 

  0x000001e0538f67f8: ;   {oop(a 'jdk/internal/loader/ClassLoaders$PlatformClassLoader'{0x00000000805410e0})}
  0x000001e0538f67f8: ffff 48b9 | e010 5480 | 0000 0000 | 488b 5c24 | 2848 3bd9 | 0f85 1e1e 

  0x000001e0538f6810: ;   {oop(a 'jdk/internal/loader/ClassLoaders$PlatformClassLoader'{0x00000000805410e0})}
  0x000001e0538f6810: 0000 48bb | e010 5480 | 0000 0000 | e94a f2ff | ff48 8b74 | 2430 e94c | f8ff ff44 | 8b46 1845 
  0x000001e0538f6830: 85c0 0f84 | 86fd ffff | 498b f0e9 | bffb ffff | 448b d3e9 | 38f3 ffff | 498b d8e9 | 4cf5 ffff 
  0x000001e0538f6850: 33c9 894c | 2420 b9ff | ffff ffe9 | 02f6 ffff | 418b 480c | 458b 4808 | 4c63 d149 | 8be8 49c1 
  0x000001e0538f6870: e202 81f9 | 0000 0400 | 0f87 aa17 | 0000 498b | b7b8 0100 | 004d 8d5a | 1749 83e3 | f848 8bd6 
  0x000001e0538f6890: 4903 d349 | 3b97 c801 | 0000 0f83 | 8817 0000 | 4989 97b8 | 0100 000f | 1882 0001 | 0000 48c7 
  0x000001e0538f68b0: 0601 0000 | 0044 894e | 0889 4e0c | 0f18 8240 | 0100 000f | 1882 8001 | 0000 498d | 4810 488b 
  0x000001e0538f68d0: d648 83c2 | 1049 83c2 | 0749 c1ea | 034d 8bc2 | c5f8 7749 | bae0 9de5 | 52e0 0100 | 0041 ffd2 
  0x000001e0538f68f0: ;   {other}
  0x000001e0538f68f0: 0f1f 8400 | 0000 0000 

  0x000001e0538f68f8: ;   {oop(""{0x000000008054f748})}
  0x000001e0538f68f8: 49b8 48f7 | 5480 0000 | 0000 49b9 | 0000 e65a | e001 0000 | e97f 0300 | 0049 8b87 | b801 0000 
  0x000001e0538f6918: 4c8b d049 | 83c2 1849 | 8bd6 4d3b | 97c8 0100 | 000f 83b1 | 1800 004d | 8997 b801 | 0000 410f 
  0x000001e0538f6938: 1882 0001 | 0000 48c7 | 0001 0000 

  0x000001e0538f6944: ;   {metadata('java/util/ArrayList')}
  0x000001e0538f6944: 00c7 4008 | c2af 0020 | 4489 600c | 4489 6010 

  0x000001e0538f6954: ;   {oop(a 'java/lang/Object'[0] {0x0000000080554ff0})}
  0x000001e0538f6954: c740 14f0 | 4f55 8048 | 8bf0 458b | 590c 4585 

  0x000001e0538f6964: ;   {oop(""{0x000000008054f748})}
  0x000001e0538f6964: db76 1849 | ba48 f754 | 8000 0000 | 0048 b800 | 00e6 5ae0 | 0100 0033 

  0x000001e0538f697c: ;   {oop(""{0x000000008054f748})}
  0x000001e0538f697c: c9eb 6849 | ba48 f754 | 8000 0000 | 0049 bb00 | 00e6 5ae0 | 0100 00e9 | 4401 0000 | 0f1f 8400 
  0x000001e0538f699c: 0000 0000 | 4889 6c24 | 284c 8b54 | 2420 4c89 | 5424 304c | 8b54 2448 | 4c89 9424 | 9000 0000 
  0x000001e0538f69bc: 448b 5c24 | 5044 895c | 2420 488b | 5c24 584c | 8b54 2460 | 488b 4424 | 6848 8b7c | 2470 488b 
  0x000001e0538f69dc: 5424 7848 | 8bb4 2480 | 0000 0045 | 8b59 0c41 | 3bcb 0f83 | c41a 0000 | 458b 4489 | 1045 8b58 
  0x000001e0538f69fc: 1045 8b5b | 1089 8c24 | 8800 0000 | 4889 b424 | 8000 0000 | 4889 5424 | 7848 897c | 2470 4889 
  0x000001e0538f6a1c: 4424 684c | 8954 2460 | 4489 7424 | 5448 895c | 2458 448b | 4424 2044 | 8944 2450 | 4c8b 9424 
  0x000001e0538f6a3c: 9000 0000 | 4c89 5424 | 484c 8b54 | 2430 4c89 | 5424 2048 | 8b6c 2428 | 4d8b c348 | 8bd6 6690 
  0x000001e0538f6a5c: ;   {optimized virtual_call}
  0x000001e0538f6a5c: c5f8 77e8 

  0x000001e0538f6a60: ; ImmutableOopMap {rbp=Oop [32]=Oop [56]=Oop [72]=Oop [84]=NarrowOop [88]=Oop [96]=Oop [112]=Oop [120]=Oop [128]=Oop }
                      ;*invokevirtual addAll {reexecute=0 rethrow=0 return_oop=0}
                      ; - java.security.CodeSource::getCertificates@57
                      ; - java.lang.ClassLoader::checkCerts@34
                      ; - java.lang.ClassLoader::preDefineClass@113
                      ; - java.lang.ClassLoader::defineClass@4
                      ; - java.security.SecureClassLoader::defineClass@12
  0x000001e0538f6a60: 1c80 57ff 

  0x000001e0538f6a64: ;   {other}
  0x000001e0538f6a64: 0f1f 8400 | 5417 0013 | 4d8b 9758 | 0400 0044 | 8b74 2454 | 458b 4e10 | 8b8c 2488 | 0000 00ff 
  0x000001e0538f6a84: ; ImmutableOopMap {r9=NarrowOop rbp=Oop r14=NarrowOop [32]=Oop [56]=Oop [72]=Oop [88]=Oop [96]=Oop [112]=Oop [120]=Oop [128]=Oop }
                      ;*goto {reexecute=1 rethrow=0 return_oop=0}
                      ; - (reexecute) java.security.CodeSource::getCertificates@64
                      ; - java.lang.ClassLoader::checkCerts@34
                      ; - java.lang.ClassLoader::preDefineClass@113
                      ; - java.lang.ClassLoader::defineClass@4
                      ; - java.security.SecureClassLoader::defineClass@12
                      ;   {poll}
  0x000001e0538f6a84: c141 8502 

  0x000001e0538f6a88: ; implicit exception: dispatches to 0x000001e0538f88a8
  0x000001e0538f6a88: 458b 510c | 413b ca0f | 8c0b ffff | ff48 896c | 2428 4c8b | 5424 204c | 8954 2430 | 4c8b 5424 
  0x000001e0538f6aa8: 484c 8994 | 2490 0000 | 0044 8b54 | 2450 4489 | 5424 2048 | 8b5c 2458 | 4c8b 5424 | 604c 8b5c 
  0x000001e0538f6ac8: 2468 488b | 7c24 7048 | 8b54 2478 | 488b b424 | 8000 0000 | 498b 87b8 | 0100 004c | 8bc0 4983 
  0x000001e0538f6ae8: c010 4d3b | 87c8 0100 | 000f 836c | 1700 004d | 8987 b801 | 0000 410f | 1880 0001 | 0000 48c7 
  0x000001e0538f6b08: 0001 0000 | 0041 0f18 | 8040 0100 

  0x000001e0538f6b14: ;   {metadata('java/security/cert/Certificate'[])}
  0x000001e0538f6b14: 00c7 4008 | 1b61 0020 | 410f 1880 | 8001 0000 | 4489 600c | 488b 6c24 | 284c 8b84 | 2490 0000 
  0x000001e0538f6b34: 004c 8944 | 2448 4889 | 5c24 5044 | 8974 2424 | 4c89 5424 | 584c 895c | 2460 4889 | 7c24 6848 
  0x000001e0538f6b54: 8954 2470 | 4889 7424 | 784c 8bc0 | 488b 5424 | 7866 6690 

  0x000001e0538f6b68: ;   {optimized virtual_call}
  0x000001e0538f6b68: c5f8 77e8 

  0x000001e0538f6b6c: ; ImmutableOopMap {rbp=Oop [36]=NarrowOop [48]=Oop [56]=Oop [72]=Oop [80]=Oop [88]=Oop [104]=Oop [112]=Oop }
                      ;*invokevirtual toArray {reexecute=0 rethrow=0 return_oop=1}
                      ; - java.security.CodeSource::getCertificates@73
                      ; - java.lang.ClassLoader::checkCerts@34
                      ; - java.lang.ClassLoader::preDefineClass@113
                      ; - java.lang.ClassLoader::defineClass@4
                      ; - java.security.SecureClassLoader::defineClass@12
  0x000001e0538f6b6c: 107f 57ff 

  0x000001e0538f6b70: ;   {other}
  0x000001e0538f6b70: 0f1f 8400 | 6018 0015 | 488b f844 

  0x000001e0538f6b7c: ;   {metadata('java/security/cert/Certificate'[])}
  0x000001e0538f6b7c: 8b50 0841 | 81fa 1b61 | 0020 0f85 | 3c1b 0000 | 4180 7f40 | 000f 8515 | 1100 008b | 5c24 244c 
  0x000001e0538f6b9c: 8b54 2470 | 4d8b da4c | 8bd7 4489 | 5314 4c8b | d74d 33d3 | 49c1 ea14 | 4d85 d274 | 1a49 c1eb 
  0x000001e0538f6bbc: 0948 b900 | 00e6 5ae0 | 0100 0049 | 03cb 8039 | 020f 8510 | 1100 0044 | 8b5f 0c44 | 8b57 084d 
  0x000001e0538f6bdc: 63c3 49c1 | e002 4181 | fb00 0004 | 000f 87ce | 1600 0049 | 8bb7 b801 | 0000 4d8d | 4817 4983 
  0x000001e0538f6bfc: e1f8 488b | ce49 03c9 | 493b 8fc8 | 0100 000f | 83ac 1600 | 0049 898f | b801 0000 | 0f18 8100 
  0x000001e0538f6c1c: 0100 0048 | c706 0100 | 0000 4489 | 5608 4489 | 5e0c 0f18 | 8140 0100 | 000f 1881 | 8001 0000 
  0x000001e0538f6c3c: 488b cf48 | 83c1 1048 | 8bd6 4883 | c210 4983 | c007 49c1 | e803 c5f8 | 7749 bae0 | 9de5 52e0 
  0x000001e0538f6c5c: 0100 0041 

  0x000001e0538f6c60: ;   {other}
  0x000001e0538f6c60: ffd2 0f1f | 8400 0000 | 0000 4889 | 6c24 284c | 8b54 2448 | 4c89 9424 | 9000 0000 | 488b 5c24 
  0x000001e0538f6c80: 504c 8b44 | 2458 4c8b | 4c24 6048 | 8b7c 2468 | 4c8b dee9 | 1ff4 ffff | 448b 5614 | 4585 d20f 
  0x000001e0538f6ca0: 849b f3ff | ff4d 8b5f | 2849 8bca | 4d85 db0f | 845f 0e00 | 004d 8b57 | 384b 894c | 1af8 4983 
  0x000001e0538f6cc0: c3f8 4d89 | 5f28 e975 | f3ff ff4d | 8b57 484d | 8b5f 58f0 | 8344 24c0 | 0080 3900 | 0f84 91f3 
  0x000001e0538f6ce0: ffff 4488 | 214d 85d2 | 7520 498b | d7c5 f877 | 49ba e029 | 0ce0 f87f | 0000 41ff 

  0x000001e0538f6cfc: ;   {other}
  0x000001e0538f6cfc: d20f 1f84 | 0000 0000 | 00e9 69f3 | ffff 4b89 | 4c13 f849 | 83c2 f84d | 8957 48e9 | 57f3 ffff 
  0x000001e0538f6d1c: ;   {oop(""{0x000000008054f748})}
  0x000001e0538f6d1c: 48bf 48f7 | 5480 0000 | 0000 e94f | f3ff ff41 | 8b51 0c45 | 8b51 0849 | 8be9 4c63 | c249 c1e0 
  0x000001e0538f6d3c: 0281 fa00 | 0004 000f | 8737 1400 | 0049 8b87 | b801 0000 | 4d8d 5817 | 4983 e3f8 | 488b d849 
  0x000001e0538f6d5c: 03db 493b | 9fc8 0100 | 000f 8315 | 1400 0049 | 899f b801 | 0000 0f18 | 8300 0100 | 0048 c700 
  0x000001e0538f6d7c: 0100 0000 | 4489 5008 | 8950 0c0f | 1883 4001 | 0000 0f18 | 8380 0100 | 0048 8bd8 | 498d 4910 
  0x000001e0538f6d9c: 488b d348 | 83c2 1049 | 83c0 0749 | c1e8 03c5 | f877 49ba | e09d e552 | e001 0000 

  0x000001e0538f6db8: ;   {other}
  0x000001e0538f6db8: 41ff d20f | 1f84 0000 | 0000 00e9 | 7902 0000 | 498b 87b8 | 0100 004c | 8bd0 4983 | c218 498b 
  0x000001e0538f6dd8: fb4d 3b97 | c801 0000 | 0f83 7a15 | 0000 4d89 | 97b8 0100 | 0041 0f18 | 8200 0100 | 0048 c700 
  0x000001e0538f6df8: 0100 0000 

  0x000001e0538f6dfc: ;   {metadata('java/util/ArrayList')}
  0x000001e0538f6dfc: c740 08c2 | af00 2044 | 8960 0c44 

  0x000001e0538f6e08: ;   {oop(a 'java/lang/Object'[0] {0x0000000080554ff0})}
  0x000001e0538f6e08: 8960 10c7 | 4014 f04f | 5580 488b | d845 8b48 | 0c45 85c9 | 0f86 9200 | 0000 4533 | c9eb 1666 
  0x000001e0538f6e28: 0f1f 8400 | 0000 0000 | 488b cd48 | 8b7c 2430 | 488b 5c24 | 3841 8b50 | 0c44 3bca | 0f83 c616 
  0x000001e0538f6e48: 0000 478b | 4488 1045 | 8b50 1045 | 8b52 1044 | 894c 2440 | 4889 5c24 | 3848 897c | 2430 4489 
  0x000001e0538f6e68: 5c24 2448 | 8be9 4d8b | c248 8bd3 

  0x000001e0538f6e74: ;   {optimized virtual_call}
  0x000001e0538f6e74: c5f8 77e8 

  0x000001e0538f6e78: ; ImmutableOopMap {rbp=Oop [36]=NarrowOop [48]=Oop [56]=Oop [104]=Oop }
                      ;*invokevirtual addAll {reexecute=0 rethrow=0 return_oop=0}
                      ; - java.security.CodeSource::getCertificates@57
                      ; - java.lang.ClassLoader::postDefineClass@24
                      ; - java.lang.ClassLoader::defineClass@37
                      ; - java.security.SecureClassLoader::defineClass@12
  0x000001e0538f6e78: 047c 57ff 

  0x000001e0538f6e7c: ;   {other}
  0x000001e0538f6e7c: 0f1f 8400 | 6c1b 0016 | 498b 8f58 | 0400 0044 | 8b5c 2424 | 458b 4310 | 448b 4c24 

  0x000001e0538f6e98: ; ImmutableOopMap {r11=NarrowOop r8=NarrowOop rbp=Oop [48]=Oop [56]=Oop [104]=Oop }
                      ;*goto {reexecute=1 rethrow=0 return_oop=0}
                      ; - (reexecute) java.security.CodeSource::getCertificates@64
                      ; - java.lang.ClassLoader::postDefineClass@24
                      ; - java.lang.ClassLoader::defineClass@37
                      ; - java.security.SecureClassLoader::defineClass@12
  0x000001e0538f6e98: 4041 ffc1 

  0x000001e0538f6e9c: ;   {poll}
  0x000001e0538f6e9c: 8501 458b | 500c 453b | ca7c 8948 | 8bcd 488b | 7c24 3048 | 8b5c 2438 | 498b 87b8 | 0100 004c 
  0x000001e0538f6ebc: 8bd0 4983 | c210 4d3b | 97c8 0100 | 000f 83d4 | 1400 004d | 8997 b801 | 0000 410f | 1882 0001 
  0x000001e0538f6edc: 0000 48c7 | 0001 0000 | 0041 0f18 | 8240 0100 

  0x000001e0538f6eec: ;   {metadata('java/security/cert/Certificate'[])}
  0x000001e0538f6eec: 00c7 4008 | 1b61 0020 | 410f 1882 | 8001 0000 | 4489 600c | 4889 4c24 | 284c 8b54 | 2468 4c89 
  0x000001e0538f6f0c: 5424 3041 | 8beb 4889 | 7c24 3848 | 895c 2440 | 4c8b c048 | 8b54 2440 

  0x000001e0538f6f24: ;   {optimized virtual_call}
  0x000001e0538f6f24: c5f8 77e8 

  0x000001e0538f6f28: ; ImmutableOopMap {rbp=NarrowOop [40]=Oop [48]=Oop [56]=Oop }
                      ;*invokevirtual toArray {reexecute=0 rethrow=0 return_oop=1}
                      ; - java.security.CodeSource::getCertificates@73
                      ; - java.lang.ClassLoader::postDefineClass@24
                      ; - java.lang.ClassLoader::defineClass@37
                      ; - java.security.SecureClassLoader::defineClass@12
  0x000001e0538f6f28: 547b 57ff 

  0x000001e0538f6f2c: ;   {other}
  0x000001e0538f6f2c: 0f1f 8400 | 1c1c 0018 | 488b f844 

  0x000001e0538f6f38: ;   {metadata('java/security/cert/Certificate'[])}
  0x000001e0538f6f38: 8b58 0841 | 81fb 1b61 | 0020 0f85 | b017 0000 | 4180 7f40 | 000f 8551 | 0e00 008b | dd4c 8bd7 
  0x000001e0538f6f58: 4c89 5424 | 404c 8b54 | 2438 4c8b | 5c24 404d | 8bc3 4489 | 4314 4d33 | da49 c1eb | 144d 85db 
  0x000001e0538f6f78: 7416 49c1 | ea09 4c8b | 4424 584d | 03c2 4180 | 3802 0f85 | 490e 0000 | 4c8b 5424 | 4045 8b5a 
  0x000001e0538f6f98: 0c45 8b52 | 0849 63eb | 48c1 e502 | 4181 fb00 | 0004 000f | 8734 1400 | 0049 8b87 | b801 0000 
  0x000001e0538f6fb8: 4c8d 4517 | 4983 e0f8 | 4c8b c84d | 03c8 4d3b | 8fc8 0100 | 000f 8312 | 1400 004d | 898f b801 
  0x000001e0538f6fd8: 0000 410f | 1881 0001 | 0000 48c7 | 0001 0000 | 0044 8950 | 0844 8958 | 0c41 0f18 | 8140 0100 
  0x000001e0538f6ff8: 0041 0f18 | 8180 0100 | 0048 8bd8 | 488b 4c24 | 4048 83c1 | 1048 8bd3 | 4883 c210 | 4883 c507 
  0x000001e0538f7018: 48c1 ed03 | 4c8b c5c5 | f877 49ba | e09d e552 | e001 0000 

  0x000001e0538f702c: ;   {other}
  0x000001e0538f702c: 41ff d20f | 1f84 0000 | 0000 004c | 8b54 2430 | 4c89 5424 | 6848 8b54 | 2468 4c8b | c366 6690 
  0x000001e0538f704c: ;   {optimized virtual_call}
  0x000001e0538f704c: c5f8 77e8 

  0x000001e0538f7050: ; ImmutableOopMap {[104]=Oop }
                      ;*invokevirtual setSigners {reexecute=0 rethrow=0 return_oop=0}
                      ; - java.lang.ClassLoader::setSigners@2
                      ; - java.lang.ClassLoader::postDefineClass@35
                      ; - java.lang.ClassLoader::defineClass@37
                      ; - java.security.SecureClassLoader::defineClass@12
  0x000001e0538f7050: 2c7a 57ff 

  0x000001e0538f7054: ;   {other}
  0x000001e0538f7054: 0f1f 8400 | 441d 0019 | e9df f4ff | ff4c 8b54 | 2468 458b | 5a3c 4585 | db0f 844d | edff ff4d 
  0x000001e0538f7074: 8b57 2849 | 8bcb 4d85 | d20f 84f9 | 0d00 004d | 8b5f 384b | 894c 13f8 | 4983 c2f8 | 4d89 5728 
  0x000001e0538f7094: e927 edff | ff44 8b5b | 1445 85db | 0f84 bfec | ffff 4d8b | 5728 498b | cb4d 85d2 | 0f84 260e 
  0x000001e0538f70b4: 0000 4d8b | 5f38 4b89 | 4c13 f849 | 83c2 f84d | 8957 28e9 | 99ec ffff | 4d8b 5748 | 4d8b 5f58 
  0x000001e0538f70d4: f083 4424 | c000 8039 | 000f 84b5 | ecff ff44 | 8821 4d85 | d275 2049 | 8bd7 c5f8 | 7749 bae0 
  0x000001e0538f70f4: 290c e0f8 | 7f00 0041 

  0x000001e0538f70fc: ;   {other}
  0x000001e0538f70fc: ffd2 0f1f | 8400 0000 | 0000 e98d | ecff ff4b | 894c 13f8 | 4983 c2f8 | 4d89 5748 | e97b ecff 
  0x000001e0538f711c: ff44 8b57 | 1045 85d2 | 0f84 a4f5 | ffff 4d8b | 5f28 498b | ca4d 85db | 0f84 a60e | 0000 4d8b 
  0x000001e0538f713c: 5738 4b89 | 4c1a f849 | 83c3 f84d | 895f 28e9 | 7ef5 ffff | 488b 7c24 | 3844 8b5f | 0c45 85db 
  0x000001e0538f715c: 0f84 29f5 | ffff 4d8b | 5728 498b | cb4d 85d2 | 0f84 8e0e | 0000 4d8b | 5f38 4b89 | 4c13 f849 
  0x000001e0538f717c: 83c2 f84d | 8957 28e9 | 03f5 ffff | 488b 4c24 | 28e9 86f3 | ffff 4d8b | 5758 4d8b | 5f48 f083 
  0x000001e0538f719c: 4424 c000 | 8039 000f | 841a f5ff | ff44 8821 | 4d85 db75 | 2049 8bd7 | c5f8 7749 | bae0 290c 
  0x000001e0538f71bc: e0f8 7f00 | 0041 ffd2 

  0x000001e0538f71c4: ;   {other}
  0x000001e0538f71c4: 0f1f 8400 | 0000 0000 | e9f2 f4ff | ff4b 894c | 1af8 4983 | c3f8 4d89 | 5f48 e9e0 | f4ff ff4d 
  0x000001e0538f71e4: 8b57 584d | 8b5f 48f0 | 8344 24c0 | 0080 3900 | 0f84 0bf5 | ffff 4488 | 214d 85db | 7520 498b 
  0x000001e0538f7204: d7c5 f877 | 49ba e029 | 0ce0 f87f | 0000 41ff 

  0x000001e0538f7214: ;   {other}
  0x000001e0538f7214: d20f 1f84 | 0000 0000 | 00e9 e3f4 | ffff 4b89 | 4c1a f849 | 83c3 f84d | 895f 48e9 | d1f4 ffff 
  0x000001e0538f7234: 33c0 e95c | f1ff ff45 | 3bd1 0f85 | eb00 0000 | 458d 42ff | 453b c20f | 8327 1300 | 0045 85c9 
  0x000001e0538f7254: 0f86 1e13 | 0000 418d | 51ff 33db | eb37 8b9c | 2484 0000 | 00ff c33b | 9c24 a000 | 0000 0f8d 
  0x000001e0538f7274: f000 0000 | 488b 7c24 | 7048 8b4c | 2448 448b | 9424 a000 | 0000 448b | 8c24 a400 | 0000 8b94 
  0x000001e0538f7294: 24a8 0000 | 008b 749f | 1041 3bd1 | 0f83 5f11 | 0000 85f6 | 0f84 5711 | 0000 4c8b | de33 ed48 
  0x000001e0538f72b4: 897c 2470 | 4489 9424 | a000 0000 | 4489 8c24 | a400 0000 | 8994 24a8 | 0000 0089 | 9c24 8400 
  0x000001e0538f72d4: 0000 89b4 | 2488 0000 | 004c 899c | 24b0 0000 | 00eb 0e66 | 0f1f 8400 | 0000 0000 | 488b 4c24 
  0x000001e0538f72f4: 4844 8b5c | a910 4889 | 4c24 484d | 8bc3 488b | 9424 b000 | 0000 6690 

  0x000001e0538f730c: ;   {optimized virtual_call}
  0x000001e0538f730c: c5f8 77e8 

  0x000001e0538f7310: ; ImmutableOopMap {[40]=Oop [48]=Oop [56]=Oop [72]=Oop [80]=Oop [112]=Oop [136]=NarrowOop [144]=Oop [176]=Oop }
                      ;*invokevirtual equals {reexecute=0 rethrow=0 return_oop=0}
                      ; - java.lang.ClassLoader::compareCerts@81
                      ; - java.lang.ClassLoader::checkCerts@80
                      ; - java.lang.ClassLoader::preDefineClass@113
                      ; - java.lang.ClassLoader::defineClass@4
                      ; - java.security.SecureClassLoader::defineClass@12
  0x000001e0538f7310: 6c77 57ff 

  0x000001e0538f7314: ;   {other}
  0x000001e0538f7314: 0f1f 8400 | 0420 001a | 85c0 0f85 | 3eff ffff | ffc5 3bac | 24a4 0000 | 007c c1ba | 45ff ffff 
  0x000001e0538f7334: 488b 6c24 | 284c 8b54 | 2438 4c89 | 5424 2844 | 8b54 2440 | 4489 5424 | 3844 8b5c | 2444 4489 
  0x000001e0538f7354: 5c24 3c90 

  0x000001e0538f7358: ;   {runtime_call UncommonTrapBlob}
  0x000001e0538f7358: c5f8 77e8 

  0x000001e0538f735c: ; ImmutableOopMap {rbp=Oop [40]=Oop [48]=Oop [144]=Oop }
                      ;*ifne {reexecute=1 rethrow=0 return_oop=0}
                      ; - (reexecute) java.lang.ClassLoader::checkCerts@83
                      ; - java.lang.ClassLoader::preDefineClass@113
                      ; - java.lang.ClassLoader::defineClass@4
                      ; - java.security.SecureClassLoader::defineClass@12
  0x000001e0538f735c: a0cf 57ff 

  0x000001e0538f7360: ;   {other}
  0x000001e0538f7360: 0f1f 8400 | 5020 001b | 4533 d2eb | 1644 8b54 | 247c 41ff | c244 3b94 | 24a4 0000 | 000f 8db1 
  0x000001e0538f7380: edff ff4c | 8b5c 2448 | 478b 4c93 | 1045 85c9 | 0f84 c610 | 0000 4d8b | c133 ed44 | 8954 247c 
  0x000001e0538f73a0: 4489 8c24 | 8000 0000 | 4c89 8424 | 9800 0000 | 4c8b 5424 | 7045 8b5c | aa10 4d8b | c348 8b94 
  0x000001e0538f73c0: 2498 0000 | 0066 6690 

  0x000001e0538f73c8: ;   {optimized virtual_call}
  0x000001e0538f73c8: c5f8 77e8 

  0x000001e0538f73cc: ; ImmutableOopMap {[40]=Oop [48]=Oop [56]=Oop [72]=Oop [80]=Oop [112]=Oop [128]=NarrowOop [144]=Oop [152]=Oop }
                      ;*invokevirtual equals {reexecute=0 rethrow=0 return_oop=0}
                      ; - java.lang.ClassLoader::compareCerts@166
                      ; - java.lang.ClassLoader::checkCerts@80
                      ; - java.lang.ClassLoader::preDefineClass@113
                      ; - java.lang.ClassLoader::defineClass@4
                      ; - java.security.SecureClassLoader::defineClass@12
  0x000001e0538f73cc: b076 57ff 

  0x000001e0538f73d0: ;   {other}
  0x000001e0538f73d0: 0f1f 8400 | c020 001c | 85c0 7591 | ffc5 3bac | 24a0 0000 | 007c c9e9 | 43ff ffff | 4c63 c54d 
  0x000001e0538f73f0: 8d58 1049 | 8bcb 4883 | e1f8 498b | fd48 03f9 | 49c1 eb03 | 492b d348 | 8bca 4833 | c048 83f9 
  0x000001e0538f7410: 087f 1048 | ffc9 784f | 4889 04cf | 48ff c97d | f7eb 44c5 | fdef c0e9 | 0d00 0000 | c5fe 7f07 
  0x000001e0538f7430: c5fe 7f47 | 2048 83c7 | 4048 83e9 | 087d ed48 | 83c1 047c | 0cc5 fe7f | 0748 83c7 | 2048 83e9 
  0x000001e0538f7450: 0448 83c1 | 047e 1048 | ffc9 c5f9 | d607 4883 | c708 48ff | c97d f349 | 8bc9 498b | d2c5 f877 
  0x000001e0538f7470: 49ba 4097 | e552 e001 | 0000 41ff 

  0x000001e0538f747c: ;   {other}
  0x000001e0538f747c: d20f 1f84 | 0000 0000 | 00e9 1aeb | ffff 33c0 | e9e7 ecff 

  0x000001e0538f7490: ;   {oop(""{0x000000008054f748})}
  0x000001e0538f7490: ff48 be48 | f754 8000 | 0000 00e9 | d7eb ffff | 488b 4c24 | 2848 8bdd | 448b 4c24 | 2444 8b54 
  0x000001e0538f74b0: 2438 448b | 4424 3ce9 | 33ef ffff 

  0x000001e0538f74bc: ;   {metadata('java/security/SecureClassLoader$1')}
  0x000001e0538f74bc: 48ba 10ab | 0900 0100 | 0000 4c89 | 4424 5090 

  0x000001e0538f74cc: ;   {runtime_call _new_instance_Java}
  0x000001e0538f74cc: c5f8 77e8 

  0x000001e0538f74d0: ; ImmutableOopMap {rbp=NarrowOop [40]=Oop [48]=Oop [56]=Oop [80]=Oop }
                      ;*new {reexecute=0 rethrow=0 return_oop=1}
                      ; - java.security.SecureClassLoader::getProtectionDomain@20
                      ; - java.security.SecureClassLoader::defineClass@9
  0x000001e0538f74d0: ac41 63ff 

  0x000001e0538f74d4: ;   {other}
  0x000001e0538f74d4: 0f1f 8400 | c421 001d | 4c8b c84c | 8b44 2450 | e9fa e3ff 

  0x000001e0538f74e8: ;   {metadata('java/security/SecureClassLoader$CodeSourceKey')}
  0x000001e0538f74e8: ff48 bad0 | a809 0001 | 0000 0090 

  0x000001e0538f74f4: ;   {runtime_call _new_instance_Java}
  0x000001e0538f74f4: c5f8 77e8 

  0x000001e0538f74f8: ; ImmutableOopMap {rbp=Oop [40]=Oop [48]=Oop [56]=Oop }
                      ;*new {reexecute=0 rethrow=0 return_oop=1}
                      ; - java.security.SecureClassLoader::getProtectionDomain@6
                      ; - java.security.SecureClassLoader::defineClass@9
  0x000001e0538f74f8: 8441 63ff 

  0x000001e0538f74fc: ;   {other}
  0x000001e0538f74fc: 0f1f 8400 | ec21 001e | 4c8b c0e9 | 8ee3 ffff | 894c 2478 | 4489 7424 | 5c48 895c | 2470 4c89 
  0x000001e0538f751c: 4c24 68c5 | fb11 4424 | 6044 8b44 | 2420 4489 | 4424 5844 | 895c 2454 | 4489 5424 | 504c 8b94 
  0x000001e0538f753c: 2490 0000 | 004c 8954 | 2448 4c8b | 5424 304c | 8954 2420 | 488b 6c24 

  0x000001e0538f7554: ;   {metadata('java/lang/String')}
  0x000001e0538f7554: 2848 ba90 | 2004 0001 | 0000 0090 

  0x000001e0538f7560: ;   {runtime_call _new_instance_Java}
  0x000001e0538f7560: c5f8 77e8 

  0x000001e0538f7564: ; ImmutableOopMap {rbp=Oop [32]=Oop [56]=Oop [72]=Oop [80]=NarrowOop [92]=NarrowOop [96]=Oop [104]=Derived_oop_[96] [112]=Oop [144]=Oop }
                      ;*new {reexecute=0 rethrow=0 return_oop=1}
                      ; - java.lang.StringLatin1::newString@7
                      ; - java.lang.String::substring@41
                      ; - java.lang.ClassLoader::checkCerts@21
                      ; - java.lang.ClassLoader::preDefineClass@113
                      ; - java.lang.ClassLoader::defineClass@4
                      ; - java.security.SecureClassLoader::defineClass@12
  0x000001e0538f7564: 1841 63ff 

  0x000001e0538f7568: ;   {other}
  0x000001e0538f7568: 0f1f 8400 | 5822 001f | 4889 6c24 | 284c 8b54 | 2420 4c89 | 5424 3044 | 8b54 2450 | 448b 5c24 
  0x000001e0538f7588: 548b 4c24 | 5889 4c24 | 20c5 fb10 | 4424 604c | 8b4c 2468 | 488b 5c24 | 7044 8b74 | 245c 8b4c 
  0x000001e0538f75a8: 2478 488b | f0e9 1be9 | ffff 4c63 | c54d 8d50 | 1049 8bca | 4883 e1f8 | 488b fe48 | 03f9 49c1 
  0x000001e0538f75c8: ea03 4d2b | ca49 8bc9 | 4833 c048 | 83f9 087f | 1048 ffc9 | 784f 4889 | 04cf 48ff | c97d f7eb 
  0x000001e0538f75e8: 44c5 fdef | c0e9 0d00 | 0000 c5fe | 7f07 c5fe | 7f47 2048 | 83c7 4048 | 83e9 087d | ed48 83c1 
  0x000001e0538f7608: 047c 0cc5 | fe7f 0748 | 83c7 2048 | 83e9 0448 | 83c1 047e | 1048 ffc9 | c5f9 d607 | 4883 c708 
  0x000001e0538f7628: 48ff c97d | f349 8bcb | c5f8 7749 | ba40 97e5 | 52e0 0100 | 0041 ffd2 

  0x000001e0538f7640: ;   {other}
  0x000001e0538f7640: 0f1f 8400 | 0000 0000 | e97d e6ff | ff4c 8944 | 2478 4889 | 7424 7044 | 8974 2454 | 4889 5c24 
  0x000001e0538f7660: 684c 894c | 2460 c5fb | 1144 2458 | 448b 4424 | 2044 8944 | 2450 418b | ea4c 8b94 | 2490 0000 
  0x000001e0538f7680: 004c 8954 | 2448 4c8b | 5424 284c | 8954 2420 

  0x000001e0538f7690: ;   {metadata({type array byte})}
  0x000001e0538f7690: 48ba c80a | 0400 0100 | 0000 458b | c366 6690 

  0x000001e0538f76a0: ;   {runtime_call _new_array_nozero_Java}
  0x000001e0538f76a0: c5f8 77e8 

  0x000001e0538f76a4: ; ImmutableOopMap {rbp=NarrowOop [32]=Oop [48]=Oop [56]=Oop [72]=Oop [84]=NarrowOop [88]=Oop [96]=Derived_oop_[88] [104]=Oop [112]=Oop [144]=Oop }
                      ;*invokevirtual clone {reexecute=1 rethrow=0 return_oop=1}
                      ; - (reexecute) java.util.Arrays::copyOfRange@18
                      ; - java.lang.StringLatin1::newString@16
                      ; - java.lang.String::substring@41
                      ; - java.lang.ClassLoader::checkCerts@21
                      ; - java.lang.ClassLoader::preDefineClass@113
                      ; - java.lang.ClassLoader::defineClass@4
                      ; - java.security.SecureClassLoader::defineClass@12
  0x000001e0538f76a4: 5839 63ff 

  0x000001e0538f76a8: ;   {other}
  0x000001e0538f76a8: 0f1f 8400 | 9823 0020 | 4c8b 5c24 | 204c 895c | 2428 448b | 5c24 5044 | 895c 2420 | 4c8b 4c24 
  0x000001e0538f76c8: 6048 8b5c | 2468 448b | 7424 5448 | 8b74 2470 | 4c8b 4424 | 784c 8be8 | e926 e9ff 

  0x000001e0538f76e4: ;   {oop(""{0x000000008054f748})}
  0x000001e0538f76e4: ff48 bb48 | f754 8000 | 0000 00e9 | a8e6 ffff | 488b 4c24 | 2848 8b5c | 2438 448b | 4c24 24e9 
  0x000001e0538f7704: b6ee ffff | 4489 4c24 | 3844 8944 | 2424 4889 | 5c24 3090 

  0x000001e0538f7718: ;   {static_call}
  0x000001e0538f7718: c5f8 77e8 

  0x000001e0538f771c: ; ImmutableOopMap {rbp=Oop [36]=NarrowOop [40]=Oop [48]=Oop [56]=NarrowOop [72]=Oop [104]=Oop }
                      ;*invokestatic hashCode {reexecute=0 rethrow=0 return_oop=0}
                      ; - java.lang.String::hashCode@37
                      ; - java.util.concurrent.ConcurrentHashMap::get@1
                      ; - java.lang.ClassLoader::getNamedPackage@5
                      ; - java.lang.ClassLoader::postDefineClass@9
                      ; - java.lang.ClassLoader::defineClass@37
                      ; - java.security.SecureClassLoader::defineClass@12
  0x000001e0538f771c: 6079 57ff 

  0x000001e0538f7720: ;   {other}
  0x000001e0538f7720: 0f1f 8400 | 1024 0021 | e94b ecff | ff48 8b5c | 2430 c643 | 1101 33c0 | 488b 4c24 | 2844 8b44 
  0x000001e0538f7740: 2424 448b | 4c24 38e9 | 4bec ffff | 4489 5424 | 3489 7c24 | 3089 4c24 | 2448 8b6c 

  0x000001e0538f775c: ;   {metadata('java/lang/String')}
  0x000001e0538f775c: 2468 48ba | 9020 0400 | 0100 0000 

  0x000001e0538f7768: ;   {runtime_call _new_instance_Java}
  0x000001e0538f7768: c5f8 77e8 

  0x000001e0538f776c: ; ImmutableOopMap {rbp=Oop [36]=NarrowOop [40]=Oop [72]=Oop [104]=Oop [136]=Oop }
                      ;*new {reexecute=0 rethrow=0 return_oop=1}
                      ; - java.lang.StringLatin1::newString@7
                      ; - java.lang.String::substring@41
                      ; - java.lang.Class::getPackageName@62
                      ; - java.lang.ClassLoader::postDefineClass@2
                      ; - java.lang.ClassLoader::defineClass@37
                      ; - java.security.SecureClassLoader::defineClass@12
  0x000001e0538f776c: 103f 63ff 

  0x000001e0538f7770: ;   {other}
  0x000001e0538f7770: 0f1f 8400 | 6024 0022 | 8b4c 2424 | 8b7c 2430 | 448b 5424 | 3448 8bd8 | e961 e4ff | ff4c 8944 
  0x000001e0538f7790: 2450 4c89 | 5c24 4048 | 895c 2438 | 8be9 4c8b | 5424 684c | 8954 2430 

  0x000001e0538f77a8: ;   {metadata({type array byte})}
  0x000001e0538f77a8: 48ba c80a | 0400 0100 | 0000 448b | c766 6690 

  0x000001e0538f77b8: ;   {runtime_call _new_array_nozero_Java}
  0x000001e0538f77b8: c5f8 77e8 

  0x000001e0538f77bc: ; ImmutableOopMap {rbp=NarrowOop [40]=Oop [48]=Oop [56]=Oop [72]=Oop [136]=Oop [64]=Derived_oop_[136] }
                      ;*invokevirtual clone {reexecute=1 rethrow=0 return_oop=1}
                      ; - (reexecute) java.util.Arrays::copyOfRange@18
                      ; - java.lang.StringLatin1::newString@16
                      ; - java.lang.String::substring@41
                      ; - java.lang.Class::getPackageName@62
                      ; - java.lang.ClassLoader::postDefineClass@2
                      ; - java.lang.ClassLoader::defineClass@37
                      ; - java.security.SecureClassLoader::defineClass@12
  0x000001e0538f77bc: 4038 63ff 

  0x000001e0538f77c0: ;   {other}
  0x000001e0538f77c0: 0f1f 8400 | b024 0023 | 4c8b 5c24 | 304c 895c | 2468 488b | 5c24 384c | 8b5c 2440 | 4c8b 4424 
  0x000001e0538f77e0: 5048 8bf0 | e947 e5ff | ff44 894c | 2424 4889 | 5c24 3048 | 894c 2428 

  0x000001e0538f77f8: ;   {metadata('java/lang/NamedPackage')}
  0x000001e0538f77f8: 48ba d097 | 0900 0100 | 0000 6690 

  0x000001e0538f7804: ;   {runtime_call _new_instance_Java}
  0x000001e0538f7804: c5f8 77e8 

  0x000001e0538f7808: ; ImmutableOopMap {[36]=NarrowOop [40]=Oop [48]=Oop [72]=Oop [104]=Oop }
                      ;*new {reexecute=0 rethrow=0 return_oop=1}
                      ; - java.lang.ClassLoader::getNamedPackage@16
                      ; - java.lang.ClassLoader::postDefineClass@9
                      ; - java.lang.ClassLoader::defineClass@37
                      ; - java.security.SecureClassLoader::defineClass@12
  0x000001e0538f7808: 743e 63ff 

  0x000001e0538f780c: ;   {other}
  0x000001e0538f780c: 0f1f 8400 | fc24 0024 | e9f4 edff | ff4c 8984 | 2488 0000 | 0048 8994 | 2480 0000 | 0048 8974 
  0x000001e0538f782c: 2478 894c | 2470 4489 | 7424 5448 | 895c 2468 | 4c89 4c24 | 60c5 fb11 | 4424 5844 | 8b5c 2420 
  0x000001e0538f784c: 4489 5c24 | 504c 8b94 | 2490 0000 | 004c 8954 | 2448 4c8b | 5424 284c | 8954 2420 

  0x000001e0538f7868: ;   {metadata({type array byte})}
  0x000001e0538f7868: 48ba c80a | 0400 0100 | 0000 448b | c166 6690 

  0x000001e0538f7878: ;   {runtime_call _new_array_nozero_Java}
  0x000001e0538f7878: c5f8 77e8 

  0x000001e0538f787c: ; ImmutableOopMap {[32]=Oop [48]=Oop [56]=Oop [72]=Oop [84]=NarrowOop [88]=Oop [96]=Derived_oop_[88] [104]=Oop [120]=Oop }
                      ;*newarray {reexecute=0 rethrow=0 return_oop=1}
                      ; - java.util.Arrays::copyOfRangeByte@10
                      ; - java.util.Arrays::copyOfRange@13
                      ; - java.lang.StringLatin1::newString@16
                      ; - java.lang.String::substring@41
                      ; - java.lang.ClassLoader::checkCerts@21
                      ; - java.lang.ClassLoader::preDefineClass@113
                      ; - java.lang.ClassLoader::defineClass@4
                      ; - java.security.SecureClassLoader::defineClass@12
  0x000001e0538f787c: 8037 63ff 

  0x000001e0538f7880: ;   {other}
  0x000001e0538f7880: 0f1f 8400 | 7025 0025 | 4c8b 5424 | 204c 8954 | 2428 4c8b | 5424 484c | 8994 2490 | 0000 0044 
  0x000001e0538f78a0: 8b54 2450 | 4489 5424 | 204c 8b4c | 2460 488b | 5c24 6844 | 8b74 2454 | 8b4c 2470 | 488b 7424 
  0x000001e0538f78c0: 784c 8be8 | 488b 9424 | 8000 0000 | 4c8b 8424 | 8800 0000 | e98a e6ff | ff48 897c | 2460 4c89 
  0x000001e0538f78e0: 4c24 504c | 895c 2440 | 4889 5c24 | 3844 8954 | 2424 4c8b | 5424 684c | 8954 2430 

  0x000001e0538f78fc: ;   {metadata({type array byte})}
  0x000001e0538f78fc: 48ba c80a | 0400 0100 | 0000 448b | 4424 2490 

  0x000001e0538f790c: ;   {runtime_call _new_array_nozero_Java}
  0x000001e0538f790c: c5f8 77e8 

  0x000001e0538f7910: ; ImmutableOopMap {[40]=Oop [48]=Oop [56]=Oop [72]=Oop [104]=Oop [136]=Oop [64]=Derived_oop_[136] }
                      ;*newarray {reexecute=0 rethrow=0 return_oop=1}
                      ; - java.util.Arrays::copyOfRangeByte@10
                      ; - java.util.Arrays::copyOfRange@13
                      ; - java.lang.StringLatin1::newString@16
                      ; - java.lang.String::substring@41
                      ; - java.lang.Class::getPackageName@62
                      ; - java.lang.ClassLoader::postDefineClass@2
                      ; - java.lang.ClassLoader::defineClass@37
                      ; - java.security.SecureClassLoader::defineClass@12
  0x000001e0538f7910: ec36 63ff 

  0x000001e0538f7914: ;   {other}
  0x000001e0538f7914: 0f1f 8400 | 0426 0026 | 448b 5424 | 2448 8b5c | 2438 4c8b | 5c24 4048 | 8bf0 4c8b | 4c24 5048 
  0x000001e0538f7934: 8b7c 2460 | e94b e3ff | ffba f6ff | ffff 488b | ef4c 895c | 2420 6690 

  0x000001e0538f794c: ;   {runtime_call UncommonTrapBlob}
  0x000001e0538f794c: c5f8 77e8 

  0x000001e0538f7950: ; ImmutableOopMap {rbp=Oop [32]=Oop }
                      ;*invokevirtual putIfAbsent {reexecute=0 rethrow=0 return_oop=0}
                      ; - java.lang.ClassLoader::checkCerts@62
                      ; - java.lang.ClassLoader::preDefineClass@113
                      ; - java.lang.ClassLoader::defineClass@4
                      ; - java.security.SecureClassLoader::defineClass@12
  0x000001e0538f7950: acc9 57ff 

  0x000001e0538f7954: ;   {other}
  0x000001e0538f7954: 0f1f 8400 | 4426 0027 | baf6 ffff | ff48 8beb 

  0x000001e0538f7964: ;   {runtime_call UncommonTrapBlob}
  0x000001e0538f7964: c5f8 77e8 

  0x000001e0538f7968: ; ImmutableOopMap {rbp=Oop }
                      ;*invokevirtual get {reexecute=0 rethrow=0 return_oop=0}
                      ; - java.lang.ClassLoader::getNamedPackage@5
                      ; - java.lang.ClassLoader::postDefineClass@9
                      ; - java.lang.ClassLoader::defineClass@37
                      ; - java.security.SecureClassLoader::defineClass@12
  0x000001e0538f7968: 94c9 57ff 

  0x000001e0538f796c: ;   {other}
  0x000001e0538f796c: 0f1f 8400 | 5c26 0028 | baf6 ffff | ff66 6690 

  0x000001e0538f797c: ;   {runtime_call UncommonTrapBlob}
  0x000001e0538f797c: c5f8 77e8 

  0x000001e0538f7980: ; ImmutableOopMap {rbp=NarrowOop }
                      ;*invokevirtual toExternalForm {reexecute=0 rethrow=0 return_oop=0}
                      ; - java.net.URL::toExternalForm@5
                      ; - java.net.URL::toString@1
                      ; - java.lang.ClassLoader::defineClassSourceLocation@22
                      ; - java.lang.ClassLoader::defineClass@12
                      ; - java.security.SecureClassLoader::defineClass@12
  0x000001e0538f7980: 7cc9 57ff 

  0x000001e0538f7984: ;   {other}
  0x000001e0538f7984: 0f1f 8400 | 7426 0029 | ba76 ffff | ff41 8bea | 8974 2424 | 4889 5c24 | 5044 8974 | 2460 6690 
  0x000001e0538f79a4: ;   {runtime_call UncommonTrapBlob}
  0x000001e0538f79a4: c5f8 77e8 

  0x000001e0538f79a8: ; ImmutableOopMap {rbp=NarrowOop [40]=Oop [48]=Oop [56]=Oop [80]=Oop [96]=NarrowOop [144]=Oop }
                      ;*iflt {reexecute=1 rethrow=0 return_oop=0}
                      ; - (reexecute) java.lang.StringLatin1::lastIndexOf@19
                      ; - java.lang.String::lastIndexOf@13
                      ; - java.lang.String::lastIndexOf@8
                      ; - java.lang.ClassLoader::checkCerts@3
                      ; - java.lang.ClassLoader::preDefineClass@113
                      ; - java.lang.ClassLoader::defineClass@4
                      ; - java.security.SecureClassLoader::defineClass@12
  0x000001e0538f79a8: 54c9 57ff 

  0x000001e0538f79ac: ;   {other}
  0x000001e0538f79ac: 0f1f 8400 | 9c26 002a | bade ffff | ff4c 8b54 | 2428 4c89 | 5424 204c | 8b54 2430 | 4c89 5424 
  0x000001e0538f79cc: 284c 8b54 | 2438 4c89 | 5424 3044 | 8b5c 2440 | 4489 5c24 | 3844 8b54 | 2444 4489 | 5424 3c4c 
  0x000001e0538f79ec: 8944 2440 | 4c89 4c24 | 4866 6690 

  0x000001e0538f79f8: ;   {runtime_call UncommonTrapBlob}
  0x000001e0538f79f8: c5f8 77e8 

  0x000001e0538f79fc: ; ImmutableOopMap {rbp=NarrowOop [32]=Oop [40]=Oop [48]=Oop [64]=Oop [72]=Oop }
                      ;*invokeinterface computeIfAbsent {reexecute=0 rethrow=0 return_oop=0}
                      ; - java.security.SecureClassLoader::getProtectionDomain@28
                      ; - java.security.SecureClassLoader::defineClass@9
  0x000001e0538f79fc: 00c9 57ff 

  0x000001e0538f7a00: ;   {other}
  0x000001e0538f7a00: 0f1f 8400 | f026 002b | ba45 ffff | ff48 8b6c | 2428 6690 

  0x000001e0538f7a14: ;   {runtime_call UncommonTrapBlob}
  0x000001e0538f7a14: c5f8 77e8 

  0x000001e0538f7a18: ; ImmutableOopMap {rbp=Oop [48]=Oop [56]=Oop [144]=Oop }
                      ;*ifeq {reexecute=1 rethrow=0 return_oop=0}
                      ; - (reexecute) java.lang.ClassLoader::checkName@8
                      ; - java.lang.ClassLoader::preDefineClass@1
                      ; - java.lang.ClassLoader::defineClass@4
                      ; - java.security.SecureClassLoader::defineClass@12
  0x000001e0538f7a18: e4c8 57ff 

  0x000001e0538f7a1c: ;   {other}
  0x000001e0538f7a1c: 0f1f 8400 | 0c27 002c | ba6e ffff | ff41 8bea | 8974 2424 | 4889 5c24 | 5044 8974 | 2460 6690 
  0x000001e0538f7a3c: ;   {runtime_call UncommonTrapBlob}
  0x000001e0538f7a3c: c5f8 77e8 

  0x000001e0538f7a40: ; ImmutableOopMap {rbp=NarrowOop [40]=Oop [48]=Oop [56]=Oop [80]=Oop [96]=NarrowOop [144]=Oop }
                      ;*iflt {reexecute=1 rethrow=0 return_oop=0}
                      ; - (reexecute) java.lang.StringLatin1::lastIndexOf@19
                      ; - java.lang.String::lastIndexOf@13
                      ; - java.lang.String::lastIndexOf@8
                      ; - java.lang.ClassLoader::checkCerts@3
                      ; - java.lang.ClassLoader::preDefineClass@113
                      ; - java.lang.ClassLoader::defineClass@4
                      ; - java.security.SecureClassLoader::defineClass@12
  0x000001e0538f7a40: bcc8 57ff 

  0x000001e0538f7a44: ;   {other}
  0x000001e0538f7a44: 0f1f 8400 | 3427 002d | bace ffff | ff41 8bea | 895c 2460 

  0x000001e0538f7a58: ;   {runtime_call UncommonTrapBlob}
  0x000001e0538f7a58: c5f8 77e8 

  0x000001e0538f7a5c: ; ImmutableOopMap {rbp=NarrowOop [40]=Oop [48]=Oop [56]=Oop [144]=Oop }
                      ;*invokestatic indexOfChar {reexecute=0 rethrow=0 return_oop=0}
                      ; - java.lang.StringLatin1::indexOf@33
                      ; - java.lang.String::indexOf@17
                      ; - java.lang.String::indexOf@3
                      ; - java.lang.ClassLoader::checkName@16
                      ; - java.lang.ClassLoader::preDefineClass@1
                      ; - java.lang.ClassLoader::defineClass@4
                      ; - java.security.SecureClassLoader::defineClass@12
  0x000001e0538f7a5c: a0c8 57ff 

  0x000001e0538f7a60: ;   {other}
  0x000001e0538f7a60: 0f1f 8400 | 5027 002e | bade ffff | ff66 6690 

  0x000001e0538f7a70: ;   {runtime_call UncommonTrapBlob}
  0x000001e0538f7a70: c5f8 77e8 

  0x000001e0538f7a74: ; ImmutableOopMap {rbp=NarrowOop }
                      ;*checkcast {reexecute=0 rethrow=0 return_oop=0}
                      ; - java.lang.ClassLoader::getNamedPackage@8
                      ; - java.lang.ClassLoader::postDefineClass@9
                      ; - java.lang.ClassLoader::defineClass@37
                      ; - java.security.SecureClassLoader::defineClass@12
  0x000001e0538f7a74: 88c8 57ff 

  0x000001e0538f7a78: ;   {other}
  0x000001e0538f7a78: 0f1f 8400 | 6827 002f | 488b 4c24 | 2848 8b5c | 2438 448b | 4c24 24e9 | 2aeb ffff | 4533 d245 
  0x000001e0538f7a98: 85c0 410f | 94c2 ba45 | ffff ff48 | 8b6c 2428 | 4c8b 5c24 | 304c 895c | 2420 4489 | 5424 6090 
  0x000001e0538f7ab8: ;   {runtime_call UncommonTrapBlob}
  0x000001e0538f7ab8: c5f8 77e8 

  0x000001e0538f7abc: ; ImmutableOopMap {rbp=Oop [32]=Oop [56]=Oop [144]=Oop }
                      ;*ifeq {reexecute=1 rethrow=0 return_oop=0}
                      ; - (reexecute) java.lang.String::indexOf@4
                      ; - java.lang.String::indexOf@3
                      ; - java.lang.ClassLoader::checkName@16
                      ; - java.lang.ClassLoader::preDefineClass@1
                      ; - java.lang.ClassLoader::defineClass@4
                      ; - java.security.SecureClassLoader::defineClass@12
  0x000001e0538f7abc: 40c8 57ff 

  0x000001e0538f7ac0: ;   {other}
  0x000001e0538f7ac0: 0f1f 8400 | b027 0030 | ba45 ffff | ff89 4c24 | 2089 4c24 | 2448 895c | 2450 4489 | 7424 6044 
  0x000001e0538f7ae0: 8944 2470 

  0x000001e0538f7ae4: ;   {runtime_call UncommonTrapBlob}
  0x000001e0538f7ae4: c5f8 77e8 

  0x000001e0538f7ae8: ; ImmutableOopMap {[40]=Oop [48]=Oop [56]=Oop [80]=Oop [96]=NarrowOop [144]=Oop }
                      ;*if_icmpgt {reexecute=1 rethrow=0 return_oop=0}
                      ; - (reexecute) jdk.internal.util.Preconditions::checkFromToIndex@6
                      ; - java.lang.String::checkBoundsBeginEnd@6
                      ; - java.lang.String::substring@8
                      ; - java.lang.ClassLoader::checkCerts@21
                      ; - java.lang.ClassLoader::preDefineClass@113
                      ; - java.lang.ClassLoader::defineClass@4
                      ; - java.security.SecureClassLoader::defineClass@12
  0x000001e0538f7ae8: 14c8 57ff 

  0x000001e0538f7aec: ;   {other}
  0x000001e0538f7aec: 0f1f 8400 | dc27 0031 | ba45 ffff | ff48 8b6c | 2428 895c | 2450 6690 

  0x000001e0538f7b04: ;   {runtime_call UncommonTrapBlob}
  0x000001e0538f7b04: c5f8 77e8 

  0x000001e0538f7b08: ; ImmutableOopMap {rbp=Oop [48]=Oop [56]=Oop [144]=Oop }
                      ;*if_icmpne {reexecute=1 rethrow=0 return_oop=0}
                      ; - (reexecute) java.lang.ClassLoader::checkName@20
                      ; - java.lang.ClassLoader::preDefineClass@1
                      ; - java.lang.ClassLoader::defineClass@4
                      ; - java.security.SecureClassLoader::defineClass@12
  0x000001e0538f7b08: f4c7 57ff 

  0x000001e0538f7b0c: ;   {other}
  0x000001e0538f7b0c: 0f1f 8400 | fc27 0032 | 498b d7c5 | f877 49ba | 002a 0ce0 | f87f 0000 

  0x000001e0538f7b24: ;   {other}
  0x000001e0538f7b24: 41ff d20f | 1f84 0000 | 0000 00e9 | 0ce5 ffff | ba45 ffff | ff4c 8b54 | 2448 4c89 | 5424 3848 
  0x000001e0538f7b44: 894c 2440 | 4889 5c24 | 4844 894c | 2450 6690 

  0x000001e0538f7b54: ;   {runtime_call UncommonTrapBlob}
  0x000001e0538f7b54: c5f8 77e8 

  0x000001e0538f7b58: ; ImmutableOopMap {[56]=Oop [64]=Oop [72]=Oop [80]=NarrowOop [104]=Oop }
                      ;*ifle {reexecute=1 rethrow=0 return_oop=0}
                      ; - (reexecute) java.util.concurrent.ConcurrentHashMap::get@23
                      ; - java.lang.ClassLoader::getNamedPackage@5
                      ; - java.lang.ClassLoader::postDefineClass@9
                      ; - java.lang.ClassLoader::defineClass@37
                      ; - java.security.SecureClassLoader::defineClass@12
  0x000001e0538f7b58: a4c7 57ff 

  0x000001e0538f7b5c: ;   {other}
  0x000001e0538f7b5c: 0f1f 8400 | 4c28 0033 | ba45 ffff | ff4c 8b54 | 2428 4c89 | 5424 204c | 8944 2428 | 4c89 4c24 
  0x000001e0538f7b7c: 3089 7c24 | 3889 7424 | 3c66 6690 

  0x000001e0538f7b88: ;   {runtime_call UncommonTrapBlob}
  0x000001e0538f7b88: c5f8 77e8 

  0x000001e0538f7b8c: ; ImmutableOopMap {rbp=Oop [32]=Oop [40]=Oop [48]=Oop }
                      ;*ifnonnull {reexecute=1 rethrow=0 return_oop=0}
                      ; - (reexecute) java.security.SecureClassLoader::getProtectionDomain@1
                      ; - java.security.SecureClassLoader::defineClass@9
  0x000001e0538f7b8c: 70c7 57ff 

  0x000001e0538f7b90: ;   {other}
  0x000001e0538f7b90: 0f1f 8400 | 8028 0034 | ba45 ffff | ff66 6690 

  0x000001e0538f7ba0: ;   {runtime_call UncommonTrapBlob}
  0x000001e0538f7ba0: c5f8 77e8 

  0x000001e0538f7ba4: ; ImmutableOopMap {[40]=Oop [48]=Oop [56]=Oop [144]=Oop }
                      ;*if_icmpne {reexecute=1 rethrow=0 return_oop=0}
                      ; - (reexecute) java.lang.ClassLoader::checkName@30
                      ; - java.lang.ClassLoader::preDefineClass@1
                      ; - java.lang.ClassLoader::defineClass@4
                      ; - java.security.SecureClassLoader::defineClass@12
  0x000001e0538f7ba4: 58c7 57ff 

  0x000001e0538f7ba8: ;   {other}
  0x000001e0538f7ba8: 0f1f 8400 | 9828 0035 | ba45 ffff | ff89 4c24 | 2089 4c24 | 2448 895c | 2450 4489 | 7424 6044 
  0x000001e0538f7bc8: 8944 2470 | 4489 4424 | 7466 6690 

  0x000001e0538f7bd4: ;   {runtime_call UncommonTrapBlob}
  0x000001e0538f7bd4: c5f8 77e8 

  0x000001e0538f7bd8: ; ImmutableOopMap {[40]=Oop [48]=Oop [56]=Oop [80]=Oop [96]=NarrowOop [144]=Oop }
                      ;*if_icmple {reexecute=1 rethrow=0 return_oop=0}
                      ; - (reexecute) jdk.internal.util.Preconditions::checkFromToIndex@11
                      ; - java.lang.String::checkBoundsBeginEnd@6
                      ; - java.lang.String::substring@8
                      ; - java.lang.ClassLoader::checkCerts@21
                      ; - java.lang.ClassLoader::preDefineClass@113
                      ; - java.lang.ClassLoader::defineClass@4
                      ; - java.security.SecureClassLoader::defineClass@12
  0x000001e0538f7bd8: 24c7 57ff 

  0x000001e0538f7bdc: ;   {other}
  0x000001e0538f7bdc: 0f1f 8400 | cc28 0036 | ba45 ffff | ff48 8b6c | 2428 4c8b | 5424 384c | 8954 2428 | 448b 5c24 
  0x000001e0538f7bfc: 4044 895c | 2438 448b | 5424 4444 | 8954 243c | 4489 4c24 | 4866 6690 

  0x000001e0538f7c14: ;   {runtime_call UncommonTrapBlob}
  0x000001e0538f7c14: c5f8 77e8 

  0x000001e0538f7c18: ; ImmutableOopMap {rbp=Oop [40]=Oop [48]=Oop [144]=Oop }
                      ;*ifne {reexecute=1 rethrow=0 return_oop=0}
                      ; - (reexecute) java.lang.ClassLoader::compareCerts@7
                      ; - java.lang.ClassLoader::checkCerts@80
                      ; - java.lang.ClassLoader::preDefineClass@113
                      ; - java.lang.ClassLoader::defineClass@4
                      ; - java.security.SecureClassLoader::defineClass@12
  0x000001e0538f7c18: e4c6 57ff 

  0x000001e0538f7c1c: ;   {other}
  0x000001e0538f7c1c: 0f1f 8400 | 0c29 0037 | ba76 ffff | ff8b e989 | 5c24 244c | 8b54 2468 | 4c89 5424 | 304c 8b54 
  0x000001e0538f7c3c: 2448 4c89 | 5424 404c | 8944 2458 

  0x000001e0538f7c48: ;   {runtime_call UncommonTrapBlob}
  0x000001e0538f7c48: c5f8 77e8 

  0x000001e0538f7c4c: ; ImmutableOopMap {rbp=NarrowOop [40]=Oop [48]=Oop [64]=Oop [88]=Oop }
                      ;*iflt {reexecute=1 rethrow=0 return_oop=0}
                      ; - (reexecute) java.lang.StringLatin1::lastIndexOf@19
                      ; - java.lang.String::lastIndexOf@13
                      ; - java.lang.String::lastIndexOf@8
                      ; - java.lang.Class::getPackageName@47
                      ; - java.lang.ClassLoader::postDefineClass@2
                      ; - java.lang.ClassLoader::defineClass@37
                      ; - java.security.SecureClassLoader::defineClass@12
  0x000001e0538f7c4c: b0c6 57ff 

  0x000001e0538f7c50: ;   {other}
  0x000001e0538f7c50: 0f1f 8400 | 4029 0038 | ba45 ffff | ff48 8944 | 2430 4889 | 4424 4090 

  0x000001e0538f7c68: ;   {runtime_call UncommonTrapBlob}
  0x000001e0538f7c68: c5f8 77e8 

  0x000001e0538f7c6c: ; ImmutableOopMap {[40]=Oop [48]=Oop [64]=Oop [72]=Oop }
                      ;*ifeq {reexecute=1 rethrow=0 return_oop=0}
                      ; - (reexecute) java.lang.Class::getPackageName@13
                      ; - java.lang.ClassLoader::postDefineClass@2
                      ; - java.lang.ClassLoader::defineClass@37
                      ; - java.security.SecureClassLoader::defineClass@12
  0x000001e0538f7c6c: 90c6 57ff 

  0x000001e0538f7c70: ;   {other}
  0x000001e0538f7c70: 0f1f 8400 | 6029 0039 | ba6e ffff | ff8b e989 | 5c24 244c | 8b54 2468 | 4c89 5424 | 304c 8b54 
  0x000001e0538f7c90: 2448 4c89 | 5424 404c | 8944 2458 

  0x000001e0538f7c9c: ;   {runtime_call UncommonTrapBlob}
  0x000001e0538f7c9c: c5f8 77e8 

  0x000001e0538f7ca0: ; ImmutableOopMap {rbp=NarrowOop [40]=Oop [48]=Oop [64]=Oop [88]=Oop }
                      ;*iflt {reexecute=1 rethrow=0 return_oop=0}
                      ; - (reexecute) java.lang.StringLatin1::lastIndexOf@19
                      ; - java.lang.String::lastIndexOf@13
                      ; - java.lang.String::lastIndexOf@8
                      ; - java.lang.Class::getPackageName@47
                      ; - java.lang.ClassLoader::postDefineClass@2
                      ; - java.lang.ClassLoader::defineClass@37
                      ; - java.security.SecureClassLoader::defineClass@12
  0x000001e0538f7ca0: 5cc6 57ff 

  0x000001e0538f7ca4: ;   {other}
  0x000001e0538f7ca4: 0f1f 8400 | 9429 003a | 8b5c 2424 | 448b 5b14 | 4585 db0f | 84de eeff | ff4d 8b57 | 2849 8bcb 
  0x000001e0538f7cc4: 4d85 d20f | 84f3 0800 | 004d 8b5f | 384b 894c | 13f8 4983 | c2f8 4d89 | 5728 e9b8 | eeff ff4d 
  0x000001e0538f7ce4: 8b57 484d | 8b5f 58f0 | 8344 24c0 | 0080 3900 | 7432 4488 | 214d 85d2 | 740f 4b89 | 4c13 f849 
  0x000001e0538f7d04: 83c2 f84d | 8957 48eb | 1b49 8bd7 | c5f8 7749 | bae0 290c | e0f8 7f00 | 0041 ffd2 

  0x000001e0538f7d20: ;   {other}
  0x000001e0538f7d20: 0f1f 8400 | 0000 0000 | 448b 5314 | 4585 d20f | 84cb 0800 | 0049 8bfa | e996 eeff | ffba f6ff 
  0x000001e0538f7d40: ffff 4889 | 7c24 2090 

  0x000001e0538f7d48: ;   {runtime_call UncommonTrapBlob}
  0x000001e0538f7d48: c5f8 77e8 

  0x000001e0538f7d4c: ; ImmutableOopMap {[32]=Oop [48]=Oop }
                      ;*invokevirtual putIfAbsent {reexecute=0 rethrow=0 return_oop=0}
                      ; - java.lang.ClassLoader::getNamedPackage@32
                      ; - java.lang.ClassLoader::postDefineClass@9
                      ; - java.lang.ClassLoader::defineClass@37
                      ; - java.security.SecureClassLoader::defineClass@12
  0x000001e0538f7d4c: b0c5 57ff 

  0x000001e0538f7d50: ;   {other}
  0x000001e0538f7d50: 0f1f 8400 | 402a 003b | bade ffff | ff48 8be8 

  0x000001e0538f7d60: ;   {runtime_call UncommonTrapBlob}
  0x000001e0538f7d60: c5f8 77e8 

  0x000001e0538f7d64: ; ImmutableOopMap {rbp=Oop }
                      ;*checkcast {reexecute=0 rethrow=0 return_oop=0}
                      ; - java.lang.ClassLoader::getNamedPackage@35
                      ; - java.lang.ClassLoader::postDefineClass@9
                      ; - java.lang.ClassLoader::defineClass@37
                      ; - java.security.SecureClassLoader::defineClass@12
  0x000001e0538f7d64: 98c5 57ff 

  0x000001e0538f7d68: ;   {other}
  0x000001e0538f7d68: 0f1f 8400 | 582a 003c | baf6 ffff | ff66 6690 

  0x000001e0538f7d78: ;   {runtime_call UncommonTrapBlob}
  0x000001e0538f7d78: c5f8 77e8 

  0x000001e0538f7d7c: ; ImmutableOopMap {}
                      ;*invokevirtual isNamed {reexecute=0 rethrow=0 return_oop=0}
                      ; - java.lang.NamedPackage::<init>@12
                      ; - java.lang.ClassLoader::getNamedPackage@22
                      ; - java.lang.ClassLoader::postDefineClass@9
                      ; - java.lang.ClassLoader::defineClass@37
                      ; - java.security.SecureClassLoader::defineClass@12
  0x000001e0538f7d7c: 80c5 57ff 

  0x000001e0538f7d80: ;   {other}
  0x000001e0538f7d80: 0f1f 8400 | 702a 003d | 8bce e9d3 | e0ff ffba | 1200 0000 

  0x000001e0538f7d94: ;   {runtime_call UncommonTrapBlob}
  0x000001e0538f7d94: c5f8 77e8 

  0x000001e0538f7d98: ; ImmutableOopMap {[36]=NarrowOop [40]=Oop [48]=Oop [56]=Oop [72]=Oop [104]=Oop }
                      ;*new {reexecute=0 rethrow=0 return_oop=0}
                      ; - java.lang.NamedPackage::<init>@18
                      ; - java.lang.ClassLoader::getNamedPackage@22
                      ; - java.lang.ClassLoader::postDefineClass@9
                      ; - java.lang.ClassLoader::defineClass@37
                      ; - java.security.SecureClassLoader::defineClass@12
  0x000001e0538f7d98: 64c5 57ff 

  0x000001e0538f7d9c: ;   {other}
  0x000001e0538f7d9c: 0f1f 8400 | 8c2a 003e | 8bdd 448b | 5514 4585 | d20f 84a2 | f1ff ff4d | 8b5f 2849 | 8bca 4d85 
  0x000001e0538f7dbc: db0f 841d | 0800 004d | 8b57 384b | 894c 1af8 | 4983 c3f8 | 4d89 5f28 | e97c f1ff | ff4d 8b57 
  0x000001e0538f7ddc: 484d 8b5f | 58f0 8344 | 24c0 0041 | 8038 0074 | 3545 8820 | 4d85 d274 | 0f4f 8944 | 13f8 4983 
  0x000001e0538f7dfc: c2f8 4d89 | 5748 eb1e | 498b c849 | 8bd7 c5f8 | 7749 bae0 | 290c e0f8 | 7f00 0041 

  0x000001e0538f7e18: ;   {other}
  0x000001e0538f7e18: ffd2 0f1f | 8400 0000 | 0000 448b | 5b14 4585 | db0f 84e9 | 0700 004d | 8bd3 4c89 | 5424 40e9 
  0x000001e0538f7e38: 54f1 ffff | 4585 db44 | 8b5c 2420 | 410f 94c3 | ba45 ffff | ff48 8b6c | 2468 4c8b | 4c24 484c 
  0x000001e0538f7e58: 894c 2438 | 4c89 4424 | 5044 8954 | 2458 4489 | 5c24 5c90 

  0x000001e0538f7e6c: ;   {runtime_call UncommonTrapBlob}
  0x000001e0538f7e6c: c5f8 77e8 

  0x000001e0538f7e70: ; ImmutableOopMap {rbp=Oop [40]=Oop [56]=Oop [80]=Oop }
                      ;*ifeq {reexecute=1 rethrow=0 return_oop=0}
                      ; - (reexecute) java.lang.String::lastIndexOf@4
                      ; - java.lang.String::lastIndexOf@8
                      ; - java.lang.Class::getPackageName@47
                      ; - java.lang.ClassLoader::postDefineClass@2
                      ; - java.lang.ClassLoader::defineClass@37
                      ; - java.security.SecureClassLoader::defineClass@12
  0x000001e0538f7e70: 8cc4 57ff 

  0x000001e0538f7e74: ;   {other}
  0x000001e0538f7e74: 0f1f 8400 | 642b 003f | 498b d7c5 | f877 49ba | 002a 0ce0 | f87f 0000 

  0x000001e0538f7e8c: ;   {other}
  0x000001e0538f7e8c: 41ff d20f | 1f84 0000 | 0000 00e9 | 24df ffff | ba45 ffff | ff44 8954 | 2420 4489 | 5424 244c 
  0x000001e0538f7eac: 8b54 2468 | 4c89 5424 | 304c 8b54 | 2448 4c89 | 5424 404c | 8944 2458 | 4489 4c24 | 6466 6690 
  0x000001e0538f7ecc: ;   {runtime_call UncommonTrapBlob}
  0x000001e0538f7ecc: c5f8 77e8 

  0x000001e0538f7ed0: ; ImmutableOopMap {[40]=Oop [48]=Oop [64]=Oop [88]=Oop }
                      ;*if_icmpgt {reexecute=1 rethrow=0 return_oop=0}
                      ; - (reexecute) jdk.internal.util.Preconditions::checkFromToIndex@6
                      ; - java.lang.String::checkBoundsBeginEnd@6
                      ; - java.lang.String::substring@8
                      ; - java.lang.Class::getPackageName@62
                      ; - java.lang.ClassLoader::postDefineClass@2
                      ; - java.lang.ClassLoader::defineClass@37
                      ; - java.security.SecureClassLoader::defineClass@12
  0x000001e0538f7ed0: 2cc4 57ff 

  0x000001e0538f7ed4: ;   {other}
  0x000001e0538f7ed4: 0f1f 8400 | c42b 0040 | 498b d7c5 | f877 49ba | 002a 0ce0 | f87f 0000 

  0x000001e0538f7eec: ;   {other}
  0x000001e0538f7eec: 41ff d20f | 1f84 0000 | 0000 00e9 | 69de ffff | ba45 ffff | ff44 8954 | 2420 4489 | 5424 244c 
  0x000001e0538f7f0c: 8b54 2468 | 4c89 5424 | 304c 8b54 | 2448 4c89 | 5424 404c | 8944 2458 | 4489 4c24 | 6444 894c 
  0x000001e0538f7f2c: 2468 6690 

  0x000001e0538f7f30: ;   {runtime_call UncommonTrapBlob}
  0x000001e0538f7f30: c5f8 77e8 

  0x000001e0538f7f34: ; ImmutableOopMap {[40]=Oop [48]=Oop [64]=Oop [88]=Oop }
                      ;*if_icmple {reexecute=1 rethrow=0 return_oop=0}
                      ; - (reexecute) jdk.internal.util.Preconditions::checkFromToIndex@11
                      ; - java.lang.String::checkBoundsBeginEnd@6
                      ; - java.lang.String::substring@8
                      ; - java.lang.Class::getPackageName@62
                      ; - java.lang.ClassLoader::postDefineClass@2
                      ; - java.lang.ClassLoader::defineClass@37
                      ; - java.security.SecureClassLoader::defineClass@12
  0x000001e0538f7f34: c8c3 57ff 

  0x000001e0538f7f38: ;   {other}
  0x000001e0538f7f38: 0f1f 8400 | 282c 0041 | 4863 d1e9 | 9ddf ffff | 4883 c2fe | 488b ca49 | 8bfa 4833 | c048 83f9 
  0x000001e0538f7f58: 087f 1048 | ffc9 784f | 4889 04cf | 48ff c97d | f7eb 44c5 | fdef c0e9 | 0d00 0000 | c5fe 7f07 
  0x000001e0538f7f78: c5fe 7f47 | 2048 83c7 | 4048 83e9 | 087d ed48 | 83c1 047c | 0cc5 fe7f | 0748 83c7 | 2048 83e9 
  0x000001e0538f7f98: 0448 83c1 | 047e 1048 | ffc9 c5f9 | d607 4883 | c708 48ff | c97d f3e9 | f0df ffff | bacc ffff 
  0x000001e0538f7fb8: ff41 8bea | 894c 2424 | 4889 5c24 | 5044 8974 | 2460 4889 | 7424 7090 

  0x000001e0538f7fd0: ;   {runtime_call UncommonTrapBlob}
  0x000001e0538f7fd0: c5f8 77e8 

  0x000001e0538f7fd4: ; ImmutableOopMap {rbp=NarrowOop [40]=Oop [48]=Oop [56]=Oop [80]=Oop [96]=NarrowOop [112]=Oop [144]=Oop }
                      ;*newarray {reexecute=1 rethrow=0 return_oop=0}
                      ; - (reexecute) java.util.Arrays::copyOfRangeByte@10
                      ; - java.util.Arrays::copyOfRange@13
                      ; - java.lang.StringLatin1::newString@16
                      ; - java.lang.String::substring@41
                      ; - java.lang.ClassLoader::checkCerts@21
                      ; - java.lang.ClassLoader::preDefineClass@113
                      ; - java.lang.ClassLoader::defineClass@4
                      ; - java.security.SecureClassLoader::defineClass@12
  0x000001e0538f7fd4: 28c3 57ff 

  0x000001e0538f7fd8: ;   {other}
  0x000001e0538f7fd8: 0f1f 8400 | c82c 0042 | 498b d7c5 | f877 49ba | 002a 0ce0 | f87f 0000 

  0x000001e0538f7ff0: ;   {other}
  0x000001e0538f7ff0: 41ff d20f | 1f84 0000 | 0000 00e9 | cee6 ffff | 498b d7c5 | f877 49ba | 002a 0ce0 | f87f 0000 
  0x000001e0538f8010: ;   {other}
  0x000001e0538f8010: 41ff d20f | 1f84 0000 | 0000 00e9 | 6be6 ffff | 448b d3e9 | 58db ffff | 4c89 5424 | 6844 8944 
  0x000001e0538f8030: 2454 4889 | 7c24 6048 | 895c 2458 | 448b 4424 | 2044 8944 | 2450 4c8b | 5424 284c | 8954 2420 
  0x000001e0538f8050: 4833 d24a | 8d14 ca44 | 8bc1 6690 

  0x000001e0538f805c: ;   {runtime_call _new_array_Java}
  0x000001e0538f805c: c5f8 77e8 

  0x000001e0538f8060: ; ImmutableOopMap {rbp=Oop [32]=Oop [48]=Oop [56]=Oop [84]=NarrowOop [88]=Oop [96]=Oop [144]=Oop }
                      ;*invokevirtual clone {reexecute=1 rethrow=0 return_oop=1}
                      ; - (reexecute) java.security.CodeSource::getCertificates@11
                      ; - java.lang.ClassLoader::checkCerts@34
                      ; - java.lang.ClassLoader::preDefineClass@113
                      ; - java.lang.ClassLoader::defineClass@4
                      ; - java.security.SecureClassLoader::defineClass@12
  0x000001e0538f8060: 1c33 63ff 

  0x000001e0538f8064: ;   {other}
  0x000001e0538f8064: 0f1f 8400 | 542d 0043 | 4c8b 5424 | 204c 8954 | 2428 448b | 5424 5044 | 8954 2420 | 488b 5c24 
  0x000001e0538f8084: 5848 8b7c | 2460 448b | 4424 544c | 8b54 2468 | 488b f0e9 | 2ee8 ffff | ba45 ffff | ff4c 8b5c 
  0x000001e0538f80a4: 2448 4c89 | 5c24 3848 | 894c 2440 | 4489 4c24 | 5048 895c | 2458 4489 | 4424 5444 | 8954 2460 
  0x000001e0538f80c4: ;   {runtime_call UncommonTrapBlob}
  0x000001e0538f80c4: c5f8 77e8 

  0x000001e0538f80c8: ; ImmutableOopMap {rbp=NarrowOop [56]=Oop [64]=Oop [80]=NarrowOop [84]=NarrowOop [88]=Oop [104]=Oop }
                      ;*ifnull {reexecute=1 rethrow=0 return_oop=0}
                      ; - (reexecute) java.util.concurrent.ConcurrentHashMap::get@67
                      ; - java.lang.ClassLoader::getNamedPackage@5
                      ; - java.lang.ClassLoader::postDefineClass@9
                      ; - java.lang.ClassLoader::defineClass@37
                      ; - java.security.SecureClassLoader::defineClass@12
  0x000001e0538f80c8: 34c2 57ff 

  0x000001e0538f80cc: ;   {other}
  0x000001e0538f80cc: 0f1f 8400 | bc2d 0044 | 4d63 cae9 | 2fdb ffff | 4983 c1fe | 498b c948 | 8bfa 4833 | c048 83f9 
  0x000001e0538f80ec: 087f 1048 | ffc9 784f | 4889 04cf | 48ff c97d | f7eb 44c5 | fdef c0e9 | 0d00 0000 | c5fe 7f07 
  0x000001e0538f810c: c5fe 7f47 | 2048 83c7 | 4048 83e9 | 087d ed48 | 83c1 047c | 0cc5 fe7f | 0748 83c7 | 2048 83e9 
  0x000001e0538f812c: 0448 83c1 | 047e 1048 | ffc9 c5f9 | d607 4883 | c708 48ff | c97d f3e9 | 82db ffff | bacc ffff 
  0x000001e0538f814c: ff8b e944 | 8954 2424 | 4c8b 5424 | 684c 8954 | 2430 4c8b | 5424 484c | 8954 2440 | 4889 5c24 
  0x000001e0538f816c: 6066 6690 

  0x000001e0538f8170: ;   {runtime_call UncommonTrapBlob}
  0x000001e0538f8170: c5f8 77e8 

  0x000001e0538f8174: ; ImmutableOopMap {rbp=NarrowOop [40]=Oop [48]=Oop [64]=Oop [96]=Oop }
                      ;*newarray {reexecute=1 rethrow=0 return_oop=0}
                      ; - (reexecute) java.util.Arrays::copyOfRangeByte@10
                      ; - java.util.Arrays::copyOfRange@13
                      ; - java.lang.StringLatin1::newString@16
                      ; - java.lang.String::substring@41
                      ; - java.lang.Class::getPackageName@62
                      ; - java.lang.ClassLoader::postDefineClass@2
                      ; - java.lang.ClassLoader::defineClass@37
                      ; - java.security.SecureClassLoader::defineClass@12
  0x000001e0538f8174: 88c1 57ff 

  0x000001e0538f8178: ;   {other}
  0x000001e0538f8178: 0f1f 8400 | 682e 0045 | 4c89 4424 | 3844 8bda | 4489 4c24 | 3048 894c | 2420 4833 | d24a 8d14 
  0x000001e0538f8198: d245 8bc3 

  0x000001e0538f819c: ;   {runtime_call _new_array_Java}
  0x000001e0538f819c: c5f8 77e8 

  0x000001e0538f81a0: ; ImmutableOopMap {rbp=Oop [32]=Oop [48]=NarrowOop [104]=Oop }
                      ;*invokevirtual clone {reexecute=1 rethrow=0 return_oop=1}
                      ; - (reexecute) java.security.CodeSource::getCertificates@11
                      ; - java.lang.ClassLoader::postDefineClass@24
                      ; - java.lang.ClassLoader::defineClass@37
                      ; - java.security.SecureClassLoader::defineClass@12
  0x000001e0538f81a0: dc31 63ff 

  0x000001e0538f81a4: ;   {other}
  0x000001e0538f81a4: 0f1f 8400 | 942e 0046 | 448b 4c24 | 304c 8b44 | 2438 e9da | ebff ffba | e4ff ffff | 4489 5424 
  0x000001e0538f81c4: 2044 8b54 | 2440 4489 | 5424 2490 

  0x000001e0538f81d0: ;   {runtime_call UncommonTrapBlob}
  0x000001e0538f81d0: c5f8 77e8 

  0x000001e0538f81d4: ; ImmutableOopMap {[32]=NarrowOop [40]=Oop [48]=Oop [56]=Oop [144]=Oop }
                      ;*baload {reexecute=0 rethrow=0 return_oop=0}
                      ; - jdk.internal.util.ArraysSupport::mismatch@82
                      ; - java.lang.String::startsWith@70
                      ; - java.lang.String::startsWith@3
                      ; - java.lang.ClassLoader::preDefineClass@43
                      ; - java.lang.ClassLoader::defineClass@4
                      ; - java.security.SecureClassLoader::defineClass@12
  0x000001e0538f81d4: 28c1 57ff 

  0x000001e0538f81d8: ;   {other}
  0x000001e0538f81d8: 0f1f 8400 | c82e 0047 | 4889 5424 | 7044 894c | 2468 4889 | 7c24 6044 | 8974 2454 | 4889 5c24 
  0x000001e0538f81f8: 5844 8b5c | 2420 4489 | 5c24 504c | 8b54 2430 | 4c89 5424 | 2048 8b6c 

  0x000001e0538f8210: ;   {metadata('java/util/ArrayList')}
  0x000001e0538f8210: 2428 48ba | 107e 0500 | 0100 0000 

  0x000001e0538f821c: ;   {runtime_call _new_instance_Java}
  0x000001e0538f821c: c5f8 77e8 

  0x000001e0538f8220: ; ImmutableOopMap {rbp=Oop [32]=Oop [56]=Oop [84]=NarrowOop [88]=Oop [96]=Oop [104]=NarrowOop [112]=Oop [144]=Oop }
                      ;*new {reexecute=0 rethrow=0 return_oop=1}
                      ; - java.security.CodeSource::getCertificates@25
                      ; - java.lang.ClassLoader::checkCerts@34
                      ; - java.lang.ClassLoader::preDefineClass@113
                      ; - java.lang.ClassLoader::defineClass@4
                      ; - java.security.SecureClassLoader::defineClass@12
  0x000001e0538f8220: 5c34 63ff 

  0x000001e0538f8224: ;   {other}
  0x000001e0538f8224: 0f1f 8400 | 142f 0048 | 4889 6c24 | 284c 8b54 | 2420 4c89 | 5424 3044 | 8b54 2450 | 4489 5424 
  0x000001e0538f8244: 2048 8b5c | 2458 448b | 7424 5448 | 8b7c 2460 | 448b 4c24 | 6848 8b54 | 2470 e9f1 | e6ff ff48 
  0x000001e0538f8264: 8974 2478 | 4889 5424 | 7048 897c | 2468 4c89 | 5c24 604c | 8954 2458 | 4489 7424 | 2448 895c 
  0x000001e0538f8284: 2450 4c8b | 9424 9000 | 0000 4c89 | 5424 4848 | 8b6c 2428 

  0x000001e0538f8298: ;   {metadata('java/security/cert/Certificate'[])}
  0x000001e0538f8298: 48ba d808 | 0300 0100 | 0000 448b | 4424 2090 

  0x000001e0538f82a8: ;   {runtime_call _new_array_Java}
  0x000001e0538f82a8: c5f8 77e8 

  0x000001e0538f82ac: ; ImmutableOopMap {rbp=Oop [36]=NarrowOop [48]=Oop [56]=Oop [72]=Oop [80]=Oop [88]=Oop [104]=Oop [112]=Oop [120]=Oop [144]=Oop }
                      ;*anewarray {reexecute=0 rethrow=0 return_oop=1}
                      ; - java.security.CodeSource::getCertificates@70
                      ; - java.lang.ClassLoader::checkCerts@34
                      ; - java.lang.ClassLoader::preDefineClass@113
                      ; - java.lang.ClassLoader::defineClass@4
                      ; - java.security.SecureClassLoader::defineClass@12
  0x000001e0538f82ac: d030 63ff 

  0x000001e0538f82b0: ;   {other}
  0x000001e0538f82b0: 0f1f 8400 | a02f 0049 | e9a0 e8ff | ff4c 8944 | 2470 4889 | 7c24 2848 | 33d2 4a8d | 14d2 458b 
  0x000001e0538f82d0: c366 6690 

  0x000001e0538f82d4: ;   {runtime_call _new_array_Java}
  0x000001e0538f82d4: c5f8 77e8 

  0x000001e0538f82d8: ; ImmutableOopMap {rbp=Oop [40]=Oop [48]=Oop [56]=Oop [72]=Oop [80]=Oop [88]=Oop [104]=Oop }
                      ;*invokevirtual clone {reexecute=1 rethrow=0 return_oop=1}
                      ; - (reexecute) java.security.CodeSource::getCertificates@86
                      ; - java.lang.ClassLoader::checkCerts@34
                      ; - java.lang.ClassLoader::preDefineClass@113
                      ; - java.lang.ClassLoader::defineClass@4
                      ; - java.security.SecureClassLoader::defineClass@12
  0x000001e0538f82d8: a430 63ff 

  0x000001e0538f82dc: ;   {other}
  0x000001e0538f82dc: 0f1f 8400 | cc2f 004a | 488b 7c24 | 284c 8b44 | 2470 488b | f0e9 46e9 | ffff ba45 | ffff ff4c 
  0x000001e0538f82fc: 8b5c 2448 | 4c89 5c24 | 3848 894c | 2440 4489 | 4c24 5048 | 895c 2458 | 4889 7424 | 6044 8954 
  0x000001e0538f831c: 2454 6690 

  0x000001e0538f8320: ;   {runtime_call UncommonTrapBlob}
  0x000001e0538f8320: c5f8 77e8 

  0x000001e0538f8324: ; ImmutableOopMap {rbp=NarrowOop [56]=Oop [64]=Oop [80]=NarrowOop [88]=Oop [96]=Oop [104]=Oop }
                      ;*ifnull {reexecute=1 rethrow=0 return_oop=0}
                      ; - (reexecute) java.util.concurrent.ConcurrentHashMap::get@143
                      ; - java.lang.ClassLoader::getNamedPackage@5
                      ; - java.lang.ClassLoader::postDefineClass@9
                      ; - java.lang.ClassLoader::defineClass@37
                      ; - java.security.SecureClassLoader::defineClass@12
  0x000001e0538f8324: d8bf 57ff 

  0x000001e0538f8328: ;   {other}
  0x000001e0538f8328: 0f1f 8400 | 1830 004b | ba45 ffff | ff44 8b54 | 2424 4489 | 5424 2044 | 8b44 2440 | 4489 4424 
  0x000001e0538f8348: 2489 4424 | 4066 6690 

  0x000001e0538f8350: ;   {runtime_call UncommonTrapBlob}
  0x000001e0538f8350: c5f8 77e8 

  0x000001e0538f8354: ; ImmutableOopMap {rbp=Oop [32]=NarrowOop [40]=Oop [56]=Oop [72]=Oop [80]=Oop }
                      ;*ifeq {reexecute=1 rethrow=0 return_oop=0}
                      ; - (reexecute) java.util.concurrent.ConcurrentHashMap::get@152
                      ; - java.lang.ClassLoader::getNamedPackage@5
                      ; - java.lang.ClassLoader::postDefineClass@9
                      ; - java.lang.ClassLoader::defineClass@37
                      ; - java.security.SecureClassLoader::defineClass@12
  0x000001e0538f8354: a8bf 57ff 

  0x000001e0538f8358: ;   {other}
  0x000001e0538f8358: 0f1f 8400 | 4830 004c | 4889 7c24 | 3844 8944 | 2430 4489 | 5c24 2448 

  0x000001e0538f8370: ;   {metadata('java/util/ArrayList')}
  0x000001e0538f8370: 8be9 48ba | 107e 0500 | 0100 0000 

  0x000001e0538f837c: ;   {runtime_call _new_instance_Java}
  0x000001e0538f837c: c5f8 77e8 

  0x000001e0538f8380: ; ImmutableOopMap {rbp=Oop [36]=NarrowOop [48]=NarrowOop [56]=Oop [104]=Oop }
                      ;*new {reexecute=0 rethrow=0 return_oop=1}
                      ; - java.security.CodeSource::getCertificates@25
                      ; - java.lang.ClassLoader::postDefineClass@24
                      ; - java.lang.ClassLoader::defineClass@37
                      ; - java.security.SecureClassLoader::defineClass@12
  0x000001e0538f8380: fc32 63ff 

  0x000001e0538f8384: ;   {other}
  0x000001e0538f8384: 0f1f 8400 | 7430 004d | 488b cd44 | 8b5c 2424 | 448b 4424 | 3048 8b7c | 2438 e968 | eaff ff48 
  0x000001e0538f83a4: 895c 2440 | 4889 7c24 | 3841 8beb | 4c8b 5424 | 684c 8954 | 2430 4889 

  0x000001e0538f83bc: ;   {metadata('java/security/cert/Certificate'[])}
  0x000001e0538f83bc: 4c24 2848 | bad8 0803 | 0001 0000 | 0044 8b44 | 2420 6690 

  0x000001e0538f83d0: ;   {runtime_call _new_array_Java}
  0x000001e0538f83d0: c5f8 77e8 

  0x000001e0538f83d4: ; ImmutableOopMap {rbp=NarrowOop [40]=Oop [48]=Oop [56]=Oop [64]=Oop [104]=Oop }
                      ;*anewarray {reexecute=0 rethrow=0 return_oop=1}
                      ; - java.security.CodeSource::getCertificates@70
                      ; - java.lang.ClassLoader::postDefineClass@24
                      ; - java.lang.ClassLoader::defineClass@37
                      ; - java.security.SecureClassLoader::defineClass@12
  0x000001e0538f83d4: a82f 63ff 

  0x000001e0538f83d8: ;   {other}
  0x000001e0538f83d8: 0f1f 8400 | c830 004e | e937 ebff | ff48 33d2 | 4a8d 14d2 | 458b c390 

  0x000001e0538f83f0: ;   {runtime_call _new_array_Java}
  0x000001e0538f83f0: c5f8 77e8 

  0x000001e0538f83f4: ; ImmutableOopMap {[40]=Oop [48]=Oop [64]=Oop }
                      ;*invokevirtual clone {reexecute=1 rethrow=0 return_oop=1}
                      ; - (reexecute) java.security.CodeSource::getCertificates@86
                      ; - java.lang.ClassLoader::postDefineClass@24
                      ; - java.lang.ClassLoader::defineClass@37
                      ; - java.security.SecureClassLoader::defineClass@12
  0x000001e0538f83f4: 882f 63ff 

  0x000001e0538f83f8: ;   {other}
  0x000001e0538f83f8: 0f1f 8400 | e830 004f | e9fc ebff | ffba 76ff | ffff 488b | 6c24 284c | 8b5c 2438 | 4c89 5c24 
  0x000001e0538f8418: 2844 8b5c | 2440 4489 | 5c24 3844 | 8b44 2444 | 4489 4424 | 3c48 897c | 2458 4489 | 5424 6089 
  0x000001e0538f8438: 5c24 6489 | 7424 6848 | 894c 2470 | 4489 4c24 | 7866 6690 

  0x000001e0538f844c: ;   {runtime_call UncommonTrapBlob}
  0x000001e0538f844c: c5f8 77e8 

  0x000001e0538f8450: ; ImmutableOopMap {rbp=Oop [40]=Oop [48]=Oop [88]=Oop [104]=NarrowOop [112]=Oop [144]=Oop }
                      ;*if_icmpge {reexecute=1 rethrow=0 return_oop=0}
                      ; - (reexecute) java.lang.ClassLoader::compareCerts@67
                      ; - java.lang.ClassLoader::checkCerts@80
                      ; - java.lang.ClassLoader::preDefineClass@113
                      ; - java.lang.ClassLoader::defineClass@4
                      ; - java.security.SecureClassLoader::defineClass@12
  0x000001e0538f8450: acbe 57ff 

  0x000001e0538f8454: ;   {other}
  0x000001e0538f8454: 0f1f 8400 | 4431 0050 | ba76 ffff | ff48 8b6c | 2428 4c8b | 4424 384c | 8944 2428 | 448b 4424 
  0x000001e0538f8474: 4044 8944 | 2438 8b4c | 2444 894c | 243c 4c8b | 4424 704c | 895c 2450 | 4489 5424 | 5c44 894c 
  0x000001e0538f8494: 2460 4c89 | 4424 6844 | 8b94 24a0 | 0000 0044 | 8954 2470 

  0x000001e0538f84a8: ;   {runtime_call UncommonTrapBlob}
  0x000001e0538f84a8: c5f8 77e8 

  0x000001e0538f84ac: ; ImmutableOopMap {rbp=Oop [40]=Oop [48]=Oop [80]=Oop [96]=NarrowOop [104]=Oop [144]=Oop }
                      ;*if_icmpge {reexecute=1 rethrow=0 return_oop=0}
                      ; - (reexecute) java.lang.ClassLoader::compareCerts@152
                      ; - java.lang.ClassLoader::checkCerts@80
                      ; - java.lang.ClassLoader::preDefineClass@113
                      ; - java.lang.ClassLoader::defineClass@4
                      ; - java.security.SecureClassLoader::defineClass@12
  0x000001e0538f84ac: 50be 57ff 

  0x000001e0538f84b0: ;   {other}
  0x000001e0538f84b0: 0f1f 8400 | a031 0051 | bae4 ffff | ff48 8b6c | 2428 4c8b | 5424 384c | 8954 2428 | 448b 5c24 
  0x000001e0538f84d0: 4044 895c | 2438 448b | 5424 4444 | 8954 243c | 4889 5c24 | 4848 897c | 2450 4489 | 7424 5848 
  0x000001e0538f84f0: 8974 2468 | 4489 4c24 | 7089 4c24 | 7466 6690 

  0x000001e0538f8500: ;   {runtime_call UncommonTrapBlob}
  0x000001e0538f8500: c5f8 77e8 

  0x000001e0538f8504: ; ImmutableOopMap {rbp=Oop [40]=Oop [48]=Oop [72]=Oop [80]=Oop [88]=NarrowOop [104]=Oop [112]=NarrowOop [144]=Oop }
                      ;*aaload {reexecute=0 rethrow=0 return_oop=0}
                      ; - java.security.CodeSource::getCertificates@50
                      ; - java.lang.ClassLoader::checkCerts@34
                      ; - java.lang.ClassLoader::preDefineClass@113
                      ; - java.lang.ClassLoader::defineClass@4
                      ; - java.security.SecureClassLoader::defineClass@12
  0x000001e0538f8504: f8bd 57ff 

  0x000001e0538f8508: ;   {other}
  0x000001e0538f8508: 0f1f 8400 | f831 0052 | bae4 ffff | ff48 894c | 2420 4489 | 5c24 3048 | 895c 2440 | 4489 4424 
  0x000001e0538f8528: 4844 894c | 244c 6690 

  0x000001e0538f8530: ;   {runtime_call UncommonTrapBlob}
  0x000001e0538f8530: c5f8 77e8 

  0x000001e0538f8534: ; ImmutableOopMap {[32]=Oop [48]=NarrowOop [64]=Oop [72]=NarrowOop [104]=Oop }
                      ;*aaload {reexecute=0 rethrow=0 return_oop=0}
                      ; - java.security.CodeSource::getCertificates@50
                      ; - java.lang.ClassLoader::postDefineClass@24
                      ; - java.lang.ClassLoader::defineClass@37
                      ; - java.security.SecureClassLoader::defineClass@12
  0x000001e0538f8534: c8bd 57ff 

  0x000001e0538f8538: ;   {other}
  0x000001e0538f8538: 0f1f 8400 | 2832 0053 | bac6 ffff | ff4c 8b5c | 2448 4c89 | 5c24 3048 | 894c 2438 | 4489 4c24 
  0x000001e0538f8558: 4844 8944 | 244c 4489 | 5424 5048 | 895c 2458 

  0x000001e0538f8568: ;   {runtime_call UncommonTrapBlob}
  0x000001e0538f8568: c5f8 77e8 

  0x000001e0538f856c: ; ImmutableOopMap {[48]=Oop [56]=Oop [72]=NarrowOop [76]=NarrowOop [88]=Oop [104]=Oop }
                      ;*invokevirtual find {reexecute=0 rethrow=0 return_oop=0}
                      ; - java.util.concurrent.ConcurrentHashMap::get@93
                      ; - java.lang.ClassLoader::getNamedPackage@5
                      ; - java.lang.ClassLoader::postDefineClass@9
                      ; - java.lang.ClassLoader::defineClass@37
                      ; - java.security.SecureClassLoader::defineClass@12
  0x000001e0538f856c: 90bd 57ff 

  0x000001e0538f8570: ;   {other}
  0x000001e0538f8570: 0f1f 8400 | 6032 0054 | ba76 ffff | ff48 8b6c | 2428 4c8b | 5c24 384c | 895c 2428 | 448b 5c24 
  0x000001e0538f8590: 4044 895c | 2438 448b | 5c24 4444 | 895c 243c | 4889 4c24 | 4848 897c | 2458 4489 | 5424 6490 
  0x000001e0538f85b0: ;   {runtime_call UncommonTrapBlob}
  0x000001e0538f85b0: c5f8 77e8 

  0x000001e0538f85b4: ; ImmutableOopMap {rbp=Oop [40]=Oop [48]=Oop [72]=Oop [88]=Oop [144]=Oop }
                      ;*if_icmpge {reexecute=1 rethrow=0 return_oop=0}
                      ; - (reexecute) java.lang.ClassLoader::compareCerts@40
                      ; - java.lang.ClassLoader::checkCerts@80
                      ; - java.lang.ClassLoader::preDefineClass@113
                      ; - java.lang.ClassLoader::defineClass@4
                      ; - java.security.SecureClassLoader::defineClass@12
  0x000001e0538f85b4: 48bd 57ff 

  0x000001e0538f85b8: ;   {other}
  0x000001e0538f85b8: 0f1f 8400 | a832 0055 | 498b d7c5 | f877 49ba | 002a 0ce0 | f87f 0000 

  0x000001e0538f85d0: ;   {other}
  0x000001e0538f85d0: 41ff d20f | 1f84 0000 | 0000 00e9 | bbe5 ffff | 498b d7c5 | f877 49ba | 002a 0ce0 | f87f 0000 
  0x000001e0538f85f0: ;   {other}
  0x000001e0538f85f0: 41ff d20f | 1f84 0000 | 0000 00e9 | 55e9 ffff | baf6 ffff | ff66 6690 

  0x000001e0538f8608: ;   {runtime_call UncommonTrapBlob}
  0x000001e0538f8608: c5f8 77e8 

  0x000001e0538f860c: ; ImmutableOopMap {}
                      ;*invokevirtual clone {reexecute=1 rethrow=0 return_oop=0}
                      ; - (reexecute) java.security.CodeSource::getCertificates@86
                      ; - java.lang.ClassLoader::checkCerts@34
                      ; - java.lang.ClassLoader::preDefineClass@113
                      ; - java.lang.ClassLoader::defineClass@4
                      ; - java.security.SecureClassLoader::defineClass@12
  0x000001e0538f860c: f0bc 57ff 

  0x000001e0538f8610: ;   {other}
  0x000001e0538f8610: 0f1f 8400 | 0033 0056 | baf6 ffff | ff66 6690 

  0x000001e0538f8620: ;   {runtime_call UncommonTrapBlob}
  0x000001e0538f8620: c5f8 77e8 

  0x000001e0538f8624: ; ImmutableOopMap {}
                      ;*invokevirtual clone {reexecute=1 rethrow=0 return_oop=0}
                      ; - (reexecute) java.security.CodeSource::getCertificates@86
                      ; - java.lang.ClassLoader::postDefineClass@24
                      ; - java.lang.ClassLoader::defineClass@37
                      ; - java.security.SecureClassLoader::defineClass@12
  0x000001e0538f8624: d8bc 57ff 

  0x000001e0538f8628: ;   {other}
  0x000001e0538f8628: 0f1f 8400 | 1833 0057 | ba37 0100 | 0048 8beb | 4c8b 5424 | 384c 8954 | 2428 6690 

  0x000001e0538f8644: ;   {runtime_call UncommonTrapBlob}
  0x000001e0538f8644: c5f8 77e8 

  0x000001e0538f8648: ; ImmutableOopMap {rbp=Oop [40]=Oop [48]=Oop }
                      ;*new {reexecute=0 rethrow=0 return_oop=0}
                      ; - java.lang.ClassLoader::preDefineClass@56
                      ; - java.lang.ClassLoader::defineClass@4
                      ; - java.security.SecureClassLoader::defineClass@12
  0x000001e0538f8648: b4bc 57ff 

  0x000001e0538f864c: ;   {other}
  0x000001e0538f864c: 0f1f 8400 | 3c33 0058 | bade ffff | ff48 8b6c | 2428 4c8b | 5424 304c | 8954 2420 | 4c8b 5424 
  0x000001e0538f866c: 384c 8954 | 2428 4889 | 4424 3890 

  0x000001e0538f8678: ;   {runtime_call UncommonTrapBlob}
  0x000001e0538f8678: c5f8 77e8 

  0x000001e0538f867c: ; ImmutableOopMap {rbp=Oop [32]=Oop [40]=Oop [56]=Oop }
                      ;*checkcast {reexecute=0 rethrow=0 return_oop=0}
                      ; - java.security.SecureClassLoader::getProtectionDomain@33
                      ; - java.security.SecureClassLoader::defineClass@9
  0x000001e0538f867c: 80bc 57ff 

  0x000001e0538f8680: ;   {other}
  0x000001e0538f8680: 0f1f 8400 | 7033 0059 | bade ffff | ff48 8b6c | 2428 4c8b | 5424 384c | 8954 2428 | 448b 5c24 
  0x000001e0538f86a0: 4044 895c | 2438 448b | 5424 4444 | 8954 243c | 4889 4424 | 5866 6690 

  0x000001e0538f86b8: ;   {runtime_call UncommonTrapBlob}
  0x000001e0538f86b8: c5f8 77e8 

  0x000001e0538f86bc: ; ImmutableOopMap {rbp=Oop [40]=Oop [48]=Oop [72]=Oop [88]=Oop [96]=Oop [144]=Oop }
                      ;*checkcast {reexecute=0 rethrow=0 return_oop=0}
                      ; - java.lang.ClassLoader::checkCerts@65
                      ; - java.lang.ClassLoader::preDefineClass@113
                      ; - java.lang.ClassLoader::defineClass@4
                      ; - java.security.SecureClassLoader::defineClass@12
  0x000001e0538f86bc: 40bc 57ff 

  0x000001e0538f86c0: ;   {other}
  0x000001e0538f86c0: 0f1f 8400 | b033 005a | bade ffff | ff44 8b54 | 2440 4489 | 5424 2044 | 8b5c 2444 | 4489 5c24 
  0x000001e0538f86e0: 4048 8944 | 2460 6690 

  0x000001e0538f86e8: ;   {runtime_call UncommonTrapBlob}
  0x000001e0538f86e8: c5f8 77e8 

  0x000001e0538f86ec: ; ImmutableOopMap {rbp=Oop [36]=NarrowOop [48]=Oop [56]=Oop [72]=Oop [80]=Oop [96]=Oop [104]=Oop }
                      ;*checkcast {reexecute=0 rethrow=0 return_oop=0}
                      ; - java.security.CodeSource::getCertificates@76
                      ; - java.lang.ClassLoader::checkCerts@34
                      ; - java.lang.ClassLoader::preDefineClass@113
                      ; - java.lang.ClassLoader::defineClass@4
                      ; - java.security.SecureClassLoader::defineClass@12
  0x000001e0538f86ec: 10bc 57ff 

  0x000001e0538f86f0: ;   {other}
  0x000001e0538f86f0: 0f1f 8400 | e033 005b | bade ffff | ff48 8944 | 2440 6690 

  0x000001e0538f8704: ;   {runtime_call UncommonTrapBlob}
  0x000001e0538f8704: c5f8 77e8 

  0x000001e0538f8708: ; ImmutableOopMap {rbp=NarrowOop [40]=Oop [48]=Oop [64]=Oop }
                      ;*checkcast {reexecute=0 rethrow=0 return_oop=0}
                      ; - java.security.CodeSource::getCertificates@76
                      ; - java.lang.ClassLoader::postDefineClass@24
                      ; - java.lang.ClassLoader::defineClass@37
                      ; - java.security.SecureClassLoader::defineClass@12
  0x000001e0538f8708: f4bb 57ff 

  0x000001e0538f870c: ;   {other}
  0x000001e0538f870c: 0f1f 8400 | fc33 005c | baf6 ffff | ff49 8be8 | 4c89 4c24 | 2066 6690 

  0x000001e0538f8724: ;   {runtime_call UncommonTrapBlob}
  0x000001e0538f8724: c5f8 77e8 

  0x000001e0538f8728: ; ImmutableOopMap {rbp=Oop [32]=Oop }
                      ;*invokeinterface computeIfAbsent {reexecute=0 rethrow=0 return_oop=0}
                      ; - java.security.SecureClassLoader::getProtectionDomain@28
                      ; - java.security.SecureClassLoader::defineClass@9
  0x000001e0538f8728: d4bb 57ff 

  0x000001e0538f872c: ;   {other}
  0x000001e0538f872c: 0f1f 8400 | 1c34 005d | baf4 ffff | ff48 8b6c | 2428 4c8b | 5424 304c | 8954 2420 

  0x000001e0538f8748: ;   {runtime_call UncommonTrapBlob}
  0x000001e0538f8748: c5f8 77e8 

  0x000001e0538f874c: ; ImmutableOopMap {rbp=Oop [32]=Oop [56]=Oop }
                      ;*checkcast {reexecute=0 rethrow=0 return_oop=0}
                      ; - java.security.SecureClassLoader::getProtectionDomain@33
                      ; - java.security.SecureClassLoader::defineClass@9
  0x000001e0538f874c: b0bb 57ff 

  0x000001e0538f8750: ;   {other}
  0x000001e0538f8750: 0f1f 8400 | 4034 005e | baf6 ffff | ff66 6690 

  0x000001e0538f8760: ;   {runtime_call UncommonTrapBlob}
  0x000001e0538f8760: c5f8 77e8 

  0x000001e0538f8764: ; ImmutableOopMap {}
                      ;*arraylength {reexecute=0 rethrow=0 return_oop=0}
                      ; - java.lang.String::isEmpty@4
                      ; - java.lang.ClassLoader::checkName@5
                      ; - java.lang.ClassLoader::preDefineClass@1
                      ; - java.lang.ClassLoader::defineClass@4
                      ; - java.security.SecureClassLoader::defineClass@12
  0x000001e0538f8764: 98bb 57ff 

  0x000001e0538f8768: ;   {other}
  0x000001e0538f8768: 0f1f 8400 | 5834 005f | baf6 ffff | ff66 6690 

  0x000001e0538f8778: ;   {runtime_call UncommonTrapBlob}
  0x000001e0538f8778: c5f8 77e8 

  0x000001e0538f877c: ; ImmutableOopMap {}
                      ;*invokevirtual getPackageName {reexecute=0 rethrow=0 return_oop=0}
                      ; - java.lang.ClassLoader::postDefineClass@2
                      ; - java.lang.ClassLoader::defineClass@37
                      ; - java.security.SecureClassLoader::defineClass@12
  0x000001e0538f877c: 80bb 57ff 

  0x000001e0538f8780: ;   {other}
  0x000001e0538f8780: 0f1f 8400 | 7034 0060 | baf6 ffff | ff66 6690 

  0x000001e0538f8790: ;   {runtime_call UncommonTrapBlob}
  0x000001e0538f8790: c5f8 77e8 

  0x000001e0538f8794: ; ImmutableOopMap {}
                      ;*invokevirtual hashCode {reexecute=0 rethrow=0 return_oop=0}
                      ; - java.util.concurrent.ConcurrentHashMap::get@1
                      ; - java.lang.ClassLoader::getNamedPackage@5
                      ; - java.lang.ClassLoader::postDefineClass@9
                      ; - java.lang.ClassLoader::defineClass@37
                      ; - java.security.SecureClassLoader::defineClass@12
  0x000001e0538f8794: 68bb 57ff 

  0x000001e0538f8798: ;   {other}
  0x000001e0538f8798: 0f1f 8400 | 8834 0061 | ba45 ffff | ff48 8b6c | 2428 4c8b | 5424 304c | 8954 2420 

  0x000001e0538f87b4: ;   {runtime_call UncommonTrapBlob}
  0x000001e0538f87b4: c5f8 77e8 

  0x000001e0538f87b8: ; ImmutableOopMap {rbp=Oop [32]=Oop [56]=Oop [144]=Oop }
                      ;*ifnull {reexecute=1 rethrow=0 return_oop=0}
                      ; - (reexecute) java.lang.ClassLoader::checkName@1
                      ; - java.lang.ClassLoader::preDefineClass@1
                      ; - java.lang.ClassLoader::defineClass@4
                      ; - java.security.SecureClassLoader::defineClass@12
  0x000001e0538f87b8: 44bb 57ff 

  0x000001e0538f87bc: ;   {other}
  0x000001e0538f87bc: 0f1f 8400 | ac34 0062 | ba45 ffff | ff4c 8b5c | 2428 4c89 | 5c24 204c | 8b5c 2430 | 4c89 5c24 
  0x000001e0538f87dc: 284c 8b5c | 2438 4c89 | 5c24 3044 | 8b44 2440 | 4489 4424 | 3844 8b5c | 2444 4489 | 5c24 3c90 
  0x000001e0538f87fc: ;   {runtime_call UncommonTrapBlob}
  0x000001e0538f87fc: c5f8 77e8 

  0x000001e0538f8800: ; ImmutableOopMap {rbp=NarrowOop [32]=Oop [40]=Oop [48]=Oop [144]=Oop }
                      ;*ifnull {reexecute=1 rethrow=0 return_oop=0}
                      ; - (reexecute) java.lang.ClassLoader::defineClassSourceLocation@15
                      ; - java.lang.ClassLoader::defineClass@12
                      ; - java.security.SecureClassLoader::defineClass@12
  0x000001e0538f8800: fcba 57ff 

  0x000001e0538f8804: ;   {other}
  0x000001e0538f8804: 0f1f 8400 | f434 0063 | 4d85 d244 | 8b54 2420 | 410f 94c2 | ba45 ffff | ff48 8944 | 2430 4c8b 
  0x000001e0538f8824: 5c24 484c | 895c 2438 | 4889 4424 | 4044 8954 | 2448 6690 

  0x000001e0538f8838: ;   {runtime_call UncommonTrapBlob}
  0x000001e0538f8838: c5f8 77e8 

  0x000001e0538f883c: ; ImmutableOopMap {[40]=Oop [48]=Oop [56]=Oop [64]=Oop }
                      ;*ifeq {reexecute=1 rethrow=0 return_oop=0}
                      ; - (reexecute) java.lang.Class::getPackageName@29
                      ; - java.lang.ClassLoader::postDefineClass@2
                      ; - java.lang.ClassLoader::defineClass@37
                      ; - java.security.SecureClassLoader::defineClass@12
  0x000001e0538f883c: c0ba 57ff 

  0x000001e0538f8840: ;   {other}
  0x000001e0538f8840: 0f1f 8400 | 3035 0064 | baf6 ffff | ff66 6690 

  0x000001e0538f8850: ;   {runtime_call UncommonTrapBlob}
  0x000001e0538f8850: c5f8 77e8 

  0x000001e0538f8854: ; ImmutableOopMap {}
                      ;*arraylength {reexecute=0 rethrow=0 return_oop=0}
                      ; - java.lang.String::length@4
                      ; - java.lang.String::lastIndexOf@3
                      ; - java.lang.Class::getPackageName@47
                      ; - java.lang.ClassLoader::postDefineClass@2
                      ; - java.lang.ClassLoader::defineClass@37
                      ; - java.security.SecureClassLoader::defineClass@12
  0x000001e0538f8854: a8ba 57ff 

  0x000001e0538f8858: ;   {other}
  0x000001e0538f8858: 0f1f 8400 | 4835 0065 | baf6 ffff | ff8b e990 

  0x000001e0538f8868: ;   {runtime_call UncommonTrapBlob}
  0x000001e0538f8868: c5f8 77e8 

  0x000001e0538f886c: ; ImmutableOopMap {}
                      ;*aaload {reexecute=0 rethrow=0 return_oop=0}
                      ; - java.security.CodeSource::getCertificates@50
                      ; - java.lang.ClassLoader::checkCerts@34
                      ; - java.lang.ClassLoader::preDefineClass@113
                      ; - java.lang.ClassLoader::defineClass@4
                      ; - java.security.SecureClassLoader::defineClass@12
  0x000001e0538f886c: 90ba 57ff 

  0x000001e0538f8870: ;   {other}
  0x000001e0538f8870: 0f1f 8400 | 6035 0066 | baf6 ffff | ff66 6690 

  0x000001e0538f8880: ;   {runtime_call UncommonTrapBlob}
  0x000001e0538f8880: c5f8 77e8 

  0x000001e0538f8884: ; ImmutableOopMap {}
                      ;*invokevirtual getSignerCertPath {reexecute=0 rethrow=0 return_oop=0}
                      ; - java.security.CodeSource::getCertificates@51
                      ; - java.lang.ClassLoader::checkCerts@34
                      ; - java.lang.ClassLoader::preDefineClass@113
                      ; - java.lang.ClassLoader::defineClass@4
                      ; - java.security.SecureClassLoader::defineClass@12
  0x000001e0538f8884: 78ba 57ff 

  0x000001e0538f8888: ;   {other}
  0x000001e0538f8888: 0f1f 8400 | 7835 0067 | baf6 ffff | ff66 6690 

  0x000001e0538f8898: ;   {runtime_call UncommonTrapBlob}
  0x000001e0538f8898: c5f8 77e8 

  0x000001e0538f889c: ; ImmutableOopMap {}
                      ;*invokevirtual getCertificates {reexecute=0 rethrow=0 return_oop=0}
                      ; - java.security.CodeSource::getCertificates@54
                      ; - java.lang.ClassLoader::checkCerts@34
                      ; - java.lang.ClassLoader::preDefineClass@113
                      ; - java.lang.ClassLoader::defineClass@4
                      ; - java.security.SecureClassLoader::defineClass@12
  0x000001e0538f889c: 60ba 57ff 

  0x000001e0538f88a0: ;   {other}
  0x000001e0538f88a0: 0f1f 8400 | 9035 0068 | baf6 ffff | ff66 6690 

  0x000001e0538f88b0: ;   {runtime_call UncommonTrapBlob}
  0x000001e0538f88b0: c5f8 77e8 

  0x000001e0538f88b4: ; ImmutableOopMap {}
                      ;*arraylength {reexecute=0 rethrow=0 return_oop=0}
                      ; - java.security.CodeSource::getCertificates@40
                      ; - java.lang.ClassLoader::checkCerts@34
                      ; - java.lang.ClassLoader::preDefineClass@113
                      ; - java.lang.ClassLoader::defineClass@4
                      ; - java.security.SecureClassLoader::defineClass@12
  0x000001e0538f88b4: 48ba 57ff 

  0x000001e0538f88b8: ;   {other}
  0x000001e0538f88b8: 0f1f 8400 | a835 0069 | baf6 ffff | ff41 8be9 

  0x000001e0538f88c8: ;   {runtime_call UncommonTrapBlob}
  0x000001e0538f88c8: c5f8 77e8 

  0x000001e0538f88cc: ; ImmutableOopMap {}
                      ;*aaload {reexecute=0 rethrow=0 return_oop=0}
                      ; - java.security.CodeSource::getCertificates@50
                      ; - java.lang.ClassLoader::postDefineClass@24
                      ; - java.lang.ClassLoader::defineClass@37
                      ; - java.security.SecureClassLoader::defineClass@12
  0x000001e0538f88cc: 30ba 57ff 

  0x000001e0538f88d0: ;   {other}
  0x000001e0538f88d0: 0f1f 8400 | c035 006a | baf6 ffff | ff66 6690 

  0x000001e0538f88e0: ;   {runtime_call UncommonTrapBlob}
  0x000001e0538f88e0: c5f8 77e8 

  0x000001e0538f88e4: ; ImmutableOopMap {}
                      ;*invokevirtual getSignerCertPath {reexecute=0 rethrow=0 return_oop=0}
                      ; - java.security.CodeSource::getCertificates@51
                      ; - java.lang.ClassLoader::postDefineClass@24
                      ; - java.lang.ClassLoader::defineClass@37
                      ; - java.security.SecureClassLoader::defineClass@12
  0x000001e0538f88e4: 18ba 57ff 

  0x000001e0538f88e8: ;   {other}
  0x000001e0538f88e8: 0f1f 8400 | d835 006b | baf6 ffff | ff66 6690 

  0x000001e0538f88f8: ;   {runtime_call UncommonTrapBlob}
  0x000001e0538f88f8: c5f8 77e8 

  0x000001e0538f88fc: ; ImmutableOopMap {}
                      ;*invokevirtual getCertificates {reexecute=0 rethrow=0 return_oop=0}
                      ; - java.security.CodeSource::getCertificates@54
                      ; - java.lang.ClassLoader::postDefineClass@24
                      ; - java.lang.ClassLoader::defineClass@37
                      ; - java.security.SecureClassLoader::defineClass@12
  0x000001e0538f88fc: 00ba 57ff 

  0x000001e0538f8900: ;   {other}
  0x000001e0538f8900: 0f1f 8400 | f035 006c | baf6 ffff | ff66 6690 

  0x000001e0538f8910: ;   {runtime_call UncommonTrapBlob}
  0x000001e0538f8910: c5f8 77e8 

  0x000001e0538f8914: ; ImmutableOopMap {}
                      ;*arraylength {reexecute=0 rethrow=0 return_oop=0}
                      ; - java.security.CodeSource::getCertificates@40
                      ; - java.lang.ClassLoader::postDefineClass@24
                      ; - java.lang.ClassLoader::defineClass@37
                      ; - java.security.SecureClassLoader::defineClass@12
  0x000001e0538f8914: e8b9 57ff 

  0x000001e0538f8918: ;   {other}
  0x000001e0538f8918: 0f1f 8400 | 0836 006d | ba97 ffff | ff4c 8b54 | 2468 4c89 | 5424 584c | 8b54 2470 | 4c89 5424 
  0x000001e0538f8938: 6866 6690 

  0x000001e0538f893c: ;   {runtime_call UncommonTrapBlob}
  0x000001e0538f893c: c5f8 77e8 

  0x000001e0538f8940: ; ImmutableOopMap {rbp=NarrowOop [32]=Oop [48]=Oop [56]=Oop [72]=Oop [84]=NarrowOop [88]=Oop [104]=Oop [112]=Oop }
                      ;*invokevirtual clone {reexecute=1 rethrow=0 return_oop=0}
                      ; - (reexecute) java.util.Arrays::copyOfRange@18
                      ; - java.lang.StringLatin1::newString@16
                      ; - java.lang.String::substring@41
                      ; - java.lang.ClassLoader::checkCerts@21
                      ; - java.lang.ClassLoader::preDefineClass@113
                      ; - java.lang.ClassLoader::defineClass@4
                      ; - java.security.SecureClassLoader::defineClass@12
  0x000001e0538f8940: bcb9 57ff 

  0x000001e0538f8944: ;   {other}
  0x000001e0538f8944: 0f1f 8400 | 3436 006e | ba97 ffff | ff66 6690 

  0x000001e0538f8954: ;   {runtime_call UncommonTrapBlob}
  0x000001e0538f8954: c5f8 77e8 

  0x000001e0538f8958: ; ImmutableOopMap {rbp=NarrowOop [40]=Oop [48]=Oop [56]=Oop [72]=Oop }
                      ;*invokevirtual clone {reexecute=1 rethrow=0 return_oop=0}
                      ; - (reexecute) java.util.Arrays::copyOfRange@18
                      ; - java.lang.StringLatin1::newString@16
                      ; - java.lang.String::substring@41
                      ; - java.lang.Class::getPackageName@62
                      ; - java.lang.ClassLoader::postDefineClass@2
                      ; - java.lang.ClassLoader::defineClass@37
                      ; - java.security.SecureClassLoader::defineClass@12
  0x000001e0538f8958: a4b9 57ff 

  0x000001e0538f895c: ;   {other}
  0x000001e0538f895c: 0f1f 8400 | 4c36 006f | baf4 ffff | ff44 8b54 | 2440 4489 | 5424 2044 | 8b5c 2444 | 4489 5c24 
  0x000001e0538f897c: 4066 6690 

  0x000001e0538f8980: ;   {runtime_call UncommonTrapBlob}
  0x000001e0538f8980: c5f8 77e8 

  0x000001e0538f8984: ; ImmutableOopMap {rbp=Oop [36]=NarrowOop [48]=Oop [56]=Oop [72]=Oop [80]=Oop [104]=Oop }
                      ;*checkcast {reexecute=0 rethrow=0 return_oop=0}
                      ; - java.security.CodeSource::getCertificates@76
                      ; - java.lang.ClassLoader::checkCerts@34
                      ; - java.lang.ClassLoader::preDefineClass@113
                      ; - java.lang.ClassLoader::defineClass@4
                      ; - java.security.SecureClassLoader::defineClass@12
  0x000001e0538f8984: 78b9 57ff 

  0x000001e0538f8988: ;   {other}
  0x000001e0538f8988: 0f1f 8400 | 7836 0070 | baf4 ffff | ff66 6690 

  0x000001e0538f8998: ;   {runtime_call UncommonTrapBlob}
  0x000001e0538f8998: c5f8 77e8 

  0x000001e0538f899c: ; ImmutableOopMap {rbp=NarrowOop [40]=Oop [48]=Oop }
                      ;*checkcast {reexecute=0 rethrow=0 return_oop=0}
                      ; - java.security.CodeSource::getCertificates@76
                      ; - java.lang.ClassLoader::postDefineClass@24
                      ; - java.lang.ClassLoader::defineClass@37
                      ; - java.security.SecureClassLoader::defineClass@12
  0x000001e0538f899c: 60b9 57ff 

  0x000001e0538f89a0: ;   {other}
  0x000001e0538f89a0: 0f1f 8400 | 9036 0071 | ba97 ffff | ff48 8b6c | 2420 4c8b | 5424 384c | 8954 2428 | 448b 5c24 
  0x000001e0538f89c0: 4044 895c | 2438 448b | 5424 4444 | 8954 243c | 4c8b 5424 | 584c 8954 | 2448 6690 

  0x000001e0538f89dc: ;   {runtime_call UncommonTrapBlob}
  0x000001e0538f89dc: c5f8 77e8 

  0x000001e0538f89e0: ; ImmutableOopMap {rbp=Oop [40]=Oop [48]=Oop [72]=Oop [84]=NarrowOop [96]=Oop [144]=Oop }
                      ;*invokevirtual clone {reexecute=1 rethrow=0 return_oop=0}
                      ; - (reexecute) java.security.CodeSource::getCertificates@11
                      ; - java.lang.ClassLoader::checkCerts@34
                      ; - java.lang.ClassLoader::preDefineClass@113
                      ; - java.lang.ClassLoader::defineClass@4
                      ; - java.security.SecureClassLoader::defineClass@12
  0x000001e0538f89e0: 1cb9 57ff 

  0x000001e0538f89e4: ;   {other}
  0x000001e0538f89e4: 0f1f 8400 | d436 0072 | ba97 ffff | ff66 6690 

  0x000001e0538f89f4: ;   {runtime_call UncommonTrapBlob}
  0x000001e0538f89f4: c5f8 77e8 

  0x000001e0538f89f8: ; ImmutableOopMap {[32]=Oop [48]=NarrowOop [104]=Oop }
                      ;*invokevirtual clone {reexecute=1 rethrow=0 return_oop=0}
                      ; - (reexecute) java.security.CodeSource::getCertificates@11
                      ; - java.lang.ClassLoader::postDefineClass@24
                      ; - java.lang.ClassLoader::defineClass@37
                      ; - java.security.SecureClassLoader::defineClass@12
  0x000001e0538f89f8: 04b9 57ff 

  0x000001e0538f89fc: ;   {other}
  0x000001e0538f89fc: 0f1f 8400 | ec36 0073 | ba97 ffff | ff66 6690 

  0x000001e0538f8a0c: ;   {runtime_call UncommonTrapBlob}
  0x000001e0538f8a0c: c5f8 77e8 

  0x000001e0538f8a10: ; ImmutableOopMap {rbp=Oop [40]=Oop [48]=Oop [56]=Oop [72]=Oop [80]=Oop [104]=Oop }
                      ;*invokevirtual clone {reexecute=1 rethrow=0 return_oop=0}
                      ; - (reexecute) java.security.CodeSource::getCertificates@86
                      ; - java.lang.ClassLoader::checkCerts@34
                      ; - java.lang.ClassLoader::preDefineClass@113
                      ; - java.lang.ClassLoader::defineClass@4
                      ; - java.security.SecureClassLoader::defineClass@12
  0x000001e0538f8a10: ecb8 57ff 

  0x000001e0538f8a14: ;   {other}
  0x000001e0538f8a14: 0f1f 8400 | 0437 0074 | ba97 ffff | ff48 8b6c | 2430 4c8b | 5424 284c | 8954 2420 

  0x000001e0538f8a30: ;   {runtime_call UncommonTrapBlob}
  0x000001e0538f8a30: c5f8 77e8 

  0x000001e0538f8a34: ; ImmutableOopMap {rbp=Oop [32]=Oop [64]=Oop }
                      ;*invokevirtual clone {reexecute=1 rethrow=0 return_oop=0}
                      ; - (reexecute) java.security.CodeSource::getCertificates@86
                      ; - java.lang.ClassLoader::postDefineClass@24
                      ; - java.lang.ClassLoader::defineClass@37
                      ; - java.security.SecureClassLoader::defineClass@12
  0x000001e0538f8a34: c8b8 57ff 

  0x000001e0538f8a38: ;   {other}
  0x000001e0538f8a38: 0f1f 8400 | 2837 0075 | eb41 eb3f | eb3d eb3b | eb39 eb37 | eb35 eb33 | eb31 eb2f | eb28 eb26 
  0x000001e0538f8a58: eb29 eb27 | eb25 eb23 | eb21 eb1f | eb1d eb1b | eb19 eb17 | eb15 eb13 | eb11 eb0f | eb0d eb0b 
  0x000001e0538f8a78: eb09 eb07 | eb05 488b | d0eb 0348 | 8bd0 c5f8 | 7748 81c4 | d000 0000 

  0x000001e0538f8a90: ;   {runtime_call _rethrow_Java}
  0x000001e0538f8a90: 5de9 6a41 

  0x000001e0538f8a94: ;   {internal_word}
  0x000001e0538f8a94: 63ff 49ba | 5065 8f53 | e001 0000 | 4d89 9768 

  0x000001e0538f8aa4: ;   {runtime_call SafepointBlob}
  0x000001e0538f8aa4: 0400 00e9 | 54c9 57ff 

  0x000001e0538f8aac: ;   {runtime_call StubRoutines (final stubs)}
  0x000001e0538f8aac: e84f 2c56 | ffe9 88cd | ffff f4f4 
[Stub Code]
  0x000001e0538f8ab8: ;   {no_reloc}
  0x000001e0538f8ab8: 48bb 0000 | 0000 0000 

  0x000001e0538f8ac0: ;   {runtime_call nmethod}
  0x000001e0538f8ac0: 0000 e9fb 

  0x000001e0538f8ac4: ;   {static_stub}
  0x000001e0538f8ac4: ffff ff48 | bb00 0000 | 0000 0000 

  0x000001e0538f8ad0: ;   {runtime_call nmethod}
  0x000001e0538f8ad0: 00e9 fbff 

  0x000001e0538f8ad4: ;   {static_stub}
  0x000001e0538f8ad4: ffff 48bb | 0000 0000 | 0000 0000 

  0x000001e0538f8ae0: ;   {runtime_call nmethod}
  0x000001e0538f8ae0: e9fb ffff 

  0x000001e0538f8ae4: ;   {static_stub}
  0x000001e0538f8ae4: ff48 bb00 | 0000 0000 

  0x000001e0538f8aec: ;   {runtime_call nmethod}
  0x000001e0538f8aec: 0000 00e9 | fbff ffff 

  0x000001e0538f8af4: ;   {static_stub}
  0x000001e0538f8af4: 48bb 0000 | 0000 0000 

  0x000001e0538f8afc: ;   {runtime_call nmethod}
  0x000001e0538f8afc: 0000 e9fb 

  0x000001e0538f8b00: ;   {static_stub}
  0x000001e0538f8b00: ffff ff48 | bb00 0000 | 0000 0000 

  0x000001e0538f8b0c: ;   {runtime_call nmethod}
  0x000001e0538f8b0c: 00e9 fbff 

  0x000001e0538f8b10: ;   {static_stub}
  0x000001e0538f8b10: ffff 48bb | 0000 0000 | 0000 0000 

  0x000001e0538f8b1c: ;   {runtime_call nmethod}
  0x000001e0538f8b1c: e9fb ffff 

  0x000001e0538f8b20: ;   {static_stub}
  0x000001e0538f8b20: ff48 bb00 | 0000 0000 

  0x000001e0538f8b28: ;   {runtime_call nmethod}
  0x000001e0538f8b28: 0000 00e9 | fbff ffff 

  0x000001e0538f8b30: ;   {static_stub}
  0x000001e0538f8b30: 48bb 0000 | 0000 0000 

  0x000001e0538f8b38: ;   {runtime_call nmethod}
  0x000001e0538f8b38: 0000 e9fb 

  0x000001e0538f8b3c: ;   {static_stub}
  0x000001e0538f8b3c: ffff ff48 | bb00 0000 | 0000 0000 

  0x000001e0538f8b48: ;   {runtime_call nmethod}
  0x000001e0538f8b48: 00e9 fbff 

  0x000001e0538f8b4c: ;   {static_stub}
  0x000001e0538f8b4c: ffff 48bb | 0000 0000 | 0000 0000 

  0x000001e0538f8b58: ;   {runtime_call nmethod}
  0x000001e0538f8b58: e9fb ffff 

  0x000001e0538f8b5c: ;   {static_stub}
  0x000001e0538f8b5c: ff48 bb00 | 0000 0000 

  0x000001e0538f8b64: ;   {runtime_call nmethod}
  0x000001e0538f8b64: 0000 00e9 | fbff ffff 

  0x000001e0538f8b6c: ;   {static_stub}
  0x000001e0538f8b6c: 48bb 0000 | 0000 0000 

  0x000001e0538f8b74: ;   {runtime_call nmethod}
  0x000001e0538f8b74: 0000 e9fb 

  0x000001e0538f8b78: ;   {static_stub}
  0x000001e0538f8b78: ffff ff48 | bb18 a410 | 61e0 0100 

  0x000001e0538f8b84: ;   {runtime_call I2C/C2I adapters}
  0x000001e0538f8b84: 00e9 db1e 

  0x000001e0538f8b88: ;   {static_stub}
  0x000001e0538f8b88: 55ff 48bb | 0000 0000 | 0000 0000 

  0x000001e0538f8b94: ;   {runtime_call nmethod}
  0x000001e0538f8b94: e9fb ffff 

  0x000001e0538f8b98: ;   {static_stub}
  0x000001e0538f8b98: ff48 bb00 | 0000 0000 

  0x000001e0538f8ba0: ;   {runtime_call nmethod}
  0x000001e0538f8ba0: 0000 00e9 | fbff ffff 

  0x000001e0538f8ba8: ;   {static_stub}
  0x000001e0538f8ba8: 48bb 0000 | 0000 0000 

  0x000001e0538f8bb0: ;   {runtime_call nmethod}
  0x000001e0538f8bb0: 0000 e9fb 

  0x000001e0538f8bb4: ;   {static_stub}
  0x000001e0538f8bb4: ffff ff48 | bb00 0000 | 0000 0000 

  0x000001e0538f8bc0: ;   {runtime_call nmethod}
  0x000001e0538f8bc0: 00e9 fbff 

  0x000001e0538f8bc4: ;   {static_stub}
  0x000001e0538f8bc4: ffff 48bb | 0000 0000 | 0000 0000 

  0x000001e0538f8bd0: ;   {runtime_call nmethod}
  0x000001e0538f8bd0: e9fb ffff 

  0x000001e0538f8bd4: ;   {static_stub}
  0x000001e0538f8bd4: ff48 bb00 | 0000 0000 

  0x000001e0538f8bdc: ;   {runtime_call nmethod}
  0x000001e0538f8bdc: 0000 00e9 | fbff ffff 
[Exception Handler]
  0x000001e0538f8be4: ;   {runtime_call ExceptionBlob}
  0x000001e0538f8be4: e997 2d63 | ffe8 0000 | 0000 4883 

  0x000001e0538f8bf0: ;   {runtime_call DeoptimizationBlob}
  0x000001e0538f8bf0: 2c24 05e9 | a8ba 57ff 
[/MachCode]


Compiled method (c2) 800522 11833       4       java.net.URLClassLoader$1::run (5 bytes)
 total in heap  [0x000001e053a01a90,0x000001e053a0ef30] = 54432
 relocation     [0x000001e053a01bf0,0x000001e053a023c0] = 2000
 main code      [0x000001e053a023c0,0x000001e053a0a380] = 32704
 stub code      [0x000001e053a0a380,0x000001e053a0a658] = 728
 oops           [0x000001e053a0a658,0x000001e053a0a6c8] = 112
 metadata       [0x000001e053a0a6c8,0x000001e053a0ad18] = 1616
 scopes data    [0x000001e053a0ad18,0x000001e053a0d4f8] = 10208
 scopes pcs     [0x000001e053a0d4f8,0x000001e053a0e368] = 3696
 dependencies   [0x000001e053a0e368,0x000001e053a0e540] = 472
 handler table  [0x000001e053a0e540,0x000001e053a0ede0] = 2208
 nul chk table  [0x000001e053a0ede0,0x000001e053a0ef30] = 336

[Constant Pool (empty)]

[MachCode]
[Entry Point]
  # {method} {0x000001e06179c030} 'run' '()Ljava/lang/Object;' in 'java/net/URLClassLoader$1'
  #           [sp+0x110]  (sp of caller)
  0x000001e053a023c0: 448b 5208 | 49c1 e203 

  0x000001e053a023c8: ;   {runtime_call ic_miss_stub}
  0x000001e053a023c8: 493b c20f | 85af c346 | ff66 6690 | 660f 1f44 | 0000 660f | 1f44 0000 
[Verified Entry Point]
  0x000001e053a023e0: 8984 2400 | 80ff ff55 | 4881 ec00 | 0100 0090 | 4181 7f20 | 1f00 0000 | 0f85 737f | 0000 4889 
  0x000001e053a02400: 5424 208b | 5a0c 440f | be53 1045 | 85d2 0f85 | b84b 0000 | 8b7b 148b | 4f0c 4c8b | eb85 c90f 
  0x000001e053a02420: 86cb 0300 | 0044 8d49 | ff44 3bc9 | 0f83 264a | 0000 8d51 | fd48 8bf7 | 807f 102e | 0f84 031b 
  0x000001e053a02440: 0000 83fa | 010f 8e81 | 0300 00bd | 0100 0000 | 448b d144 | 2bd5 4183 | c2fd 4533 | db3b d545 
  0x000001e053a02460: 0f4c d341 | 81fa a00f | 0000 41b8 | a00f 0000 | 450f 47d0 | 4403 d5eb | 0a0f 1f80 | 0000 0000 
  0x000001e053a02480: 418b e848 | 63c5 440f | be5c 0710 | 4183 fb2e | 745a 440f | be44 0711 | 4183 f82e | 7447 440f 
  0x000001e053a024a0: be5c 0712 | 4183 fb2e | 743f 440f | be5c 0713 | 4183 fb2e | 742c 448d | 4504 453b | c27c c14d 
  0x000001e053a024c0: 8b97 5804 | 0000 83c5 

  0x000001e053a024c8: ;   {no_reloc}
  0x000001e053a024c8: 0348 8b44 

  0x000001e053a024cc: ; ImmutableOopMap {rbx=NarrowOop rdi=NarrowOop rsi=Oop rax=Oop r13=Oop [32]=Oop }
                      ;*if_icmpne {reexecute=1 rethrow=0 return_oop=0}
                      ; - (reexecute) java.lang.StringLatin1::replace@28
                      ; - java.lang.String::replace@18
                      ; - java.net.URLClassLoader$1::run@8
                      ; - java.net.URLClassLoader$1::run@1
                      ;   {poll}
  0x000001e053a024cc: 2420 4185 | 0244 3bc2 | 0f8d f802 | 0000 418b | e8e9 6eff | ffff 83c5 | 02ff c5eb | 0383 c502 
  0x000001e053a024ec: 3be9 0f8d | fc02 0000 | 81f9 0000 | 1000 0f87 | 3135 0000 | 4d8b 9fb8 | 0100 004c | 63d1 4983 
  0x000001e053a0250c: c217 4983 | e2f8 4d8b | c34d 03c2 | 4d3b 87c8 | 0100 000f | 830c 3500 | 004d 8987 | b801 0000 
  0x000001e053a0252c: 410f 1880 | 0001 0000 | 49c7 0301 | 0000 0041 | 0f18 8040 

  0x000001e053a02540: ;   {metadata({type array byte})}
  0x000001e053a02540: 0100 0041 | c743 0859 | 8100 2041 | 894b 0c41 | 0f18 8080 | 0100 0085 | ed0f 8ed1 | 0000 0044 
  0x000001e053a02560: 8d45 ff44 | 3bc1 0f83 | a049 0000 | 85c9 0f86 | 9849 0000 | 440f be57 | 1045 8853 | 1041 83f8 
  0x000001e053a02580: 010f 8ead | 4900 0041 | bad0 0700 | 00b8 0100 | 0000 c4c1 | 796e c9c5 | f96e dac4 | c1f9 6ec3 
  0x000001e053a025a0: 448b cd44 | 2bc8 41ff | c945 33db | 443b c045 | 0f4c cb41 | 81f9 d007 | 0000 450f | 47ca 4403 
  0x000001e053a025c0: c80f 1f84 | 0000 0000 | 000f 1f80 | 0000 0000 | 4c63 f046 | 0fbe 5c37 | 10c4 e1f9 | 7ec2 4688 
  0x000001e053a025e0: 5c32 1042 | 0fbe 5437 | 11c4 c1f9 | 7ec3 4388 | 5433 1183 | c002 413b | c17c d54d | 8b9f 5804 
  0x000001e053a02600: ; ImmutableOopMap {rbx=NarrowOop rdi=NarrowOop rsi=Oop r13=Oop xmm0=Oop [32]=Oop }
                      ;*goto {reexecute=1 rethrow=0 return_oop=0}
                      ; - (reexecute) java.lang.StringLatin1::replace@76
                      ; - java.lang.String::replace@18
                      ; - java.net.URLClassLoader$1::run@8
                      ; - java.net.URLClassLoader$1::run@1
                      ;   {poll}
  0x000001e053a02600: 0000 4185 | 0341 3bc0 | 7c96 c4c1 | 797e c9c5 | f97e dac4 | c1f9 7ec3 | 3bc5 7d14 | 4c63 c046 
  0x000001e053a02620: 0fbe 5407 | 1047 8854 | 0310 ffc0 | 3bc5 7cec | 3be9 0f8d | 4a01 0000 | 3be9 0f83 | a448 0000 
  0x000001e053a02640: 443b c90f | 839b 4800 | 0044 8d4d | 014c 63d5 | 460f be44 | 1710 4183 | f82e 0f84 | fd17 0000 
  0x000001e053a02660: 4788 4413 | 1044 8d45 | 0145 3bc1 | 7d05 418b | e8eb da44 | 3bc2 0f8d | e000 0000 | ffc5 e984 
  0x000001e053a02680: 0000 0041 | b82f 0000 | 000f 1f80 | 0000 0000 | 4588 441b | 1244 0fbe | 541f 1341 | 83fa 2e74 
  0x000001e053a026a0: 4845 8854 | 1b13 83c5 | 0441 3be9 | 7d4b 4863 | dd44 0fbe | 541f 1041 | 83fa 2e74 | 2445 8854 
  0x000001e053a026c0: 1b10 440f | be54 1f11 | 4183 fa2e | 7423 4588 | 541b 1144 | 0fbe 441f | 1241 83f8 | 2e75 b1eb 
  0x000001e053a026e0: a241 ba2f | 0000 00eb | d441 ba2f | 0000 00eb | b041 ba2f | 0000 00eb | d54d 8b97 

  0x000001e053a026fc: ; ImmutableOopMap {r11=Oop rdi=NarrowOop rsi=Oop r13=Oop [32]=Oop }
                      ;*goto {reexecute=1 rethrow=0 return_oop=0}
                      ; - (reexecute) java.lang.StringLatin1::replace@113
                      ; - java.lang.String::replace@18
                      ; - java.net.URLClassLoader$1::run@8
                      ; - java.net.URLClassLoader$1::run@1
  0x000001e053a026fc: 5804 0000 

  0x000001e053a02700: ;   {poll}
  0x000001e053a02700: 4185 023b | ea7d 5844 | 8bc9 442b | cd41 83c1 | fd45 33c0 | 3bd5 450f | 4cc8 4181 | f9a0 0f00 
  0x000001e053a02720: 0041 b8a0 | 0f00 0045 | 0f47 c844 | 03cd e97b | ffff ff42 | c644 0b10 | 2e42 c644 | 0b11 6342 
  0x000001e053a02740: c644 0b12 | 6c42 c644 | 0b13 6142 | c644 0b14 | 7342 c644 | 0b15 73e9 | 9301 0000 | 418b e83b 
  0x000001e053a02760: e97d 1f90 | 4c63 d546 | 0fbe 4c17 | 1041 83f9 | 2e0f 845b | 1700 0047 | 884c 1310 | ffc5 3be9 
  0x000001e053a02780: 7ce2 4d8b | 8fb8 0100 | 004d 8bd1 | 4983 c218 | 4d3b 97c8 | 0100 000f | 83fa 3200 | 004d 8997 
  0x000001e053a027a0: b801 0000 | 410f 1882 | 0001 0000 | 49c7 0101 

  0x000001e053a027b0: ;   {metadata('java/lang/String')}
  0x000001e053a027b0: 0000 0041 | c741 0812 | 8400 2045 | 8961 0c4d | 8961 104d | 8bc3 4589 | 4114 eb2a | 41b8 0100 
  0x000001e053a027d0: 0000 443b | c17d 1990 | 460f be5c | 0710 4183 | fb2e 0f84 | 993c 0000 | 41ff c044 | 3bc1 7ce8 
  0x000001e053a027f0: 4c8b df4d | 8bcd 458b | 530c 4585 | d20f 8665 | 1600 0041 | 0fbe 4910 | c4c2 72f7 | f248 63fe 
  0x000001e053a02810: 83f9 010f | 8493 4b00 | 0085 f60f | 8c4b 4b00 | 0048 8d47 | 068b e885 | ed0f 8c61 | 4b00 004c 
  0x000001e053a02830: 8bc0 49c1 | f820 458b | c0c4 6239 | f7c5 4585 | c00f 8c8d | 4b00 0041 | 81f8 0000 | 1000 0f87 
  0x000001e053a02850: 2c46 0000 | 4963 d041 | 81f8 0000 | 1000 0f87 | 1a31 0000 | 498b 9fb8 | 0100 0048 | 83c2 1748 
  0x000001e053a02870: 83e2 f848 | 8beb 4803 | ea49 3baf | c801 0000 | 0f83 f830 | 0000 4989 | afb8 0100 | 000f 1885 
  0x000001e053a02890: 0001 0000 | 48c7 0301 | 0000 000f | 1885 4001 

  0x000001e053a028a0: ;   {metadata({type array byte})}
  0x000001e053a028a0: 0000 c743 | 0859 8100 | 2044 8943 | 0c0f 1885 | 8001 0000 | 8d56 0644 | 3bc2 0f82 | c845 0000 
  0x000001e053a028c0: 4c63 ce85 | f60f 8e68 | feff ff42 | c644 0b15 | 7342 c644 | 0b14 7342 | c644 0b13 | 6142 c644 
  0x000001e053a028e0: 0b12 6c42 | c644 0b11 | 6342 c644 | 0b10 2e48 | 8bd3 4883 | c210 4d8b | cb49 83c1 | 1085 c90f 
  0x000001e053a02900: 85ea 1700 | 0045 3bc2 | 0f82 aa45 | 0000 4585 | d276 1e4d | 63c2 498b | c9c5 f877 | 49ba 4097 
  0x000001e053a02920: e552 e001 | 0000 41ff 

  0x000001e053a02928: ;   {other}
  0x000001e053a02928: d20f 1f84 | 0000 0000 | 004d 8b87 | b801 0000 | 4d8b d049 | 83c2 184d | 3b97 c801 | 0000 0f83 
  0x000001e053a02948: a630 0000 | 4d89 97b8 | 0100 0041 | 0f18 8200 | 0100 0049 | c700 0100 

  0x000001e053a02960: ;   {metadata('java/lang/String')}
  0x000001e053a02960: 0000 41c7 | 4008 1284 | 0020 4589 | 600c 4d89 | 6010 4c8b | db45 8958 | 144c 8b54 | 2420 458b 
  0x000001e053a02980: 5a10 458b | 5354 4585 | d20f 84aa | 4400 0049 | 8bd2 4533 | c966 6690 

  0x000001e053a02998: ;   {optimized virtual_call}
  0x000001e053a02998: c5f8 77e8 

  0x000001e053a0299c: ; ImmutableOopMap {[32]=Oop }
                      ;*invokevirtual getResource {reexecute=0 rethrow=0 return_oop=1}
                      ; - java.net.URLClassLoader$1::run@26
                      ; - java.net.URLClassLoader$1::run@1
  0x000001e053a0299c: 4024 a3ff 

  0x000001e053a029a0: ;   {other}
  0x000001e053a029a0: 0f1f 8400 | 100f 0003 | 4889 4424 | 6848 85c0 | 0f84 5f01 | 0000 4c8b | 5424 2045 | 8b5a 1044 
  0x000001e053a029c0: 895c 2464 | 458b 520c | 4489 5424 | 7045 85db | 0f84 6845 | 0000 c5f8 | 7749 ba20 | 2547 e0f8 
  0x000001e053a029e0: 7f00 0041 

  0x000001e053a029e4: ;   {other}
  0x000001e053a029e4: ffd2 0f1f | 8400 0000 | 0000 4889 | 4424 3044 | 8b54 2470 

  0x000001e053a029f8: ; implicit exception: dispatches to 0x000001e053a09318
  0x000001e053a029f8: 458b 4a14 

  0x000001e053a029fc: ; implicit exception: dispatches to 0x000001e053a0933c
  0x000001e053a029fc: 418b 590c | 450f be42 | 10c4 e23a | f7cb 448d | 51ff 4585 | c00f 853a | 4c00 0044 | 8d5b ff45 
  0x000001e053a02a1c: 3bda 450f | 4fda 498b | d144 8b54 | 2464 4d8b | ea44 8b54 | 2470 498b | fa45 85db | 0f8c bb22 
  0x000001e053a02a3c: 0000 85db | 0f86 5645 | 0000 443b | db0f 834d | 4500 0045 | 85db 0f8e | 9247 0000 | 458d 53ff 
  0x000001e053a02a5c: 470f be44 | 1910 4183 | f82e 0f84 | 7114 0000 | 41ff cb45 | 3bda 7fe8 | 4183 fb02 | 0f8e 5a22 
  0x000001e053a02a7c: 0000 418d | 73fe 4533 | c041 83fb | 0241 0f4c | f081 fea0 | 0f00 0041 | baa0 0f00 | 0041 0f47 
  0x000001e053a02a9c: f245 8bc3 | 442b c64c | 8bf7 6666 | 0f1f 8400 | 0000 0000 | 4963 fb45 | 0fbe 5439 | 1041 83fa 
  0x000001e053a02abc: 2e74 5d41 | 0fbe 7c39 | 0f83 ff2e | 7457 458d | 53fe 430f | be7c 1110 | 83ff 2e74 | 4c45 8d53 
  0x000001e053a02adc: fd43 0fbe | 7411 1083 

  0x000001e053a02ae4: ;   {no_reloc}
  0x000001e053a02ae4: fe2e 743d | 4183 c3fc | 453b d87f | bf49 8baf | 5804 0000 | 4c8b 4424 

  0x000001e053a02afc: ; ImmutableOopMap {r9=NarrowOop rdx=Oop rax=Oop r13=Oop r14=Oop [32]=Oop [100]=NarrowOop [104]=Oop [112]=NarrowOop }
                      ;*goto {reexecute=1 rethrow=0 return_oop=0}
                      ; - (reexecute) java.lang.StringLatin1::lastIndexOf@35
                      ; - java.lang.String::lastIndexOf@13
                      ; - java.lang.String::lastIndexOf@8
                      ; - java.net.URLClassLoader::defineClass@7
                      ; - java.net.URLClassLoader$1::run@43
                      ; - java.net.URLClassLoader$1::run@1
  0x000001e053a02afc: 6849 8bc0 

  0x000001e053a02b00: ;   {poll}
  0x000001e053a02b00: 8545 0041 | 83fb 020f | 8ec8 2100 | 0049 8bfe | e969 ffff | ff33 c0e9 | 2813 0000 | 458b d3eb 
  0x000001e053a02b20: 0445 8d53 | ff49 8bfe | 4c8b 5c24 | 6845 8b43 

  0x000001e053a02b30: ;   {metadata('jdk/internal/loader/URLClassPath$JarLoader$2')}
  0x000001e053a02b30: 0841 81f8 | a732 0120 | 0f85 e716 | 0000 458b | 4320 458b | 401c 4489 | 4424 2c41 | 83fa ff0f 
  0x000001e053a02b50: 84f1 1600 | 0045 85d2 | 0f8c 4a4b | 0000 443b | d10f 8f65 | 4c00 0044 | 3bd1 0f84 | dc13 0000 
  0x000001e053a02b70: 4585 d20f | 8458 1600 | 004d 8b9f | b801 0000 | 4d8b c349 | 83c0 184d | 3b87 c801 | 0000 0f83 
  0x000001e053a02b90: 962f 0000 | 4d89 87b8 | 0100 0041 | 0f18 8000 | 0100 0049 | c703 0100 

  0x000001e053a02ba8: ;   {metadata('java/lang/String')}
  0x000001e053a02ba8: 0000 41c7 | 4308 1284 | 0020 4589 | 630c 4d89 | 6310 4d8d | 4110 443b | d30f 84ea | 0000 0041 
  0x000001e053a02bc8: 81fa 0000 | 1000 0f87 | 8256 0000 | 4889 7c24 | 404c 896c | 2438 4963 | ca41 3bda | 8beb 410f 
  0x000001e053a02be8: 4fea 3bdd | 0f82 df56 | 0000 443b | d50f 82d6 | 5600 0048 | 83c1 174c | 8bc9 4983 | e1f8 4181 
  0x000001e053a02c08: fa00 0010 | 000f 8742 | 3700 0049 | 8b9f b801 | 0000 488b | fb49 03f9 | 493b bfc8 | 0100 000f 
  0x000001e053a02c28: 8328 3700 | 0049 89bf | b801 0000 | 0f18 8700 | 0100 0048 | c703 0100 | 0000 0f18 | 8740 0100 
  0x000001e053a02c48: ;   {metadata({type array byte})}
  0x000001e053a02c48: 00c7 4308 | 5981 0020 | 4489 530c | 0f18 8780 | 0100 0048 | 8bd3 4883 | c210 48c1 | e903 85ed 
  0x000001e053a02c68: 0f84 fa55 | 0000 413b | ea0f 8c62 | 2c00 0048 | 8bfb 4d8b | d049 8bdb | 4983 c1f0 | 49c1 e903 
  0x000001e053a02c88: 4d8b c149 | 8bca c5f8 | 7749 bae0 | 9de5 52e0 | 0100 0041 

  0x000001e053a02c9c: ;   {other}
  0x000001e053a02c9c: ffd2 0f1f | 8400 0000 | 0000 4c8b | db48 8bdf | e9ba 0000 | 004c 63d3 | 81fb 0000 | 1000 0f87 
  0x000001e053a02cbc: fa2e 0000 | 4c89 4424 | 504c 895c | 2448 4889 | 7c24 404c | 896c 2438 | 488b ea8b | f344 894c 
  0x000001e053a02cdc: 2428 498b | 9fb8 0100 | 004c 8954 | 2458 4983 | c217 4983 | e2f8 4c8b | db4d 03da | 4d3b 9fc8 
  0x000001e053a02cfc: 0100 000f | 83d8 2e00 | 004d 899f | b801 0000 | 410f 1883 | 0001 0000 | 48c7 0301 | 0000 0041 
  0x000001e053a02d1c: 0f18 8340 

  0x000001e053a02d20: ;   {metadata({type array byte})}
  0x000001e053a02d20: 0100 00c7 | 4308 5981 | 0020 8973 | 0c41 0f18 | 8380 0100 | 0048 8bd3 | 4883 c210 | 4c8b 4424 
  0x000001e053a02d40: 5849 83c0 | 0749 c1e8 | 0348 8b4c | 2450 c5f8 | 7749 bae0 | 9de5 52e0 | 0100 0041 

  0x000001e053a02d5c: ;   {other}
  0x000001e053a02d5c: ffd2 0f1f | 8400 0000 | 0000 4c8b | 5c24 4841 | 807f 4000 | 0f85 1720 | 0000 4d8b | d34c 8bc3 
  0x000001e053a02d7c: 4589 4314 | 4c8b c34d | 33c2 49c1 | e814 4d85 | c074 1a49 | c1ea 0948 | b900 00e6 | 5ae0 0100 
  0x000001e053a02d9c: 0049 03ca | 8039 020f | 8517 2000 | 0045 8863 | 104c 8b6c | 2438 488b | 7c24 404c | 899c 24b0 
  0x000001e053a02dbc: 0000 004c | 8b54 2468 | 458b 5a08 

  0x000001e053a02dc8: ;   {metadata('jdk/internal/loader/URLClassPath$JarLoader$2')}
  0x000001e053a02dc8: 4181 fba7 | 3201 200f | 8515 1e00 

  0x000001e053a02dd4: ;   {oop(a 'java/lang/Class'{0x00000000805b7308} = 'jdk/internal/access/SharedSecrets')}
  0x000001e053a02dd4: 0049 bb08 | 735b 8000 | 0000 0045 | 8b83 d400 | 0000 458b | 5808 418b | 4a20 448b 

  0x000001e053a02df0: ;   {metadata('java/util/jar/JavaUtilJarAccessImpl')}
  0x000001e053a02df0: 4918 4181 | fb42 2001 | 200f 8519 | 4400 0045 | 8b59 0848 | 897c 2440 | 4c89 ac24 | 8000 0000 
  0x000001e053a02e10: 4d8b c148 | 8d9c 24e0 | 0000 0049 | 8b00 a802 | 0f85 2300 | 0000 4883 | c801 4889 | 03f0 490f 
  0x000001e053a02e30: b118 0f84 | 3700 0000 | 482b c448 | 2507 f0ff | ff48 8903 | e924 0000 | 0048 8bc8 | 4833 c0f0 
  0x000001e053a02e50: 4c0f b179 | 3e48 c703 | 0300 0000 | 7411 4c3b | f875 1548 | ff81 8600 | 0000 4833 | c075 0949 
  0x000001e053a02e70: ff87 5005 | 0000 33c0 | 0f85 c643 | 0000 453b | 6130 750d | 410f b649 | 1285 c90f | 85e1 1000 
  0x000001e053a02e90: 0045 3b61 | 300f 8551 | 2100 0048 | 8d84 24e0 | 0000 0048 | 8338 000f | 8479 0000 | 004d 8b18 
  0x000001e053a02eb0: 41f6 c302 | 0f84 6200 | 0000 4983 | bb86 0000 | 0000 7409 | 49ff 8b86 | 0000 00eb | 4b49 8b83 
  0x000001e053a02ed0: 9600 0000 | 490b 838e | 0000 0075 | 0a49 c743 | 3e00 0000 | 00eb 3d49 | 83bb 9e00 | 0000 0074 
  0x000001e053a02ef0: ;   {no_reloc}
  0x000001e053a02ef0: 2248 33c0 | 49c7 433e | 0000 0000 | f083 0424 | 0049 83bb | 9e00 0000 | 0075 0df0 | 4d0f b17b 
  0x000001e053a02f10: 3e75 0583 | c801 eb0c | a800 eb08 | 4c8b 18f0 | 4d0f b118 | 750a 49ff | 8f50 0500 | 0045 33db 
  0x000001e053a02f30: 0f85 cd43 | 0000 458b | 4220 418b | 6818 448b 

  0x000001e053a02f40: ;   {metadata('java/util/jar/JarFile')}
  0x000001e053a02f40: 5d08 4181 | fb9e 1f01 | 200f 85e9 | 4300 004c | 8954 2438 | 488b d590 

  0x000001e053a02f58: ;   {optimized virtual_call}
  0x000001e053a02f58: c5f8 77e8 

  0x000001e053a02f5c: ; ImmutableOopMap {[32]=Oop [44]=NarrowOop [56]=Oop [64]=Oop [100]=NarrowOop [104]=Oop [112]=NarrowOop [128]=Oop [176]=Oop }
                      ;*invokevirtual getManifest {reexecute=0 rethrow=0 return_oop=1}
                      ; - jdk.internal.loader.URLClassPath$JarLoader$2::getManifest@22
                      ; - java.net.URLClassLoader::defineClass@34
                      ; - java.net.URLClassLoader$1::run@43
                      ; - java.net.URLClassLoader$1::run@1
  0x000001e053a02f5c: a081 d3ff 

  0x000001e053a02f60: ;   {other}
  0x000001e053a02f60: 0f1f 8400 | d014 0005 | 488b d84c | 8bac 2480 | 0000 0048 | 8b7c 2440 | 448b 5c24 | 6445 8b53 
  0x000001e053a02f80: 3845 85d2 | 0f84 6640 | 0000 488b | 8c24 b000 | 0000 8b41 | 0c85 c075 | 7744 0fb6 | 4111 4585 
  0x000001e053a02fa0: c00f 8543 | 2200 0044 | 8b41 1449 | 8bea 498b | d080 7910 | 000f 8579 | 3000 0044 | 8954 2428 
  0x000001e053a02fc0: 4889 5c24 | 5048 ffb4 | 24b0 0000 | 0048 8f44 | 2448 4889 | 7c24 404c | 896c 2438 

  0x000001e053a02fdc: ;   {static_call}
  0x000001e053a02fdc: c5f8 77e8 

  0x000001e053a02fe0: ; ImmutableOopMap {rbp=Oop [32]=Oop [40]=NarrowOop [44]=NarrowOop [56]=Oop [64]=Oop [72]=Oop [80]=Oop [100]=NarrowOop [104]=Oop [112]=NarrowOop [176]=Oop }
                      ;*invokestatic hashCode {reexecute=0 rethrow=0 return_oop=0}
                      ; - java.lang.String::hashCode@27
                      ; - java.util.concurrent.ConcurrentHashMap::get@1
                      ; - java.lang.ClassLoader::getDefinedPackage@13
                      ; - java.net.URLClassLoader::getAndVerifyPackage@2
                      ; - java.net.URLClassLoader::defineClass@46
                      ; - java.net.URLClassLoader$1::run@43
                      ; - java.net.URLClassLoader$1::run@1
  0x000001e053a02fe0: dc83 aeff 

  0x000001e053a02fe4: ;   {other}
  0x000001e053a02fe4: 0f1f 8400 | 5415 0006 | 85c0 0f84 | 7930 0000 | 488b 4c24 | 4889 410c | 488b 5c24 | 5044 8b54 
  0x000001e053a03004: 2428 4c8b | 6c24 3848 | 8b7c 2440 | 458b 5228 | 4585 d20f | 84c8 0e00 | 0041 8b6a | 0c85 ed0f 
  0x000001e053a03024: 86ee 4600 | 0044 8bd8 | 41c1 eb10 | 4433 d8ff | cd41 81e3 | ffff ff7f | 4123 eb4c | 63c5 478b 
  0x000001e053a03044: 4c82 1045 | 85c9 0f84 | a106 0000 | 458b 510c | 498b d145 | 3bd3 0f84 | 2901 0000 | 4585 d20f 
  0x000001e053a03064: 8c95 1b00 | 0045 8b51 | 1845 85d2 | 750f 49b8 | 0000 e65a | e001 0000 | e97a 0600 | 004d 8bca 
  0x000001e053a03084: 49b8 0000 | e65a e001 | 0000 4c89 | 6c24 3848 | 897c 2440 | 458b 510c | 4d8b b758 | 0400 0048 
  0x000001e053a030a4: 8b74 2438 | 488b 4424 

  0x000001e053a030ac: ; ImmutableOopMap {r9=Oop rcx=Oop rbx=Oop rsi=Oop rax=Oop [32]=Oop [44]=NarrowOop [56]=Oop [64]=Oop [100]=NarrowOop [104]=Oop [112]=NarrowOop }
                      ;*if_icmpne {reexecute=1 rethrow=0 return_oop=0}
                      ; - (reexecute) java.util.concurrent.ConcurrentHashMap::get@127
                      ; - java.lang.ClassLoader::getDefinedPackage@13
                      ; - java.net.URLClassLoader::getAndVerifyPackage@2
                      ; - java.net.URLClassLoader::defineClass@46
                      ; - java.net.URLClassLoader$1::run@43
                      ; - java.net.URLClassLoader$1::run@1
                      ;   {poll}
  0x000001e053a030ac: 4041 8506 | 453b d30f | 85a0 0e00 | 0041 8b69 | 104c 8bd5 | 4c3b d10f | 84a8 0000 | 0085 ed0f 
  0x000001e053a030cc: 8478 5300 | 004c 898c | 2480 0000 | 0044 895c | 244c 4889 | 5c24 7848 | 894c 2458 | 4c89 4424 
  0x000001e053a030ec: 5048 8944 | 24f8 8b44 | 242c 8944 | 2448 488b | 4424 f844 | 8b5c 2470 | 4489 5c24 | 2c44 8b54 
  0x000001e053a0310c: 2464 4489 | 5424 284c | 8bc5 488b | d166 6690 

  0x000001e053a0311c: ;   {optimized virtual_call}
  0x000001e053a0311c: c5f8 77e8 

  0x000001e053a03120: ; ImmutableOopMap {[32]=Oop [40]=NarrowOop [44]=NarrowOop [56]=Oop [64]=Oop [72]=NarrowOop [88]=Oop [104]=Oop [120]=Oop [128]=Oop }
                      ;*invokevirtual equals {reexecute=0 rethrow=0 return_oop=0}
                      ; - java.util.concurrent.ConcurrentHashMap::get@149
                      ; - java.lang.ClassLoader::getDefinedPackage@13
                      ; - java.net.URLClassLoader::getAndVerifyPackage@2
                      ; - java.net.URLClassLoader::defineClass@46
                      ; - java.net.URLClassLoader$1::run@43
                      ; - java.net.URLClassLoader$1::run@1
  0x000001e053a03120: 1c54 aaff 

  0x000001e053a03124: ;   {other}
  0x000001e053a03124: 0f1f 8400 | 9416 0008 | 85c0 0f84 | 6053 0000 | 448b 5c24 | 2844 895c | 2464 448b | 5c24 2c44 
  0x000001e053a03144: 895c 2470 | 4889 4424 | f88b 4424 | 4889 4424 | 2c48 8b44 | 24f8 4c8b | 4424 5048 | 8b4c 2458 
  0x000001e053a03164: 488b 5c24 | 784c 8b8c | 2480 0000 | 0041 8b69 | 1485 ed0f | 8473 2900 | 000f b651 | 118b 410c 
  0x000001e053a03184: e97d 0000 | 0048 897c | 2440 4c89 | 6c24 3841 | 8b69 104c | 8bd5 4c3b | d174 4a85 | ed0f 845d 
  0x000001e053a031a4: 5100 0048 | 8954 2478 | 4489 4c24 | 5844 895c | 2428 4889 | 5c24 504c | 8bc5 488b | d148 8be9 
  0x000001e053a031c4: ;   {optimized virtual_call}
  0x000001e053a031c4: c5f8 77e8 

  0x000001e053a031c8: ; ImmutableOopMap {rbp=Oop [32]=Oop [44]=NarrowOop [56]=Oop [64]=Oop [80]=Oop [88]=NarrowOop [100]=NarrowOop [104]=Oop [112]=NarrowOop [120]=Oop }
                      ;*invokevirtual equals {reexecute=0 rethrow=0 return_oop=0}
                      ; - java.util.concurrent.ConcurrentHashMap::get@73
                      ; - java.lang.ClassLoader::getDefinedPackage@13
                      ; - java.net.URLClassLoader::getAndVerifyPackage@2
                      ; - java.net.URLClassLoader::defineClass@46
                      ; - java.net.URLClassLoader$1::run@43
                      ; - java.net.URLClassLoader$1::run@1
  0x000001e053a031c8: 7453 aaff 

  0x000001e053a031cc: ;   {other}
  0x000001e053a031cc: 0f1f 8400 | 3c17 0009 | 85c0 0f84 | ed28 0000 | 488b cd48 | 8b5c 2450 | 448b 4c24 | 5841 8b69 
  0x000001e053a031ec: 1485 ed0f | 84af 1c00 | 008b 410c | 0fb6 5111 | 49b8 0000 | e65a e001 | 0000 448b 

  0x000001e053a03208: ;   {metadata('java/lang/Package')}
  0x000001e053a03208: 5508 4181 | fa45 3301 | 200f 85fd | 5f00 0044 | 8b51 1445 | 8b5a 0c4c | 8bcd 418b | 7910 4585 
  0x000001e053a03228: db0f 869d | 4200 0044 | 8b4c 2464 | 458b 4938 | 4585 c90f | 8466 4200 | 0085 c00f | 85b0 0000 
  0x000001e053a03248: 0085 d20f | 85d9 2700 | 0049 8bd2 | 498b e980 | 7910 000f | 856e 2e00 | 0044 894c | 2460 897c 
  0x000001e053a03268: 244c 4889 | 5c24 7848 | 894c 2458 | 4c89 4424 | 5048 8944 | 24f8 8b44 | 242c 8944 | 2448 488b 
  0x000001e053a03288: 4424 f844 | 8b54 2470 | 4489 5424 | 2c44 8b5c | 2464 4489 | 5c24 2890 

  0x000001e053a032a0: ;   {static_call}
  0x000001e053a032a0: c5f8 77e8 

  0x000001e053a032a4: ; ImmutableOopMap {rbp=Oop [32]=Oop [40]=NarrowOop [44]=NarrowOop [56]=Oop [64]=Oop [72]=NarrowOop [76]=NarrowOop [88]=Oop [96]=NarrowOop [104]=Oop [120]=Oop }
                      ;*invokestatic hashCode {reexecute=0 rethrow=0 return_oop=0}
                      ; - java.lang.String::hashCode@27
                      ; - java.util.concurrent.ConcurrentHashMap::get@1
                      ; - java.lang.ClassLoader::definePackage@47
                      ; - java.lang.ClassLoader::getDefinedPackage@32
                      ; - java.net.URLClassLoader::getAndVerifyPackage@2
                      ; - java.net.URLClassLoader::defineClass@46
                      ; - java.net.URLClassLoader$1::run@43
                      ; - java.net.URLClassLoader$1::run@1
  0x000001e053a032a4: d8bd 46ff 

  0x000001e053a032a8: ;   {other}
  0x000001e053a032a8: 0f1f 8400 | 1818 000a | 85c0 0f84 | 6d2e 0000 | 488b 4c24 | 5889 410c | 448b 5424 | 2844 8954 
  0x000001e053a032c8: 2464 448b | 5c24 2c44 | 895c 2470 | 4889 4424 | f88b 4424 | 4889 4424 | 2c48 8b44 | 24f8 4c8b 
  0x000001e053a032e8: 4424 5048 | 8b5c 2478 | 8b7c 244c | 448b 4c24 | 6045 8b59 | 2845 85db | 0f84 d402 | 0000 418b 
  0x000001e053a03308: 6b0c 85ed | 0f86 5a46 | 0000 448b | d041 c1ea | 1044 33d0 | ffcd 4181 | e2ff ffff | 7f41 23ea 
  0x000001e053a03328: 4c63 cd43 | 8b74 8b10 | 85f6 0f84 | a202 0000 | 448b 5e0c | 488b d645 | 3bda 0f84 | fe00 0000 
  0x000001e053a03348: 4585 db0f | 8cc6 0100 | 0044 8b4e | 1845 85c9 | 0f84 7c02 | 0000 4d8b | e941 8b55 | 0c4d 8bb7 
  0x000001e053a03368: ; ImmutableOopMap {rcx=Oop rbx=Oop rdi=NarrowOop r13=Oop [32]=Oop [44]=NarrowOop [56]=Oop [64]=Oop [100]=NarrowOop [104]=Oop [112]=NarrowOop }
                      ;*if_icmpne {reexecute=1 rethrow=0 return_oop=0}
                      ; - (reexecute) java.util.concurrent.ConcurrentHashMap::get@127
                      ; - java.lang.ClassLoader::definePackage@47
                      ; - java.lang.ClassLoader::getDefinedPackage@32
                      ; - java.net.URLClassLoader::getAndVerifyPackage@2
                      ; - java.net.URLClassLoader::defineClass@46
                      ; - java.net.URLClassLoader$1::run@43
                      ; - java.net.URLClassLoader$1::run@1
  0x000001e053a03368: 5804 0000 

  0x000001e053a0336c: ;   {poll}
  0x000001e053a0336c: 4185 0641 | 3bd2 0f85 | 620d 0000 | 418b 6d10 | 4c8b dd4c | 3bd9 0f84 | ad00 0000 | 85ed 0f84 
  0x000001e053a0338c: a252 0000 | 4c89 ac24 | 8000 0000 | 4489 5424 | 6089 7c24 | 4c48 895c | 2478 4889 | 4c24 584c 
  0x000001e053a033ac: 8944 2450 | 4889 4424 | f88b 4424 | 2c89 4424 | 4848 8b44 | 24f8 448b | 5424 7044 | 8954 242c 
  0x000001e053a033cc: 448b 5c24 | 6444 895c | 2428 4c8b | c548 8bd1 

  0x000001e053a033dc: ;   {optimized virtual_call}
  0x000001e053a033dc: c5f8 77e8 

  0x000001e053a033e0: ; ImmutableOopMap {[32]=Oop [40]=NarrowOop [44]=NarrowOop [56]=Oop [64]=Oop [72]=NarrowOop [76]=NarrowOop [88]=Oop [104]=Oop [120]=Oop [128]=Oop }
                      ;*invokevirtual equals {reexecute=0 rethrow=0 return_oop=0}
                      ; - java.util.concurrent.ConcurrentHashMap::get@149
                      ; - java.lang.ClassLoader::definePackage@47
                      ; - java.lang.ClassLoader::getDefinedPackage@32
                      ; - java.net.URLClassLoader::getAndVerifyPackage@2
                      ; - java.net.URLClassLoader::defineClass@46
                      ; - java.net.URLClassLoader$1::run@43
                      ; - java.net.URLClassLoader$1::run@1
  0x000001e053a033e0: 5c51 aaff 

  0x000001e053a033e4: ;   {other}
  0x000001e053a033e4: 0f1f 8400 | 5419 000c | 85c0 0f84 | 9052 0000 | 448b 5c24 | 2844 895c | 2464 448b | 5424 2c44 
  0x000001e053a03404: 8954 2470 | 4889 4424 | f88b 4424 | 4889 4424 | 2c48 8b44 | 24f8 4c8b | 4424 5048 | 8b4c 2458 
  0x000001e053a03424: 488b 5c24 | 788b 7c24 | 4c4c 8bac | 2480 0000 | 0041 8b6d | 1485 ed0f | 85bd 0000 | 00e9 9401 
  0x000001e053a03444: 0000 8b6e | 104c 8bdd | 4c3b d90f | 849e 0000 | 0085 ed0f | 84ef 4e00 | 004c 8bca | 8974 2474 
  0x000001e053a03464: 4489 5424 | 6089 7c24 | 4c48 895c | 2478 4889 | 4c24 584c | 8944 2450 | 4889 4424 | f88b 4424 
  0x000001e053a03484: 2c89 4424 | 4848 8b44 | 24f8 448b | 5c24 6444 | 895c 2428 | 4c8b c548 | 8bd1 4c89 | 8c24 b800 
  0x000001e053a034a4: 0000 6690 

  0x000001e053a034a8: ;   {optimized virtual_call}
  0x000001e053a034a8: c5f8 77e8 

  0x000001e053a034ac: ; ImmutableOopMap {[32]=Oop [40]=NarrowOop [56]=Oop [64]=Oop [72]=NarrowOop [76]=NarrowOop [88]=Oop [104]=Oop [112]=NarrowOop [116]=NarrowOop [120]=Oop [184]=Oop }
                      ;*invokevirtual equals {reexecute=0 rethrow=0 return_oop=0}
                      ; - java.util.concurrent.ConcurrentHashMap::get@73
                      ; - java.lang.ClassLoader::definePackage@47
                      ; - java.lang.ClassLoader::getDefinedPackage@32
                      ; - java.net.URLClassLoader::getAndVerifyPackage@2
                      ; - java.net.URLClassLoader::defineClass@46
                      ; - java.net.URLClassLoader$1::run@43
                      ; - java.net.URLClassLoader$1::run@1
  0x000001e053a034ac: 9050 aaff 

  0x000001e053a034b0: ;   {other}
  0x000001e053a034b0: 0f1f 8400 | 201a 000d | 85c0 0f84 | c429 0000 | 448b 5424 | 2844 8954 | 2464 4889 | 4424 f88b 
  0x000001e053a034d0: 4424 4889 | 4424 2c48 | 8b44 24f8 | 4c8b 4424 | 5048 8b4c | 2458 488b | 5c24 788b | 7c24 4c8b 
  0x000001e053a034f0: 7424 748b | 6e14 85ed | 0f84 dc00 | 0000 448b 

  0x000001e053a03500: ;   {metadata('java/lang/Package')}
  0x000001e053a03500: 5508 4181 | fa45 3301 | 200f 8571 | 5d00 0048 | 8bc5 e969 | 0100 0044 

  0x000001e053a03518: ;   {metadata('java/util/concurrent/ConcurrentHashMap$ReservationNode')}
  0x000001e053a03518: 8b4e 0841 | 81f9 50d6 | 0020 0f84 | b200 0000 

  0x000001e053a03528: ;   {metadata('java/util/concurrent/ConcurrentHashMap$ForwardingNode')}
  0x000001e053a03528: 4181 f98f | 3d01 200f | 852b 5800 | 0045 8bca | 897c 244c | 4889 5c24 | 7848 894c | 2458 4c89 
  0x000001e053a03548: 4424 5048 | 8944 24f8 | 8b44 242c | 8944 2448 | 488b 4424 | f844 8b54 | 2470 4489 | 5424 2c44 
  0x000001e053a03568: 8b54 2464 | 4489 5424 | 2845 8bc1 | 4c8b c990 

  0x000001e053a03578: ;   {optimized virtual_call}
  0x000001e053a03578: c5f8 77e8 

  0x000001e053a0357c: ; ImmutableOopMap {[32]=Oop [40]=NarrowOop [44]=NarrowOop [56]=Oop [64]=Oop [72]=NarrowOop [76]=NarrowOop [88]=Oop [104]=Oop [120]=Oop }
                      ;*invokevirtual find {reexecute=0 rethrow=0 return_oop=1}
                      ; - java.util.concurrent.ConcurrentHashMap::get@93
                      ; - java.lang.ClassLoader::definePackage@47
                      ; - java.lang.ClassLoader::getDefinedPackage@32
                      ; - java.net.URLClassLoader::getAndVerifyPackage@2
                      ; - java.net.URLClassLoader::defineClass@46
                      ; - java.net.URLClassLoader$1::run@43
                      ; - java.net.URLClassLoader$1::run@1
  0x000001e053a0357c: 00b5 46ff 

  0x000001e053a03580: ;   {other}
  0x000001e053a03580: 0f1f 8400 | f01a 000e | 4885 c00f | 8400 2b00 | 008b 6814 | 85ed 0f84 | 4743 0000 | 448b 5c24 
  0x000001e053a035a0: 2844 895c | 2464 448b | 5424 2c44 | 8954 2470 | 4889 4424 | f88b 4424 | 4889 4424 | 2c48 8b44 
  0x000001e053a035c0: 24f8 4c8b | 4424 5048 | 8b4c 2458 | 488b 5c24 | 788b 7c24 | 4ce9 24ff | ffff 448b | 5424 6441 
  0x000001e053a035e0: 8b6a 384d | 8b8f b801 | 0000 4d8b | d149 83c2 | 184d 3b97 | c801 0000 | 0f83 c02c | 0000 4d89 
  0x000001e053a03600: 97b8 0100 | 0041 0f18 | 8200 0100 | 0049 c701 | 0100 0000 

  0x000001e053a03614: ;   {metadata('java/lang/ClassLoader$$Lambda+0x000000010014bdb0')}
  0x000001e053a03614: 41c7 4108 | b697 0220 | 4589 610c | 4d89 6110 | 448b 5c24 | 6445 8959 | 0c41 8979 | 1085 ed0f 
  0x000001e053a03634: 84fb 4a00 | 0048 895c | 2458 4889 | 4c24 504c | 8944 2448 | 488b d54c | 8bc1 6690 

  0x000001e053a03650: ;   {optimized virtual_call}
  0x000001e053a03650: c5f8 77e8 

  0x000001e053a03654: ; ImmutableOopMap {[32]=Oop [44]=NarrowOop [56]=Oop [64]=Oop [80]=Oop [88]=Oop [100]=NarrowOop [104]=Oop [112]=NarrowOop }
                      ;*invokevirtual compute {reexecute=0 rethrow=0 return_oop=1}
                      ; - java.lang.ClassLoader::definePackage@78
                      ; - java.lang.ClassLoader::getDefinedPackage@32
                      ; - java.net.URLClassLoader::getAndVerifyPackage@2
                      ; - java.net.URLClassLoader::defineClass@46
                      ; - java.net.URLClassLoader$1::run@43
                      ; - java.net.URLClassLoader$1::run@1
  0x000001e053a03654: 28b4 46ff 

  0x000001e053a03658: ;   {other}
  0x000001e053a03658: 0f1f 8400 | c81b 000f 

  0x000001e053a03660: ; implicit exception: dispatches to 0x000001e053a095e4
  0x000001e053a03660: 448b 5808 

  0x000001e053a03664: ;   {metadata('java/lang/Package')}
  0x000001e053a03664: 4181 fb45 | 3301 200f | 85db 5b00 | 004c 8b44 | 2448 488b | 4c24 5048 | 8b5c 2458 | 448b 5810 
  0x000001e053a03684: ; implicit exception: dispatches to 0x000001e053a09534
  0x000001e053a03684: 458b 531c | 4585 d20f | 8590 4200 | 0044 8b50 | 1441 8b6a | 2485 ed0f | 850b 4300 | 0048 85db 
  0x000001e053a036a4: 743f 4889 | 4424 7848 | 895c 2458 | 4889 4c24 | 504c 8944 | 2448 488b | 5424 384c | 8bc1 4c8b 
  0x000001e053a036c4: cb48 8be9 

  0x000001e053a036c8: ;   {optimized virtual_call}
  0x000001e053a036c8: c5f8 77e8 

  0x000001e053a036cc: ; ImmutableOopMap {rbp=Oop [32]=Oop [44]=NarrowOop [56]=Oop [64]=Oop [80]=Oop [88]=Oop [100]=NarrowOop [104]=Oop [112]=NarrowOop [120]=Oop }
                      ;*invokevirtual isSealed {reexecute=0 rethrow=0 return_oop=0}
                      ; - java.net.URLClassLoader::getAndVerifyPackage@68
                      ; - java.net.URLClassLoader::defineClass@46
                      ; - java.net.URLClassLoader$1::run@43
                      ; - java.net.URLClassLoader$1::run@1
  0x000001e053a036cc: f0fd f4ff 

  0x000001e053a036d0: ;   {other}
  0x000001e053a036d0: 0f1f 8400 | 401c 0010 | 85c0 0f85 | b245 0000 | 4c8b 4424 | 484c 8b6c | 2438 488b | 7c24 40eb 
  0x000001e053a036f0: 6e49 b800 | 00e6 5ae0 | 0100 0044 | 8b5c 242c 

  0x000001e053a03700: ;   {metadata('java/lang/IllegalArgumentException')}
  0x000001e053a03700: 4d8b d348 | bdb8 f807 | 0001 0000 | 0048 85db | 0f84 de07 | 0000 4c89 | 5424 7848 | 895c 2458 
  0x000001e053a03720: 4889 4c24 | 504c 8944 | 2448 4889 | 7c24 404c | 896c 2438 | 498b d54c | 8bc1 4c8b | cb49 8bfa 
  0x000001e053a03740: ;   {optimized virtual_call}
  0x000001e053a03740: c5f8 77e8 

  0x000001e053a03744: ; ImmutableOopMap {[32]=Oop [44]=NarrowOop [56]=Oop [64]=Oop [80]=Oop [88]=Oop [100]=NarrowOop [104]=Oop [112]=NarrowOop [120]=Oop }
                      ;*invokevirtual definePackage {reexecute=0 rethrow=0 return_oop=1}
                      ; - java.net.URLClassLoader::defineClass@64
                      ; - java.net.URLClassLoader$1::run@43
                      ; - java.net.URLClassLoader$1::run@1
  0x000001e053a03744: d832 4bf8 

  0x000001e053a03748: ;   {other}
  0x000001e053a03748: 0f1f 8400 | b81c 0011 | 4c8b 4424 | 484c 8b6c | 2438 488b | 7c24 4048 | 8d9c 24e0 | 0000 004c 
  0x000001e053a03768: 8b5c 2468 | 498b 03a8 | 020f 8523 | 0000 0048 | 83c8 0148 | 8903 f049 | 0fb1 1b0f | 8437 0000 
  0x000001e053a03788: 0048 2bc4 | 4825 07f0 | ffff 4889 | 03e9 2400 | 0000 4c8b | d048 33c0 | f04d 0fb1 | 7a3e 48c7 
  0x000001e053a037a8: 0303 0000 | 0074 114c | 3bf8 7515 | 49ff 8286 | 0000 0048 | 33c0 7509 | 49ff 8750 | 0500 0033 
  0x000001e053a037c8: c00f 8575 | 3800 004c | 8b54 2468 | 458b 4a08 | 453b 620c | 0f85 ea01 

  0x000001e053a037e0: ;   {metadata('jdk/internal/loader/URLClassPath$JarLoader$2')}
  0x000001e053a037e0: 0000 4181 | f9a7 3201 | 200f 8566 | 0a00 0041 | 8b4a 208b | 4918 458b | 5a1c 8b71 | 0848 897c 
  0x000001e053a03800: 2440 4c89 | 6c24 3848 | 8bd1 488d | 9c24 e800 | 0000 488b | 02a8 020f | 8523 0000 | 0048 83c8 
  0x000001e053a03820: 0148 8903 | f048 0fb1 | 1a0f 8437 | 0000 0048 | 2bc4 4825 | 07f0 ffff | 4889 03e9 | 2400 0000 
  0x000001e053a03840: 488b f848 | 33c0 f04c | 0fb1 7f3e | 48c7 0303 | 0000 0074 | 114c 3bf8 | 7515 48ff | 8786 0000 
  0x000001e053a03860: 0048 33c0 | 7509 49ff | 8750 0500 | 0033 c00f | 859b 3c00 | 0045 85db | 0f84 3244 | 0000 443b 
  0x000001e053a03880: 6130 750c | 0fb6 7912 | 85ff 0f85 | 1509 0000 | 498b fb44 | 3b61 300f | 8554 1900 | 0048 8994 
  0x000001e053a038a0: 2480 0000 | 0044 894c | 2428 4c89 | 4424 484c | 8bc7 4c89 | 5424 5890 

  0x000001e053a038b8: ;   {optimized virtual_call}
  0x000001e053a038b8: c5f8 77e8 

  0x000001e053a038bc: ; ImmutableOopMap {[32]=Oop [44]=NarrowOop [56]=Oop [64]=Oop [88]=Oop [100]=NarrowOop [104]=Oop [112]=NarrowOop [128]=Oop }
                      ;*invokespecial getInputStream {reexecute=0 rethrow=0 return_oop=1}
                      ; - java.util.jar.JarFile::getInputStream@21
                      ; - jdk.internal.loader.URLClassPath$JarLoader$2::getInputStream@11
                      ; - jdk.internal.loader.Resource::cachedInputStream@9
                      ; - jdk.internal.loader.Resource::getByteBuffer@1
                      ; - java.net.URLClassLoader::defineClass@132
                      ; - java.net.URLClassLoader$1::run@43
                      ; - java.net.URLClassLoader$1::run@1
  0x000001e053a038bc: 6026 f8ff 

  0x000001e053a038c0: ;   {other}
  0x000001e053a038c0: 0f1f 8400 | 301e 0012 | 488b d84c | 8b9c 2480 | 0000 0048 | 8d84 24e8 | 0000 0048 | 8338 000f 
  0x000001e053a038e0: 8479 0000 | 004d 8b13 | 41f6 c202 | 0f84 6200 | 0000 4983 | ba86 0000 | 0000 7409 | 49ff 8a86 
  0x000001e053a03900: 0000 00eb | 4b49 8b82 | 9600 0000 | 490b 828e | 0000 0075 | 0a49 c742 | 3e00 0000 | 00eb 3d49 
  0x000001e053a03920: 83ba 9e00 | 0000 0074 | 2248 33c0 | 49c7 423e | 0000 0000 | f083 0424 | 0049 83ba | 9e00 0000 
  0x000001e053a03940: 0075 0df0 | 4d0f b17a | 3e75 0583 | c801 eb0c | a800 eb08 | 4c8b 10f0 | 4d0f b113 | 750a 49ff 
  0x000001e053a03960: 8f50 0500 | 0045 33d2 | 0f85 733c | 0000 4180 | 7f40 000f | 85a2 1400 | 004c 8b54 | 2468 4c8b 
  0x000001e053a03980: c34c 8b5c | 2468 4589 | 430c 4c8b | db4d 33da | 49c1 eb14 | 4d85 db74 | 1f48 85db | 741a 49c1 
  0x000001e053a039a0: ea09 48b9 | 0000 e65a | e001 0000 | 4903 ca80 | 3902 0f85 | 9b14 0000 | 4c8b 4424 

  0x000001e053a039bc: ;   {no_reloc}
  0x000001e053a039bc: 4844 8b4c | 2428 4c8b | 6c24 3848 | 8b7c 2440 | 4c8b 5424 | 6841 8b6a | 0c48 8d84 | 24e0 0000 
  0x000001e053a039dc: 004c 8b5c | 2468 4883 | 3800 0f84 | 7900 0000 | 4d8b 1341 | f6c2 020f | 8462 0000 | 0049 83ba 
  0x000001e053a039fc: 8600 0000 | 0074 0949 | ff8a 8600 | 0000 eb4b | 498b 8296 | 0000 0049 | 0b82 8e00 | 0000 750a 
  0x000001e053a03a1c: 49c7 423e | 0000 0000 | eb3d 4983 | ba9e 0000 | 0000 7422 | 4833 c049 | c742 3e00 | 0000 00f0 
  0x000001e053a03a3c: 8304 2400 | 4983 ba9e | 0000 0000 | 750d f04d | 0fb1 7a3e | 7505 83c8 | 01eb 0ca8 | 00eb 084c 
  0x000001e053a03a5c: 8b10 f04d | 0fb1 1375 | 0a49 ff8f | 5005 0000 | 4533 d20f | 856c 3600 | 0044 8b5d 

  0x000001e053a03a78: ;   {metadata('sun/nio/ByteBuffered')}
  0x000001e053a03a78: 0848 b890 | 9f09 0001 | 0000 0048 | 33f6 4a8d | 34de 4c8b | 5620 4c3b | d00f 84c9 | 3400 0048 
  0x000001e053a03a98: 897c 2440 | 4c89 6c24 | 3848 33ff | 4c8b 9ea0 | 0000 0049 | 8bd3 48c1 | e230 0f89 | 2100 0000 
  0x000001e053a03ab8: f348 0fb8 | d248 8b5e | 2848 3b04 | d374 1549 | 0fba e310 | 730b 49c1 

  0x000001e053a03ad0: ;   {runtime_call StubRoutines (compiler stubs)}
  0x000001e053a03ad0: cb0f e8c0 | cb48 ffeb | 0348 ffc7 | 4885 ff0f | 847b 3400 

  0x000001e053a03ae4: ;   {metadata('jdk/internal/loader/URLClassPath$JarLoader$2')}
  0x000001e053a03ae4: 0041 81f9 | a732 0120 | 0f85 0207 | 0000 4c89 | 4424 484c | 8b54 2468 | 4c89 5424 | 5049 8bd2 
  0x000001e053a03b04: ;   {optimized virtual_call}
  0x000001e053a03b04: c5f8 77e8 

  0x000001e053a03b08: ; ImmutableOopMap {[32]=Oop [44]=NarrowOop [56]=Oop [64]=Oop [80]=Oop [100]=NarrowOop [104]=Oop [112]=NarrowOop }
                      ;*invokespecial getBytes {reexecute=0 rethrow=0 return_oop=1}
                      ; - jdk.internal.loader.URLClassPath$JarLoader$2::getBytes@1
                      ; - java.net.URLClassLoader::defineClass@179
                      ; - java.net.URLClassLoader$1::run@43
                      ; - java.net.URLClassLoader$1::run@1
  0x000001e053a03b08: b438 f5ff 

  0x000001e053a03b0c: ;   {other}
  0x000001e053a03b0c: 0f1f 8400 | 7c20 0013 | 488b d844 | 8b40 0c45 | 85c0 0f86 | ec3c 0000 | 418d 68ff | 413b e80f 
  0x000001e053a03b2c: 83df 3400 | 0048 8bd0 | 4883 c210 | 33c9 c5f8 | 7749 bae0 | 12e2 52e0 | 0100 0041 

  0x000001e053a03b48: ;   {other}
  0x000001e053a03b48: ffd2 0f1f | 8400 0000 | 0000 4c8b | 5c24 5045 | 8b43 1c4d | 8b50 1844 | 8bc0 4d3b | c20f 85d5 
  0x000001e053a03b68: 3c00 0048 | 899c 24a0 | 0000 0048 | 8b7c 2468 | 448b 5708 

  0x000001e053a03b7c: ;   {metadata('jdk/internal/loader/URLClassPath$JarLoader$2')}
  0x000001e053a03b7c: 4181 faa7 | 3201 200f | 8557 0600 | 004c 8b54 | 2468 418b | 6a1c 448b 

  0x000001e053a03b94: ;   {metadata('java/util/jar/JarFile$JarFileEntry')}
  0x000001e053a03b94: 5508 4181 | fa84 2c01 | 200f 85b1 | 3700 0048 | 8bf5 448b | 6e64 450f | b65d 1245 | 3b65 3075 
  0x000001e053a03bb4: 0945 85db | 0f85 e203 | 0000 448b | 565c 4585 | d20f 856c | 1c00 0044 | 8b56 6441 | 8b6a 3085 
  0x000001e053a03bd4: ed0f 85c9 | 1b00 0033 | ed49 8b87 | b801 0000 | 4c8b d049 | 83c2 284d | 3b97 c801 | 0000 0f83 
  0x000001e053a03bf4: 071f 0000 | 4d89 97b8 | 0100 0041 | 0f18 8200 | 0100 0048 | c700 0100 

  0x000001e053a03c0c: ;   {metadata('java/security/CodeSource')}
  0x000001e053a03c0c: 0000 c740 | 0863 ab00 | 2044 8960 | 0c4c 8960 | 104c 8960 | 184c 8960 | 2044 8b5c | 242c 4489 
  0x000001e053a03c2c: 580c 4585 | db0f 844d | 3b00 0048 | 8944 2450 | 4889 7c24 | 2849 8bd3 

  0x000001e053a03c44: ;   {static_call}
  0x000001e053a03c44: c5f8 77e8 

  0x000001e053a03c48: ; ImmutableOopMap {rbp=Oop [32]=Oop [40]=Oop [56]=Oop [64]=Oop [80]=Oop [100]=NarrowOop [112]=NarrowOop [160]=Oop }
                      ;*invokestatic urlNoFragString {reexecute=0 rethrow=0 return_oop=1}
                      ; - java.security.CodeSource::<init>@30
                      ; - java.net.URLClassLoader::defineClass@198
                      ; - java.net.URLClassLoader$1::run@43
                      ; - java.net.URLClassLoader$1::run@1
  0x000001e053a03c48: b4cd 1300 

  0x000001e053a03c4c: ;   {other}
  0x000001e053a03c4c: 0f1f 8400 | bc21 0014 | 488b d841 | 807f 4000 | 0f85 a210 | 0000 4c8b | 6c24 504c | 8bd3 4589 
  0x000001e053a03c6c: 5520 4c8b | d34d 8bdd | 4d33 d349 | c1ea 144d | 85d2 741f | 4885 db74 | 1a49 c1eb | 0948 b900 
  0x000001e053a03c8c: 00e6 5ae0 | 0100 0049 | 03cb 8039 | 020f 859d | 1000 0048 | 85ed 0f85 | 1512 0000 | c5f8 7749 
  0x000001e053a03cac: ba20 2547 | e0f8 7f00 | 0041 ffd2 

  0x000001e053a03cb8: ;   {other}
  0x000001e053a03cb8: 0f1f 8400 | 0000 0000 | 4c8b c04c | 2b44 2430 

  0x000001e053a03cc8: ;   {oop(a 'jdk/internal/perf/PerfCounter'{0x00000000805a6630})}
  0x000001e053a03cc8: 49bb 3066 | 5a80 0000 | 0000 488d | 9c24 e000 | 0000 498b | 03a8 020f | 8523 0000 | 0048 83c8 
  0x000001e053a03ce8: 0148 8903 | f049 0fb1 | 1b0f 8437 | 0000 0048 | 2bc4 4825 | 07f0 ffff | 4889 03e9 | 2400 0000 
  0x000001e053a03d08: 4c8b d048 | 33c0 f04d | 0fb1 7a3e | 48c7 0303 | 0000 0074 | 114c 3bf8 | 7515 49ff | 8286 0000 
  0x000001e053a03d28: 0048 33c0 | 7509 49ff | 8750 0500 | 0033 c00f | 851c 3400 

  0x000001e053a03d3c: ;   {oop(a 'jdk/internal/perf/PerfCounter'{0x00000000805a6630})}
  0x000001e053a03d3c: 0049 ba30 | 665a 8000 | 0000 0045 | 8b4a 1041 | 8b69 2485 | ed0f 8551 | 3a00 0041 | 8b69 1c85 
  0x000001e053a03d5c: ed0f 8c2e | 3400 0085 | ed0f 840d | 3200 004d | 8b51 104d 

  0x000001e053a03d70: ;   {oop(a 'jdk/internal/perf/PerfCounter'{0x00000000805a6630})}
  0x000001e053a03d70: 0102 49bb | 3066 5a80 | 0000 0000 | 488d 8424 | e000 0000 | 4883 3800 | 0f84 7900 | 0000 4d8b 
  0x000001e053a03d90: 1341 f6c2 | 020f 8462 | 0000 0049 | 83ba 8600 | 0000 0074 | 0949 ff8a | 8600 0000 | eb4b 498b 
  0x000001e053a03db0: 8296 0000 | 0049 0b82 | 8e00 0000 | 750a 49c7 | 423e 0000 | 0000 eb3d | 4983 ba9e | 0000 0000 
  0x000001e053a03dd0: 7422 4833 | c049 c742 | 3e00 0000 | 00f0 8304 | 2400 4983 | ba9e 0000 | 0000 750d | f04d 0fb1 
  0x000001e053a03df0: 7a3e 7505 | 83c8 01eb | 0ca8 00eb | 084c 8b10 | f04d 0fb1 | 1375 0a49 | ff8f 5005 | 0000 4533 
  0x000001e053a03e10: d20f 85a1 | 3300 004c | 8b8c 24a0 | 0000 0041 | 8b71 0c48 | 8b54 2438 | 4c8b 4424 | 4033 ff49 
  0x000001e053a03e30: 8bcd 6690 

  0x000001e053a03e34: ;   {optimized virtual_call}
  0x000001e053a03e34: c5f8 77e8 

  0x000001e053a03e38: ; ImmutableOopMap {[32]=Oop [40]=Oop }
                      ;*invokevirtual defineClass {reexecute=0 rethrow=0 return_oop=1}
                      ; - java.net.URLClassLoader::defineClass@220
                      ; - java.net.URLClassLoader$1::run@43
                      ; - java.net.URLClassLoader$1::run@1
  0x000001e053a03e38: e419 efff 

  0x000001e053a03e3c: ;   {other}
  0x000001e053a03e3c: 0f1f 8400 | ac23 0015 | c5f8 7748 | 81c4 0001 

  0x000001e053a03e4c: ;   {poll_return}
  0x000001e053a03e4c: 0000 5d49 | 3ba7 5004 | 0000 0f87 | ff64 0000 | c341 b82f | 0000 00e9 | f8e7 ffff | 498b 87b8 
  0x000001e053a03e6c: 0100 004c | 8bd0 4983 | c218 4d3b | 97c8 0100 | 000f 83d7 | 2500 004d | 8997 b801 | 0000 410f 
  0x000001e053a03e8c: 1882 0001 | 0000 48c7 | 0001 0000 

  0x000001e053a03e98: ;   {metadata('java/lang/String')}
  0x000001e053a03e98: 00c7 4008 | 1284 0020 | 4489 600c | 4489 6010 

  0x000001e053a03ea8: ;   {oop([B{0x00000000803a9f50})}
  0x000001e053a03ea8: c740 1450 

  0x000001e053a03eac: ;   {oop(".class"{0x00000000805a6588})}
  0x000001e053a03eac: 9f3a 8049 | ba88 655a | 8000 0000 | 0045 8b42 | 0c44 8940 | 0c45 0fb6 | 5211 4488 | 5011 4c8b 
  0x000001e053a03ecc: c0e9 a7ea | ffff 41b9 | 2f00 0000 | e99a e8ff | ff45 8bd3 | e943 ecff | ff49 b800 | 00e6 5ae0 
  0x000001e053a03eec: 0100 00e9 | 07f8 ffff | 4c89 5424 | 7848 894c | 2450 4c89 | 4424 4848 | 897c 2440 | 4c89 6c24 
  0x000001e053a03f0c: 3849 8bd5 | 4c8b c145 | 33c9 33ff | 33f6 33c9 | 4533 d24c | 8914 244c | 8954 2408 | 4c89 5424 
  0x000001e053a03f2c: 1066 6690 

  0x000001e053a03f30: ;   {optimized virtual_call}
  0x000001e053a03f30: c5f8 77e8 

  0x000001e053a03f34: ; ImmutableOopMap {[32]=Oop [44]=NarrowOop [56]=Oop [64]=Oop [80]=Oop [100]=NarrowOop [104]=Oop [112]=NarrowOop [120]=Oop }
                      ;*invokevirtual definePackage {reexecute=0 rethrow=0 return_oop=1}
                      ; - java.net.URLClassLoader::defineClass@81
                      ; - java.net.URLClassLoader$1::run@43
                      ; - java.net.URLClassLoader$1::run@1
  0x000001e053a03f34: 8818 4bf8 

  0x000001e053a03f38: ;   {other}
  0x000001e053a03f38: 0f1f 8400 | a824 0016 | e90b f8ff | ff33 ede9 | a0e5 ffff | 4889 bc24 | b000 0000 | e966 eeff 
  0x000001e053a03f58: ff45 8b49 | 1845 85c9 | 750b 4c8b | ee48 8bf8 | e98e f7ff | ffe9 26f1 | ffff 410f | b669 1085 
  0x000001e053a03f78: ed0f 857d | 4700 0041 | 8b59 188b | 6b18 8b4d | 1885 c97c | 0a44 3b65 | 400f 856d | 1c00 0045 
  0x000001e053a03f98: 8861 12e9 | f1ee ffff | 4d8b c548 | 8d9c 24e0 | 0000 0049 | 8b00 a802 | 0f85 2300 | 0000 4883 
  0x000001e053a03fb8: c801 4889 | 03f0 490f | b118 0f84 | 3700 0000 | 482b c448 | 2507 f0ff | ff48 8903 | e924 0000 
  0x000001e053a03fd8: 004c 8bd0 | 4833 c0f0 | 4d0f b17a | 3e48 c703 | 0300 0000 | 7411 4c3b | f875 1549 | ff82 8600 
  0x000001e053a03ff8: 0000 4833 | c075 0949 | ff87 5005 | 0000 33c0 | 0f85 b345 | 0000 410f | b66d 1085 | ed0f 8525 
  0x000001e053a04018: 4700 0045 | 8b5d 1841 | 8b6b 1844 | 8b5d 1845 | 85db 7c0a | 443b 6540 | 0f85 ee1c 

  0x000001e053a04034: ;   {no_reloc}
  0x000001e053a04034: 0000 488d | 8424 e000 | 0000 4883 | 3800 0f84 | 7900 0000 | 4d8b 1041 | f6c2 020f | 8462 0000 
  0x000001e053a04054: 0049 83ba | 8600 0000 | 0074 0949 | ff8a 8600 | 0000 eb4b | 498b 8296 | 0000 0049 | 0b82 8e00 
  0x000001e053a04074: 0000 750a | 49c7 423e | 0000 0000 | eb3d 4983 | ba9e 0000 | 0000 7422 | 4833 c049 | c742 3e00 
  0x000001e053a04094: 0000 00f0 | 8304 2400 | 4983 ba9e | 0000 0000 | 750d f04d | 0fb1 7a3e | 7505 83c8 | 01eb 0ca8 
  0x000001e053a040b4: 00eb 084c | 8b10 f04d | 0fb1 1075 | 0a49 ff8f | 5005 0000 | 4533 d20f | 8536 4500 | 0045 8865 
  0x000001e053a040d4: 12e9 e4fa | ffff 458b | 5d18 4585 | db0f 84f3 | f4ff ff4d | 8beb e972 | f2ff ff43 | 8d0c 1285 
  0x000001e053a040f4: c90f 8cd5 | 4500 0044 | 3bc1 0f82 | cc45 0000 | 498b f148 | 8bfa 418b | d28b ca83 | e10f 83e2 
  0x000001e053a04114: f074 1c48 | 8d34 1648 | 8d3c 5748 | f7da c4e2 | 7d30 0416 | c5fe 7f04 | 5748 83c2 | 1075 ef8b 
  0x000001e053a04134: ;   {no_reloc}
  0x000001e053a04134: d183 e107 | 83e2 f874 | 27c4 e279 | 3006 c5fa | 7f07 4883 | c608 4883 | c710 e911 | 0000 00c4 
  0x000001e053a04154: e279 3004 | 16c5 fa7f | 0457 4883 | c208 75ef | 8bd1 83fa | 047c 19c5 | f96e 06c4 | e279 30c0 
  0x000001e053a04174: c5f9 d607 | 4883 ea04 | 4883 c604 | 4883 c708 | 85d2 7418 | 488d 3416 | 488d 3c57 | 48f7 da0f 
  0x000001e053a04194: b60c 1666 | 890c 5748 | ffc2 75f3 | e98c e7ff | ff0f b669 | 1085 ed0f | 85d7 4500 | 008b 5918 
  0x000001e053a041b4: ; implicit exception: dispatches to 0x000001e053a09678
  0x000001e053a041b4: 8b6b 188b | 7d18 85ff | 7c0a 443b | 6540 0f85 | 3e1d 0000 | 4488 6112 | e9bf f6ff 

  0x000001e053a041d0: ;   {oop(""{0x000000008054f748})}
  0x000001e053a041d0: ff49 bb48 | f754 8000 | 0000 00e9 | d7eb ffff 

  0x000001e053a041e0: ;   {metadata('jdk/internal/loader/URLClassPath$FileLoader$1')}
  0x000001e053a041e0: 4181 fa35 | f005 200f | 857f 4500 | 0033 ede9 | e9f9 ffff | 4c89 4424 | 4848 8b54 | 2468 c5f8 
  0x000001e053a04200: 7748 b8ff | ffff ffff 

  0x000001e053a04208: ;   {virtual_call}
  0x000001e053a04208: ffff ffe8 

  0x000001e053a0420c: ; ImmutableOopMap {[32]=Oop [44]=NarrowOop [56]=Oop [64]=Oop [100]=NarrowOop [104]=Oop [112]=NarrowOop }
                      ;*invokevirtual getBytes {reexecute=0 rethrow=0 return_oop=1}
                      ; - java.net.URLClassLoader::defineClass@179
                      ; - java.net.URLClassLoader$1::run@43
                      ; - java.net.URLClassLoader$1::run@1
  0x000001e053a0420c: 70ab 46ff 

  0x000001e053a04210: ;   {other}
  0x000001e053a04210: 0f1f 8400 | 8027 0017 | 4889 8424 | a000 0000 | e94e f9ff 

  0x000001e053a04224: ;   {metadata('jdk/internal/loader/URLClassPath$FileLoader$1')}
  0x000001e053a04224: ff41 81f8 | 35f0 0520 | 0f85 a245 | 0000 4d8b | c345 8b58 | 1c41 8b73 | 0c89 7424 | 2ce9 05e9 
  0x000001e053a04244: ffff 49b8 | 0000 e65a | e001 0000 | e90a f5ff 

  0x000001e053a04254: ;   {metadata('jdk/internal/loader/URLClassPath$FileLoader$1')}
  0x000001e053a04254: ff41 81f9 | 35f0 0520 | 0f85 3247 | 0000 4c8b | 5c24 6849 | 8b87 b801 | 0000 4c8b | d049 83c2 
  0x000001e053a04274: 304d 3b97 | c801 0000 | 0f83 1838 | 0000 4d89 | 97b8 0100 | 0041 0f18 | 8200 0100 | 0048 c700 
  0x000001e053a04294: 0100 0000 

  0x000001e053a04298: ;   {metadata('java/io/FileInputStream')}
  0x000001e053a04298: c740 08ba | e100 2044 | 8960 0c4c | 8960 104c | 8960 184c | 8960 204c | 8960 2849 | 8bd5 4c8b 
  0x000001e053a042b8: ef48 8bf8 | 458b 5318 | 498b 87b8 | 0100 0048 | 8bc8 4883 | c110 493b | 8fc8 0100 | 000f 833b 
  0x000001e053a042d8: 3700 0049 | 898f b801 | 0000 0f18 | 8100 0100 | 0048 c700 | 0100 0000 

  0x000001e053a042f0: ;   {metadata('java/lang/Object')}
  0x000001e053a042f0: c740 086d | 8200 2044 | 8960 0c48 | 8bf7 488b | d889 5f1c | 488b c848 | 33ce 48c1 | e914 4885 
  0x000001e053a04310: c974 1a48 | c1ee 0948 | b900 00e6 | 5ae0 0100 | 0048 03ce | 8039 020f | 8532 2400 | 0049 8b87 
  0x000001e053a04330: b801 0000 | 488b c848 | 83c1 3049 | 3b8f c801 | 0000 0f83 | c037 0000 | 4989 8fb8 | 0100 000f 
  0x000001e053a04350: 1881 0001 | 0000 48c7 | 0001 0000 

  0x000001e053a0435c: ;   {metadata('java/io/NioChannelCleanable')}
  0x000001e053a0435c: 00c7 4008 | 9ee3 0020 | 4489 600c | 4c89 6010 | 4c89 6018 | 4c89 6020 | 4c89 6028 

  0x000001e053a04378: ;   {oop(a 'java/lang/Class'{0x0000000080540b58} = 'jdk/internal/ref/CleanerImpl')}
  0x000001e053a04378: 48b9 580b | 5480 0000 | 0000 8b69 | 708b 4d08 

  0x000001e053a04388: ;   {metadata('java/lang/ref/Cleaner$1')}
  0x000001e053a04388: 81f9 14e5 | 0020 0f85 | 2446 0000 

  0x000001e053a04394: ;   {oop(a 'java/lang/ref/Cleaner'{0x00000000805a6ca0})}
  0x000001e053a04394: 48bb a06c | 5a80 0000 | 0000 8b4b | 0c8b 7110 | 4489 5424 | 6048 897c | 2458 4c89 | 5c24 5044 
  0x000001e053a043b4: 894c 2428 | 4c89 4424 | 484c 896c | 2440 4889 | 5424 384c | 8bd0 4489 | 5424 7448 | 8bf8 4c8b 
  0x000001e053a043d4: c04c 8b54 | 2458 4d8b | da44 8958 | 0c4c 8b54 | 2458 4d33 | d049 c1ea | 144d 85d2 | 741a 49c1 
  0x000001e053a043f4: e809 48b9 | 0000 e65a | e001 0000 | 4903 c880 | 3902 0f85 | e223 0000 | 85f6 7402 

  0x000001e053a04410: ;   {oop(a 'java/lang/ref/ReferenceQueue$Null'{0x0000000080554fc0})}
  0x000001e053a04410: eb0a 48be | c04f 5580 | 0000 0000 | 4180 7f40 | 000f 8595 | 2000 004c | 8bdf 4c8b | d644 8957 
  0x000001e053a04430: 104c 8bd6 | 4d33 d349 | c1ea 144d | 85d2 741a | 49c1 eb09 | 48b9 0000 | e65a e001 | 0000 4903 
  0x000001e053a04450: cb80 3902 | 0f85 e523 | 0000 f083 | 4424 c000 | 4180 7f40 | 000f 851e | 2000 0041 | 807f 4000 
  0x000001e053a04470: 0f85 7920 | 0000 4c8b | d744 8b5c | 2474 4589 | 5a20 4589 

  0x000001e053a04484: ;   {oop(a 'java/lang/Class'{0x0000000080540b58} = 'jdk/internal/ref/CleanerImpl')}
  0x000001e053a04484: 5a1c 49ba | 580b 5480 | 0000 0000 | 418b 6a70 

  0x000001e053a04494: ; implicit exception: dispatches to 0x000001e053a09858
  0x000001e053a04494: 448b 5d08 

  0x000001e053a04498: ;   {metadata('java/lang/ref/Cleaner$1')}
  0x000001e053a04498: 4181 fb14 | e500 200f | 856f 4500 | 0044 8b5b | 0c41 8b6b | 0c41 807f | 4000 0f85 | 7c20 0000 
  0x000001e053a044b8: 4c8b d741 | 896a 244c | 8954 2478 | 4c8b d54c | 8b5c 2478 | 4d33 d349 | c1ea 144d | 85d2 0f84 
  0x000001e053a044d8: 4620 0000 | 85ed 0f84 | b843 0000 | 49c1 eb09 | 48b9 0000 | e65a e001 | 0000 4903 | cb80 3902 
  0x000001e053a044f8: 0f85 9223 | 0000 4c8b | 4424 784c | 8944 2478 | 4c8b d54c | 8994 2480 | 0000 004c | 8b9c 2480 
  0x000001e053a04518: 0000 0048 | 8d9c 24e8 | 0000 0049 | 8b03 a802 | 0f85 2300 | 0000 4883 | c801 4889 | 03f0 490f 
  0x000001e053a04538: b11b 0f84 | 3700 0000 | 482b c448 | 2507 f0ff | ff48 8903 | e924 0000 | 004c 8bd0 | 4833 c0f0 
  0x000001e053a04558: 4d0f b17a | 3e48 c703 | 0300 0000 | 7411 4c3b | f875 1549 | ff82 8600 | 0000 4833 | c075 0949 
  0x000001e053a04578: ff87 5005 | 0000 33c0 | 0f85 de44 | 0000 4180 | 7f40 000f | 85ec 1f00 | 004c 8b5c 

  0x000001e053a04594: ;   {no_reloc}
  0x000001e053a04594: 2478 418b | 7b24 4189 | 7b1c 498b | db4d 8bd3 | 4c8b df4d | 33da 49c1 | eb14 4d85 | db0f 84b6 
  0x000001e053a045b4: 1f00 0085 | ff0f 8435 | 4300 0049 | c1ea 0948 | b900 00e6 | 5ae0 0100 | 0049 03ca | 8039 020f 
  0x000001e053a045d4: 8512 2300 | 004c 8bc3 | 4180 7f40 | 000f 85e3 | 1f00 0049 | 8bd8 8b77 | 2089 7320 | 4c8b d34c 
  0x000001e053a045f4: 8bde 4d33 | da49 c1eb | 144d 85db | 0f84 b41f | 0000 85f6 | 0f84 3643 | 0000 49c1 | ea09 48b9 
  0x000001e053a04614: 0000 e65a | e001 0000 | 4903 ca80 | 3902 0f85 | 1c23 0000 | 4c8b c341 | 807f 4000 | 0f85 ca1f 
  0x000001e053a04634: 0000 498b | d844 8b5c | 2474 4489 | 5e1c 4c8b | d64c 8bdb | 4d33 da49 | c1eb 144d | 85db 741a 
  0x000001e053a04654: 49c1 ea09 | 48b9 0000 | e65a e001 | 0000 4903 | ca80 3902 | 0f85 2e23 | 0000 4c8b | c38b 5b24 
  0x000001e053a04674: 85db 0f84 | 7c41 0000 | 4180 7f40 | 000f 85af | 1f00 0044 | 8b5c 2474 | 4489 5b20 | 4d8b d04c 
  0x000001e053a04694: ;   {no_reloc}
  0x000001e053a04694: 8bcb 4d33 | d149 c1ea | 144d 85d2 | 741a 49c1 | e909 48b9 | 0000 e65a | e001 0000 | 4903 c980 
  0x000001e053a046b4: 3902 0f85 | d923 0000 | 4c8b 8c24 | 8000 0000 | 488d 8424 | e800 0000 | 4883 3800 | 0f84 7900 
  0x000001e053a046d4: 0000 4d8b | 1141 f6c2 | 020f 8462 | 0000 0049 | 83ba 8600 | 0000 0074 | 0949 ff8a | 8600 0000 
  0x000001e053a046f4: eb4b 498b | 8296 0000 | 0049 0b82 | 8e00 0000 | 750a 49c7 | 423e 0000 | 0000 eb3d | 4983 ba9e 
  0x000001e053a04714: 0000 0000 | 7422 4833 | c049 c742 | 3e00 0000 | 00f0 8304 | 2400 4983 | ba9e 0000 | 0000 750d 
  0x000001e053a04734: f04d 0fb1 | 7a3e 7505 | 83c8 01eb | 0ca8 00eb | 084c 8b10 | f04d 0fb1 | 1175 0a49 | ff8f 5005 
  0x000001e053a04754: 0000 4533 | d20f 8526 | 4300 004d | 8b8f b801 | 0000 4d8b | d149 83c2 | 204d 3b97 | c801 0000 
  0x000001e053a04774: 0f83 1034 | 0000 4d89 | 97b8 0100 | 0041 0f18 | 8200 0100 | 0049 c701 | 0100 0000 

  0x000001e053a04790: ;   {metadata('java/lang/ref/WeakReference')}
  0x000001e053a04790: 41c7 4108 | 7a8e 0020 | 4589 610c | 4d89 6110 | 4d89 6118 | 4180 7f40 | 000f 85c0 | 1e00 0049 
  0x000001e053a047b0: 8bf0 418b 

  0x000001e053a047b4: ;   {oop(a 'java/lang/ref/ReferenceQueue$Null'{0x0000000080554fc0})}
  0x000001e053a047b4: eb41 c741 | 10c0 4f55 | 8049 8bf9 

  0x000001e053a047c0: ;   {oop(a 'java/lang/ref/ReferenceQueue$Null'{0x0000000080554fc0})}
  0x000001e053a047c0: 498b d949 | bac0 4f55 | 8000 0000 | 004d 8bd9 | 4d33 d349 | c1ea 144d | 85d2 741a | 49c1 eb09 
  0x000001e053a047e0: 48b9 0000 | e65a e001 | 0000 4903 | cb80 3902 | 0f85 4e22 | 0000 f083 | 4424 c000 | 4180 7f40 
  0x000001e053a04800: 000f 85e7 | 1e00 004c | 8bc6 4189 | 7828 4c8b | d34d 8bd8 | 4d33 d349 | c1ea 144d | 85d2 741a 
  0x000001e053a04820: 49c1 eb09 | 48b9 0000 | e65a e001 | 0000 4903 | cb80 3902 | 0f85 b122 | 0000 4180 | 7f40 000f 
  0x000001e053a04840: 8571 1e00 | 004c 8b4c | 2458 4189 | 6924 4d8b | d04d 8bd9 | 4d33 d349 | c1ea 144d | 85d2 741a 
  0x000001e053a04860: 49c1 eb09 | 48b9 0000 | e65a e001 | 0000 4903 | cb80 3902 | 0f85 7321 | 0000 448b | 4424 6045 
  0x000001e053a04880: 85c0 0f84 | 1208 0000 | 458b 5010 | 4d8b d84c | 8954 2478 | 498b eb4c | 894c 2458 

  0x000001e053a0489c: ;   {static_call}
  0x000001e053a0489c: c5f8 77e8 

  0x000001e053a048a0: ; ImmutableOopMap {rbp=Oop [32]=Oop [44]=NarrowOop [56]=Oop [64]=Oop [80]=Oop [88]=Oop [100]=NarrowOop [104]=Oop [112]=NarrowOop [120]=Oop }
                      ;*invokestatic getSecurityManager {reexecute=0 rethrow=0 return_oop=1}
                      ; - java.io.FileInputStream::<init>@40
                      ; - jdk.internal.loader.URLClassPath$FileLoader$1::getInputStream@8
                      ; - jdk.internal.loader.Resource::cachedInputStream@9
                      ; - jdk.internal.loader.Resource::getByteBuffer@1
                      ; - java.net.URLClassLoader::defineClass@132
                      ; - java.net.URLClassLoader$1::run@43
                      ; - java.net.URLClassLoader$1::run@1
  0x000001e053a048a0: dca7 46ff 

  0x000001e053a048a4: ;   {other}
  0x000001e053a048a4: 0f1f 8400 | 142e 0018 | 4885 c074 | 1b48 8bd0 | 4c8b 4424 | 7866 6690 

  0x000001e053a048bc: ;   {optimized virtual_call}
  0x000001e053a048bc: c5f8 77e8 

  0x000001e053a048c0: ; ImmutableOopMap {rbp=Oop [32]=Oop [44]=NarrowOop [56]=Oop [64]=Oop [80]=Oop [88]=Oop [100]=NarrowOop [104]=Oop [112]=NarrowOop [120]=Oop }
                      ;*invokevirtual checkRead {reexecute=0 rethrow=0 return_oop=0}
                      ; - java.io.FileInputStream::<init>@50
                      ; - jdk.internal.loader.URLClassPath$FileLoader$1::getInputStream@8
                      ; - jdk.internal.loader.Resource::cachedInputStream@9
                      ; - jdk.internal.loader.Resource::getByteBuffer@1
                      ; - java.net.URLClassLoader::defineClass@132
                      ; - java.net.URLClassLoader$1::run@43
                      ; - java.net.URLClassLoader$1::run@1
  0x000001e053a048c0: bca1 46ff 

  0x000001e053a048c4: ;   {other}
  0x000001e053a048c4: 0f1f 8400 | 342e 0019 | 4c8b 5424 | 784d 85d2 | 0f84 6e3f | 0000 4c8b | d54d 85d2 | 0f84 863f 
  0x000001e053a048e4: 0000 498b | d266 6690 

  0x000001e053a048ec: ;   {optimized virtual_call}
  0x000001e053a048ec: c5f8 77e8 

  0x000001e053a048f0: ; ImmutableOopMap {rbp=Oop [32]=Oop [44]=NarrowOop [56]=Oop [64]=Oop [80]=Oop [88]=Oop [100]=NarrowOop [104]=Oop [112]=NarrowOop }
                      ;*invokevirtual isInvalid {reexecute=0 rethrow=0 return_oop=0}
                      ; - java.io.FileInputStream::<init>@66
                      ; - jdk.internal.loader.URLClassPath$FileLoader$1::getInputStream@8
                      ; - jdk.internal.loader.Resource::cachedInputStream@9
                      ; - jdk.internal.loader.Resource::getByteBuffer@1
                      ; - java.net.URLClassLoader::defineClass@132
                      ; - java.net.URLClassLoader$1::run@43
                      ; - java.net.URLClassLoader$1::run@1
  0x000001e053a048f0: 8ca1 46ff 

  0x000001e053a048f4: ;   {other}
  0x000001e053a048f4: 0f1f 8400 | 642e 001a | 85c0 0f85 | bb41 0000 | 4180 7f40 | 000f 8518 | 1e00 004c | 8b4c 2458 
  0x000001e053a04914: 488b dd44 | 8b53 1045 | 8951 144d | 8bd9 4d8b | c24d 33c3 | 49c1 e814 | 4d85 c074 | 1f45 85d2 
  0x000001e053a04934: 741a 49c1 | eb09 48b9 | 0000 e65a | e001 0000 | 4903 cb80 | 3902 0f85 | f221 0000 | 4889 5c24 
  0x000001e053a04954: 784c 894c 

  0x000001e053a04958: ;   {oop(a 'java/lang/Class'{0x0000000080525bf8} = 'java/io/FileInputStream')}
  0x000001e053a04958: 2458 48ba | f85b 5280 | 0000 0000 

  0x000001e053a04964: ;   {static_call}
  0x000001e053a04964: c5f8 77e8 

  0x000001e053a04968: ; ImmutableOopMap {[32]=Oop [44]=NarrowOop [56]=Oop [64]=Oop [80]=Oop [88]=Oop [100]=NarrowOop [104]=Oop [112]=NarrowOop [120]=Oop }
                      ;*invokestatic create {reexecute=0 rethrow=0 return_oop=1}
                      ; - java.io.FileInputStream::<init>@92
                      ; - jdk.internal.loader.URLClassPath$FileLoader$1::getInputStream@8
                      ; - jdk.internal.loader.Resource::cachedInputStream@9
                      ; - jdk.internal.loader.Resource::getByteBuffer@1
                      ; - java.net.URLClassLoader::defineClass@132
                      ; - java.net.URLClassLoader$1::run@43
                      ; - java.net.URLClassLoader$1::run@1
  0x000001e053a04968: 14a7 46ff 

  0x000001e053a0496c: ;   {other}
  0x000001e053a0496c: 0f1f 8400 | dc2e 001b | 4889 8424 | 8000 0000 | 488b 5424 | 7841 b801 | 0000 0090 

  0x000001e053a04988: ;   {static_call}
  0x000001e053a04988: c5f8 77e8 

  0x000001e053a0498c: ; ImmutableOopMap {[32]=Oop [44]=NarrowOop [56]=Oop [64]=Oop [80]=Oop [88]=Oop [100]=NarrowOop [104]=Oop [112]=NarrowOop [120]=Oop [128]=Oop }
                      ;*invokestatic getNioPath {reexecute=0 rethrow=0 return_oop=1}
                      ; - java.io.FileInputStream::<init>@104
                      ; - jdk.internal.loader.URLClassPath$FileLoader$1::getInputStream@8
                      ; - jdk.internal.loader.Resource::cachedInputStream@9
                      ; - jdk.internal.loader.Resource::getByteBuffer@1
                      ; - java.net.URLClassLoader::defineClass@132
                      ; - java.net.URLClassLoader$1::run@43
                      ; - java.net.URLClassLoader$1::run@1
  0x000001e053a0498c: f0a6 46ff 

  0x000001e053a04990: ;   {other}
  0x000001e053a04990: 0f1f 8400 | 002f 001c | 4533 c948 | 85c0 410f | 95c1 4885 | c00f 84fa | 0600 0048 | 8be8 4c8b 
  0x000001e053a049b0: 5424 5845 | 884a 0d48 | 8bd0 c5f8 | 7748 b8ff | ffff ffff 

  0x000001e053a049c4: ;   {virtual_call}
  0x000001e053a049c4: ffff ffe8 

  0x000001e053a049c8: ; ImmutableOopMap {rbp=Oop [32]=Oop [44]=NarrowOop [56]=Oop [64]=Oop [80]=Oop [88]=Oop [100]=NarrowOop [104]=Oop [112]=NarrowOop [120]=Oop [128]=Oop }
                      ;*invokeinterface getFileSystem {reexecute=0 rethrow=0 return_oop=1}
                      ; - java.io.FileInputStream::<init>@133
                      ; - jdk.internal.loader.URLClassPath$FileLoader$1::getInputStream@8
                      ; - jdk.internal.loader.Resource::cachedInputStream@9
                      ; - jdk.internal.loader.Resource::getByteBuffer@1
                      ; - java.net.URLClassLoader::defineClass@132
                      ; - java.net.URLClassLoader$1::run@43
                      ; - java.net.URLClassLoader$1::run@1
  0x000001e053a049c8: b4a3 46ff 

  0x000001e053a049cc: ;   {other}
  0x000001e053a049cc: 0f1f 8400 | 3c2f 001d | 4889 8424 | 8800 0000 

  0x000001e053a049dc: ;   {oop(a 'java/nio/file/StandardOpenOption'{0x00000000804f6ad0})}
  0x000001e053a049dc: 48ba d06a | 4f80 0000 | 0000 6690 

  0x000001e053a049e8: ;   {static_call}
  0x000001e053a049e8: c5f8 77e8 

  0x000001e053a049ec: ; ImmutableOopMap {rbp=Oop [32]=Oop [44]=NarrowOop [56]=Oop [64]=Oop [80]=Oop [88]=Oop [100]=NarrowOop [104]=Oop [112]=NarrowOop [120]=Oop [128]=Oop [136]=Oop }
                      ;*invokestatic of {reexecute=0 rethrow=0 return_oop=1}
                      ; - java.io.FileInputStream::<init>@144
                      ; - jdk.internal.loader.URLClassPath$FileLoader$1::getInputStream@8
                      ; - jdk.internal.loader.Resource::cachedInputStream@9
                      ; - jdk.internal.loader.Resource::getByteBuffer@1
                      ; - java.net.URLClassLoader::defineClass@132
                      ; - java.net.URLClassLoader$1::run@43
                      ; - java.net.URLClassLoader$1::run@1
  0x000001e053a049ec: 90a6 46ff 

  0x000001e053a049f0: ;   {other}
  0x000001e053a049f0: 0f1f 8400 | 602f 001e | 4c8b 5c24 | 5845 8b5b | 2449 8bcb | 488b 5424 | 584c 8b84 | 2488 0000 
  0x000001e053a04a10: 004c 8b4c | 2478 488b | fd48 8bf0 

  0x000001e053a04a1c: ;   {static_call}
  0x000001e053a04a1c: c5f8 77e8 

  0x000001e053a04a20: ; ImmutableOopMap {[32]=Oop [44]=NarrowOop [56]=Oop [64]=Oop [80]=Oop [88]=Oop [100]=NarrowOop [104]=Oop [112]=NarrowOop [120]=Oop [128]=Oop }
                      ;*invokestatic initializeStreamUsingNio {reexecute=0 rethrow=0 return_oop=1}
                      ; - java.io.FileInputStream::<init>@151
                      ; - jdk.internal.loader.URLClassPath$FileLoader$1::getInputStream@8
                      ; - jdk.internal.loader.Resource::cachedInputStream@9
                      ; - jdk.internal.loader.Resource::getByteBuffer@1
                      ; - java.net.URLClassLoader::defineClass@132
                      ; - java.net.URLClassLoader$1::run@43
                      ; - java.net.URLClassLoader$1::run@1
  0x000001e053a04a20: 5ca6 46ff 

  0x000001e053a04a24: ;   {other}
  0x000001e053a04a24: 0f1f 8400 | 942f 001f | 4c8b c88b | 5810 4180 | 7f40 000f | 85c5 2100 | 004c 8b44 | 2458 4189 
  0x000001e053a04a44: 5818 4c8b | d34d 8bd8 | 4d33 d349 | c1ea 144d | 85d2 741e | 85db 741a | 49c1 eb09 | 48b9 0000 
  0x000001e053a04a64: e65a e001 | 0000 4903 | cb80 3902 | 0f85 1b22 | 0000 f083 | 4424 c000 | 4180 7f40 | 000f 8548 
  0x000001e053a04a84: 2100 0041 | 8b49 0c41 | 8948 104d | 8bd0 4c8b | d94d 33da | 49c1 eb14 | 4d85 db74 | 1e85 c974 
  0x000001e053a04aa4: 1a49 c1ea | 0948 b900 | 00e6 5ae0 | 0100 0049 | 03ca 8039 | 020f 852f | 2200 0041 | 807f 4000 
  0x000001e053a04ac4: 0f85 d220 | 0000 458b | 5114 4589 | 5028 4d8b | d84d 8bca | 4d33 cb49 | c1e9 144d | 85c9 741f 
  0x000001e053a04ae4: 4585 d274 | 1a49 c1eb | 0948 b900 | 00e6 5ae0 | 0100 0049 | 03cb 8039 | 020f 8537 | 2100 004c 
  0x000001e053a04b04: 8944 2458 

  0x000001e053a04b08: ;   {oop(a 'com/jetbrains/internal/IoOverNio$Debug'{0x0000000080555000})}
  0x000001e053a04b08: 48ba 0050 | 5580 0000 | 0000 6690 

  0x000001e053a04b14: ;   {optimized virtual_call}
  0x000001e053a04b14: c5f8 77e8 

  0x000001e053a04b18: ; ImmutableOopMap {[32]=Oop [44]=NarrowOop [56]=Oop [64]=Oop [80]=Oop [88]=Oop [100]=NarrowOop [104]=Oop [112]=NarrowOop [120]=Oop [128]=Oop }
                      ;*invokevirtual writeTraces {reexecute=0 rethrow=0 return_oop=0}
                      ; - java.io.FileInputStream::<init>@228
                      ; - jdk.internal.loader.URLClassPath$FileLoader$1::getInputStream@8
                      ; - jdk.internal.loader.Resource::cachedInputStream@9
                      ; - jdk.internal.loader.Resource::getByteBuffer@1
                      ; - java.net.URLClassLoader::defineClass@132
                      ; - java.net.URLClassLoader$1::run@43
                      ; - java.net.URLClassLoader$1::run@1
  0x000001e053a04b18: 649f 46ff 

  0x000001e053a04b1c: ;   {other}
  0x000001e053a04b1c: 0f1f 8400 | 8c30 0020 | 85c0 0f84 | 9400 0000 | 498b 87b8 | 0100 004c | 8bd0 4983 

  0x000001e053a04b38: ;   {oop(a 'java/lang/Class'{0x0000000080555030} = 'java/lang/System')}
  0x000001e053a04b38: c218 49bb | 3050 5580 | 0000 0000 | 418b 6b78 | 4d3b 97c8 | 0100 000f | 83ab 3100 | 004d 8997 
  0x000001e053a04b58: b801 0000 | 410f 1882 | 0001 0000 | 48c7 0001 | 0000 0041 | 0f18 8240 

  0x000001e053a04b70: ;   {metadata('java/lang/Object'[])}
  0x000001e053a04b70: 0100 00c7 | 4008 95b8 | 0020 410f | 1882 8001 | 0000 c740 | 0c01 0000 | 004c 8960 | 104c 8bc8 
  0x000001e053a04b90: 488b d54c | 8b54 2478 | 4589 5110 

  0x000001e053a04b9c: ;   {oop("Created a FileInputStream for %s%n"{0x0000000081148af0})}
  0x000001e053a04b9c: 49b8 f08a | 1481 0000 | 0000 c5f8 | 7748 b8ff | ffff ffff 

  0x000001e053a04bb0: ;   {virtual_call}
  0x000001e053a04bb0: ffff ffe8 

  0x000001e053a04bb4: ; ImmutableOopMap {[32]=Oop [44]=NarrowOop [56]=Oop [64]=Oop [80]=Oop [88]=Oop [100]=NarrowOop [104]=Oop [112]=NarrowOop [128]=Oop }
                      ;*invokevirtual printf {reexecute=0 rethrow=0 return_oop=1}
                      ; - java.io.FileInputStream::<init>@247
                      ; - jdk.internal.loader.URLClassPath$FileLoader$1::getInputStream@8
                      ; - jdk.internal.loader.Resource::cachedInputStream@9
                      ; - jdk.internal.loader.Resource::getByteBuffer@1
                      ; - java.net.URLClassLoader::defineClass@132
                      ; - java.net.URLClassLoader$1::run@43
                      ; - java.net.URLClassLoader$1::run@1
  0x000001e053a04bb4: c8a1 46ff 

  0x000001e053a04bb8: ;   {other}
  0x000001e053a04bb8: 0f1f 8400 | 2831 0021 | 4c8b 9424 | 8000 0000 | 4d85 d274 | 1349 8bd2 

  0x000001e053a04bd0: ;   {optimized virtual_call}
  0x000001e053a04bd0: c5f8 77e8 

  0x000001e053a04bd4: ; ImmutableOopMap {[32]=Oop [44]=NarrowOop [56]=Oop [64]=Oop [80]=Oop [88]=Oop [100]=NarrowOop [104]=Oop [112]=NarrowOop }
                      ;*invokevirtual close {reexecute=0 rethrow=0 return_oop=0}
                      ; - java.io.FileInputStream::<init>@258
                      ; - jdk.internal.loader.URLClassPath$FileLoader$1::getInputStream@8
                      ; - jdk.internal.loader.Resource::cachedInputStream@9
                      ; - jdk.internal.loader.Resource::getByteBuffer@1
                      ; - java.net.URLClassLoader::defineClass@132
                      ; - java.net.URLClassLoader$1::run@43
                      ; - java.net.URLClassLoader$1::run@1
  0x000001e053a04bd4: a89e 46ff 

  0x000001e053a04bd8: ;   {other}
  0x000001e053a04bd8: 0f1f 8400 | 4831 0022 | 488b 5c24 | 58e9 84ed 

  0x000001e053a04be8: ;   {metadata('jdk/internal/loader/URLClassPath$FileLoader$1')}
  0x000001e053a04be8: ffff 4181 | fb35 f005 | 200f 85ed | 3e00 0033 | dbe9 7ae3 | ffff 458b 

  0x000001e053a04c00: ;   {metadata('java/util/concurrent/ConcurrentHashMap$ReservationNode')}
  0x000001e053a04c00: 5108 4181 | fa50 d600 | 200f 84b7 

  0x000001e053a04c0c: ;   {metadata('java/util/concurrent/ConcurrentHashMap$ForwardingNode')}
  0x000001e053a04c0c: 0000 0041 | 81fa 8f3d | 0120 0f85 | fa40 0000 | 458b c348 | 895c 2458 | 4889 4c24 | 5048 8944 
  0x000001e053a04c2c: 24f8 8b44 | 242c 8944 | 2448 488b | 4424 f848 | 897c 2440 | 4c89 6c24 | 3844 8b54 | 2470 4489 
  0x000001e053a04c4c: 5424 2c44 | 8b5c 2464 | 4489 5c24 | 284c 8bc9 

  0x000001e053a04c5c: ;   {optimized virtual_call}
  0x000001e053a04c5c: c5f8 77e8 

  0x000001e053a04c60: ; ImmutableOopMap {[32]=Oop [40]=NarrowOop [44]=NarrowOop [56]=Oop [64]=Oop [72]=NarrowOop [80]=Oop [88]=Oop [104]=Oop }
                      ;*invokevirtual find {reexecute=0 rethrow=0 return_oop=1}
                      ; - java.util.concurrent.ConcurrentHashMap::get@93
                      ; - java.lang.ClassLoader::getDefinedPackage@13
                      ; - java.net.URLClassLoader::getAndVerifyPackage@2
                      ; - java.net.URLClassLoader::defineClass@46
                      ; - java.net.URLClassLoader$1::run@43
                      ; - java.net.URLClassLoader$1::run@1
  0x000001e053a04c60: 1c9e 46ff 

  0x000001e053a04c64: ;   {other}
  0x000001e053a04c64: 0f1f 8400 | d431 0023 | 4885 c00f | 844c 1200 | 008b 6814 | 85ed 0f84 | 8c29 0000 | 488b 4c24 
  0x000001e053a04c84: 508b 410c | 0fb6 5111 | 49b8 0000 | e65a e001 | 0000 448b | 5c24 2844 | 895c 2464 | 448b 5424 
  0x000001e053a04ca4: 2c44 8954 | 2470 4889 | 4424 f88b | 4424 4889 | 4424 2c48 | 8b44 24f8 | 488b 5c24 | 58e9 40e5 
  0x000001e053a04cc4: ffff 49b8 | 0000 e65a | e001 0000 | e926 eaff | ff49 8bfe | 4183 fbff | 7e1b 6690 | 470f be54 
  0x000001e053a04ce4: 1910 4183 | fa2e 0f84 | 0830 0000 | 41ff cb41 | 83fb ff7f | e741 baff | ffff ffe9 | 24de ffff 
  0x000001e053a04d04: 4c8b 6c24 | 5045 8b5d | 2045 85db | 0f84 51ef | ffff 4d8b | 5728 498b | cb4d 85d2 | 0f84 6229 
  0x000001e053a04d24: 0000 4d8b | 5f38 4b89 | 4c13 f849 | 83c2 f84d | 8957 28e9 | 2bef ffff | 4d8b 5758 | 4d8b 5f48 
  0x000001e053a04d44: f083 4424 | c000 8039 | 000f 844c | efff ff44 | 8821 4d85 | db75 2049 | 8bd7 c5f8 

  0x000001e053a04d60: ;   {no_reloc}
  0x000001e053a04d60: 7749 bae0 | 290c e0f8 | 7f00 0041 

  0x000001e053a04d6c: ;   {other}
  0x000001e053a04d6c: ffd2 0f1f | 8400 0000 | 0000 e924 | efff ff4b | 894c 1af8 | 4983 c3f8 | 4d89 5f48 | e912 efff 
  0x000001e053a04d8c: ff45 8b53 | 1445 85d2 | 0f84 dcdf | ffff 4d8b | 4728 498b | ca4d 85c0 | 0f84 a629 | 0000 4d8b 
  0x000001e053a04dac: 5738 4b89 | 4c02 f849 | 83c0 f84d | 8947 28e9 | b6df ffff | 4d8b 5748 | 4d8b 4758 | f083 4424 
  0x000001e053a04dcc: c000 8039 | 000f 84d2 | dfff ff44 | 8821 4d85 | d275 2a4c | 895c 2448 | 498b d7c5 | f877 49ba 
  0x000001e053a04dec: e029 0ce0 | f87f 0000 

  0x000001e053a04df4: ;   {other}
  0x000001e053a04df4: 41ff d20f | 1f84 0000 | 0000 004c | 8b5c 2448 | e9a0 dfff | ff4b 894c | 10f8 4983 | c2f8 4d89 
  0x000001e053a04e14: 5748 e98e | dfff ff4c | 8b54 2468 | 458b 520c | 4585 d20f | 844c ebff | ff4d 8b5f | 2849 8bca 
  0x000001e053a04e34: 4d85 db0f | 84b3 2b00 | 004d 8b57 | 384b 894c | 1af8 4983 | c3f8 4d89 | 5f28 e926 | ebff ff4d 
  0x000001e053a04e54: 8b57 484d | 8b5f 58f0 | 8344 24c0 | 0080 3900 | 0f84 4eeb | ffff 4488 | 214d 85d2 | 7520 498b 
  0x000001e053a04e74: d7c5 f877 | 49ba e029 | 0ce0 f87f | 0000 41ff 

  0x000001e053a04e84: ;   {other}
  0x000001e053a04e84: d20f 1f84 | 0000 0000 | 00e9 26eb | ffff 4b89 | 4c13 f849 | 83c2 f84d | 8957 48e9 | 14eb ffff 
  0x000001e053a04ea4: 49b8 0000 | e65a e001 | 0000 4c8b | 6c24 3848 | 8b7c 2440 | e93e e8ff | ff44 8b5d | 0c4d 63cb 
  0x000001e053a04ec4: 49c1 e102 | 4181 fb00 | 0004 000f | 87c7 3400 | 0049 8b9f | b801 0000 | 4d8d 5117 | 4983 e2f8 
  0x000001e053a04ee4: 4c8b c34d | 03c2 4d3b | 87c8 0100 | 000f 83a5 | 3400 004d | 8987 b801 | 0000 410f | 1880 0001 
  0x000001e053a04f04: 0000 48c7 | 0301 0000 | 0041 0f18 | 8040 0100 

  0x000001e053a04f14: ;   {metadata('java/security/CodeSigner'[])}
  0x000001e053a04f14: 00c7 4308 | 74d8 0c20 | 4489 5b0c | 410f 1880 | 8001 0000 | 488b cd48 | 83c1 1048 | 8bd3 4883 
  0x000001e053a04f34: c210 4983 | c107 49c1 | e903 4d8b | c1c5 f877 | 49ba e09d | e552 e001 | 0000 41ff 

  0x000001e053a04f50: ;   {other}
  0x000001e053a04f50: d20f 1f84 | 0000 0000 | 0041 807f | 4000 0f85 | 8027 0000 | 4d8b d54c | 8bc3 4589 | 4510 4c8b 
  0x000001e053a04f70: db4d 33da | 49c1 eb14 | 4d85 db0f | 8427 edff | ff49 c1ea | 094c 8b44 | 2448 4d03 | c241 8038 
  0x000001e053a04f90: 020f 8411 | edff ff4d | 8b57 484d | 8b5f 58f0 | 8344 24c0 | 0041 8038 | 000f 84f9 | ecff ff45 
  0x000001e053a04fb0: 8820 4d85 | d275 2349 | 8bc8 498b | d7c5 f877 | 49ba e029 | 0ce0 f87f | 0000 41ff 

  0x000001e053a04fcc: ;   {other}
  0x000001e053a04fcc: d20f 1f84 | 0000 0000 | 00e9 ceec | ffff 4f89 | 4413 f849 | 83c2 f84d | 8957 48e9 | bcec ffff 
  0x000001e053a04fec: 450f b659 | 1145 85db | 0f85 a1de | ffff 4c89 | 4424 7844 | 894c 2450 | 4c89 5424 | 484c 8b94 
  0x000001e053a0500c: 2480 0000 | 004c 8954 | 2438 448b | 5c24 7044 | 895c 2428 | 8b6c 2464 

  0x000001e053a05024: ;   {static_call}
  0x000001e053a05024: c5f8 77e8 

  0x000001e053a05028: ; ImmutableOopMap {rbp=NarrowOop [32]=Oop [40]=NarrowOop [44]=NarrowOop [56]=Oop [64]=Oop [72]=Oop [80]=NarrowOop [104]=Oop [120]=Oop [176]=Oop }
                      ;*invokestatic beginInit {reexecute=0 rethrow=0 return_oop=1}
                      ; - java.util.jar.JarFile::ensureInitialization@31
                      ; - java.util.jar.JavaUtilJarAccessImpl::ensureInitialization@1
                      ; - jdk.internal.loader.URLClassPath$JarLoader$2::getManifest@10
                      ; - java.net.URLClassLoader::defineClass@34
                      ; - java.net.URLClassLoader$1::run@43
                      ; - java.net.URLClassLoader$1::run@1
  0x000001e053a05028: f854 0000 

  0x000001e053a0502c: ;   {other}
  0x000001e053a0502c: 0f1f 8400 | 9c35 0024 | 4889 4424 | 5848 8b54 | 2478 6690 

  0x000001e053a05040: ;   {optimized virtual_call}
  0x000001e053a05040: c5f8 77e8 

  0x000001e053a05044: ; ImmutableOopMap {rbp=NarrowOop [32]=Oop [40]=NarrowOop [44]=NarrowOop [56]=Oop [64]=Oop [72]=Oop [80]=NarrowOop [88]=Oop [104]=Oop [120]=Oop [176]=Oop }
                      ;*invokevirtual initializeVerifier {reexecute=0 rethrow=0 return_oop=0}
                      ; - java.util.jar.JarFile::ensureInitialization@36
                      ; - java.util.jar.JavaUtilJarAccessImpl::ensureInitialization@1
                      ; - jdk.internal.loader.URLClassPath$JarLoader$2::getManifest@10
                      ; - java.net.URLClassLoader::defineClass@34
                      ; - java.net.URLClassLoader$1::run@43
                      ; - java.net.URLClassLoader$1::run@1
  0x000001e053a05044: eb54 0000 

  0x000001e053a05048: ;   {other}
  0x000001e053a05048: 0f1f 8400 | b835 0025 | 448b 5424 | 5041 c642 | 1101 488b | 5424 5890 

  0x000001e053a05060: ;   {static_call}
  0x000001e053a05060: c5f8 77e8 

  0x000001e053a05064: ; ImmutableOopMap {rbp=NarrowOop [32]=Oop [40]=NarrowOop [44]=NarrowOop [56]=Oop [64]=Oop [72]=Oop [104]=Oop [120]=Oop [176]=Oop }
                      ;*invokestatic endInit {reexecute=0 rethrow=0 return_oop=0}
                      ; - java.util.jar.JarFile::ensureInitialization@45
                      ; - java.util.jar.JavaUtilJarAccessImpl::ensureInitialization@1
                      ; - jdk.internal.loader.URLClassPath$JarLoader$2::getManifest@10
                      ; - java.net.URLClassLoader::defineClass@34
                      ; - java.net.URLClassLoader$1::run@43
                      ; - java.net.URLClassLoader$1::run@1
  0x000001e053a05064: da54 0000 

  0x000001e053a05068: ;   {other}
  0x000001e053a05068: 0f1f 8400 | d835 0026 | 896c 2464 | 448b 5424 | 2844 8954 | 2470 4c8b | 5424 384c | 8994 2480 
  0x000001e053a05088: 0000 004c | 8b54 2448 | 4c8b 4424 | 78e9 01de | ffff 4533 | db45 33d2 | e9ea f7ff | ff4c 8b5c 
  0x000001e053a050a8: 2458 4588 | 4b0d 4d8b | 8fb8 0100 | 004d 8bd1 | 4983 c228 | 4d3b 97c8 | 0100 000f | 8356 3300 
  0x000001e053a050c8: 004d 8997 | b801 0000 | 410f 1882 | 0001 0000 | 49c7 0101 

  0x000001e053a050dc: ;   {metadata('java/io/FileDescriptor')}
  0x000001e053a050dc: 0000 0041 | c741 0817 | e200 204d | 8961 184d | 8961 2041 | c741 0cff | ffff ff49 | c741 10ff 
  0x000001e053a050fc: ffff ff41 | 807f 4000 | 0f85 ba2a | 0000 4d8b | c145 8943 | 104d 8bd3 | 4d8b c14d | 33c2 49c1 
  0x000001e053a0511c: e814 4d85 | c00f 8495 | 2a00 0049 | c1ea 0948 | b900 00e6 | 5ae0 0100 | 0049 03ca | 8039 020f 
  0x000001e053a0513c: 85ee 2a00 | 0049 8bd1 | 4c89 5c24 | 584d 8bc3 

  0x000001e053a0514c: ;   {optimized virtual_call}
  0x000001e053a0514c: c5f8 77e8 

  0x000001e053a05150: ; ImmutableOopMap {[32]=Oop [44]=NarrowOop [56]=Oop [64]=Oop [80]=Oop [88]=Oop [100]=NarrowOop [104]=Oop [112]=NarrowOop [120]=Oop [128]=Oop }
                      ;*invokevirtual attach {reexecute=0 rethrow=0 return_oop=0}
                      ; - java.io.FileInputStream::<init>@202
                      ; - jdk.internal.loader.URLClassPath$FileLoader$1::getInputStream@8
                      ; - jdk.internal.loader.Resource::cachedInputStream@9
                      ; - jdk.internal.loader.Resource::getByteBuffer@1
                      ; - java.net.URLClassLoader::defineClass@132
                      ; - java.net.URLClassLoader$1::run@43
                      ; - java.net.URLClassLoader$1::run@1
  0x000001e053a05150: 2c99 46ff 

  0x000001e053a05154: ;   {other}
  0x000001e053a05154: 0f1f 8400 | c436 0027 | 4c8b 5424 | 5841 8b6a | 1466 6690 

  0x000001e053a05168: ;   {static_call}
  0x000001e053a05168: c5f8 77e8 

  0x000001e053a0516c: ; ImmutableOopMap {rbp=NarrowOop [32]=Oop [44]=NarrowOop [56]=Oop [64]=Oop [80]=Oop [88]=Oop [100]=NarrowOop [104]=Oop [112]=NarrowOop [120]=Oop [128]=Oop }
                      ;*invokestatic begin {reexecute=0 rethrow=0 return_oop=0}
                      ; - java.io.FileInputStream::open@0
                      ; - java.io.FileInputStream::<init>@210
                      ; - jdk.internal.loader.URLClassPath$FileLoader$1::getInputStream@8
                      ; - jdk.internal.loader.Resource::cachedInputStream@9
                      ; - jdk.internal.loader.Resource::getByteBuffer@1
                      ; - java.net.URLClassLoader::defineClass@132
                      ; - java.net.URLClassLoader$1::run@43
                      ; - java.net.URLClassLoader$1::run@1
  0x000001e053a0516c: 109f 46ff 

  0x000001e053a05170: ;   {other}
  0x000001e053a05170: 0f1f 8400 | e036 0028 | 4889 8424 | 8800 0000 | 4c8b c548 | 8b54 2458 

  0x000001e053a05188: ;   {optimized virtual_call}
  0x000001e053a05188: c5f8 77e8 

  0x000001e053a0518c: ; ImmutableOopMap {[32]=Oop [44]=NarrowOop [56]=Oop [64]=Oop [80]=Oop [88]=Oop [100]=NarrowOop [104]=Oop [112]=NarrowOop [120]=Oop [128]=Oop }
                      ;*invokevirtual open0 {reexecute=0 rethrow=0 return_oop=0}
                      ; - java.io.FileInputStream::open@6
                      ; - java.io.FileInputStream::<init>@210
                      ; - jdk.internal.loader.URLClassPath$FileLoader$1::getInputStream@8
                      ; - jdk.internal.loader.Resource::cachedInputStream@9
                      ; - jdk.internal.loader.Resource::getByteBuffer@1
                      ; - java.net.URLClassLoader::defineClass@132
                      ; - java.net.URLClassLoader$1::run@43
                      ; - java.net.URLClassLoader$1::run@1
  0x000001e053a0518c: f098 46ff 

  0x000001e053a05190: ;   {other}
  0x000001e053a05190: 0f1f 8400 | 0037 0029 | 488b 9424 | 8800 0000 

  0x000001e053a051a0: ;   {static_call}
  0x000001e053a051a0: c5f8 77e8 

  0x000001e053a051a4: ; ImmutableOopMap {[32]=Oop [44]=NarrowOop [56]=Oop [64]=Oop [80]=Oop [88]=Oop [100]=NarrowOop [104]=Oop [112]=NarrowOop [120]=Oop [128]=Oop }
                      ;*invokestatic end {reexecute=0 rethrow=0 return_oop=0}
                      ; - java.io.FileInputStream::open@10
                      ; - java.io.FileInputStream::<init>@210
                      ; - jdk.internal.loader.URLClassPath$FileLoader$1::getInputStream@8
                      ; - jdk.internal.loader.Resource::cachedInputStream@9
                      ; - jdk.internal.loader.Resource::getByteBuffer@1
                      ; - java.net.URLClassLoader::defineClass@132
                      ; - java.net.URLClassLoader$1::run@43
                      ; - java.net.URLClassLoader$1::run@1
  0x000001e053a051a4: d89e 46ff 

  0x000001e053a051a8: ;   {other}
  0x000001e053a051a8: 0f1f 8400 | 1837 002a | 4c8b 5424 | 5845 8b5a | 1049 8bd3 

  0x000001e053a051bc: ;   {static_call}
  0x000001e053a051bc: c5f8 77e8 

  0x000001e053a051c0: ; ImmutableOopMap {[32]=Oop [44]=NarrowOop [56]=Oop [64]=Oop [80]=Oop [88]=Oop [100]=NarrowOop [104]=Oop [112]=NarrowOop [120]=Oop [128]=Oop }
                      ;*invokestatic register {reexecute=0 rethrow=0 return_oop=0}
                      ; - java.io.FileInputStream::<init>@217
                      ; - jdk.internal.loader.URLClassPath$FileLoader$1::getInputStream@8
                      ; - jdk.internal.loader.Resource::cachedInputStream@9
                      ; - jdk.internal.loader.Resource::getByteBuffer@1
                      ; - java.net.URLClassLoader::defineClass@132
                      ; - java.net.URLClassLoader$1::run@43
                      ; - java.net.URLClassLoader$1::run@1
  0x000001e053a051c0: bc9e 46ff 

  0x000001e053a051c4: ;   {other}
  0x000001e053a051c4: 0f1f 8400 | 3437 002b | 4180 7f40 | 000f 8520 | 2a00 004c | 8b44 2458 | 4589 6028 | 4c89 4424 
  0x000001e053a051e4: 58e9 1ef9 | ffff 33c0 | e91f deff | ff0f b659 | 1185 db0f | 8471 0f00 | 004c 8944 | 2448 4489 
  0x000001e053a05204: 4c24 2889 | 4c24 6048 | 897c 2458 | 4889 9424 | 8000 0000 | 418b eb4c | 8954 2450 | 4c8b c790 
  0x000001e053a05224: ;   {optimized virtual_call}
  0x000001e053a05224: c5f8 77e8 

  0x000001e053a05228: ; ImmutableOopMap {rbp=NarrowOop [32]=Oop [44]=NarrowOop [56]=Oop [64]=Oop [80]=Oop [88]=Oop [96]=NarrowOop [100]=NarrowOop [104]=Oop [112]=NarrowOop [128]=Oop }
                      ;*invokevirtual verifiableEntry {reexecute=0 rethrow=0 return_oop=1}
                      ; - java.util.jar.JarFile::getInputStream@56
                      ; - jdk.internal.loader.URLClassPath$JarLoader$2::getInputStream@11
                      ; - jdk.internal.loader.Resource::cachedInputStream@9
                      ; - jdk.internal.loader.Resource::getByteBuffer@1
                      ; - java.net.URLClassLoader::defineClass@132
                      ; - java.net.URLClassLoader$1::run@43
                      ; - java.net.URLClassLoader$1::run@1
  0x000001e053a05228: 5498 46ff 

  0x000001e053a0522c: ;   {other}
  0x000001e053a0522c: 0f1f 8400 | 9c37 002c | 4c8b d848 | 85c0 0f84 | 970f 0000 | 498b 87b8 | 0100 004c | 8bd0 4983 
  0x000001e053a0524c: c220 4d3b | 97c8 0100 | 000f 8375 | 3200 004d | 8997 b801 | 0000 410f | 1882 0001 | 0000 48c7 
  0x000001e053a0526c: 0001 0000 

  0x000001e053a05270: ;   {metadata('java/util/jar/JarVerifier$VerifierStream')}
  0x000001e053a05270: 00c7 4008 | 47c3 1820 | 4489 600c | 4c89 6010 | 4c89 6018 | 4c89 5c24 | 784c 8bd0 | 4c89 9424 
  0x000001e053a05290: 8800 0000 | 488b 9424 | 8000 0000 

  0x000001e053a0529c: ;   {optimized virtual_call}
  0x000001e053a0529c: c5f8 77e8 

  0x000001e053a052a0: ; ImmutableOopMap {rbp=NarrowOop [32]=Oop [44]=NarrowOop [56]=Oop [64]=Oop [80]=Oop [88]=Oop [96]=NarrowOop [100]=NarrowOop [104]=Oop [112]=NarrowOop [120]=Oop [128]=Oop [136]=Oop }
                      ;*invokevirtual getManifestFromReference {reexecute=0 rethrow=0 return_oop=1}
                      ; - java.util.jar.JarFile::getInputStream@71
                      ; - jdk.internal.loader.URLClassPath$JarLoader$2::getInputStream@11
                      ; - jdk.internal.loader.Resource::cachedInputStream@9
                      ; - jdk.internal.loader.Resource::getByteBuffer@1
                      ; - java.net.URLClassLoader::defineClass@132
                      ; - java.net.URLClassLoader$1::run@43
                      ; - java.net.URLClassLoader$1::run@1
  0x000001e053a052a0: dc97 46ff 

  0x000001e053a052a4: ;   {other}
  0x000001e053a052a4: 0f1f 8400 | 1438 002d | 4889 8424 | 9000 0000 | 488b 9424 | 8000 0000 | 4c8b 4424 | 5866 6690 
  0x000001e053a052c4: ;   {optimized virtual_call}
  0x000001e053a052c4: c5f8 77e8 

  0x000001e053a052c8: ; ImmutableOopMap {[32]=Oop [44]=NarrowOop [56]=Oop [64]=Oop [80]=Oop [96]=NarrowOop [100]=NarrowOop [104]=Oop [112]=NarrowOop [120]=Oop [128]=Oop [136]=Oop [144]=Oop }
                      ;*invokespecial getInputStream {reexecute=0 rethrow=0 return_oop=1}
                      ; - java.util.jar.JarFile::getInputStream@77
                      ; - jdk.internal.loader.URLClassPath$JarLoader$2::getInputStream@11
                      ; - jdk.internal.loader.Resource::cachedInputStream@9
                      ; - jdk.internal.loader.Resource::getByteBuffer@1
                      ; - java.net.URLClassLoader::defineClass@132
                      ; - java.net.URLClassLoader$1::run@43
                      ; - java.net.URLClassLoader$1::run@1
  0x000001e053a052c8: b497 46ff 

  0x000001e053a052cc: ;   {other}
  0x000001e053a052cc: 0f1f 8400 | 3c38 002e | 448b 5424 | 6045 8b42 | 304c 8bd8 | 4885 c00f | 84a9 3c00 | 0041 807f 
  0x000001e053a052ec: 4000 0f85 | 112b 0000 | 4889 4424 | f88b 4424 | 6089 4424 | 7448 8b44 | 24f8 488b | 9c24 8800 
  0x000001e053a0530c: 0000 4c8b | d041 8bf0 | 4c8b db4d | 8bc2 4489 | 430c 488b | ee4d 33d3 | 49c1 ea14 | 4d85 d274 
  0x000001e053a0532c: 1a49 c1eb | 0948 b900 | 00e6 5ae0 | 0100 0049 | 03cb 8039 | 020f 854f | 2c00 0041 | 807f 4000 
  0x000001e053a0534c: 0f85 7a2a | 0000 4c8b | db41 8973 | 184c 895c | 2458 4c8b | d54d 33d3 | 49c1 ea14 | 4d85 d20f 
  0x000001e053a0536c: 8453 2a00 | 0044 8bd6 | 85f6 741d | 49c1 eb09 | 48b9 0000 | e65a e001 | 0000 4903 | cb80 3902 
  0x000001e053a0538c: 0f85 d22d | 0000 448b | d64d 8b87 | b801 0000 | 4d8b d849 | 83c3 304d | 3b9f c801 | 0000 0f83 
  0x000001e053a053ac: 4531 0000 | 4d89 9fb8 | 0100 0041 | 0f18 8300 | 0100 0049 | c700 0100 

  0x000001e053a053c4: ;   {metadata('sun/security/util/ManifestEntryVerifier')}
  0x000001e053a053c4: 0000 41c7 | 4008 b43c | 0120 4589 | 600c 4d89 | 6010 4d89 | 6018 4d89 | 6020 4d89 | 6028 458b 
  0x000001e053a053e4: 5a30 4489 | 5c24 6041 | c640 0c01 | 4c89 8424 | 8800 0000 | 498b 87b8 | 0100 004c | 8bd0 4983 
  0x000001e053a05404: c230 498b | eb4d 3b97 | c801 0000 | 0f83 8c31 | 0000 4d89 | 97b8 0100 | 0041 0f18 | 8200 0100 
  0x000001e053a05424: 0048 c700 | 0100 0000 

  0x000001e053a0542c: ;   {metadata('java/util/HashMap')}
  0x000001e053a0542c: c740 08ac | cc00 2044 | 8960 0c4c | 8960 104c | 8960 284c | 8b94 2490 | 0000 0049 | 8bda 4c8b 
  0x000001e053a0544c: 9424 8800 | 0000 498b | f249 ba00 | 0000 0010 | 0000 004c | 8950 1848 | c740 2000 | 0040 3f4c 
  0x000001e053a0546c: 8bd8 4c8b | 9424 8800 | 0000 4589 | 5a10 4c8b | d04c 8b9c | 2488 0000 | 004d 33d3 | 49c1 ea14 
  0x000001e053a0548c: 4d85 d274 | 1a49 c1eb | 0948 b900 | 00e6 5ae0 | 0100 0049 | 03cb 8039 | 020f 8538 | 2c00 004d 
  0x000001e053a054ac: 8b97 b801 | 0000 4d8b | da49 83c3 | 184d 3b9f | c801 0000 | 0f83 5b30 | 0000 4d89 | 9fb8 0100 
  0x000001e053a054cc: 0041 0f18 | 8300 0100 | 0049 c702 | 0100 0000 

  0x000001e053a054dc: ;   {metadata('java/util/ArrayList')}
  0x000001e053a054dc: 41c7 4208 | c2af 0020 | 4589 620c | 4589 6210 

  0x000001e053a054ec: ;   {oop(a 'java/lang/Object'[0] {0x0000000080554ff0})}
  0x000001e053a054ec: 41c7 4214 | f04f 5580 | 498b fa41 | 807f 4000 | 0f85 9929 | 0000 4c8b | d74d 8bda | 4c8b 9424 
  0x000001e053a0550c: 8800 0000 | 4589 5a14 | 4c8b df4d | 33da 49c1 | eb14 4d85 | db74 1a49 | c1ea 0948 | b900 00e6 
  0x000001e053a0552c: 5ae0 0100 | 0049 03ca | 8039 020f | 8504 2b00 | 004d 8b97 | b801 0000 | 4d8b da49 | 83c3 184d 
  0x000001e053a0554c: 3b9f c801 | 0000 0f83 | 0a30 0000 | 4d89 9fb8 | 0100 0041 | 0f18 8300 | 0100 0049 | c702 0100 
  0x000001e053a0556c: ;   {metadata('java/util/ArrayList')}
  0x000001e053a0556c: 0000 41c7 | 4208 c2af | 0020 4589 | 620c 4589 

  0x000001e053a0557c: ;   {oop(a 'java/lang/Object'[0] {0x0000000080554ff0})}
  0x000001e053a0557c: 6210 41c7 | 4214 f04f | 5580 498b | fa41 807f | 4000 0f85 | cc28 0000 | 4c8b d74d | 8bda 4c8b 
  0x000001e053a0559c: 9424 8800 | 0000 4589 | 5a18 4c8b | df4d 33da | 49c1 eb14 | 4d85 db74 | 1a49 c1ea | 0948 b900 
  0x000001e053a055bc: 00e6 5ae0 | 0100 0049 | 03ca 8039 | 020f 85c3 | 2a00 0041 | 807f 4000 | 0f85 3d29 | 0000 4c8b 
  0x000001e053a055dc: 9424 8800 | 0000 448b | 5c24 6045 | 895a 204c | 8bd5 4c8b | 9c24 8800 | 0000 4d33 | d349 c1ea 
  0x000001e053a055fc: 144d 85d2 | 7424 448b | 4424 6045 | 85c0 741a | 49c1 eb09 | 48b9 0000 | e65a e001 | 0000 4903 
  0x000001e053a0561c: cb80 3902 | 0f85 df2b | 0000 4180 | 7f40 000f | 85a5 2800 | 004c 8b8c | 2488 0000 | 0041 8959 
  0x000001e053a0563c: 244c 8b84 | 2490 0000 | 004d 8bd0 | 4d8b d94d | 33d3 49c1 | ea14 4d85 | d274 1f4d | 85c0 741a 
  0x000001e053a0565c: 49c1 eb09 | 48b9 0000 | e65a e001 | 0000 4903 | cb80 3902 | 0f85 3f2b | 0000 4180 | 7f40 000f 
  0x000001e053a0567c: ;   {no_reloc}
  0x000001e053a0567c: 85d1 2800 | 004c 8b44 | 2458 4189 | 701c 4d8b | d14d 8bd8 | 4d33 d349 | c1ea 144d | 85d2 741a 
  0x000001e053a0569c: 49c1 eb09 | 48b9 0000 | e65a e001 | 0000 4903 | cb80 3902 | 0f85 3129 | 0000 458b | 5818 4585 
  0x000001e053a056bc: db0f 840d | 3700 0049 | 8be8 498b | d34c 8b44 | 2478 6690 

  0x000001e053a056d0: ;   {optimized virtual_call}
  0x000001e053a056d0: c5f8 77e8 

  0x000001e053a056d4: ; ImmutableOopMap {rbp=Oop [32]=Oop [44]=NarrowOop [56]=Oop [64]=Oop [80]=Oop [100]=NarrowOop [104]=Oop [112]=NarrowOop [116]=NarrowOop [120]=Oop [128]=Oop }
                      ;*invokevirtual beginEntry {reexecute=0 rethrow=0 return_oop=0}
                      ; - java.util.jar.JarVerifier$VerifierStream::<init>@47
                      ; - java.util.jar.JarFile::getInputStream@84
                      ; - jdk.internal.loader.URLClassPath$JarLoader$2::getInputStream@11
                      ; - jdk.internal.loader.Resource::cachedInputStream@9
                      ; - jdk.internal.loader.Resource::getByteBuffer@1
                      ; - java.net.URLClassLoader::defineClass@132
                      ; - java.net.URLClassLoader$1::run@43
                      ; - java.net.URLClassLoader$1::run@1
  0x000001e053a056d4: a893 46ff 

  0x000001e053a056d8: ;   {other}
  0x000001e053a056d8: 0f1f 8400 | 483c 002f | 4c8b 5424 | 784d 8b52 | 204c 8bc5 | 4d89 5010 | 4d85 d20f | 8488 0b00 
  0x000001e053a056f8: 004c 8b9c | 2480 0000 | 0048 8d84 | 24e8 0000 | 0048 8338 | 000f 8479 | 0000 004d | 8b13 41f6 
  0x000001e053a05718: c202 0f84 | 6200 0000 | 4983 ba86 | 0000 0000 | 7409 49ff | 8a86 0000 | 00eb 4b49 | 8b82 9600 
  0x000001e053a05738: 0000 490b | 828e 0000 | 0075 0a49 | c742 3e00 | 0000 00eb | 3d49 83ba | 9e00 0000 | 0074 2248 
  0x000001e053a05758: 33c0 49c7 | 423e 0000 | 0000 f083 | 0424 0049 | 83ba 9e00 | 0000 0075 | 0df0 4d0f | b17a 3e75 
  0x000001e053a05778: 0583 c801 | eb0c a800 | eb08 4c8b | 10f0 4d0f | b113 750a | 49ff 8f50 | 0500 0045 | 33d2 0f85 
  0x000001e053a05798: 6036 0000 | 498b d8e9 | cae1 ffff | 4889 7424 | 5848 897c | 2450 488b | d666 6690 

  0x000001e053a057b4: ;   {optimized virtual_call}
  0x000001e053a057b4: c5f8 77e8 

  0x000001e053a057b8: ; ImmutableOopMap {rbp=NarrowOop [32]=Oop [44]=NarrowOop [56]=Oop [64]=Oop [80]=Oop [88]=Oop [100]=NarrowOop [112]=NarrowOop [160]=Oop }
                      ;*invokevirtual realEntry {reexecute=0 rethrow=0 return_oop=1}
                      ; - java.util.jar.JarFile$JarFileEntry::getCodeSigners@46
                      ; - jdk.internal.loader.URLClassPath$JarLoader$2::getCodeSigners@4
                      ; - java.net.URLClassLoader::defineClass@185
                      ; - java.net.URLClassLoader$1::run@43
                      ; - java.net.URLClassLoader$1::run@1
  0x000001e053a057b8: c492 46ff 

  0x000001e053a057bc: ;   {other}
  0x000001e053a057bc: 0f1f 8400 | 2c3d 0030 | 488b d54c | 8bc0 6690 

  0x000001e053a057cc: ;   {optimized virtual_call}
  0x000001e053a057cc: c5f8 77e8 

  0x000001e053a057d0: ; ImmutableOopMap {[32]=Oop [44]=NarrowOop [56]=Oop [64]=Oop [80]=Oop [88]=Oop [100]=NarrowOop [112]=NarrowOop [160]=Oop }
                      ;*invokevirtual getCodeSigners {reexecute=0 rethrow=0 return_oop=1}
                      ; - java.util.jar.JarFile$JarFileEntry::getCodeSigners@49
                      ; - jdk.internal.loader.URLClassPath$JarLoader$2::getCodeSigners@4
                      ; - java.net.URLClassLoader::defineClass@185
                      ; - java.net.URLClassLoader$1::run@43
                      ; - java.net.URLClassLoader$1::run@1
  0x000001e053a057d0: ac92 46ff 

  0x000001e053a057d4: ;   {other}
  0x000001e053a057d4: 0f1f 8400 | 443d 0031 | 488b d841 | 807f 4000 | 0f85 a225 | 0000 488b | 7c24 584c | 8bcb 4d8b 
  0x000001e053a057f4: d144 8957 | 5c4c 8bdf | 4d8b c14d | 33c3 49c1 | e814 4d85 | c00f 8416 | 2500 004d | 85c9 0f84 
  0x000001e053a05814: 6a25 0000 | 49c1 eb09 | 48b9 0000 | e65a e001 | 0000 4903 | cb80 3902 | 0f85 fe24 | 0000 488b 
  0x000001e053a05834: 7c24 5041 | 8b4a 0c49 | 8bda 4c63 | c949 c1e1 | 0281 f900 | 0004 000f | 8785 2b00 | 0049 8b87 
  0x000001e053a05854: b801 0000 | 4d8d 5917 | 4983 e3f8 | 4c8b c04d | 03c3 4d3b | 87c8 0100 | 000f 8363 | 2b00 004d 
  0x000001e053a05874: 8987 b801 | 0000 410f | 1880 0001 | 0000 48c7 | 0001 0000 | 0041 0f18 | 8040 0100 

  0x000001e053a05890: ;   {metadata('java/security/CodeSigner'[])}
  0x000001e053a05890: 00c7 4008 | 74d8 0c20 | 8948 0c41 | 0f18 8080 | 0100 0048 | 8be8 498d | 4a10 488b | d548 83c2 
  0x000001e053a058b0: 1049 83c1 | 0749 c1e9 | 034d 8bc1 | c5f8 7749 | bae0 9de5 | 52e0 0100 | 0041 ffd2 

  0x000001e053a058cc: ;   {other}
  0x000001e053a058cc: 0f1f 8400 | 0000 0000 | e904 e3ff | ff4d 8bc8 | 4c89 5c24 | 484c 63c5 | 4d8d 5010 | 4d8b da49 
  0x000001e053a058ec: 83e3 f848 | 8bfb 4903 | fb49 c1ea | 0349 2bca | 4833 c048 | 83f9 087f | 1048 ffc9 | 784f 4889 
  0x000001e053a0590c: 04cf 48ff | c97d f7eb | 44c5 fdef | c0e9 0d00 | 0000 c5fe | 7f07 c5fe | 7f47 2048 | 83c7 4048 
  0x000001e053a0592c: 83e9 087d | ed48 83c1 | 047c 0cc5 | fe7f 0748 | 83c7 2048 | 83e9 0448 | 83c1 047e | 1048 ffc9 
  0x000001e053a0594c: c5f9 d607 | 4883 c708 | 48ff c97d | f349 8bc9 | c5f8 7749 | ba40 97e5 | 52e0 0100 | 0041 ffd2 
  0x000001e053a0596c: ;   {other}
  0x000001e053a0596c: 0f1f 8400 | 0000 0000 | 4c8b 5c24 | 48e9 2ed3 | ffff 4489 | 4424 4448 | 897c 2448 | 8974 2440 
  0x000001e053a0598c: 894c 243c | 4489 5424 | 384c 894c | 2430 4c89 | 5c24 2848 | 8b6c 2420 

  0x000001e053a059a4: ;   {metadata({type array byte})}
  0x000001e053a059a4: 48ba c80a | 0400 0100 | 0000 4889 | 4424 5090 

  0x000001e053a059b4: ;   {runtime_call _new_array_Java}
  0x000001e053a059b4: c5f8 77e8 

  0x000001e053a059b8: ; ImmutableOopMap {rbp=Oop [40]=Oop [48]=Oop }
                      ;*invokevirtual allocateUninitializedArray0 {reexecute=0 rethrow=0 return_oop=1}
                      ; - jdk.internal.misc.Unsafe::allocateUninitializedArray@51
                      ; - java.lang.StringConcatHelper::newArray@33
                      ; - java.lang.StringConcatHelper::simpleConcat@61
                      ; - java.lang.String::concat@11
                      ; - java.net.URLClassLoader$1::run@13
                      ; - java.net.URLClassLoader$1::run@1
  0x000001e053a059b8: c459 52ff 

  0x000001e053a059bc: ;   {other}
  0x000001e053a059bc: 0f1f 8400 | 2c3f 0032 | 4889 6c24 | 204c 8b4c | 2430 448b | 5424 388b | 4c24 3c8b | 7424 4048 
  0x000001e053a059dc: 8b7c 2448 | 448b 4424 | 4448 8bd8 | 4c8b 5c24 | 28e9 c2ce | ffff 4889 | 5c24 2848 | 8b6c 2420 
  0x000001e053a059fc: ;   {metadata('java/lang/String')}
  0x000001e053a059fc: 48ba 9020 | 0400 0100 | 0000 6690 

  0x000001e053a05a08: ;   {runtime_call _new_instance_Java}
  0x000001e053a05a08: c5f8 77e8 

  0x000001e053a05a0c: ; ImmutableOopMap {rbp=Oop [40]=Oop }
                      ;*new {reexecute=0 rethrow=0 return_oop=1}
                      ; - java.lang.StringConcatHelper::newString@6
                      ; - java.lang.StringConcatHelper::simpleConcat@90
                      ; - java.lang.String::concat@11
                      ; - java.net.URLClassLoader$1::run@13
                      ; - java.net.URLClassLoader$1::run@1
  0x000001e053a05a0c: 705c 52ff 

  0x000001e053a05a10: ;   {other}
  0x000001e053a05a10: 0f1f 8400 | 803f 0033 | 4889 6c24 | 2048 8b5c | 2428 4c8b | c0e9 48cf | ffff 33c0 | e9c8 d8ff 
  0x000001e053a05a30: ff89 5424 | 4844 894c | 2444 897c | 2440 4889 | 7424 384c | 896c 2430 | 894c 242c | 895c 2428 
  0x000001e053a05a50: ;   {metadata({type array byte})}
  0x000001e053a05a50: 48ba c80a | 0400 0100 | 0000 448b | c166 6690 

  0x000001e053a05a60: ;   {runtime_call _new_array_Java}
  0x000001e053a05a60: c5f8 77e8 

  0x000001e053a05a64: ; ImmutableOopMap {[32]=Oop [40]=NarrowOop [48]=Oop [56]=Oop [64]=NarrowOop }
                      ;*invokevirtual allocateUninitializedArray0 {reexecute=0 rethrow=0 return_oop=1}
                      ; - jdk.internal.misc.Unsafe::allocateUninitializedArray@51
                      ; - java.lang.StringConcatHelper::newArray@33
                      ; - java.lang.StringLatin1::replace@49
                      ; - java.lang.String::replace@18
                      ; - java.net.URLClassLoader$1::run@8
                      ; - java.net.URLClassLoader$1::run@1
  0x000001e053a05a64: 1859 52ff 

  0x000001e053a05a68: ;   {other}
  0x000001e053a05a68: 0f1f 8400 | d83f 0034 | 8b5c 2428 | 8b4c 242c | 4c8b 6c24 | 3048 8b74 | 2438 8b7c | 2440 448b 
  0x000001e053a05a88: 4c24 448b | 5424 484c | 8bd8 e9c0 

  0x000001e053a05a94: ;   {metadata('java/lang/String')}
  0x000001e053a05a94: caff ff48 | ba90 2004 | 0001 0000 | 0049 8bed | 4c89 5c24 | 3866 6690 

  0x000001e053a05aac: ;   {runtime_call _new_instance_Java}
  0x000001e053a05aac: c5f8 77e8 

  0x000001e053a05ab0: ; ImmutableOopMap {rbp=Oop [32]=Oop [56]=Oop }
                      ;*new {reexecute=0 rethrow=0 return_oop=1}
                      ; - java.lang.StringLatin1::replace@116
                      ; - java.lang.String::replace@18
                      ; - java.net.URLClassLoader$1::run@8
                      ; - java.net.URLClassLoader$1::run@1
  0x000001e053a05ab0: cc5b 52ff 

  0x000001e053a05ab4: ;   {other}
  0x000001e053a05ab4: 0f1f 8400 | 2440 0035 | 4c8b c84c | 8b5c 2438 | e9fa ccff | ff4c 8b54 | 2438 4c8b | 4424 4048 
  0x000001e053a05ad4: 8bcd 488b | 5c24 5044 | 8b5c 2428 | 448b 4c24 | 584d 8bea | 498b f8e9 | 79d5 ffff | 4c8b 6c24 
  0x000001e053a05af4: 3848 8b7c | 2440 e9fc | dbff ff48 | 897c 2450 

  0x000001e053a05b04: ;   {metadata('java/security/CodeSource')}
  0x000001e053a05b04: 48ba 185b | 0500 0100 | 0000 6690 

  0x000001e053a05b10: ;   {runtime_call _new_instance_Java}
  0x000001e053a05b10: c5f8 77e8 

  0x000001e053a05b14: ; ImmutableOopMap {rbp=Oop [32]=Oop [44]=NarrowOop [56]=Oop [64]=Oop [80]=Oop [100]=NarrowOop [112]=NarrowOop [160]=Oop }
                      ;*new {reexecute=0 rethrow=0 return_oop=1}
                      ; - java.net.URLClassLoader::defineClass@190
                      ; - java.net.URLClassLoader$1::run@43
                      ; - java.net.URLClassLoader$1::run@1
  0x000001e053a05b14: 685b 52ff 

  0x000001e053a05b18: ;   {other}
  0x000001e053a05b18: 0f1f 8400 | 8840 0036 | 488b 7c24 | 50e9 fbe0 | ffff 4889 | 4424 f88b | 4424 2c89 | 4424 6048 
  0x000001e053a05b38: 8b44 24f8 | 4489 5424 | 4448 897c | 2458 4c89 | 6c24 5048 | 8954 2448 | 895c 2440 | 4489 4c24 
  0x000001e053a05b58: 3c4c 8b54 | 2468 4c89 

  0x000001e053a05b60: ;   {metadata('java/lang/String')}
  0x000001e053a05b60: 5424 2848 | ba90 2004 | 0001 0000 | 0066 6690 

  0x000001e053a05b70: ;   {runtime_call _new_instance_Java}
  0x000001e053a05b70: c5f8 77e8 

  0x000001e053a05b74: ; ImmutableOopMap {[32]=Oop [40]=Oop [60]=NarrowOop [72]=Oop [80]=Oop [88]=Oop [96]=NarrowOop [100]=NarrowOop [104]=Oop [112]=NarrowOop }
                      ;*new {reexecute=0 rethrow=0 return_oop=1}
                      ; - java.lang.StringLatin1::newString@7
                      ; - java.lang.String::substring@41
                      ; - java.net.URLClassLoader::defineClass@28
                      ; - java.net.URLClassLoader$1::run@43
                      ; - java.net.URLClassLoader$1::run@1
  0x000001e053a05b74: 085b 52ff 

  0x000001e053a05b78: ;   {other}
  0x000001e053a05b78: 0f1f 8400 | e840 0037 | 448b 4c24 | 3c8b 5c24 | 4048 8b54 | 2448 488b | 4c24 5048 | 8b7c 2458 
  0x000001e053a05b98: 448b 5424 | 4448 8944 | 24f8 8b44 | 2460 8944 | 242c 488b | 4424 f84c | 8bd8 4c8b | e9e9 00d0 
  0x000001e053a05bb8: ffff 4489 | 4c24 288b | f348 8bea | 4c89 6c24 | 3848 897c | 2440 4c89 | 5c24 484c | 8944 2450 
  0x000001e053a05bd8: 4c89 5424 

  0x000001e053a05bdc: ;   {metadata({type array byte})}
  0x000001e053a05bdc: 5848 bac8 | 0a04 0001 | 0000 0044 | 8bc6 6690 

  0x000001e053a05bec: ;   {runtime_call _new_array_nozero_Java}
  0x000001e053a05bec: c5f8 77e8 

  0x000001e053a05bf0: ; ImmutableOopMap {rbp=Oop [80]=Derived_oop_rbp [32]=Oop [40]=NarrowOop [44]=NarrowOop [56]=Oop [64]=Oop [72]=Oop [100]=NarrowOop [104]=Oop [112]=NarrowOop }
                      ;*invokevirtual clone {reexecute=1 rethrow=0 return_oop=1}
                      ; - (reexecute) java.util.Arrays::copyOfRange@18
                      ; - java.lang.StringLatin1::newString@16
                      ; - java.lang.String::substring@41
                      ; - java.net.URLClassLoader::defineClass@28
                      ; - java.net.URLClassLoader$1::run@43
                      ; - java.net.URLClassLoader$1::run@1
  0x000001e053a05bf0: 0c54 52ff 

  0x000001e053a05bf4: ;   {other}
  0x000001e053a05bf4: 0f1f 8400 | 6441 0038 | 488b d8e9 | 31d1 ffff | 894c 245c | 4c89 4424 | 7844 895c | 2458 4489 
  0x000001e053a05c14: 4c24 4c4c | 8954 2450 | 4889 4424 | f88b 4424 | 2c89 4424 | 4848 8b44 | 24f8 4c8b | 9424 8000 
  0x000001e053a05c34: 0000 4c89 | 5424 3844 | 8b5c 2470 | 4489 5c24 | 2c44 8b54 | 2464 4489 | 5424 288b | 6d38 4c8b 
  0x000001e053a05c54: d54c 8954 | 2460 498b | d244 8bc1 

  0x000001e053a05c60: ;   {static_call}
  0x000001e053a05c60: c5f8 77e8 

  0x000001e053a05c64: ; ImmutableOopMap {rbp=NarrowOop [32]=Oop [40]=NarrowOop [44]=NarrowOop [56]=Oop [64]=Oop [72]=NarrowOop [76]=NarrowOop [80]=Oop [96]=Oop [104]=Oop [120]=Oop [176]=Oop }
                      ;*invokestatic CENNAM {reexecute=0 rethrow=0 return_oop=0}
                      ; - java.util.zip.ZipFile::getEntryName@13
                      ; - java.util.zip.ZipFile::getManifestName@41
                      ; - java.util.zip.ZipFile$1::getManifestName@2
                      ; - java.util.jar.JarFile::maybeInstantiateVerifier@20
                      ; - java.util.jar.JarFile::ensureInitialization@1
                      ; - java.util.jar.JavaUtilJarAccessImpl::ensureInitialization@1
                      ; - jdk.internal.loader.URLClassPath$JarLoader$2::getManifest@10
                      ; - java.net.URLClassLoader::defineClass@34
                      ; - java.net.URLClassLoader$1::run@43
                      ; - java.net.URLClassLoader$1::run@1
  0x000001e053a05c64: 1894 46ff 

  0x000001e053a05c68: ;   {other}
  0x000001e053a05c68: 0f1f 8400 | d841 0039 | 8944 2470 | 448b 5424 | 4c45 8b42 | 1845 8b58 | 1845 85db | 0f84 7233 
  0x000001e053a05c88: 0000 498b | d344 8b44 | 245c 6690 

  0x000001e053a05c94: ;   {optimized virtual_call}
  0x000001e053a05c94: c5f8 77e8 

  0x000001e053a05c98: ; ImmutableOopMap {rbp=NarrowOop [32]=Oop [40]=NarrowOop [44]=NarrowOop [56]=Oop [64]=Oop [72]=NarrowOop [76]=NarrowOop [80]=Oop [96]=Oop [104]=Oop [120]=Oop [176]=Oop }
                      ;*invokevirtual zipCoderForPos {reexecute=0 rethrow=0 return_oop=1}
                      ; - java.util.zip.ZipFile::getEntryName@25
                      ; - java.util.zip.ZipFile::getManifestName@41
                      ; - java.util.zip.ZipFile$1::getManifestName@2
                      ; - java.util.jar.JarFile::maybeInstantiateVerifier@20
                      ; - java.util.jar.JarFile::ensureInitialization@1
                      ; - java.util.jar.JavaUtilJarAccessImpl::ensureInitialization@1
                      ; - jdk.internal.loader.URLClassPath$JarLoader$2::getManifest@10
                      ; - java.net.URLClassLoader::defineClass@34
                      ; - java.net.URLClassLoader$1::run@43
                      ; - java.net.URLClassLoader$1::run@1
  0x000001e053a05c98: e48d 46ff 

  0x000001e053a05c9c: ;   {other}
  0x000001e053a05c9c: 0f1f 8400 | 0c42 003a | 448b 4c24 | 5c41 83c1 | 2e48 8bd0 | 4c8b 4424 | 608b 7c24 | 7090 c5f8 
  0x000001e053a05cbc: 7748 b8ff | ffff ffff 

  0x000001e053a05cc4: ;   {virtual_call}
  0x000001e053a05cc4: ffff ffe8 

  0x000001e053a05cc8: ; ImmutableOopMap {[32]=Oop [40]=NarrowOop [44]=NarrowOop [56]=Oop [64]=Oop [72]=NarrowOop [76]=NarrowOop [80]=Oop [104]=Oop [120]=Oop [176]=Oop }
                      ;*invokevirtual toString {reexecute=0 rethrow=0 return_oop=1}
                      ; - java.util.zip.ZipFile::getEntryName@38
                      ; - java.util.zip.ZipFile::getManifestName@41
                      ; - java.util.zip.ZipFile$1::getManifestName@2
                      ; - java.util.jar.JarFile::maybeInstantiateVerifier@20
                      ; - java.util.jar.JarFile::ensureInitialization@1
                      ; - java.util.jar.JavaUtilJarAccessImpl::ensureInitialization@1
                      ; - jdk.internal.loader.URLClassPath$JarLoader$2::getManifest@10
                      ; - java.net.URLClassLoader::defineClass@34
                      ; - java.net.URLClassLoader$1::run@43
                      ; - java.net.URLClassLoader$1::run@1
  0x000001e053a05cc8: b490 46ff 

  0x000001e053a05ccc: ;   {other}
  0x000001e053a05ccc: 0f1f 8400 | 3c42 003b | 4885 c00f | 8523 1700 | 0044 8b5c | 2428 4489 | 5c24 6444 | 8b54 242c 
  0x000001e053a05cec: 4489 5424 | 704c 8b54 | 2438 4c89 | 9424 8000 | 0000 4889 | 4424 f88b | 4424 4889 | 4424 2c48 
  0x000001e053a05d0c: 8b44 24f8 | 4c8b 5424 | 5044 8b4c | 244c 4c8b | 4424 78e9 | 73e2 ffff | 4489 5c24 | 604c 8944 
  0x000001e053a05d2c: 2468 4489 | 6c24 2848 | 8974 2458 | 4889 7c24 | 508b 6d38 | 4c8b d54c | 8954 2478 | 498b d245 
  0x000001e053a05d4c: 8bc3 6690 

  0x000001e053a05d50: ;   {static_call}
  0x000001e053a05d50: c5f8 77e8 

  0x000001e053a05d54: ; ImmutableOopMap {rbp=NarrowOop [32]=Oop [40]=NarrowOop [44]=NarrowOop [56]=Oop [64]=Oop [80]=Oop [88]=Oop [100]=NarrowOop [104]=Oop [112]=NarrowOop [120]=Oop [160]=Oop }
                      ;*invokestatic CENNAM {reexecute=0 rethrow=0 return_oop=0}
                      ; - java.util.zip.ZipFile::getEntryName@13
                      ; - java.util.zip.ZipFile::getManifestName@41
                      ; - java.util.zip.ZipFile$1::getManifestName@2
                      ; - java.util.jar.JarFile::maybeInstantiateVerifier@20
                      ; - java.util.jar.JarFile$JarFileEntry::getCodeSigners@4
                      ; - jdk.internal.loader.URLClassPath$JarLoader$2::getCodeSigners@4
                      ; - java.net.URLClassLoader::defineClass@185
                      ; - java.net.URLClassLoader$1::run@43
                      ; - java.net.URLClassLoader$1::run@1
  0x000001e053a05d54: 2893 46ff 

  0x000001e053a05d58: ;   {other}
  0x000001e053a05d58: 0f1f 8400 | c842 003c | 8944 2474 | 448b 5c24 | 2845 8b43 | 1845 8b50 | 1845 85d2 | 0f84 ba32 
  0x000001e053a05d78: 0000 498b | d244 8b44 | 2460 6690 

  0x000001e053a05d84: ;   {optimized virtual_call}
  0x000001e053a05d84: c5f8 77e8 

  0x000001e053a05d88: ; ImmutableOopMap {rbp=NarrowOop [32]=Oop [40]=NarrowOop [44]=NarrowOop [56]=Oop [64]=Oop [80]=Oop [88]=Oop [100]=NarrowOop [104]=Oop [112]=NarrowOop [120]=Oop [160]=Oop }
                      ;*invokevirtual zipCoderForPos {reexecute=0 rethrow=0 return_oop=1}
                      ; - java.util.zip.ZipFile::getEntryName@25
                      ; - java.util.zip.ZipFile::getManifestName@41
                      ; - java.util.zip.ZipFile$1::getManifestName@2
                      ; - java.util.jar.JarFile::maybeInstantiateVerifier@20
                      ; - java.util.jar.JarFile$JarFileEntry::getCodeSigners@4
                      ; - jdk.internal.loader.URLClassPath$JarLoader$2::getCodeSigners@4
                      ; - java.net.URLClassLoader::defineClass@185
                      ; - java.net.URLClassLoader$1::run@43
                      ; - java.net.URLClassLoader$1::run@1
  0x000001e053a05d88: f48c 46ff 

  0x000001e053a05d8c: ;   {other}
  0x000001e053a05d8c: 0f1f 8400 | fc42 003d | 448b 4c24 | 6041 83c1 | 2e48 8bd0 | 4c8b 4424 | 788b 7c24 | 7490 c5f8 
  0x000001e053a05dac: 7748 b8ff | ffff ffff 

  0x000001e053a05db4: ;   {virtual_call}
  0x000001e053a05db4: ffff ffe8 

  0x000001e053a05db8: ; ImmutableOopMap {[32]=Oop [40]=NarrowOop [44]=NarrowOop [56]=Oop [64]=Oop [80]=Oop [88]=Oop [100]=NarrowOop [104]=Oop [112]=NarrowOop [160]=Oop }
                      ;*invokevirtual toString {reexecute=0 rethrow=0 return_oop=1}
                      ; - java.util.zip.ZipFile::getEntryName@38
                      ; - java.util.zip.ZipFile::getManifestName@41
                      ; - java.util.zip.ZipFile$1::getManifestName@2
                      ; - java.util.jar.JarFile::maybeInstantiateVerifier@20
                      ; - java.util.jar.JarFile$JarFileEntry::getCodeSigners@4
                      ; - jdk.internal.loader.URLClassPath$JarLoader$2::getCodeSigners@4
                      ; - java.net.URLClassLoader::defineClass@185
                      ; - java.net.URLClassLoader$1::run@43
                      ; - java.net.URLClassLoader$1::run@1
  0x000001e053a05db8: c48f 46ff 

  0x000001e053a05dbc: ;   {other}
  0x000001e053a05dbc: 0f1f 8400 | 2c43 003e | 488b d84c | 8b44 2468 | 488d 8424 | e000 0000 | 4883 3800 | 0f84 7900 
  0x000001e053a05ddc: 0000 4d8b | 1041 f6c2 | 020f 8462 | 0000 0049 | 83ba 8600 | 0000 0074 | 0949 ff8a | 8600 0000 
  0x000001e053a05dfc: eb4b 498b | 8296 0000 | 0049 0b82 | 8e00 0000 | 750a 49c7 | 423e 0000 | 0000 eb3d | 4983 ba9e 
  0x000001e053a05e1c: 0000 0000 | 7422 4833 | c049 c742 | 3e00 0000 | 00f0 8304 | 2400 4983 | ba9e 0000 | 0000 750d 
  0x000001e053a05e3c: f04d 0fb1 | 7a3e 7505 | 83c8 01eb | 0ca8 00eb | 084c 8b10 | f04d 0fb1 | 1075 0a49 | ff8f 5005 
  0x000001e053a05e5c: 0000 4533 | d20f 8505 | 3200 0048 | 85db 0f85 | ff15 0000 | 488b 7c24 | 5048 8b74 | 2458 448b 
  0x000001e053a05e7c: 6c24 28e9 | 4de2 ffff | 448b 5c24 | 2844 895c | 2464 4889 | 4424 f88b | 4424 4889 | 4424 2c48 
  0x000001e053a05e9c: 8b44 24f8 | 4c8b 4424 | 5048 8b4c | 2458 488b | 5c24 788b | 7c24 4c44 | 8b54 2460 

  0x000001e053a05eb8: ;   {no_reloc}
  0x000001e053a05eb8: 8b74 2474 | e990 d4ff | ff44 8b5c | 2428 4489 | 5c24 6444 | 8b54 242c | 4489 5424 | 704c 8b54 
  0x000001e053a05ed8: 2438 4c8b | 5c24 4048 | 8944 24f8 | 8b44 2448 | 8944 242c | 488b 4424 | f848 8b4c | 2450 488b 
  0x000001e053a05ef8: 5c24 584d | 8bea 498b | fbe9 c0ed | ffff 897c | 247c 4889 | 9424 8000 | 0000 8974 | 2478 4489 
  0x000001e053a05f18: 5c24 7489 | 4c24 604c | 8954 2458 | 4489 4c24 | 4c4c 8944 | 2450 4889 | 4424 f88b | 4424 2c89 
  0x000001e053a05f38: 4424 4848 | 8b44 24f8 | 448b 5424 | 7044 8954 | 242c 448b | 5c24 6444 | 895c 2428 | 8b6d 384c 
  0x000001e053a05f58: 8bd5 4c89 | 9424 8800 | 0000 498b | d244 8bc7 

  0x000001e053a05f68: ;   {static_call}
  0x000001e053a05f68: c5f8 77e8 

  0x000001e053a05f6c: ; ImmutableOopMap {rbp=NarrowOop [32]=Oop [40]=NarrowOop [44]=NarrowOop [56]=Oop [64]=Oop [72]=NarrowOop [88]=Oop [96]=NarrowOop [104]=Oop [116]=NarrowOop [128]=Oop [136]=Oop }
                      ;*invokestatic CENNAM {reexecute=0 rethrow=0 return_oop=0}
                      ; - java.util.zip.ZipFile::getEntryName@13
                      ; - java.util.zip.ZipFile::getManifestName@41
                      ; - java.util.zip.ZipFile$1::getManifestName@2
                      ; - java.util.jar.JarFile::maybeInstantiateVerifier@20
                      ; - java.util.jar.JarFile::getInputStream@9
                      ; - jdk.internal.loader.URLClassPath$JarLoader$2::getInputStream@11
                      ; - jdk.internal.loader.Resource::cachedInputStream@9
                      ; - jdk.internal.loader.Resource::getByteBuffer@1
                      ; - java.net.URLClassLoader::defineClass@132
                      ; - java.net.URLClassLoader$1::run@43
                      ; - java.net.URLClassLoader$1::run@1
  0x000001e053a05f6c: 1091 46ff 

  0x000001e053a05f70: ;   {other}
  0x000001e053a05f70: 0f1f 8400 | e044 003f | 8944 2464 | 448b 5424 | 6045 8b52 | 1845 8b5a | 1845 85db | 0f84 0b31 
  0x000001e053a05f90: 0000 498b | d344 8b44 | 247c 6690 

  0x000001e053a05f9c: ;   {optimized virtual_call}
  0x000001e053a05f9c: c5f8 77e8 

  0x000001e053a05fa0: ; ImmutableOopMap {rbp=NarrowOop [32]=Oop [40]=NarrowOop [44]=NarrowOop [56]=Oop [64]=Oop [72]=NarrowOop [88]=Oop [96]=NarrowOop [104]=Oop [116]=NarrowOop [128]=Oop [136]=Oop }
                      ;*invokevirtual zipCoderForPos {reexecute=0 rethrow=0 return_oop=1}
                      ; - java.util.zip.ZipFile::getEntryName@25
                      ; - java.util.zip.ZipFile::getManifestName@41
                      ; - java.util.zip.ZipFile$1::getManifestName@2
                      ; - java.util.jar.JarFile::maybeInstantiateVerifier@20
                      ; - java.util.jar.JarFile::getInputStream@9
                      ; - jdk.internal.loader.URLClassPath$JarLoader$2::getInputStream@11
                      ; - jdk.internal.loader.Resource::cachedInputStream@9
                      ; - jdk.internal.loader.Resource::getByteBuffer@1
                      ; - java.net.URLClassLoader::defineClass@132
                      ; - java.net.URLClassLoader$1::run@43
                      ; - java.net.URLClassLoader$1::run@1
  0x000001e053a05fa0: dc8a 46ff 

  0x000001e053a05fa4: ;   {other}
  0x000001e053a05fa4: 0f1f 8400 | 1445 0040 | 448b 4c24 | 7c41 83c1 | 2e48 8bd0 | 4c8b 8424 | 8800 0000 | 8b7c 2464 
  0x000001e053a05fc4: 6690 c5f8 | 7748 b8ff | ffff ffff 

  0x000001e053a05fd0: ;   {virtual_call}
  0x000001e053a05fd0: ffff ffe8 

  0x000001e053a05fd4: ; ImmutableOopMap {[32]=Oop [40]=NarrowOop [44]=NarrowOop [56]=Oop [64]=Oop [72]=NarrowOop [88]=Oop [96]=NarrowOop [104]=Oop [116]=NarrowOop [128]=Oop }
                      ;*invokevirtual toString {reexecute=0 rethrow=0 return_oop=1}
                      ; - java.util.zip.ZipFile::getEntryName@38
                      ; - java.util.zip.ZipFile::getManifestName@41
                      ; - java.util.zip.ZipFile$1::getManifestName@2
                      ; - java.util.jar.JarFile::maybeInstantiateVerifier@20
                      ; - java.util.jar.JarFile::getInputStream@9
                      ; - jdk.internal.loader.URLClassPath$JarLoader$2::getInputStream@11
                      ; - jdk.internal.loader.Resource::cachedInputStream@9
                      ; - jdk.internal.loader.Resource::getByteBuffer@1
                      ; - java.net.URLClassLoader::defineClass@132
                      ; - java.net.URLClassLoader$1::run@43
                      ; - java.net.URLClassLoader$1::run@1
  0x000001e053a05fd4: a88d 46ff 

  0x000001e053a05fd8: ;   {other}
  0x000001e053a05fd8: 0f1f 8400 | 4845 0041 | 4885 c00f | 8583 1800 | 0044 8b54 | 2428 4489 | 5424 6444 | 8b5c 242c 
  0x000001e053a05ff8: 4489 5c24 | 7048 8944 | 24f8 8b44 | 2448 8944 | 242c 488b | 4424 f84c | 8b44 2450 | 448b 4c24 
  0x000001e053a06018: 4c4c 8b54 | 2458 8b4c | 2460 448b | 5c24 7448 | 8b94 2480 | 0000 00e9 | 94e1 ffff | 4489 5424 
  0x000001e053a06038: 2848 895c | 2450 48ff | b424 b000 | 0000 488f | 4424 4848 | 897c 2440 | 4c89 6c24 | 3866 6690 
  0x000001e053a06058: ;   {static_call}
  0x000001e053a06058: c5f8 77e8 

  0x000001e053a0605c: ; ImmutableOopMap {rbp=Oop [32]=Oop [40]=NarrowOop [44]=NarrowOop [56]=Oop [64]=Oop [72]=Oop [80]=Oop [100]=NarrowOop [104]=Oop [112]=NarrowOop [176]=Oop }
                      ;*invokestatic hashCode {reexecute=0 rethrow=0 return_oop=0}
                      ; - java.lang.String::hashCode@37
                      ; - java.util.concurrent.ConcurrentHashMap::get@1
                      ; - java.lang.ClassLoader::getDefinedPackage@13
                      ; - java.net.URLClassLoader::getAndVerifyPackage@2
                      ; - java.net.URLClassLoader::defineClass@46
                      ; - java.net.URLClassLoader$1::run@43
                      ; - java.net.URLClassLoader$1::run@1
  0x000001e053a0605c: 2090 46ff 

  0x000001e053a06060: ;   {other}
  0x000001e053a06060: 0f1f 8400 | d045 0042 | e97f cfff | ff48 8b4c | 2448 c641 | 1101 33c0 | 488b 5c24 | 5044 8b54 
  0x000001e053a06080: 2428 4c8b | 6c24 3848 | 8b7c 2440 | e97f cfff | ff44 8b5c | 2428 4489 | 5c24 6444 | 8b54 242c 
  0x000001e053a060a0: 4489 5424 | 7048 8944 | 24f8 8b44 | 2448 8944 | 242c 488b | 4424 f84c | 8b44 2450 | 488b 4c24 
  0x000001e053a060c0: 5848 8b5c | 2478 8b7c | 244c e90b | d5ff ff44 | 894c 2460 | 897c 244c | 4889 5c24 | 7848 894c 
  0x000001e053a060e0: 2458 4c89 | 4424 5048 | 8944 24f8 | 8b44 242c | 8944 2448 | 488b 4424 | f844 8b5c | 2470 4489 
  0x000001e053a06100: 5c24 2c44 | 8b54 2464 | 4489 5424 | 2866 6690 

  0x000001e053a06110: ;   {static_call}
  0x000001e053a06110: c5f8 77e8 

  0x000001e053a06114: ; ImmutableOopMap {rbp=Oop [32]=Oop [40]=NarrowOop [44]=NarrowOop [56]=Oop [64]=Oop [72]=NarrowOop [76]=NarrowOop [88]=Oop [96]=NarrowOop [104]=Oop [120]=Oop }
                      ;*invokestatic hashCode {reexecute=0 rethrow=0 return_oop=0}
                      ; - java.lang.String::hashCode@37
                      ; - java.util.concurrent.ConcurrentHashMap::get@1
                      ; - java.lang.ClassLoader::definePackage@47
                      ; - java.lang.ClassLoader::getDefinedPackage@32
                      ; - java.net.URLClassLoader::getAndVerifyPackage@2
                      ; - java.net.URLClassLoader::defineClass@46
                      ; - java.net.URLClassLoader$1::run@43
                      ; - java.net.URLClassLoader$1::run@1
  0x000001e053a06114: 688f 46ff 

  0x000001e053a06118: ;   {other}
  0x000001e053a06118: 0f1f 8400 | 8846 0043 | e98b d1ff | ff48 8b4c | 2458 c641 | 1101 33c0 | 448b 5c24 | 2844 895c 
  0x000001e053a06138: 2464 448b | 5424 2c44 | 8954 2470 | 4889 4424 | f88b 4424 | 4889 4424 | 2c48 8b44 | 24f8 4c8b 
  0x000001e053a06158: 4424 5048 | 8b5c 2478 | 8b7c 244c | 448b 4c24 | 60e9 8bd1 | ffff 4889 | 7c24 5848 | 8994 2480 
  0x000001e053a06178: 0000 0044 | 895c 2454 | 894c 2450 | 498b ea44 | 894c 2428 | 4c89 4424 | 4866 6690 

  0x000001e053a06194: ;   {optimized virtual_call}
  0x000001e053a06194: c5f8 77e8 

  0x000001e053a06198: ; ImmutableOopMap {rbp=Oop [32]=Oop [44]=NarrowOop [56]=Oop [64]=Oop [80]=NarrowOop [84]=NarrowOop [88]=Oop [100]=NarrowOop [104]=Oop [112]=NarrowOop [128]=Oop }
                      ;*invokevirtual initializeVerifier {reexecute=0 rethrow=0 return_oop=0}
                      ; - java.util.jar.JarFile::getInputStream@33
                      ; - jdk.internal.loader.URLClassPath$JarLoader$2::getInputStream@11
                      ; - jdk.internal.loader.Resource::cachedInputStream@9
                      ; - jdk.internal.loader.Resource::getByteBuffer@1
                      ; - java.net.URLClassLoader::defineClass@132
                      ; - java.net.URLClassLoader$1::run@43
                      ; - java.net.URLClassLoader$1::run@1
  0x000001e053a06198: e488 46ff 

  0x000001e053a0619c: ;   {other}
  0x000001e053a0619c: 0f1f 8400 | 0c47 0044 | 448b 5c24 | 5041 c643 | 1101 453b | 6330 0f84 | 930b 0000 | 4c8b d544 
  0x000001e053a061bc: 895c 2460 | 448b 5c24 | 5448 8b94 | 2480 0000 | 0048 8b7c | 2458 e934 | f0ff ff4c | 8b9c 2480 
  0x000001e053a061dc: 0000 0048 | 8d84 24e8 | 0000 0048 | 8338 000f | 8479 0000 | 004d 8b13 | 41f6 c202 | 0f84 6200 
  0x000001e053a061fc: 0000 4983 | ba86 0000 | 0000 7409 | 49ff 8a86 | 0000 00eb | 4b49 8b82 | 9600 0000 | 490b 828e 
  0x000001e053a0621c: 0000 0075 | 0a49 c742 | 3e00 0000 | 00eb 3d49 | 83ba 9e00 | 0000 0074 | 2248 33c0 | 49c7 423e 
  0x000001e053a0623c: 0000 0000 | f083 0424 | 0049 83ba | 9e00 0000 | 0075 0df0 | 4d0f b17a | 3e75 0583 | c801 eb0c 
  0x000001e053a0625c: a800 eb08 | 4c8b 10f0 | 4d0f b113 | 750a 49ff | 8f50 0500 | 0045 33d2 | 0f85 662e | 0000 33db 
  0x000001e053a0627c: e9ed d6ff | ff41 8b68 | 1c45 8b58 | 1845 85db | 0f84 792e | 0000 4c89 | 4424 5849 

  0x000001e053a06298: ;   {no_reloc}
  0x000001e053a06298: 8bd3 4c8b | cd41 b8ff | ffff ff90 

  0x000001e053a062a4: ;   {optimized virtual_call}
  0x000001e053a062a4: c5f8 77e8 

  0x000001e053a062a8: ; ImmutableOopMap {[32]=Oop [44]=NarrowOop [56]=Oop [64]=Oop [80]=Oop [88]=Oop [100]=NarrowOop [104]=Oop [112]=NarrowOop [128]=Oop }
                      ;*invokevirtual update {reexecute=0 rethrow=0 return_oop=0}
                      ; - java.util.jar.JarVerifier$VerifierStream::<init>@76
                      ; - java.util.jar.JarFile::getInputStream@84
                      ; - jdk.internal.loader.URLClassPath$JarLoader$2::getInputStream@11
                      ; - jdk.internal.loader.Resource::cachedInputStream@9
                      ; - jdk.internal.loader.Resource::getByteBuffer@1
                      ; - java.net.URLClassLoader::defineClass@132
                      ; - java.net.URLClassLoader$1::run@43
                      ; - java.net.URLClassLoader$1::run@1
  0x000001e053a062a8: d487 46ff 

  0x000001e053a062ac: ;   {other}
  0x000001e053a062ac: 0f1f 8400 | 1c48 0045 | 4c8b 4424 | 58e9 3bf4 | ffff 897c | 244c 4889 | 5c24 7848 | 894c 2458 
  0x000001e053a062cc: 4c89 4424 | 5048 8944 | 24f8 8b44 | 242c 8944 | 2448 488b | 4424 f844 | 8b5c 2470 | 4489 5c24 
  0x000001e053a062ec: 2c44 8b54 | 2464 4489 

  0x000001e053a062f4: ;   {metadata('java/lang/ClassLoader$$Lambda+0x000000010014bdb0')}
  0x000001e053a062f4: 5424 2848 | bab0 bd14 | 0001 0000 | 0066 6690 

  0x000001e053a06304: ;   {runtime_call _new_instance_Java}
  0x000001e053a06304: c5f8 77e8 

  0x000001e053a06308: ; ImmutableOopMap {rbp=NarrowOop [32]=Oop [40]=NarrowOop [44]=NarrowOop [56]=Oop [64]=Oop [72]=NarrowOop [76]=NarrowOop [88]=Oop [104]=Oop [120]=Oop }
                      ;*invokevirtual allocateInstance {reexecute=0 rethrow=0 return_oop=1}
                      ; - java.lang.invoke.DirectMethodHandle::allocateInstance@12
                      ; - java.lang.invoke.DirectMethodHandle$Holder::newInvokeSpecial@1
                      ; - java.lang.invoke.Invokers$Holder::linkToTargetMethod@6
                      ; - java.lang.ClassLoader::definePackage@73
                      ; - java.lang.ClassLoader::getDefinedPackage@32
                      ; - java.net.URLClassLoader::getAndVerifyPackage@2
                      ; - java.net.URLClassLoader::defineClass@46
                      ; - java.net.URLClassLoader$1::run@43
                      ; - java.net.URLClassLoader$1::run@1
  0x000001e053a06308: 7453 52ff 

  0x000001e053a0630c: ;   {other}
  0x000001e053a0630c: 0f1f 8400 | 7c48 0046 | 448b 5c24 | 2844 895c | 2464 448b | 5424 2c44 | 8954 2470 | 4889 4424 
  0x000001e053a0632c: f88b 4424 | 4889 4424 | 2c48 8b44 | 24f8 4c8b | 4424 5048 | 8b4c 2458 | 488b 5c24 | 788b 7c24 
  0x000001e053a0634c: 4c4c 8bc8 | e9cf d2ff | ff4c 898c | 2490 0000 | 0048 898c | 2488 0000 | 004c 8984 | 2480 0000 
  0x000001e053a0636c: 004c 895c | 2478 4889 | 4424 f88b | 4424 2c89 | 4424 5c48 | 8b44 24f8 | 4489 5424 | 584c 8b54 
  0x000001e053a0638c: 2440 4c89 | 5424 504c | 8b54 2438 | 4c89 5424 | 4848 8954 | 2440 448b | 5424 7044 | 8954 243c 
  0x000001e053a063ac: 448b 5c24 | 6444 895c | 2438 4c8b | 5424 684c | 8954 2428 

  0x000001e053a063c0: ;   {metadata({type array byte})}
  0x000001e053a063c0: 48ba c80a | 0400 0100 | 0000 448b | 4424 584c | 8b54 2478 | 4c89 5424 | 7066 6690 

  0x000001e053a063dc: ;   {runtime_call _new_array_nozero_Java}
  0x000001e053a063dc: c5f8 77e8 

  0x000001e053a063e0: ; ImmutableOopMap {[32]=Oop [40]=Oop [56]=NarrowOop [60]=NarrowOop [64]=Oop [128]=Derived_oop_[64] [72]=Oop [80]=Oop [92]=NarrowOop [112]=Oop [120]=Oop }
                      ;*newarray {reexecute=0 rethrow=0 return_oop=1}
                      ; - java.util.Arrays::copyOfRangeByte@10
                      ; - java.util.Arrays::copyOfRange@13
                      ; - java.lang.StringLatin1::newString@16
                      ; - java.lang.String::substring@41
                      ; - java.net.URLClassLoader::defineClass@28
                      ; - java.net.URLClassLoader$1::run@43
                      ; - java.net.URLClassLoader$1::run@1
  0x000001e053a063e0: 1c4c 52ff 

  0x000001e053a063e4: ;   {other}
  0x000001e053a063e4: 0f1f 8400 | 5449 0047 | 4c8b 5424 | 284c 8954 | 2468 448b | 5424 3844 | 8954 2464 | 448b 5c24 
  0x000001e053a06404: 3c44 895c | 2470 4c8b | 5424 484c | 8954 2438 | 4c8b 5424 | 504c 8954 | 2440 448b | 5424 5848 
  0x000001e053a06424: 8944 24f8 | 8b44 245c | 8944 242c | 488b 4424 | f84c 8b5c | 2478 4c8b | 8424 8000 | 0000 488b 
  0x000001e053a06444: d848 8b8c | 2488 0000 | 004c 8b8c | 2490 0000 | 00e9 01c8 | ffff 488b 

  0x000001e053a0645c: ;   {metadata('java/lang/String')}
  0x000001e053a0645c: 6c24 2048 | ba90 2004 | 0001 0000 | 0066 6690 

  0x000001e053a0646c: ;   {runtime_call _new_instance_Java}
  0x000001e053a0646c: c5f8 77e8 

  0x000001e053a06470: ; ImmutableOopMap {rbp=Oop [32]=Oop }
                      ;*new {reexecute=0 rethrow=0 return_oop=1}
                      ; - java.lang.StringConcatHelper::simpleConcat@17
                      ; - java.lang.String::concat@11
                      ; - java.net.URLClassLoader$1::run@13
                      ; - java.net.URLClassLoader$1::run@1
  0x000001e053a06470: 0c52 52ff 

  0x000001e053a06474: ;   {other}
  0x000001e053a06474: 0f1f 8400 | e449 0048 | e927 daff | ff41 8be8 | e963 c0ff | ff44 8b57 | 1c45 85d2 | 0f84 d5df 
  0x000001e053a06494: ffff 4d8b | 5f28 498b | ca4d 85db | 0f84 9a26 | 0000 4d8b | 5738 4b89 | 4c1a f849 | 83c3 f84d 
  0x000001e053a064b4: 895f 28e9 | afdf ffff | 448b 5710 | 4585 d20f | 845e dfff | ff4d 8b5f | 2849 8bca | 4d85 db0f 
  0x000001e053a064d4: 8427 2600 | 004d 8b57 | 384b 894c | 1af8 4983 | c3f8 4d89 | 5f28 e938 | dfff ff44 | 8b57 2045 
  0x000001e053a064f4: 85d2 0f84 | 7adf ffff | 4d8b 5f28 | 498b ca4d | 85db 0f84 | 1426 0000 | 4d8b 5738 | 4b89 4c1a 
  0x000001e053a06514: f849 83c3 | f84d 895f | 28e9 54df | ffff 85ed | 0f85 dedf | ffff 4c8b | 4424 78e9 | 6d23 0000 
  0x000001e053a06534: 4c8b d745 | 8b5a 2445 | 85db 0f84 | 77df ffff | 4d8b 5728 | 498b cb4d | 85d2 0f84 | 0c26 0000 
  0x000001e053a06554: 4d8b 5f38 | 4b89 4c13 | f849 83c2 | f84d 8957 | 284c 8bd7 | e94e dfff | ff85 ff0f 

  0x000001e053a06570: ;   {no_reloc}
  0x000001e053a06570: 84ab 2b00 | 004c 8bc3 | e95f e0ff | ff4c 8b5c | 2478 458b | 531c 4585 | d20f 8407 | e0ff ff4d 
  0x000001e053a06590: 8b5f 2849 | 8bca 4d85 | db0f 84e1 | 2500 004d | 8b57 384b | 894c 1af8 | 4983 c3f8 | 4d89 5f28 
  0x000001e053a065b0: 4c8b 5c24 | 78e9 dcdf | ffff 85f6 | 0f84 662b | 0000 4c8b | c3e9 61e0 | ffff 498b | d845 8b50 
  0x000001e053a065d0: 2045 85d2 | 0f84 10e0 | ffff 4d8b | 5f28 498b | ca4d 85db | 0f84 b625 | 0000 4d8b | 5738 4b89 
  0x000001e053a065f0: 4c1a f849 | 83c3 f84d | 895f 28e9 | eadf ffff | 498b d844 | 8b56 1c45 | 85d2 0f84 | 29e0 ffff 
  0x000001e053a06610: 4d8b 5f28 | 498b ca4d | 85db 0f84 | a025 0000 | 4d8b 5738 | 4b89 4c1a | f849 83c3 | f84d 895f 
  0x000001e053a06630: 28e9 03e0 | ffff 448b | 5320 4585 | d20f 8444 | e0ff ff49 | 8bf8 4d8b | 5f28 498b | ca4d 85db 
  0x000001e053a06650: 0f84 b625 | 0000 4d8b | 5738 4b89 | 4c1a f849 | 83c3 f84d | 895f 284c | 8bc7 e918 | e0ff ff45 
  0x000001e053a06670: ;   {no_reloc}
  0x000001e053a06670: 8b51 1045 | 85d2 7433 | 498b f141 | 8bfb 498b | d84d 8b5f | 2849 8bca | 4d85 db0f | 849b 2500 
  0x000001e053a06690: 004d 8b57 | 384b 894c | 1af8 4983 | c3f8 4d89 | 5f28 4c8b | c344 8bdf | 4c8b ce49 | 8bf0 418b 
  0x000001e053a066b0: ebe9 ffe0 | ffff 4c8b | 4c24 5845 | 8b51 2445 | 85d2 0f84 | 82e1 ffff | 4d8b 5f28 | 498b ca4d 
  0x000001e053a066d0: 85db 0f84 | 0825 0000 | 4d8b 5738 | 4b89 4c1a | f849 83c3 | f84d 895f | 28e9 5ce1 | ffff 4c8b 
  0x000001e053a066f0: c644 8b56 | 2845 85d2 | 0f84 0ce1 | ffff 4d8b | 5f28 498b | ca4d 85db | 0f84 3e25 | 0000 4d8b 
  0x000001e053a06710: 5738 4b89 | 4c1a f849 | 83c3 f84d | 895f 284c | 8bc6 e9e3 | e0ff ff4c | 8b4c 2458 | 458b 5914 
  0x000001e053a06730: 4585 db0f | 84db e1ff | ff4d 8b57 | 2849 8bcb | 4d85 d20f | 8423 2500 | 004d 8b5f | 384b 894c 
  0x000001e053a06750: 13f8 4983 | c2f8 4d89 | 5728 e9b5 | e1ff ff49 | 8b5f 5849 | 8b77 48f0 | 8344 24c0 | 0080 3900 
  0x000001e053a06770: ;   {no_reloc}
  0x000001e053a06770: 0f84 b7db | ffff 4488 | 2148 85f6 | 755e 4489 | 5424 4448 | 897c 2450 | 4c89 5c24 | 4844 894c 
  0x000001e053a06790: 2440 4c89 | 4424 384d | 8bf5 4c8b | ea49 8bd7 | c5f8 7749 | bae0 290c | e0f8 7f00 | 0041 ffd2 
  0x000001e053a067b0: ;   {other}
  0x000001e053a067b0: 0f1f 8400 | 0000 0000 | 498b d54d | 8bee 4c8b | 4424 3844 | 8b4c 2440 | 4c8b 5c24 | 4848 8b7c 
  0x000001e053a067d0: 2450 448b | 5424 44e9 | 51db ffff | 4889 4c33 | f848 83c6 | f849 8977 | 48e9 3fdb | ffff 4d8b 
  0x000001e053a067f0: 5748 4d8b | 5f58 f083 | 4424 c000 | 8039 000f | 8407 dcff | ff44 8821 | 4d85 d275 | 2049 8bd7 
  0x000001e053a06810: c5f8 7749 | bae0 290c | e0f8 7f00 | 0041 ffd2 

  0x000001e053a06820: ;   {other}
  0x000001e053a06820: 0f1f 8400 | 0000 0000 | e9df dbff | ff4b 894c | 13f8 4983 | c2f8 4d89 | 5748 e9cd | dbff ff4d 
  0x000001e053a06840: 8b57 484d | 8b5f 58f0 | 8344 24c0 | 0080 3900 | 0f84 04dc | ffff 4488 | 214d 85d2 | 7520 498b 
  0x000001e053a06860: d7c5 f877 | 49ba e029 | 0ce0 f87f | 0000 41ff 

  0x000001e053a06870: ;   {other}
  0x000001e053a06870: d20f 1f84 | 0000 0000 | 00e9 dcdb | ffff 4b89 | 4c13 f849 | 83c2 f84d | 8957 48e9 | cadb ffff 
  0x000001e053a06890: 4d8b 5748 | 4d8b 5f58 | f083 4424 | c000 8039 | 0074 3244 | 8821 4d85 | d274 0f4b | 894c 13f8 
  0x000001e053a068b0: 4983 c2f8 | 4d89 5748 | eb1b 498b | d7c5 f877 | 49ba e029 | 0ce0 f87f | 0000 41ff 

  0x000001e053a068cc: ;   {other}
  0x000001e053a068cc: d20f 1f84 | 0000 0000 | 004c 8b44 | 2478 418b | 6824 85ed | 0f85 1ddc | ffff e9b6 | 1f00 004d 
  0x000001e053a068ec: 8b57 484d | 8b5f 58f0 | 8344 24c0 | 0080 3900 | 7432 4488 | 214d 85d2 | 740f 4b89 | 4c13 f849 
  0x000001e053a0690c: 83c2 f84d | 8957 48eb | 1b49 8bd7 | c5f8 7749 | bae0 290c | e0f8 7f00 | 0041 ffd2 

  0x000001e053a06928: ;   {other}
  0x000001e053a06928: 0f1f 8400 | 0000 0000 | 4c8b c341 | 8b78 2485 | ff0f 859d | dcff ffe9 | b31f 0000 | 4d8b 5748 
  0x000001e053a06948: 4d8b 5f58 | f083 4424 | c000 8039 | 0074 3244 | 8821 4d85 | d274 0f4b | 894c 13f8 | 4983 c2f8 
  0x000001e053a06968: 4d89 5748 | eb1b 498b | d7c5 f877 | 49ba e029 | 0ce0 f87f | 0000 41ff 

  0x000001e053a06980: ;   {other}
  0x000001e053a06980: d20f 1f84 | 0000 0000 | 004c 8bc3 | 8b73 2085 | f60f 8594 | dcff ffe9 | ab1f 0000 | 4d8b 5748 
  0x000001e053a069a0: 4d8b 5f58 | f083 4424 | c000 8039 | 000f 84bb | dcff ff44 | 8821 4d85 | d275 2049 | 8bd7 c5f8 
  0x000001e053a069c0: 7749 bae0 | 290c e0f8 | 7f00 0041 

  0x000001e053a069cc: ;   {other}
  0x000001e053a069cc: ffd2 0f1f | 8400 0000 | 0000 e993 | dcff ff4b | 894c 13f8 | 4983 c2f8 | 4d89 5748 | e981 dcff 
  0x000001e053a069ec: ff4d 8b57 | 484d 8b5f | 58f0 8344 | 24c0 0080 | 3900 0f84 | 76de ffff | 4488 214d | 85d2 7526 
  0x000001e053a06a0c: 498b d949 | 8bd7 c5f8 | 7749 bae0 | 290c e0f8 | 7f00 0041 

  0x000001e053a06a20: ;   {other}
  0x000001e053a06a20: ffd2 0f1f | 8400 0000 | 0000 4c8b | cbe9 48de | ffff 4b89 | 4c13 f849 | 83c2 f84d | 8957 48e9 
  0x000001e053a06a40: 36de ffff | 4d8b 5748 | 4d8b 5f58 | f083 4424 | c000 8039 | 000f 849b | ddff ff44 | 8821 4d85 
  0x000001e053a06a60: d275 2049 | 8bd7 c5f8 | 7749 bae0 | 290c e0f8 | 7f00 0041 

  0x000001e053a06a74: ;   {other}
  0x000001e053a06a74: ffd2 0f1f | 8400 0000 | 0000 e973 | ddff ff4b | 894c 13f8 | 4983 c2f8 | 4d89 5748 | e961 ddff 
  0x000001e053a06a94: ff41 8bfb | 498b d84d | 8b57 484d | 8b5f 58f0 | 8344 24c0 | 0080 3900 | 7432 4488 | 214d 85d2 
  0x000001e053a06ab4: 740f 4b89 | 4c13 f849 | 83c2 f84d | 8957 48eb | 1b49 8bd7 | c5f8 7749 | bae0 290c | e0f8 7f00 
  0x000001e053a06ad4: 0041 ffd2 

  0x000001e053a06ad8: ;   {other}
  0x000001e053a06ad8: 0f1f 8400 | 0000 0000 | 4c8b c344 | 8bdf e9d1 | dbff ff4d | 8b57 484d | 8b5f 58f0 | 8344 24c0 
  0x000001e053a06af8: 0080 3900 | 0f84 38dd | ffff 4488 | 214d 85d2 | 7526 498b | d849 8bd7 | c5f8 7749 | bae0 290c 
  0x000001e053a06b18: e0f8 7f00 | 0041 ffd2 

  0x000001e053a06b20: ;   {other}
  0x000001e053a06b20: 0f1f 8400 | 0000 0000 | 4c8b c3e9 | 0add ffff | 4b89 4c13 | f849 83c2 | f84d 8957 | 48e9 f8dc 
  0x000001e053a06b40: ffff 4d8b | 5748 4d8b | 5f58 f083 | 4424 c000 | 8039 000f | 84f7 ddff | ff44 8821 | 4d85 d275 
  0x000001e053a06b60: 2949 8bd9 | 498b d7c5 | f877 49ba | e029 0ce0 | f87f 0000 

  0x000001e053a06b74: ;   {other}
  0x000001e053a06b74: 41ff d20f | 1f84 0000 | 0000 004c | 8bcb 488b | dde9 c6dd | ffff 4b89 | 4c13 f849 | 83c2 f84d 
  0x000001e053a06b94: 8957 48e9 | b4dd ffff | 458b 5828 | 4585 db0f | 8421 dfff | ff4d 8b57 | 2849 8bcb | 4d85 d20f 
  0x000001e053a06bb4: 8431 2100 | 004d 8b5f | 384b 894c | 13f8 4983 | c2f8 4d89 | 5728 e9fb | deff ff45 | 8b50 1045 
  0x000001e053a06bd4: 85d2 0f84 | abde ffff | 4d8b 5f28 | 498b ca4d | 85db 0f84 | d220 0000 | 4d8b 5738 | 4b89 4c1a 
  0x000001e053a06bf4: f849 83c3 | f84d 895f | 28e9 85de | ffff 4c8b | 4424 5845 | 8b58 1845 | 85db 0f84 | 2ede ffff 
  0x000001e053a06c14: 4d8b 5728 | 498b cb4d | 85d2 0f84 | 6e20 0000 | 4d8b 5f38 | 4b89 4c13 | f849 83c2 | f84d 8957 
  0x000001e053a06c34: 28e9 08de | ffff 4d8b | 5748 4d8b | 5f58 f083 | 4424 c000 | 8039 000f | 84b2 deff | ff44 8821 
  0x000001e053a06c54: 4d85 d275 | 2649 8bd8 | 498b d7c5 | f877 49ba | e029 0ce0 | f87f 0000 

  0x000001e053a06c6c: ;   {other}
  0x000001e053a06c6c: 41ff d20f | 1f84 0000 | 0000 004c | 8bc3 e984 | deff ff4b | 894c 13f8 | 4983 c2f8 | 4d89 5748 
  0x000001e053a06c8c: e972 deff | ff4d 8b57 | 484d 8b5f | 58f0 8344 | 24c0 0080 | 3900 0f84 | cedd ffff | 4488 214d 
  0x000001e053a06cac: 85d2 752c | 498b f949 | 8bd8 498b | d7c5 f877 | 49ba e029 | 0ce0 f87f | 0000 41ff 

  0x000001e053a06cc8: ;   {other}
  0x000001e053a06cc8: d20f 1f84 | 0000 0000 | 004c 8bc3 | 4c8b cfe9 | 9add ffff | 4b89 4c13 | f849 83c2 | f84d 8957 
  0x000001e053a06ce8: 48e9 88dd | ffff 4d8b | 5748 4d8b | 5f58 f083 | 4424 c000 | 8039 000f | 84ba ddff | ff44 8821 
  0x000001e053a06d08: 4d85 d275 | 2c49 8bf9 | 498b d849 | 8bd7 c5f8 | 7749 bae0 | 290c e0f8 | 7f00 0041 

  0x000001e053a06d24: ;   {other}
  0x000001e053a06d24: ffd2 0f1f | 8400 0000 | 0000 4c8b | c34c 8bcf | e986 ddff | ff4b 894c | 13f8 4983 | c2f8 4d89 
  0x000001e053a06d44: 5748 e974 | ddff ff48 | 8b94 2480 | 0000 004c | 8b44 2458 

  0x000001e053a06d58: ;   {optimized virtual_call}
  0x000001e053a06d58: c5f8 77e8 

  0x000001e053a06d5c: ; ImmutableOopMap {rbp=Oop [32]=Oop [44]=NarrowOop [56]=Oop [64]=Oop [100]=NarrowOop [104]=Oop [112]=NarrowOop [128]=Oop }
                      ;*invokespecial getInputStream {reexecute=0 rethrow=0 return_oop=1}
                      ; - java.util.jar.JarFile::getInputStream@50
                      ; - jdk.internal.loader.URLClassPath$JarLoader$2::getInputStream@11
                      ; - jdk.internal.loader.Resource::cachedInputStream@9
                      ; - jdk.internal.loader.Resource::getByteBuffer@1
                      ; - java.net.URLClassLoader::defineClass@132
                      ; - java.net.URLClassLoader$1::run@43
                      ; - java.net.URLClassLoader$1::run@1
  0x000001e053a06d5c: 207d 46ff 

  0x000001e053a06d60: ;   {other}
  0x000001e053a06d60: 0f1f 8400 | d052 0049 | 488b d84c | 8b9c 2480 | 0000 0048 | 8d84 24e8 | 0000 0048 | 8338 000f 
  0x000001e053a06d80: 8479 0000 | 004d 8b13 | 41f6 c202 | 0f84 6200 | 0000 4983 | ba86 0000 | 0000 7409 | 49ff 8a86 
  0x000001e053a06da0: 0000 00eb | 4b49 8b82 | 9600 0000 | 490b 828e | 0000 0075 | 0a49 c742 | 3e00 0000 | 00eb 3d49 
  0x000001e053a06dc0: 83ba 9e00 | 0000 0074 | 2248 33c0 | 49c7 423e | 0000 0000 | f083 0424 | 0049 83ba | 9e00 0000 
  0x000001e053a06de0: 0075 0df0 | 4d0f b17a | 3e75 0583 | c801 eb0c | a800 eb08 | 4c8b 10f0 | 4d0f b113 | 750a 49ff 
  0x000001e053a06e00: 8f50 0500 | 0045 33d2 | 0f84 60cb | ffff 498b | cb48 8d94 | 24e8 0000 | 004d 8bc7 | c5f8 7749 
  0x000001e053a06e20: bab0 d74d | e0f8 7f00 | 0041 ffd2 

  0x000001e053a06e2c: ;   {other}
  0x000001e053a06e2c: 0f1f 8400 | 0000 0000 | e935 cbff | ffba f6ff | ffff 488b | 6c24 204c | 8944 2420 

  0x000001e053a06e48: ;   {runtime_call UncommonTrapBlob}
  0x000001e053a06e48: c5f8 77e8 

  0x000001e053a06e4c: ; ImmutableOopMap {rbp=Oop [32]=Oop }
                      ;*invokevirtual getResource {reexecute=0 rethrow=0 return_oop=0}
                      ; - java.net.URLClassLoader$1::run@26
                      ; - java.net.URLClassLoader$1::run@1
  0x000001e053a06e4c: b0d4 46ff 

  0x000001e053a06e50: ;   {other}
  0x000001e053a06e50: 0f1f 8400 | c053 004a | ba76 ffff | ff48 8b6c | 2420 897c | 2420 894c | 2428 895c | 242c 6690 
  0x000001e053a06e70: ;   {runtime_call UncommonTrapBlob}
  0x000001e053a06e70: c5f8 77e8 

  0x000001e053a06e74: ; ImmutableOopMap {rbp=Oop [32]=NarrowOop [44]=NarrowOop }
                      ;*if_icmpge {reexecute=1 rethrow=0 return_oop=0}
                      ; - (reexecute) java.lang.StringLatin1::replace@19
                      ; - java.lang.String::replace@18
                      ; - java.net.URLClassLoader$1::run@8
                      ; - java.net.URLClassLoader$1::run@1
  0x000001e053a06e74: 88d4 46ff 

  0x000001e053a06e78: ;   {other}
  0x000001e053a06e78: 0f1f 8400 | e853 004b | 4963 d0e9 | cfb9 ffff | bacc ffff | ff48 8b6c | 2420 4c89 | 4c24 2048 
  0x000001e053a06e98: 897c 2430 | 4889 5c24 | 3889 7424 | 4066 6690 

  0x000001e053a06ea8: ;   {runtime_call UncommonTrapBlob}
  0x000001e053a06ea8: c5f8 77e8 

  0x000001e053a06eac: ; ImmutableOopMap {rbp=Oop [32]=Oop [56]=Oop }
                      ;*invokestatic arraycopy {reexecute=0 rethrow=0 return_oop=0}
                      ; - java.lang.String::getBytes@22
                      ; - java.lang.StringConcatHelper::prepend@21
                      ; - java.lang.StringConcatHelper::simpleConcat@71
                      ; - java.lang.String::concat@11
                      ; - java.net.URLClassLoader$1::run@13
                      ; - java.net.URLClassLoader$1::run@1
  0x000001e053a06eac: 50d4 46ff 

  0x000001e053a06eb0: ;   {other}
  0x000001e053a06eb0: 0f1f 8400 | 2054 004c | bacc ffff | ff48 8b6c | 2420 4c89 | 5c24 2048 | 895c 2430 | 4489 5424 
  0x000001e053a06ed0: 3866 6690 

  0x000001e053a06ed4: ;   {runtime_call UncommonTrapBlob}
  0x000001e053a06ed4: c5f8 77e8 

  0x000001e053a06ed8: ; ImmutableOopMap {rbp=Oop [32]=Oop [48]=Oop }
                      ;*invokestatic arraycopy {reexecute=0 rethrow=0 return_oop=0}
                      ; - java.lang.String::getBytes@22
                      ; - java.lang.StringConcatHelper::prepend@21
                      ; - java.lang.StringConcatHelper::simpleConcat@81
                      ; - java.lang.String::concat@11
                      ; - java.net.URLClassLoader$1::run@13
                      ; - java.net.URLClassLoader$1::run@1
  0x000001e053a06ed8: 24d4 46ff 

  0x000001e053a06edc: ;   {other}
  0x000001e053a06edc: 0f1f 8400 | 4c54 004d | ba76 ffff | ff89 7c24 | 284c 895c | 2430 894c | 243c 895c | 2440 6690 
  0x000001e053a06efc: ;   {runtime_call UncommonTrapBlob}
  0x000001e053a06efc: c5f8 77e8 

  0x000001e053a06f00: ; ImmutableOopMap {[32]=Oop [40]=NarrowOop [48]=Oop [64]=NarrowOop }
                      ;*if_icmpge {reexecute=1 rethrow=0 return_oop=0}
                      ; - (reexecute) java.lang.StringLatin1::replace@82
                      ; - java.lang.String::replace@18
                      ; - java.net.URLClassLoader$1::run@8
                      ; - java.net.URLClassLoader$1::run@1
  0x000001e053a06f00: fcd3 46ff 

  0x000001e053a06f04: ;   {other}
  0x000001e053a06f04: 0f1f 8400 | 7454 004e | ba76 ffff | ff89 7c24 | 2889 4c24 | 2c4c 895c | 2430 895c | 243c 6690 
  0x000001e053a06f24: ;   {runtime_call UncommonTrapBlob}
  0x000001e053a06f24: c5f8 77e8 

  0x000001e053a06f28: ; ImmutableOopMap {[32]=Oop [40]=NarrowOop [48]=Oop [60]=NarrowOop }
                      ;*if_icmpge {reexecute=1 rethrow=0 return_oop=0}
                      ; - (reexecute) java.lang.StringLatin1::replace@61
                      ; - java.lang.String::replace@18
                      ; - java.net.URLClassLoader$1::run@8
                      ; - java.net.URLClassLoader$1::run@1
  0x000001e053a06f28: d4d3 46ff 

  0x000001e053a06f2c: ;   {other}
  0x000001e053a06f2c: 0f1f 8400 | 9c54 004f | b801 0000 | 00e9 dab6 | ffff baf6 | ffff ff48 | 8b6c 2420 | 4889 4424 
  0x000001e053a06f4c: 3066 6690 

  0x000001e053a06f50: ;   {runtime_call UncommonTrapBlob}
  0x000001e053a06f50: c5f8 77e8 

  0x000001e053a06f54: ; ImmutableOopMap {rbp=Oop [48]=Oop [104]=Oop [112]=NarrowOop }
                      ;*invokevirtual defineClass {reexecute=0 rethrow=0 return_oop=0}
                      ; - java.net.URLClassLoader$1::run@43
                      ; - java.net.URLClassLoader$1::run@1
  0x000001e053a06f54: a8d3 46ff 

  0x000001e053a06f58: ;   {other}
  0x000001e053a06f58: 0f1f 8400 | c854 0050 | ba45 ffff | ff66 6690 

  0x000001e053a06f68: ;   {runtime_call UncommonTrapBlob}
  0x000001e053a06f68: c5f8 77e8 

  0x000001e053a06f6c: ; ImmutableOopMap {rbp=NarrowOop [32]=Oop [44]=NarrowOop [100]=NarrowOop [104]=Oop [112]=NarrowOop }
                      ;*ifeq {reexecute=1 rethrow=0 return_oop=0}
                      ; - (reexecute) jdk.internal.loader.Resource::getByteBuffer@9
                      ; - java.net.URLClassLoader::defineClass@132
                      ; - java.net.URLClassLoader$1::run@43
                      ; - java.net.URLClassLoader$1::run@1
  0x000001e053a06f6c: 90d3 46ff 

  0x000001e053a06f70: ;   {other}
  0x000001e053a06f70: 0f1f 8400 | e054 0051 | bae4 ffff | ff4c 896c | 2440 4c89 | 4424 4844 | 894c 2454 

  0x000001e053a06f8c: ;   {runtime_call UncommonTrapBlob}
  0x000001e053a06f8c: c5f8 77e8 

  0x000001e053a06f90: ; ImmutableOopMap {[32]=Oop [40]=Oop [64]=Oop [84]=NarrowOop [100]=NarrowOop [112]=NarrowOop [160]=Oop }
                      ;*invokestatic checkIndex {reexecute=0 rethrow=0 return_oop=0}
                      ; - java.nio.Buffer::checkIndex@8
                      ; - java.nio.DirectLongBufferU::get@11
                      ; - jdk.internal.perf.PerfCounter::get@5
                      ; - jdk.internal.perf.PerfCounter::add@1
                      ; - jdk.internal.perf.PerfCounter::addElapsedTimeFrom@6
                      ; - java.net.URLClassLoader::defineClass@207
                      ; - java.net.URLClassLoader$1::run@43
                      ; - java.net.URLClassLoader$1::run@1
  0x000001e053a06f90: 6cd3 46ff 

  0x000001e053a06f94: ;   {other}
  0x000001e053a06f94: 0f1f 8400 | 0455 0052 | ba76 ffff | ff48 8b6c | 2420 4489 | 4c24 2044 | 895c 2428 | 4c8b 5424 
  0x000001e053a06fb4: 684c 8954 | 2438 6690 

  0x000001e053a06fbc: ;   {runtime_call UncommonTrapBlob}
  0x000001e053a06fbc: c5f8 77e8 

  0x000001e053a06fc0: ; ImmutableOopMap {rbp=Oop [32]=NarrowOop [56]=Oop [100]=NarrowOop [112]=NarrowOop }
                      ;*iflt {reexecute=1 rethrow=0 return_oop=0}
                      ; - (reexecute) java.lang.StringLatin1::lastIndexOf@19
                      ; - java.lang.String::lastIndexOf@13
                      ; - java.lang.String::lastIndexOf@8
                      ; - java.net.URLClassLoader::defineClass@7
                      ; - java.net.URLClassLoader$1::run@43
                      ; - java.net.URLClassLoader$1::run@1
  0x000001e053a06fc0: 3cd3 46ff 

  0x000001e053a06fc4: ;   {other}
  0x000001e053a06fc4: 0f1f 8400 | 3455 0053 | 33ed 4585 | d240 0f94 | c5ba 45ff | ffff 895c | 2428 6690 

  0x000001e053a06fe0: ;   {runtime_call UncommonTrapBlob}
  0x000001e053a06fe0: c5f8 77e8 

  0x000001e053a06fe4: ; ImmutableOopMap {[32]=Oop [40]=NarrowOop }
                      ;*ifeq {reexecute=1 rethrow=0 return_oop=0}
                      ; - (reexecute) java.lang.String::replace@9
                      ; - java.net.URLClassLoader$1::run@8
                      ; - java.net.URLClassLoader$1::run@1
  0x000001e053a06fe4: 18d3 46ff 

  0x000001e053a06fe8: ;   {other}
  0x000001e053a06fe8: 0f1f 8400 | 5855 0054 | baf6 ffff | ff48 8b6c | 2420 4889 | 5c24 5090 

  0x000001e053a07000: ;   {runtime_call UncommonTrapBlob}
  0x000001e053a07000: c5f8 77e8 

  0x000001e053a07004: ; ImmutableOopMap {rbp=Oop [44]=NarrowOop [80]=Oop [100]=NarrowOop [104]=Oop [112]=NarrowOop [176]=Oop }
                      ;*invokevirtual get {reexecute=0 rethrow=0 return_oop=0}
                      ; - java.lang.ClassLoader::getDefinedPackage@13
                      ; - java.net.URLClassLoader::getAndVerifyPackage@2
                      ; - java.net.URLClassLoader::defineClass@46
                      ; - java.net.URLClassLoader$1::run@43
                      ; - java.net.URLClassLoader$1::run@1
  0x000001e053a07004: f8d2 46ff 

  0x000001e053a07008: ;   {other}
  0x000001e053a07008: 0f1f 8400 | 7855 0055 | bae4 ffff | ff4c 8b54 | 2468 4c89 | 5424 3844 | 8b5c 2464 | 4489 5c24 
  0x000001e053a07028: 2848 8944 | 2460 4489 | 4424 6890 

  0x000001e053a07034: ;   {runtime_call UncommonTrapBlob}
  0x000001e053a07034: c5f8 77e8 

  0x000001e053a07038: ; ImmutableOopMap {[32]=Oop [40]=NarrowOop [44]=NarrowOop [56]=Oop [80]=Oop [96]=Oop [112]=NarrowOop }
                      ;*invokestatic checkIndex {reexecute=0 rethrow=0 return_oop=0}
                      ; - java.util.zip.CRC32::updateBytesCheck@30
                      ; - java.util.zip.CRC32::updateBytes@3
                      ; - java.util.zip.CRC32::update@31
                      ; - java.util.zip.Checksum::update@5
                      ; - jdk.internal.loader.URLClassPath$JarLoader$2::getBytes@15
                      ; - java.net.URLClassLoader::defineClass@179
                      ; - java.net.URLClassLoader$1::run@43
                      ; - java.net.URLClassLoader$1::run@1
  0x000001e053a07038: c4d2 46ff 

  0x000001e053a0703c: ;   {other}
  0x000001e053a0703c: 0f1f 8400 | ac55 0056 | 4c89 4424 | 5848 8944 | 24f8 8b44 | 242c 8944 | 2450 488b | 4424 f848 
  0x000001e053a0705c: 897c 2448 | 4c89 6c24 | 4044 8b54 | 2470 4489 | 5424 3c44 | 8b5c 2464 | 4489 5c24 | 3848 8b6c 
  0x000001e053a0707c: 2420 488b | 5424 684c | 8d84 24e0 | 0000 0090 

  0x000001e053a0708c: ;   {runtime_call _complete_monitor_locking_Java}
  0x000001e053a0708c: c5f8 77e8 

  0x000001e053a07090: ; ImmutableOopMap {rbp=Oop [56]=NarrowOop [60]=NarrowOop [64]=Oop [72]=Oop [80]=NarrowOop [104]=Oop }
                      ;*synchronization entry
                      ; - jdk.internal.loader.Resource::cachedInputStream@-1
                      ; - jdk.internal.loader.Resource::getByteBuffer@1
                      ; - java.net.URLClassLoader::defineClass@132
                      ; - java.net.URLClassLoader$1::run@43
                      ; - java.net.URLClassLoader$1::run@1
  0x000001e053a07090: ec6e 52ff 

  0x000001e053a07094: ;   {other}
  0x000001e053a07094: 0f1f 8400 | 0456 0057 | 4889 6c24 | 2044 8b54 | 2438 4489 | 5424 6444 | 8b5c 243c | 4489 5c24 
  0x000001e053a070b4: 704c 8b54 | 2440 4c8b | 5c24 4848 | 8944 24f8 | 8b44 2450 | 8944 242c | 488b 4424 | f84c 8b44 
  0x000001e053a070d4: 2458 4d8b | ea49 8bfb | e9ee c6ff | ff44 894c | 243c 4c89 | 4424 4048 | 8944 24f8 | 8b44 242c 
  0x000001e053a070f4: 8944 2438 | 488b 4424 | f848 897c | 2428 4d8b | f548 8b4c | 2468 488d | 9424 e000 | 0000 4d8b 
  0x000001e053a07114: c7c5 f877 | 49ba b0d7 | 4de0 f87f | 0000 41ff 

  0x000001e053a07124: ;   {other}
  0x000001e053a07124: d20f 1f84 | 0000 0000 | 004c 8b5c | 2428 4889 | 4424 f88b | 4424 3889 | 4424 2c48 | 8b44 24f8 
  0x000001e053a07144: 4c8b 4424 | 4044 8b4c | 243c 4d8b | ee49 8bfb | e91c c9ff | ff4c 8944 | 2430 498b 

  0x000001e053a07160: ;   {oop(a 'jdk/internal/perf/PerfCounter'{0x00000000805a6630})}
  0x000001e053a07160: ed48 ba30 | 665a 8000 | 0000 004c | 8d84 24e0 | 0000 0090 

  0x000001e053a07174: ;   {runtime_call _complete_monitor_locking_Java}
  0x000001e053a07174: c5f8 77e8 

  0x000001e053a07178: ; ImmutableOopMap {rbp=Oop [32]=Oop [40]=Oop [56]=Oop [64]=Oop [100]=NarrowOop [112]=NarrowOop [160]=Oop }
                      ;*synchronization entry
                      ; - jdk.internal.perf.PerfCounter::add@-1
                      ; - jdk.internal.perf.PerfCounter::addElapsedTimeFrom@6
                      ; - java.net.URLClassLoader::defineClass@207
                      ; - java.net.URLClassLoader$1::run@43
                      ; - java.net.URLClassLoader$1::run@1
  0x000001e053a07178: 046e 52ff 

  0x000001e053a0717c: ;   {other}
  0x000001e053a0717c: 0f1f 8400 | ec56 0058 | 4c8b ed4c | 8b44 2430 | e9ac cbff | ffba ccff | ffff 4c89 | 6c24 404c 
  0x000001e053a0719c: 8944 2448 | 4489 4c24 | 5466 6690 

  0x000001e053a071a8: ;   {runtime_call UncommonTrapBlob}
  0x000001e053a071a8: c5f8 77e8 

  0x000001e053a071ac: ; ImmutableOopMap {[32]=Oop [40]=Oop [64]=Oop [84]=NarrowOop [100]=NarrowOop [112]=NarrowOop [160]=Oop }
                      ;*invokestatic checkIndex {reexecute=0 rethrow=0 return_oop=0}
                      ; - java.nio.Buffer::checkIndex@8
                      ; - java.nio.DirectLongBufferU::get@11
                      ; - jdk.internal.perf.PerfCounter::get@5
                      ; - jdk.internal.perf.PerfCounter::add@1
                      ; - jdk.internal.perf.PerfCounter::addElapsedTimeFrom@6
                      ; - java.net.URLClassLoader::defineClass@207
                      ; - java.net.URLClassLoader$1::run@43
                      ; - java.net.URLClassLoader$1::run@1
  0x000001e053a071ac: 50d1 46ff 

  0x000001e053a071b0: ;   {other}
  0x000001e053a071b0: 0f1f 8400 | 2057 0059 

  0x000001e053a071b8: ;   {oop(a 'jdk/internal/perf/PerfCounter'{0x00000000805a6630})}
  0x000001e053a071b8: 48b9 3066 | 5a80 0000 | 0000 488d | 9424 e000 | 0000 4d8b | c7c5 f877 | 49ba b0d7 | 4de0 f87f 
  0x000001e053a071d8: 0000 41ff 

  0x000001e053a071dc: ;   {other}
  0x000001e053a071dc: d20f 1f84 | 0000 0000 | 00e9 2dcc | ffff ba6e | ffff ff48 | 8b6c 2420 | 4489 4c24 | 2044 895c 
  0x000001e053a071fc: 2428 4c8b | 5424 684c | 8954 2438 

  0x000001e053a07208: ;   {runtime_call UncommonTrapBlob}
  0x000001e053a07208: c5f8 77e8 

  0x000001e053a0720c: ; ImmutableOopMap {rbp=Oop [32]=NarrowOop [56]=Oop [100]=NarrowOop [112]=NarrowOop }
                      ;*iflt {reexecute=1 rethrow=0 return_oop=0}
                      ; - (reexecute) java.lang.StringLatin1::lastIndexOf@19
                      ; - java.lang.String::lastIndexOf@13
                      ; - java.lang.String::lastIndexOf@8
                      ; - java.net.URLClassLoader::defineClass@7
                      ; - java.net.URLClassLoader$1::run@43
                      ; - java.net.URLClassLoader$1::run@1
  0x000001e053a0720c: f0d0 46ff 

  0x000001e053a07210: ;   {other}
  0x000001e053a07210: 0f1f 8400 | 8057 005a | bade ffff | ff48 8b6c | 2420 4c89 | 5424 5044 | 8944 243c | 4489 4c24 
  0x000001e053a07230: 5866 6690 

  0x000001e053a07234: ;   {runtime_call UncommonTrapBlob}
  0x000001e053a07234: c5f8 77e8 

  0x000001e053a07238: ; ImmutableOopMap {rbp=Oop [44]=NarrowOop [60]=NarrowOop [80]=Oop [88]=NarrowOop [100]=NarrowOop [104]=Oop [112]=NarrowOop [176]=Oop }
                      ;*invokeinterface ensureInitialization {reexecute=0 rethrow=0 return_oop=0}
                      ; - jdk.internal.loader.URLClassPath$JarLoader$2::getManifest@10
                      ; - java.net.URLClassLoader::defineClass@34
                      ; - java.net.URLClassLoader$1::run@43
                      ; - java.net.URLClassLoader$1::run@1
  0x000001e053a07238: c4d0 46ff 

  0x000001e053a0723c: ;   {other}
  0x000001e053a0723c: 0f1f 8400 | ac57 005b | 4c89 4424 | 7844 895c | 2460 4489 | 4c24 544c | 8954 2458 | 4889 4424 
  0x000001e053a0725c: f88b 4424 | 2c89 4424 | 5048 8b44 | 24f8 4889 | 7c24 484c | 896c 2440 | 448b 5c24 | 7044 895c 
  0x000001e053a0727c: 243c 4c8b | 5424 684c | 8954 2428 | 488b 6c24 | 2049 8bd0 | 4c8d 8424 | e000 0000 

  0x000001e053a07298: ;   {runtime_call _complete_monitor_locking_Java}
  0x000001e053a07298: c5f8 77e8 

  0x000001e053a0729c: ; ImmutableOopMap {rbp=Oop [40]=Oop [60]=NarrowOop [64]=Oop [72]=Oop [80]=NarrowOop [84]=NarrowOop [88]=Oop [100]=NarrowOop [120]=Oop [176]=Oop }
                      ;*synchronization entry
                      ; - java.util.jar.JarFile::ensureInitialization@-1
                      ; - java.util.jar.JavaUtilJarAccessImpl::ensureInitialization@1
                      ; - jdk.internal.loader.URLClassPath$JarLoader$2::getManifest@10
                      ; - java.net.URLClassLoader::defineClass@34
                      ; - java.net.URLClassLoader$1::run@43
                      ; - java.net.URLClassLoader$1::run@1
  0x000001e053a0729c: e06c 52ff 

  0x000001e053a072a0: ;   {other}
  0x000001e053a072a0: 0f1f 8400 | 1058 005c | 4889 6c24 | 204c 8b54 | 2428 4c89 | 5424 6844 | 8b54 243c | 4489 5424 
  0x000001e053a072c0: 704c 8b54 | 2440 4c89 | 9424 8000 | 0000 4c8b | 5424 484c | 8954 2440 | 4889 4424 | f88b 4424 
  0x000001e053a072e0: 5089 4424 | 2c48 8b44 | 24f8 4c8b | 5424 5844 | 8b4c 2454 | 448b 5c24 | 604c 8b44 | 2478 e97b 
  0x000001e053a07300: bbff ff4c | 8954 2438 | 498b c848 | 8d94 24e0 | 0000 004d | 8bc7 c5f8 | 7749 bab0 | d74d e0f8 
  0x000001e053a07320: 7f00 0041 

  0x000001e053a07324: ;   {other}
  0x000001e053a07324: ffd2 0f1f | 8400 0000 | 0000 4c8b | 5424 38e9 | febb ffff | bade ffff | ff4c 8954 | 2448 6690 
  0x000001e053a07344: ;   {runtime_call UncommonTrapBlob}
  0x000001e053a07344: c5f8 77e8 

  0x000001e053a07348: ; ImmutableOopMap {rbp=NarrowOop [32]=Oop [44]=NarrowOop [72]=Oop [100]=NarrowOop [104]=Oop [112]=NarrowOop [176]=Oop }
                      ;*invokevirtual getManifest {reexecute=0 rethrow=0 return_oop=0}
                      ; - jdk.internal.loader.URLClassPath$JarLoader$2::getManifest@22
                      ; - java.net.URLClassLoader::defineClass@34
                      ; - java.net.URLClassLoader$1::run@43
                      ; - java.net.URLClassLoader$1::run@1
  0x000001e053a07348: b4cf 46ff 

  0x000001e053a0734c: ;   {other}
  0x000001e053a0734c: 0f1f 8400 | bc58 005d | bade ffff | ff66 6690 

  0x000001e053a0735c: ;   {runtime_call UncommonTrapBlob}
  0x000001e053a0735c: c5f8 77e8 

  0x000001e053a07360: ; ImmutableOopMap {rbp=NarrowOop [32]=Oop [44]=NarrowOop [100]=NarrowOop [104]=Oop [112]=NarrowOop [160]=Oop }
                      ;*invokevirtual getCodeSigners {reexecute=0 rethrow=0 return_oop=0}
                      ; - jdk.internal.loader.URLClassPath$JarLoader$2::getCodeSigners@4
                      ; - java.net.URLClassLoader::defineClass@185
                      ; - java.net.URLClassLoader$1::run@43
                      ; - java.net.URLClassLoader$1::run@1
  0x000001e053a07360: 9ccf 46ff 

  0x000001e053a07364: ;   {other}
  0x000001e053a07364: 0f1f 8400 | d458 005e | ba45 ffff | ff48 8b6c | 2420 4c89 | 4c24 2089 | 7424 2890 

  0x000001e053a07380: ;   {runtime_call UncommonTrapBlob}
  0x000001e053a07380: c5f8 77e8 

  0x000001e053a07384: ; ImmutableOopMap {rbp=Oop [32]=Oop }
                      ;*iflt {reexecute=1 rethrow=0 return_oop=0}
                      ; - (reexecute) java.lang.StringConcatHelper::checkOverflow@2
                      ; - java.lang.StringConcatHelper::mix@23
                      ; - java.lang.StringConcatHelper::simpleConcat@46
                      ; - java.lang.String::concat@11
                      ; - java.net.URLClassLoader$1::run@13
                      ; - java.net.URLClassLoader$1::run@1
  0x000001e053a07384: 78cf 46ff 

  0x000001e053a07388: ;   {other}
  0x000001e053a07388: 0f1f 8400 | f858 005f | ba45 ffff | ff4c 894c | 2428 6690 

  0x000001e053a0739c: ;   {runtime_call UncommonTrapBlob}
  0x000001e053a0739c: c5f8 77e8 

  0x000001e053a073a0: ; ImmutableOopMap {[32]=Oop [40]=Oop }
                      ;*iflt {reexecute=1 rethrow=0 return_oop=0}
                      ; - (reexecute) java.lang.StringConcatHelper::checkOverflow@2
                      ; - java.lang.StringConcatHelper::mix@23
                      ; - java.lang.StringConcatHelper::simpleConcat@54
                      ; - java.lang.String::concat@11
                      ; - java.net.URLClassLoader$1::run@13
                      ; - java.net.URLClassLoader$1::run@1
  0x000001e053a073a0: 5ccf 46ff 

  0x000001e053a073a4: ;   {other}
  0x000001e053a073a4: 0f1f 8400 | 1459 0060 | ba45 ffff | ff48 8b6c | 2420 4c89 | 4c24 2048 | 897c 2428 | 894c 2430 
  0x000001e053a073c4: ;   {runtime_call UncommonTrapBlob}
  0x000001e053a073c4: c5f8 77e8 

  0x000001e053a073c8: ; ImmutableOopMap {rbp=Oop [32]=Oop }
                      ;*if_icmpne {reexecute=1 rethrow=0 return_oop=0}
                      ; - (reexecute) java.lang.StringConcatHelper::mix@13
                      ; - java.lang.StringConcatHelper::simpleConcat@46
                      ; - java.lang.String::concat@11
                      ; - java.net.URLClassLoader$1::run@13
                      ; - java.net.URLClassLoader$1::run@1
  0x000001e053a073c8: 34cf 46ff 

  0x000001e053a073cc: ;   {other}
  0x000001e053a073cc: 0f1f 8400 | 3c59 0061 | ba45 ffff | ff48 8b6c | 2420 4c89 | 4c24 2048 | 8944 2428 | 4489 4424 
  0x000001e053a073ec: 3066 6690 

  0x000001e053a073f0: ;   {runtime_call UncommonTrapBlob}
  0x000001e053a073f0: c5f8 77e8 

  0x000001e053a073f4: ; ImmutableOopMap {rbp=Oop [32]=Oop }
                      ;*ifge {reexecute=1 rethrow=0 return_oop=0}
                      ; - (reexecute) java.lang.StringConcatHelper::newArray@13
                      ; - java.lang.StringConcatHelper::simpleConcat@61
                      ; - java.lang.String::concat@11
                      ; - java.net.URLClassLoader$1::run@13
                      ; - java.net.URLClassLoader$1::run@1
  0x000001e053a073f4: 08cf 46ff 

  0x000001e053a073f8: ;   {other}
  0x000001e053a073f8: 0f1f 8400 | 6859 0062 | 448b 5c24 

  0x000001e053a07404: ;   {metadata('java/util/jar/JarFile')}
  0x000001e053a07404: 5841 81fb | 9e1f 0120 | 0f85 1e1d | 0000 488b | 5424 7890 

  0x000001e053a07418: ;   {optimized virtual_call}
  0x000001e053a07418: c5f8 77e8 

  0x000001e053a0741c: ; ImmutableOopMap {[32]=Oop [40]=NarrowOop [44]=NarrowOop [56]=Oop [64]=Oop [72]=NarrowOop [76]=NarrowOop [80]=Oop [104]=Oop [120]=Oop [176]=Oop }
                      ;*invokevirtual getManifest {reexecute=0 rethrow=0 return_oop=1}
                      ; - java.util.jar.JarFile::maybeInstantiateVerifier@31
                      ; - java.util.jar.JarFile::ensureInitialization@1
                      ; - java.util.jar.JavaUtilJarAccessImpl::ensureInitialization@1
                      ; - jdk.internal.loader.URLClassPath$JarLoader$2::getManifest@10
                      ; - java.net.URLClassLoader::defineClass@34
                      ; - java.net.URLClassLoader$1::run@43
                      ; - java.net.URLClassLoader$1::run@1
  0x000001e053a0741c: 6076 46ff 

  0x000001e053a07420: ;   {other}
  0x000001e053a07420: 0f1f 8400 | 9059 0063 | 448b 5c24 | 2844 895c | 2464 448b | 5424 2c44 | 8954 2470 | 4c8b 5424 
  0x000001e053a07440: 384c 8994 | 2480 0000 | 0048 8944 | 24f8 8b44 | 2448 8944 | 242c 488b | 4424 f84c | 8b54 2450 
  0x000001e053a07460: 448b 4c24 | 4c4c 8b44 | 2478 e922 | baff ff44 | 8b5c 2428 | 458b 5308 

  0x000001e053a07478: ;   {metadata('java/util/jar/JarFile')}
  0x000001e053a07478: 4181 fa9e | 1f01 200f | 85db 1c00 | 0049 8bd0 

  0x000001e053a07488: ;   {optimized virtual_call}
  0x000001e053a07488: c5f8 77e8 

  0x000001e053a0748c: ; ImmutableOopMap {[32]=Oop [44]=NarrowOop [56]=Oop [64]=Oop [80]=Oop [88]=Oop [100]=NarrowOop [112]=NarrowOop [160]=Oop }
                      ;*invokevirtual getManifest {reexecute=0 rethrow=0 return_oop=1}
                      ; - java.util.jar.JarFile::maybeInstantiateVerifier@31
                      ; - java.util.jar.JarFile$JarFileEntry::getCodeSigners@4
                      ; - jdk.internal.loader.URLClassPath$JarLoader$2::getCodeSigners@4
                      ; - java.net.URLClassLoader::defineClass@185
                      ; - java.net.URLClassLoader$1::run@43
                      ; - java.net.URLClassLoader$1::run@1
  0x000001e053a0748c: f075 46ff 

  0x000001e053a07490: ;   {other}
  0x000001e053a07490: 0f1f 8400 | 005a 0064 | 488b 7c24 | 5048 8b74 | 2458 e917 | c7ff ffba | f6ff ffff | 488b 6c24 
  0x000001e053a074b0: 2048 895c | 2450 4889 | 4c24 5890 

  0x000001e053a074bc: ;   {runtime_call UncommonTrapBlob}
  0x000001e053a074bc: c5f8 77e8 

  0x000001e053a074c0: ; ImmutableOopMap {rbp=Oop [44]=NarrowOop [80]=Oop [88]=Oop [100]=NarrowOop [104]=Oop [112]=NarrowOop }
                      ;*invokevirtual get {reexecute=0 rethrow=0 return_oop=0}
                      ; - java.lang.ClassLoader::definePackage@47
                      ; - java.lang.ClassLoader::getDefinedPackage@32
                      ; - java.net.URLClassLoader::getAndVerifyPackage@2
                      ; - java.net.URLClassLoader::defineClass@46
                      ; - java.net.URLClassLoader$1::run@43
                      ; - java.net.URLClassLoader$1::run@1
  0x000001e053a074c0: 3cce 46ff 

  0x000001e053a074c4: ;   {other}
  0x000001e053a074c4: 0f1f 8400 | 345a 0065 | ba45 ffff | ff48 8b6c | 2420 448b | 5c24 7044 | 895c 2438 | 4c8b 5424 
  0x000001e053a074e4: 684c 8954 | 2440 4889 | 4c24 5848 | 895c 2468 | 4889 4c24 | 7089 7c24 | 7866 6690 

  0x000001e053a07500: ;   {runtime_call UncommonTrapBlob}
  0x000001e053a07500: c5f8 77e8 

  0x000001e053a07504: ; ImmutableOopMap {rbp=Oop [44]=NarrowOop [56]=NarrowOop [64]=Oop [88]=Oop [100]=NarrowOop [104]=Oop [112]=Oop [120]=NarrowOop }
                      ;*ifeq {reexecute=1 rethrow=0 return_oop=0}
                      ; - (reexecute) java.lang.ClassLoader::definePackage@4
                      ; - java.lang.ClassLoader::getDefinedPackage@32
                      ; - java.net.URLClassLoader::getAndVerifyPackage@2
                      ; - java.net.URLClassLoader::defineClass@46
                      ; - java.net.URLClassLoader$1::run@43
                      ; - java.net.URLClassLoader$1::run@1
  0x000001e053a07504: f8cd 46ff 

  0x000001e053a07508: ;   {other}
  0x000001e053a07508: 0f1f 8400 | 785a 0066 | 4889 9424 | 8800 0000 | 89b4 2480 | 0000 0044 | 895c 2474 | 894c 2460 
  0x000001e053a07528: 4c89 5424 | 7844 894c | 2454 4c89 | 4424 5848 | 8944 24f8 | 8b44 242c | 8944 2450 | 488b 4424 
  0x000001e053a07548: f84c 8b54 | 2440 4c89 | 5424 484c | 896c 2440 | 448b 5424 | 6444 8954 | 2438 488b | 6c24 204c 
  0x000001e053a07568: 8d84 24e8 | 0000 0090 

  0x000001e053a07570: ;   {runtime_call _complete_monitor_locking_Java}
  0x000001e053a07570: c5f8 77e8 

  0x000001e053a07574: ; ImmutableOopMap {rbp=Oop [56]=NarrowOop [64]=Oop [72]=Oop [80]=NarrowOop [96]=NarrowOop [104]=Oop [112]=NarrowOop [116]=NarrowOop [120]=Oop [136]=Oop }
                      ;*synchronization entry
                      ; - java.util.jar.JarFile::getInputStream@-1
                      ; - jdk.internal.loader.URLClassPath$JarLoader$2::getInputStream@11
                      ; - jdk.internal.loader.Resource::cachedInputStream@9
                      ; - jdk.internal.loader.Resource::getByteBuffer@1
                      ; - java.net.URLClassLoader::defineClass@132
                      ; - java.net.URLClassLoader$1::run@43
                      ; - java.net.URLClassLoader$1::run@1
  0x000001e053a07574: 086a 52ff 

  0x000001e053a07578: ;   {other}
  0x000001e053a07578: 0f1f 8400 | e85a 0067 | 4889 6c24 | 2044 8b5c | 2438 4489 | 5c24 644c | 8b54 2440 | 4c89 5424 
  0x000001e053a07598: 384c 8b54 | 2448 4c89 | 5424 4048 | 8944 24f8 | 8b44 2450 | 8944 242c | 488b 4424 | f84c 8b44 
  0x000001e053a075b8: 2458 448b | 4c24 544c | 8b54 2478 | 8b4c 2460 | 448b 5c24 | 748b b424 | 8000 0000 | 488b 9424 
  0x000001e053a075d8: 8800 0000 | e994 c2ff | ff49 8bcb | 488d 9424 | e800 0000 | 4d8b c7c5 | f877 49ba | b0d7 4de0 
  0x000001e053a075f8: f87f 0000 

  0x000001e053a075fc: ;   {other}
  0x000001e053a075fc: 41ff d20f | 1f84 0000 | 0000 00e9 | 62c3 ffff | 448b 5c24 | 2844 895c | 2464 448b | 5424 2c44 
  0x000001e053a0761c: 8954 2470 | 4c8b 5424 | 384c 8b5c | 2440 4889 | 4424 f88b | 4424 4889 | 4424 2c48 | 8b44 24f8 
  0x000001e053a0763c: 488b 4c24 | 5048 8b5c | 2458 4d8b | ea49 8bfb | e975 d6ff | ff33 ed45 | 85c0 400f | 94c5 ba45 
  0x000001e053a0765c: ffff ff4c | 8b5c 2468 | 4c89 5c24 | 2844 8b44 | 2470 4489 | 4424 4844 | 8954 244c 

  0x000001e053a07678: ;   {runtime_call UncommonTrapBlob}
  0x000001e053a07678: c5f8 77e8 

  0x000001e053a0767c: ; ImmutableOopMap {[32]=Oop [40]=Oop [72]=NarrowOop [100]=NarrowOop [112]=NarrowOop }
                      ;*ifeq {reexecute=1 rethrow=0 return_oop=0}
                      ; - (reexecute) java.lang.String::lastIndexOf@4
                      ; - java.lang.String::lastIndexOf@8
                      ; - java.net.URLClassLoader::defineClass@7
                      ; - java.net.URLClassLoader$1::run@43
                      ; - java.net.URLClassLoader$1::run@1
  0x000001e053a0767c: 80cc 46ff 

  0x000001e053a07680: ;   {other}
  0x000001e053a07680: 0f1f 8400 | f05b 0068 | 498b d7c5 | f877 49ba | 002a 0ce0 | f87f 0000 

  0x000001e053a07698: ;   {other}
  0x000001e053a07698: 41ff d20f | 1f84 0000 | 0000 00e9 | bfc5 ffff | ba45 ffff | ff48 8b6c | 2420 4489 | 5424 2444 
  0x000001e053a076b8: 8954 2428 | 4c8b 5424 | 684c 8954 | 2438 448b | 5c24 7044 | 895c 2450 | 894c 2458 

  0x000001e053a076d4: ;   {runtime_call UncommonTrapBlob}
  0x000001e053a076d4: c5f8 77e8 

  0x000001e053a076d8: ; ImmutableOopMap {rbp=Oop [44]=NarrowOop [56]=Oop [80]=NarrowOop [100]=NarrowOop [112]=NarrowOop }
                      ;*if_icmpgt {reexecute=1 rethrow=0 return_oop=0}
                      ; - (reexecute) jdk.internal.util.Preconditions::checkFromToIndex@6
                      ; - java.lang.String::checkBoundsBeginEnd@6
                      ; - java.lang.String::substring@8
                      ; - java.net.URLClassLoader::defineClass@28
                      ; - java.net.URLClassLoader$1::run@43
                      ; - java.net.URLClassLoader$1::run@1
  0x000001e053a076d8: 24cc 46ff 

  0x000001e053a076dc: ;   {other}
  0x000001e053a076dc: 0f1f 8400 | 4c5c 0069 | 458b 5510 | 4585 d20f | 8473 d8ff | ff4d 8b5f | 2849 8bca | 4d85 db0f 
  0x000001e053a076fc: 84af 1600 | 004d 8b57 | 384b 894c | 1af8 4983 | c3f8 4d89 | 5f28 e94d | d8ff ffba | 45ff ffff 
  0x000001e053a0771c: 448b 5424 | 7044 8954 | 2440 4c8b | 5424 684c | 8954 2448 | 4889 4c24 | 6848 895c | 2470 4889 
  0x000001e053a0773c: 4c24 7890 

  0x000001e053a07740: ;   {runtime_call UncommonTrapBlob}
  0x000001e053a07740: c5f8 77e8 

  0x000001e053a07744: ; ImmutableOopMap {[32]=Oop [44]=NarrowOop [64]=NarrowOop [72]=Oop [100]=NarrowOop [104]=Oop [112]=Oop [120]=Oop }
                      ;*ifle {reexecute=1 rethrow=0 return_oop=0}
                      ; - (reexecute) java.util.concurrent.ConcurrentHashMap::get@23
                      ; - java.lang.ClassLoader::getDefinedPackage@13
                      ; - java.net.URLClassLoader::getAndVerifyPackage@2
                      ; - java.net.URLClassLoader::defineClass@46
                      ; - java.net.URLClassLoader$1::run@43
                      ; - java.net.URLClassLoader$1::run@1
  0x000001e053a07744: b8cb 46ff 

  0x000001e053a07748: ;   {other}
  0x000001e053a07748: 0f1f 8400 | b85c 006a | 4889 5c24 | 504c 895c | 2448 498b | d7c5 f877 | 49ba 002a | 0ce0 f87f 
  0x000001e053a07768: 0000 41ff 

  0x000001e053a0776c: ;   {other}
  0x000001e053a0776c: d20f 1f84 | 0000 0000 | 004c 8b5c | 2448 488b | 5c24 50e9 | f2b5 ffff | ba45 ffff | ff48 897c 
  0x000001e053a0778c: 2428 4889 | 4424 5044 | 895c 245c 

  0x000001e053a07798: ;   {runtime_call UncommonTrapBlob}
  0x000001e053a07798: c5f8 77e8 

  0x000001e053a0779c: ; ImmutableOopMap {rbp=Oop [32]=Oop [40]=Oop [80]=Oop [92]=NarrowOop [100]=NarrowOop [112]=NarrowOop [160]=Oop }
                      ;*ifnull {reexecute=1 rethrow=0 return_oop=0}
                      ; - (reexecute) java.security.CodeSource::<init>@25
                      ; - java.net.URLClassLoader::defineClass@198
                      ; - java.net.URLClassLoader$1::run@43
                      ; - java.net.URLClassLoader$1::run@1
  0x000001e053a0779c: 60cb 46ff 

  0x000001e053a077a0: ;   {other}
  0x000001e053a077a0: 0f1f 8400 | 105d 006b | ba45 ffff | ff4c 896c | 2440 4c89 | 4424 4844 | 894c 2454 

  0x000001e053a077bc: ;   {runtime_call UncommonTrapBlob}
  0x000001e053a077bc: c5f8 77e8 

  0x000001e053a077c0: ; ImmutableOopMap {rbp=NarrowOop [32]=Oop [40]=Oop [64]=Oop [84]=NarrowOop [100]=NarrowOop [112]=NarrowOop [160]=Oop }
                      ;*ifnull {reexecute=1 rethrow=0 return_oop=0}
                      ; - (reexecute) java.nio.Buffer::session@4
                      ; - java.nio.DirectLongBufferU::get@4
                      ; - jdk.internal.perf.PerfCounter::get@5
                      ; - jdk.internal.perf.PerfCounter::add@1
                      ; - jdk.internal.perf.PerfCounter::addElapsedTimeFrom@6
                      ; - java.net.URLClassLoader::defineClass@207
                      ; - java.net.URLClassLoader$1::run@43
                      ; - java.net.URLClassLoader$1::run@1
  0x000001e053a077c0: 3ccb 46ff 

  0x000001e053a077c4: ;   {other}
  0x000001e053a077c4: 0f1f 8400 | 345d 006c | ba45 ffff | ff48 8b6c | 2420 4489 | 5424 2444 | 8954 2428 | 4c8b 5424 
  0x000001e053a077e4: 684c 8954 | 2438 448b | 5c24 7045 | 8bd3 4489 | 5424 5089 | 4c24 5889 | 4c24 5c90 

  0x000001e053a07800: ;   {runtime_call UncommonTrapBlob}
  0x000001e053a07800: c5f8 77e8 

  0x000001e053a07804: ; ImmutableOopMap {rbp=Oop [44]=NarrowOop [56]=Oop [80]=NarrowOop [100]=NarrowOop [112]=NarrowOop }
                      ;*if_icmple {reexecute=1 rethrow=0 return_oop=0}
                      ; - (reexecute) jdk.internal.util.Preconditions::checkFromToIndex@11
                      ; - java.lang.String::checkBoundsBeginEnd@6
                      ; - java.lang.String::substring@8
                      ; - java.net.URLClassLoader::defineClass@28
                      ; - java.net.URLClassLoader$1::run@43
                      ; - java.net.URLClassLoader$1::run@1
  0x000001e053a07804: f8ca 46ff 

  0x000001e053a07808: ;   {other}
  0x000001e053a07808: 0f1f 8400 | 785d 006d | ba45 ffff | ff48 8b6c | 2420 4c8b | 5424 504c | 8954 2448 | 4889 4424 
  0x000001e053a07828: 5844 8944 | 2460 6690 

  0x000001e053a07830: ;   {runtime_call UncommonTrapBlob}
  0x000001e053a07830: c5f8 77e8 

  0x000001e053a07834: ; ImmutableOopMap {rbp=Oop [44]=NarrowOop [72]=Oop [88]=Oop [100]=NarrowOop [104]=Oop [112]=NarrowOop }
                      ;*ifgt {reexecute=1 rethrow=0 return_oop=0}
                      ; - (reexecute) java.util.zip.CRC32::updateBytesCheck@1
                      ; - java.util.zip.CRC32::updateBytes@3
                      ; - java.util.zip.CRC32::update@31
                      ; - java.util.zip.Checksum::update@5
                      ; - jdk.internal.loader.URLClassPath$JarLoader$2::getBytes@15
                      ; - java.net.URLClassLoader::defineClass@179
                      ; - java.net.URLClassLoader$1::run@43
                      ; - java.net.URLClassLoader$1::run@1
  0x000001e053a07834: c8ca 46ff 

  0x000001e053a07838: ;   {other}
  0x000001e053a07838: 0f1f 8400 | a85d 006e | 4d3b c2bd | ffff ffff | 7c08 400f | 95c5 400f | b6ed ba45 | ffff ff48 
  0x000001e053a07858: 895c 2458 

  0x000001e053a0785c: ;   {runtime_call UncommonTrapBlob}
  0x000001e053a0785c: c5f8 77e8 

  0x000001e053a07860: ; ImmutableOopMap {[32]=Oop [44]=NarrowOop [80]=Oop [88]=Oop [100]=NarrowOop [104]=Oop [112]=NarrowOop }
                      ;*ifeq {reexecute=1 rethrow=0 return_oop=0}
                      ; - (reexecute) jdk.internal.loader.URLClassPath$JarLoader$2::getBytes@30
                      ; - java.net.URLClassLoader::defineClass@179
                      ; - java.net.URLClassLoader$1::run@43
                      ; - java.net.URLClassLoader$1::run@1
  0x000001e053a07860: 9cca 46ff 

  0x000001e053a07864: ;   {other}
  0x000001e053a07864: 0f1f 8400 | d45d 006f | 448b 5c24 

  0x000001e053a07870: ;   {metadata('java/util/jar/JarFile')}
  0x000001e053a07870: 7841 81fb | 9e1f 0120 | 0f85 0219 | 0000 488b | 9424 8000 | 0000 6690 

  0x000001e053a07888: ;   {optimized virtual_call}
  0x000001e053a07888: c5f8 77e8 

  0x000001e053a0788c: ; ImmutableOopMap {[32]=Oop [40]=NarrowOop [44]=NarrowOop [56]=Oop [64]=Oop [72]=NarrowOop [88]=Oop [96]=NarrowOop [104]=Oop [116]=NarrowOop [128]=Oop }
                      ;*invokevirtual getManifest {reexecute=0 rethrow=0 return_oop=1}
                      ; - java.util.jar.JarFile::maybeInstantiateVerifier@31
                      ; - java.util.jar.JarFile::getInputStream@9
                      ; - jdk.internal.loader.URLClassPath$JarLoader$2::getInputStream@11
                      ; - jdk.internal.loader.Resource::cachedInputStream@9
                      ; - jdk.internal.loader.Resource::getByteBuffer@1
                      ; - java.net.URLClassLoader::defineClass@132
                      ; - java.net.URLClassLoader$1::run@43
                      ; - java.net.URLClassLoader$1::run@1
  0x000001e053a0788c: f071 46ff 

  0x000001e053a07890: ;   {other}
  0x000001e053a07890: 0f1f 8400 | 005e 0070 | 448b 5424 | 2844 8954 | 2464 448b | 5c24 2c44 | 895c 2470 | 4889 4424 
  0x000001e053a078b0: f88b 4424 | 4889 4424 | 2c48 8b44 | 24f8 4c8b | 4424 5044 | 8b4c 244c | 4c8b 5424 | 588b 4c24 
  0x000001e053a078d0: 6044 8b5c | 2474 488b | 9424 8000 | 0000 e9ad | bfff ff44 | 8b5c 2428 | 4489 5c24 | 6444 8b54 
  0x000001e053a078f0: 242c 4489 | 5424 7048 | 8944 24f8 | 8b44 2448 | 8944 242c | 488b 4424 | f84c 8b44 | 2450 488b 
  0x000001e053a07910: 4c24 5848 | 8b5c 2478 | 8b7c 244c | e9b9 bcff | ff33 ed45 | 85d2 400f | 95c5 ba45 | ffff ff44 
  0x000001e053a07930: 8b5c 2470 | 4489 5c24 | 404c 8b54 | 2468 4c89 | 5424 4844 | 8b5c 2464 | 4489 5c24 | 4448 894c 
  0x000001e053a07950: 2460 4889 | 5c24 6848 | 8944 2478 

  0x000001e053a0795c: ;   {runtime_call UncommonTrapBlob}
  0x000001e053a0795c: c5f8 77e8 

  0x000001e053a07960: ; ImmutableOopMap {[32]=Oop [44]=NarrowOop [64]=NarrowOop [68]=NarrowOop [72]=Oop [96]=Oop [104]=Oop [120]=Oop }
                      ;*ifne {reexecute=1 rethrow=0 return_oop=0}
                      ; - (reexecute) java.lang.Package::isSealed@7
                      ; - java.net.URLClassLoader::getAndVerifyPackage@14
                      ; - java.net.URLClassLoader::defineClass@46
                      ; - java.net.URLClassLoader$1::run@43
                      ; - java.net.URLClassLoader$1::run@1
  0x000001e053a07960: 9cc9 46ff 

  0x000001e053a07964: ;   {other}
  0x000001e053a07964: 0f1f 8400 | d45e 0071 | ba45 ffff | ff44 8b5c | 2470 4489 | 5c24 404c | 8b54 2468 | 4c89 5424 
  0x000001e053a07984: 4848 894c | 2468 4889 | 5c24 7048 | 894c 2478 | 89bc 2480 | 0000 0090 

  0x000001e053a0799c: ;   {runtime_call UncommonTrapBlob}
  0x000001e053a0799c: c5f8 77e8 

  0x000001e053a079a0: ; ImmutableOopMap {[32]=Oop [44]=NarrowOop [64]=NarrowOop [72]=Oop [100]=NarrowOop [104]=Oop [112]=Oop [120]=Oop [128]=NarrowOop }
                      ;*ifle {reexecute=1 rethrow=0 return_oop=0}
                      ; - (reexecute) java.util.concurrent.ConcurrentHashMap::get@23
                      ; - java.lang.ClassLoader::definePackage@47
                      ; - java.lang.ClassLoader::getDefinedPackage@32
                      ; - java.net.URLClassLoader::getAndVerifyPackage@2
                      ; - java.net.URLClassLoader::defineClass@46
                      ; - java.net.URLClassLoader$1::run@43
                      ; - java.net.URLClassLoader$1::run@1
  0x000001e053a079a0: 5cc9 46ff 

  0x000001e053a079a4: ;   {other}
  0x000001e053a079a4: 0f1f 8400 | 145f 0072 | ba45 ffff | ff44 8b54 | 2470 4489 | 5424 404c | 8b54 2468 | 4c89 5424 
  0x000001e053a079c4: 4844 8b54 | 2464 4489 | 5424 4448 | 894c 2460 | 4889 5c24 | 6848 8944 | 2478 6690 

  0x000001e053a079e0: ;   {runtime_call UncommonTrapBlob}
  0x000001e053a079e0: c5f8 77e8 

  0x000001e053a079e4: ; ImmutableOopMap {rbp=NarrowOop [32]=Oop [44]=NarrowOop [64]=NarrowOop [68]=NarrowOop [72]=Oop [96]=Oop [104]=Oop [120]=Oop }
                      ;*ifnull {reexecute=1 rethrow=0 return_oop=0}
                      ; - (reexecute) java.lang.Package::isSealed@17
                      ; - java.net.URLClassLoader::getAndVerifyPackage@14
                      ; - java.net.URLClassLoader::defineClass@46
                      ; - java.net.URLClassLoader$1::run@43
                      ; - java.net.URLClassLoader$1::run@1
  0x000001e053a079e4: 18c9 46ff 

  0x000001e053a079e8: ;   {other}
  0x000001e053a079e8: 0f1f 8400 | 585f 0073 | 488b fb49 | 8bd7 c5f8 | 7749 ba00 | 2a0c e0f8 | 7f00 0041 

  0x000001e053a07a04: ;   {other}
  0x000001e053a07a04: ffd2 0f1f | 8400 0000 | 0000 488b | dfe9 63bf | ffff 4489 | 5424 5448 | 897c 2478 | 4c89 5c24 
  0x000001e053a07a24: 5844 894c | 2450 4c89 | 4424 484c | 896c 2440 | 4889 5424 | 3844 8b5c | 2470 4489 | 5c24 288b 
  0x000001e053a07a44: ;   {metadata('java/lang/Object')}
  0x000001e053a07a44: 6c24 6448 | ba68 1304 | 0001 0000 | 0066 6690 

  0x000001e053a07a54: ;   {runtime_call _new_instance_Java}
  0x000001e053a07a54: c5f8 77e8 

  0x000001e053a07a58: ; ImmutableOopMap {rbp=NarrowOop [32]=Oop [40]=NarrowOop [44]=NarrowOop [56]=Oop [64]=Oop [84]=NarrowOop [88]=Oop [104]=Oop [120]=Oop }
                      ;*new {reexecute=0 rethrow=0 return_oop=1}
                      ; - java.io.FileInputStream::<init>@5
                      ; - jdk.internal.loader.URLClassPath$FileLoader$1::getInputStream@8
                      ; - jdk.internal.loader.Resource::cachedInputStream@9
                      ; - jdk.internal.loader.Resource::getByteBuffer@1
                      ; - java.net.URLClassLoader::defineClass@132
                      ; - java.net.URLClassLoader$1::run@43
                      ; - java.net.URLClassLoader$1::run@1
  0x000001e053a07a58: 243c 52ff 

  0x000001e053a07a5c: ;   {other}
  0x000001e053a07a5c: 0f1f 8400 | cc5f 0074 | 896c 2464 | 448b 5424 | 2844 8954 | 2470 488b | 5424 384c | 8b6c 2440 
  0x000001e053a07a7c: 4c8b 4424 | 4844 8b4c | 2450 4c8b | 5c24 5848 | 8b7c 2478 | 448b 5424 | 54e9 61c8 | ffff 4c89 
  0x000001e053a07a9c: 5c24 5844 | 894c 2450 | 4c89 4424 | 4848 897c | 2440 4c89 | 6c24 3844 | 8b54 2470 | 4489 5424 
  0x000001e053a07abc: 288b 6c24 

  0x000001e053a07ac0: ;   {metadata('java/io/FileInputStream')}
  0x000001e053a07ac0: 6448 bad0 | 0d07 0001 | 0000 0090 

  0x000001e053a07acc: ;   {runtime_call _new_instance_Java}
  0x000001e053a07acc: c5f8 77e8 

  0x000001e053a07ad0: ; ImmutableOopMap {rbp=NarrowOop [32]=Oop [40]=NarrowOop [44]=NarrowOop [56]=Oop [64]=Oop [88]=Oop [104]=Oop }
                      ;*new {reexecute=0 rethrow=0 return_oop=1}
                      ; - jdk.internal.loader.URLClassPath$FileLoader$1::getInputStream@0
                      ; - jdk.internal.loader.Resource::cachedInputStream@9
                      ; - jdk.internal.loader.Resource::getByteBuffer@1
                      ; - java.net.URLClassLoader::defineClass@132
                      ; - java.net.URLClassLoader$1::run@43
                      ; - java.net.URLClassLoader$1::run@1
  0x000001e053a07ad0: ac3b 52ff 

  0x000001e053a07ad4: ;   {other}
  0x000001e053a07ad4: 0f1f 8400 | 4460 0075 | 896c 2464 | 448b 5c24 | 2844 895c | 2470 488b | 5424 384c | 8b6c 2440 
  0x000001e053a07af4: 4c8b 4424 | 4844 8b4c | 2450 4c8b | 5c24 58e9 | b1c7 ffff | 4489 5424 | 5448 897c | 2478 4c89 
  0x000001e053a07b14: 5c24 5844 | 894c 2450 | 4c89 4424 | 484c 896c | 2440 4889 | 5424 3844 | 8b54 2470 | 4489 5424 
  0x000001e053a07b34: 288b 6c24 

  0x000001e053a07b38: ;   {metadata('java/io/NioChannelCleanable')}
  0x000001e053a07b38: 6448 baf0 | 1c07 0001 | 0000 0090 

  0x000001e053a07b44: ;   {runtime_call _new_instance_Java}
  0x000001e053a07b44: c5f8 77e8 

  0x000001e053a07b48: ; ImmutableOopMap {rbp=NarrowOop [32]=Oop [40]=NarrowOop [44]=NarrowOop [56]=Oop [64]=Oop [84]=NarrowOop [88]=Oop [104]=Oop [120]=Oop }
                      ;*new {reexecute=0 rethrow=0 return_oop=1}
                      ; - java.io.FileInputStream::<init>@16
                      ; - jdk.internal.loader.URLClassPath$FileLoader$1::getInputStream@8
                      ; - jdk.internal.loader.Resource::cachedInputStream@9
                      ; - jdk.internal.loader.Resource::getByteBuffer@1
                      ; - java.net.URLClassLoader::defineClass@132
                      ; - java.net.URLClassLoader$1::run@43
                      ; - java.net.URLClassLoader$1::run@1
  0x000001e053a07b48: 343b 52ff 

  0x000001e053a07b4c: ;   {other}
  0x000001e053a07b4c: 0f1f 8400 | bc60 0076 | 896c 2464 | 448b 5c24 | 2844 895c | 2470 488b | 5424 384c | 8b6c 2440 
  0x000001e053a07b6c: 4c8b 4424 | 4844 8b4c | 2450 4c8b | 5c24 5848 | 8b7c 2478 | 448b 5424 | 54e9 eec7 | ffff 4489 
  0x000001e053a07b8c: 5c24 7449 

  0x000001e053a07b90: ;   {metadata('java/lang/ref/WeakReference')}
  0x000001e053a07b90: 8be8 48ba | d073 0400 | 0100 0000 

  0x000001e053a07b9c: ;   {runtime_call _new_instance_Java}
  0x000001e053a07b9c: c5f8 77e8 

  0x000001e053a07ba0: ; ImmutableOopMap {rbp=Oop [32]=Oop [44]=NarrowOop [56]=Oop [64]=Oop [80]=Oop [88]=Oop [96]=NarrowOop [100]=NarrowOop [104]=Oop [112]=NarrowOop [116]=NarrowOop }
                      ;*new {reexecute=0 rethrow=0 return_oop=1}
                      ; - java.io.NioChannelCleanable::<init>@9
                      ; - java.io.FileInputStream::<init>@21
                      ; - jdk.internal.loader.URLClassPath$FileLoader$1::getInputStream@8
                      ; - jdk.internal.loader.Resource::cachedInputStream@9
                      ; - jdk.internal.loader.Resource::getByteBuffer@1
                      ; - java.net.URLClassLoader::defineClass@132
                      ; - java.net.URLClassLoader$1::run@43
                      ; - java.net.URLClassLoader$1::run@1
  0x000001e053a07ba0: dc3a 52ff 

  0x000001e053a07ba4: ;   {other}
  0x000001e053a07ba4: 0f1f 8400 | 1461 0077 | 4c8b c544 | 8b5c 2474 | 4c8b c8e9 | e8cb ffff | 498b d1e9 | 80d5 ffff 
  0x000001e053a07bc4: 458b 5310 | 4585 d20f | 8439 d5ff | ff4d 8b47 | 2849 8bca | 4d85 c00f | 844c 1200 | 004d 8b57 
  0x000001e053a07be4: 384b 894c | 02f8 4983 | c0f8 4d89 | 4728 e913 | d5ff ff4c | 8b44 2458 | 458b 5028 | 4585 d20f 
  0x000001e053a07c04: 84d3 d5ff | ff4d 8b5f | 2849 8bca | 4d85 db0f | 8440 1200 | 004d 8b57 | 384b 894c | 1af8 4983 
  0x000001e053a07c24: c3f8 4d89 | 5f28 e9ad | d5ff ff4d | 8b57 584d | 8b47 48f0 | 8344 24c0 | 0080 3900 | 7438 4488 
  0x000001e053a07c44: 214d 85c0 | 740f 4b89 | 4c02 f849 | 83c0 f84d | 8947 48eb | 2149 8bdb | 498b d7c5 | f877 49ba 
  0x000001e053a07c64: e029 0ce0 | f87f 0000 

  0x000001e053a07c6c: ;   {other}
  0x000001e053a07c6c: 41ff d20f | 1f84 0000 | 0000 004c | 8bdb 458b | 4310 4585 | c00f 8431 | 1500 004d | 8bd0 4d8b 
  0x000001e053a07c8c: cae9 afd4 | ffff ba45 | ffff ff48 | 8b6c 2420 | 8944 243c 

  0x000001e053a07ca0: ;   {runtime_call UncommonTrapBlob}
  0x000001e053a07ca0: c5f8 77e8 

  0x000001e053a07ca4: ; ImmutableOopMap {rbp=Oop [44]=NarrowOop [80]=Oop [88]=Oop [100]=NarrowOop [104]=Oop [112]=NarrowOop }
                      ;*ifeq {reexecute=1 rethrow=0 return_oop=0}
                      ; - (reexecute) java.net.URLClassLoader::getAndVerifyPackage@71
                      ; - java.net.URLClassLoader::defineClass@46
                      ; - java.net.URLClassLoader$1::run@43
                      ; - java.net.URLClassLoader$1::run@1
  0x000001e053a07ca4: 58c6 46ff 

  0x000001e053a07ca8: ;   {other}
  0x000001e053a07ca8: 0f1f 8400 | 1862 0078 | ba45 ffff | ff48 8b6c | 2420 448b | 4424 6444 | 8944 2428 | 4c8b 4424 
  0x000001e053a07cc8: 684c 8944 | 2440 4c89 | 5424 504c | 8954 2458 | 894c 2464 | 4489 5c24 | 6844 895c | 246c 6690 
  0x000001e053a07ce8: ;   {runtime_call UncommonTrapBlob}
  0x000001e053a07ce8: c5f8 77e8 

  0x000001e053a07cec: ; ImmutableOopMap {rbp=Oop [40]=NarrowOop [44]=NarrowOop [64]=Oop [80]=Oop [88]=Oop [100]=NarrowOop [104]=NarrowOop [108]=NarrowOop [112]=NarrowOop }
                      ;*ifnonnull {reexecute=1 rethrow=0 return_oop=0}
                      ; - (reexecute) java.util.Objects::requireNonNull@1
                      ; - java.util.jar.JarFile::getInputStream@4
                      ; - jdk.internal.loader.URLClassPath$JarLoader$2::getInputStream@11
                      ; - jdk.internal.loader.Resource::cachedInputStream@9
                      ; - jdk.internal.loader.Resource::getByteBuffer@1
                      ; - java.net.URLClassLoader::defineClass@132
                      ; - java.net.URLClassLoader$1::run@43
                      ; - java.net.URLClassLoader$1::run@1
  0x000001e053a07cec: 10c6 46ff 

  0x000001e053a07cf0: ;   {other}
  0x000001e053a07cf0: 0f1f 8400 | 6062 0079 | 458b d3e9 | 28ae ffff 

  0x000001e053a07d00: ;   {metadata('java/lang/Object'[])}
  0x000001e053a07d00: 48ba a8c4 | 0500 0100 | 0000 41b8 | 0100 0000 

  0x000001e053a07d10: ;   {runtime_call _new_array_Java}
  0x000001e053a07d10: c5f8 77e8 

  0x000001e053a07d14: ; ImmutableOopMap {rbp=NarrowOop [32]=Oop [44]=NarrowOop [56]=Oop [64]=Oop [80]=Oop [88]=Oop [100]=NarrowOop [104]=Oop [112]=NarrowOop [120]=Oop [128]=Oop }
                      ;*anewarray {reexecute=0 rethrow=0 return_oop=1}
                      ; - java.io.FileInputStream::<init>@240
                      ; - jdk.internal.loader.URLClassPath$FileLoader$1::getInputStream@8
                      ; - jdk.internal.loader.Resource::cachedInputStream@9
                      ; - jdk.internal.loader.Resource::getByteBuffer@1
                      ; - java.net.URLClassLoader::defineClass@132
                      ; - java.net.URLClassLoader$1::run@43
                      ; - java.net.URLClassLoader$1::run@1
  0x000001e053a07d14: 6836 52ff 

  0x000001e053a07d18: ;   {other}
  0x000001e053a07d18: 0f1f 8400 | 8862 007a | e968 ceff | ff4d 85c9 | 0f85 04db | ffff eb52 | 4d8b 5758 | 4d8b 5f48 
  0x000001e053a07d38: f083 4424 | c000 8039 | 0074 3244 | 8821 4d85 | db74 0f4b | 894c 1af8 | 4983 c3f8 | 4d89 5f48 
  0x000001e053a07d58: eb1b 498b | d7c5 f877 | 49ba e029 | 0ce0 f87f | 0000 41ff 

  0x000001e053a07d6c: ;   {other}
  0x000001e053a07d6c: d20f 1f84 | 0000 0000 | 0044 8b57 | 5c45 85d2 | 0f85 b0da | ffff 488b | 7c24 50e9 | 4fbe ffff 
  0x000001e053a07d8c: 488b 7c24 | 5844 8b57 | 5c45 85d2 | 0f84 51da | ffff 4d8b | 5f28 498b | ca4d 85db | 0f84 d110 
  0x000001e053a07dac: 0000 4d8b | 5738 4b89 | 4c1a f849 | 83c3 f84d | 895f 28e9 | 2bda ffff | 448b d6e9 | c9d5 ffff 
  0x000001e053a07dcc: 4c8b db44 | 8b53 1845 | 85d2 0f84 | 79d5 ffff | 4d8b 5f28 | 498b ca4d | 85db 0f84 | e010 0000 
  0x000001e053a07dec: 4d8b 5738 | 4b89 4c1a | f849 83c3 | f84d 895f | 284c 8bdb | e950 d5ff | ff48 8b9c | 2488 0000 
  0x000001e053a07e0c: 0044 8b4b | 0c45 85c9 | 743a 498b | 5728 498b | c948 85d2 | 0f84 7910 | 0000 458b | e848 8bf0 
  0x000001e053a07e2c: 488b fb8b | 5c24 604d | 8b57 3849 | 894c 12f8 | 4883 c2f8 | 4989 5728 | 448b d348 | 8bdf 4c8b 
  0x000001e053a07e4c: de45 8bc5 | 4489 5424 | 744d 8bd3 | 418b f0e9 | b4d4 ffff | 4c8b 9424 | 8800 0000 | 458b 5218 
  0x000001e053a07e6c: ;   {no_reloc}
  0x000001e053a07e6c: 4585 d20f | 841f d7ff | ff4d 8b5f | 2849 8bca | 4d85 db0f | 84ad 1000 | 004d 8b57 | 384b 894c 
  0x000001e053a07e8c: 1af8 4983 | c3f8 4d89 | 5f28 e9f9 | d6ff ff4c | 8b94 2488 | 0000 0045 | 8b52 1445 | 85d2 0f84 
  0x000001e053a07eac: 52d6 ffff | 4d8b 5f28 | 498b ca4d | 85db 0f84 | 9210 0000 | 4d8b 5738 | 4b89 4c1a | f849 83c3 
  0x000001e053a07ecc: f84d 895f | 28e9 2cd6 | ffff 4c8b | 8c24 8800 | 0000 458b | 5924 4585 | db0f 844e | d7ff ff49 
  0x000001e053a07eec: 8bf9 4d8b | 5728 498b | cb4d 85d2 | 0f84 1410 | 0000 4d8b | 5f38 4b89 | 4c13 f849 | 83c2 f84d 
  0x000001e053a07f0c: 8957 284c | 8bcf e922 | d7ff ff4c | 8b94 2488 | 0000 0045 | 8b52 2045 | 85d2 0f84 | aed6 ffff 
  0x000001e053a07f2c: 4d8b 5f28 | 498b ca4d | 85db 0f84 | 3610 0000 | 4d8b 5738 | 4b89 4c1a | f849 83c3 | f84d 895f 
  0x000001e053a07f4c: 28e9 88d6 | ffff 4c8b | 4424 5845 | 8b50 1c45 | 85d2 0f84 | 22d7 ffff | 4d8b 5f28 

  0x000001e053a07f68: ;   {no_reloc}
  0x000001e053a07f68: 498b ca4d | 85db 0f84 | 780f 0000 | 498b f949 | 8bd8 4d8b | 5738 4b89 | 4c1a f849 | 83c3 f84d 
  0x000001e053a07f88: 895f 284c | 8bc3 4c8b | cfe9 f0d6 | ffff 4d8b | 5748 4d8b | 5f58 f083 | 4424 c000 | 8039 000f 
  0x000001e053a07fa8: 849a d3ff | ff44 8821 | 4d85 d275 | 2049 8bd7 | c5f8 7749 | bae0 290c | e0f8 7f00 | 0041 ffd2 
  0x000001e053a07fc8: ;   {other}
  0x000001e053a07fc8: 0f1f 8400 | 0000 0000 | e972 d3ff | ff4b 894c | 13f8 4983 | c2f8 4d89 | 5748 e960 | d3ff ff4d 
  0x000001e053a07fe8: 8b57 484d | 8b5f 58f0 | 8344 24c0 | 0080 3900 | 7438 4488 | 214d 85d2 | 740f 4b89 | 4c13 f849 
  0x000001e053a08008: 83c2 f84d | 8957 48eb | 2149 8bd8 | 498b d7c5 | f877 49ba | e029 0ce0 | f87f 0000 

  0x000001e053a08024: ;   {other}
  0x000001e053a08024: 41ff d20f | 1f84 0000 | 0000 004c | 8bc3 458b | 581c 4d8b | d34d 8bca | e975 d6ff | ff4d 8b57 
  0x000001e053a08044: 584d 8b5f | 48f0 8344 | 24c0 0080 | 3900 0f84 | e5d4 ffff | 4488 214d | 85db 7520 | 498b d7c5 
  0x000001e053a08064: f877 49ba | e029 0ce0 | f87f 0000 

  0x000001e053a08070: ;   {other}
  0x000001e053a08070: 41ff d20f | 1f84 0000 | 0000 00e9 | bdd4 ffff | 4b89 4c1a | f849 83c3 | f84d 895f | 48e9 abd4 
  0x000001e053a08090: ffff 4d8b | 5758 4d8b | 5f48 f083 | 4424 c000 | 8039 000f | 8426 d5ff | ff44 8821 | 4d85 db75 
  0x000001e053a080b0: 2049 8bd7 | c5f8 7749 | bae0 290c | e0f8 7f00 | 0041 ffd2 

  0x000001e053a080c4: ;   {other}
  0x000001e053a080c4: 0f1f 8400 | 0000 0000 | e9fe d4ff | ff4b 894c | 1af8 4983 | c3f8 4d89 | 5f48 e9ec | d4ff ff4d 
  0x000001e053a080e4: 8b57 584d | 8b5f 48f0 | 8344 24c0 | 0080 3900 | 0f84 b1d3 | ffff 4488 | 214d 85db | 7520 498b 
  0x000001e053a08104: d7c5 f877 | 49ba e029 | 0ce0 f87f | 0000 41ff 

  0x000001e053a08114: ;   {other}
  0x000001e053a08114: d20f 1f84 | 0000 0000 | 00e9 89d3 | ffff 4b89 | 4c1a f849 | 83c3 f84d | 895f 48e9 | 77d3 ffff 
  0x000001e053a08134: baf6 ffff | ff48 8b6c | 2420 4489 | 5c24 2848 | 895c 2450 | 4889 4c24 | 584c 894c | 2460 6690 
  0x000001e053a08154: ;   {runtime_call UncommonTrapBlob}
  0x000001e053a08154: c5f8 77e8 

  0x000001e053a08158: ; ImmutableOopMap {rbp=Oop [40]=NarrowOop [44]=NarrowOop [80]=Oop [88]=Oop [96]=Oop [104]=Oop [112]=NarrowOop }
                      ;*invokevirtual compute {reexecute=0 rethrow=0 return_oop=0}
                      ; - java.lang.ClassLoader::definePackage@78
                      ; - java.lang.ClassLoader::getDefinedPackage@32
                      ; - java.net.URLClassLoader::getAndVerifyPackage@2
                      ; - java.net.URLClassLoader::defineClass@46
                      ; - java.net.URLClassLoader$1::run@43
                      ; - java.net.URLClassLoader$1::run@1
  0x000001e053a08158: a4c1 46ff 

  0x000001e053a0815c: ;   {other}
  0x000001e053a0815c: 0f1f 8400 | cc66 007b | 4d8b 5748 | 4d8b 5f58 | f083 4424 | c000 8039 | 000f 8417 | d2ff ff44 
  0x000001e053a0817c: 8821 4d85 | d275 2049 | 8bd7 c5f8 | 7749 bae0 | 290c e0f8 | 7f00 0041 

  0x000001e053a08194: ;   {other}
  0x000001e053a08194: ffd2 0f1f | 8400 0000 | 0000 e9ef | d1ff ff4b | 894c 13f8 | 4983 c2f8 | 4d89 5748 | e9dd d1ff 
  0x000001e053a081b4: ff49 8bd9 | 4d8b 5748 | 4d8b 5f58 | f083 4424 | c000 8039 | 0074 3244 | 8821 4d85 | d274 0f4b 
  0x000001e053a081d4: 894c 13f8 | 4983 c2f8 | 4d89 5748 | eb1b 498b | d7c5 f877 | 49ba e029 | 0ce0 f87f | 0000 41ff 
  0x000001e053a081f4: ;   {other}
  0x000001e053a081f4: d20f 1f84 | 0000 0000 | 004c 8bcb | e971 d4ff | ff4d 8b57 | 484d 8b5f | 58f0 8344 | 24c0 0080 
  0x000001e053a08214: 3900 0f84 | 0ad4 ffff | 4488 214d | 85d2 7520 | 498b d7c5 | f877 49ba | e029 0ce0 | f87f 0000 
  0x000001e053a08234: ;   {other}
  0x000001e053a08234: 41ff d20f | 1f84 0000 | 0000 00e9 | e2d3 ffff | 4b89 4c13 | f849 83c2 | f84d 8957 | 48e9 d0d3 
  0x000001e053a08254: ffff 4889 | 7c24 404c | 896c 2438 | 4963 cae9 | 79a9 ffff | 4883 c1fe | 488b fa48 | 33c0 4883 
  0x000001e053a08274: f908 7f10 | 48ff c978 | 4f48 8904 | cf48 ffc9 | 7df7 eb44 | c5fd efc0 | e90d 0000 | 00c5 fe7f 
  0x000001e053a08294: 07c5 fe7f | 4720 4883 | c740 4883 | e908 7ded | 4883 c104 | 7c0c c5fe | 7f07 4883 | c720 4883 
  0x000001e053a082b4: e904 4883 | c104 7e10 | 48ff c9c5 | f9d6 0748 | 83c7 0848 | ffc9 7df3 | e9db a9ff | ffba ccff 
  0x000001e053a082d4: ffff 488b | 6c24 2044 | 894c 2420 | 4489 5424 | 284c 8b54 | 2468 4c89 | 5424 384c | 895c 2458 
  0x000001e053a082f4: ;   {runtime_call UncommonTrapBlob}
  0x000001e053a082f4: c5f8 77e8 

  0x000001e053a082f8: ; ImmutableOopMap {rbp=Oop [32]=NarrowOop [44]=NarrowOop [56]=Oop [88]=Oop [100]=NarrowOop [112]=NarrowOop }
                      ;*newarray {reexecute=1 rethrow=0 return_oop=0}
                      ; - (reexecute) java.util.Arrays::copyOfRangeByte@10
                      ; - java.util.Arrays::copyOfRange@13
                      ; - java.lang.StringLatin1::newString@16
                      ; - java.lang.String::substring@41
                      ; - java.net.URLClassLoader::defineClass@28
                      ; - java.net.URLClassLoader$1::run@43
                      ; - java.net.URLClassLoader$1::run@1
  0x000001e053a082f8: 04c0 46ff 

  0x000001e053a082fc: ;   {other}
  0x000001e053a082fc: 0f1f 8400 | 6c68 007c | ba45 ffff | ff44 8b54 | 2470 4489 | 5424 404c | 8b54 2468 | 4c89 5424 
  0x000001e053a0831c: 4848 894c | 2468 4889 | 5c24 7048 | 894c 2478 | 4489 8c24 | 8800 0000 | 4489 9c24 | 8c00 0000 
  0x000001e053a0833c: ;   {runtime_call UncommonTrapBlob}
  0x000001e053a0833c: c5f8 77e8 

  0x000001e053a08340: ; ImmutableOopMap {rbp=NarrowOop [32]=Oop [44]=NarrowOop [64]=NarrowOop [72]=Oop [100]=NarrowOop [104]=Oop [112]=Oop [120]=Oop [136]=NarrowOop }
                      ;*ifnull {reexecute=1 rethrow=0 return_oop=0}
                      ; - (reexecute) java.util.concurrent.ConcurrentHashMap::get@67
                      ; - java.lang.ClassLoader::getDefinedPackage@13
                      ; - java.net.URLClassLoader::getAndVerifyPackage@2
                      ; - java.net.URLClassLoader::defineClass@46
                      ; - java.net.URLClassLoader$1::run@43
                      ; - java.net.URLClassLoader$1::run@1
  0x000001e053a08340: bcbf 46ff 

  0x000001e053a08344: ;   {other}
  0x000001e053a08344: 0f1f 8400 | b468 007d | ba45 ffff | ff44 8b5c | 2470 4489 | 5c24 404c | 8b5c 2468 | 4c89 5c24 
  0x000001e053a08364: 4848 894c | 2468 4889 | 5c24 7048 | 894c 2478 | 89bc 2480 | 0000 0089 | b424 8400 | 0000 4489 
  0x000001e053a08384: 9424 9000 | 0000 6690 

  0x000001e053a0838c: ;   {runtime_call UncommonTrapBlob}
  0x000001e053a0838c: c5f8 77e8 

  0x000001e053a08390: ; ImmutableOopMap {rbp=NarrowOop [32]=Oop [44]=NarrowOop [64]=NarrowOop [72]=Oop [100]=NarrowOop [104]=Oop [112]=Oop [120]=Oop [128]=NarrowOop [132]=NarrowOop }
                      ;*ifnull {reexecute=1 rethrow=0 return_oop=0}
                      ; - (reexecute) java.util.concurrent.ConcurrentHashMap::get@67
                      ; - java.lang.ClassLoader::definePackage@47
                      ; - java.lang.ClassLoader::getDefinedPackage@32
                      ; - java.net.URLClassLoader::getAndVerifyPackage@2
                      ; - java.net.URLClassLoader::defineClass@46
                      ; - java.net.URLClassLoader$1::run@43
                      ; - java.net.URLClassLoader$1::run@1
  0x000001e053a08390: 6cbf 46ff 

  0x000001e053a08394: ;   {other}
  0x000001e053a08394: 0f1f 8400 | 0469 007e | 4c89 4c24 | 584c 896c 

  0x000001e053a083a4: ;   {metadata('java/security/CodeSigner'[])}
  0x000001e053a083a4: 2450 48ba | a0c3 6600 | 0100 0000 | 458b c390 

  0x000001e053a083b4: ;   {runtime_call _new_array_Java}
  0x000001e053a083b4: c5f8 77e8 

  0x000001e053a083b8: ; ImmutableOopMap {rbp=Oop [32]=Oop [40]=Oop [56]=Oop [64]=Oop [80]=Oop [100]=NarrowOop [112]=NarrowOop [160]=Oop }
                      ;*invokevirtual clone {reexecute=1 rethrow=0 return_oop=1}
                      ; - (reexecute) java.security.CodeSource::<init>@42
                      ; - java.net.URLClassLoader::defineClass@198
                      ; - java.net.URLClassLoader$1::run@43
                      ; - java.net.URLClassLoader$1::run@1
  0x000001e053a083b8: c42f 52ff 

  0x000001e053a083bc: ;   {other}
  0x000001e053a083bc: 0f1f 8400 | 2c69 007f | 4c8b 6c24 | 504c 8b4c | 2458 488b | d8e9 52cb | ffff 4c89 | 4c24 5848 
  0x000001e053a083dc: 8beb 4489 | 5424 2848 | 897c 2450 

  0x000001e053a083e8: ;   {metadata('java/security/CodeSigner'[])}
  0x000001e053a083e8: 48ba a0c3 | 6600 0100 | 0000 448b | c166 6690 

  0x000001e053a083f8: ;   {runtime_call _new_array_Java}
  0x000001e053a083f8: c5f8 77e8 

  0x000001e053a083fc: ; ImmutableOopMap {rbp=Oop [32]=Oop [40]=NarrowOop [44]=NarrowOop [56]=Oop [64]=Oop [80]=Oop [100]=NarrowOop [112]=NarrowOop [160]=Oop }
                      ;*invokevirtual clone {reexecute=1 rethrow=0 return_oop=1}
                      ; - (reexecute) java.util.jar.JarFile$JarFileEntry::getCodeSigners@70
                      ; - jdk.internal.loader.URLClassPath$JarLoader$2::getCodeSigners@4
                      ; - java.net.URLClassLoader::defineClass@185
                      ; - java.net.URLClassLoader$1::run@43
                      ; - java.net.URLClassLoader$1::run@1
  0x000001e053a083fc: 802f 52ff 

  0x000001e053a08400: ;   {other}
  0x000001e053a08400: 0f1f 8400 | 7069 0080 | 488b 7c24 | 5044 8b54 | 2428 488b | dd4c 8b4c | 2458 e984 

  0x000001e053a0841c: ;   {metadata('java/io/FileDescriptor')}
  0x000001e053a0841c: d4ff ff48 | bab8 1007 | 0001 0000 | 0066 6690 

  0x000001e053a0842c: ;   {runtime_call _new_instance_Java}
  0x000001e053a0842c: c5f8 77e8 

  0x000001e053a08430: ; ImmutableOopMap {[32]=Oop [44]=NarrowOop [56]=Oop [64]=Oop [80]=Oop [88]=Oop [100]=NarrowOop [104]=Oop [112]=NarrowOop [120]=Oop [128]=Oop }
                      ;*new {reexecute=0 rethrow=0 return_oop=1}
                      ; - java.io.FileInputStream::<init>@187
                      ; - jdk.internal.loader.URLClassPath$FileLoader$1::getInputStream@8
                      ; - jdk.internal.loader.Resource::cachedInputStream@9
                      ; - jdk.internal.loader.Resource::getByteBuffer@1
                      ; - java.net.URLClassLoader::defineClass@132
                      ; - java.net.URLClassLoader$1::run@43
                      ; - java.net.URLClassLoader$1::run@1
  0x000001e053a08430: 4c32 52ff 

  0x000001e053a08434: ;   {other}
  0x000001e053a08434: 0f1f 8400 | a469 0081 | 4c8b 5c24 | 584c 8bc8 | e9a6 ccff | ffba 45ff | ffff 448b | 4424 7044 
  0x000001e053a08454: 8944 2440 | 4c8b 5424 | 684c 8954 | 2448 4889 | 4c24 6848 | 895c 2470 | 4889 4c24 | 784c 898c 
  0x000001e053a08474: 2488 0000 | 0044 899c | 2490 0000 | 0066 6690 

  0x000001e053a08484: ;   {runtime_call UncommonTrapBlob}
  0x000001e053a08484: c5f8 77e8 

  0x000001e053a08488: ; ImmutableOopMap {rbp=NarrowOop [32]=Oop [44]=NarrowOop [64]=NarrowOop [72]=Oop [100]=NarrowOop [104]=Oop [112]=Oop [120]=Oop [136]=Oop }
                      ;*ifnull {reexecute=1 rethrow=0 return_oop=0}
                      ; - (reexecute) java.util.concurrent.ConcurrentHashMap::get@143
                      ; - java.lang.ClassLoader::getDefinedPackage@13
                      ; - java.net.URLClassLoader::getAndVerifyPackage@2
                      ; - java.net.URLClassLoader::defineClass@46
                      ; - java.net.URLClassLoader$1::run@43
                      ; - java.net.URLClassLoader$1::run@1
  0x000001e053a08488: 74be 46ff 

  0x000001e053a0848c: ;   {other}
  0x000001e053a0848c: 0f1f 8400 | fc69 0082 | ba45 ffff | ff48 8b6c | 2420 4c8b | 5424 684c | 8954 2438 | 4c8b 5424 
  0x000001e053a084ac: 584c 8954 | 2450 4c8b | 5424 784c | 8954 2468 | 8944 2474 

  0x000001e053a084c0: ;   {runtime_call UncommonTrapBlob}
  0x000001e053a084c0: c5f8 77e8 

  0x000001e053a084c4: ; ImmutableOopMap {rbp=Oop [40]=NarrowOop [44]=NarrowOop [56]=Oop [72]=NarrowOop [80]=Oop [104]=Oop [128]=Oop }
                      ;*ifeq {reexecute=1 rethrow=0 return_oop=0}
                      ; - (reexecute) java.util.concurrent.ConcurrentHashMap::get@152
                      ; - java.lang.ClassLoader::getDefinedPackage@13
                      ; - java.net.URLClassLoader::getAndVerifyPackage@2
                      ; - java.net.URLClassLoader::defineClass@46
                      ; - java.net.URLClassLoader$1::run@43
                      ; - java.net.URLClassLoader$1::run@1
  0x000001e053a084c4: 38be 46ff 

  0x000001e053a084c8: ;   {other}
  0x000001e053a084c8: 0f1f 8400 | 386a 0083 | 4c89 5c24 

  0x000001e053a084d4: ;   {metadata('java/util/jar/JarVerifier$VerifierStream')}
  0x000001e053a084d4: 7848 ba38 | 1ac6 0001 | 0000 0090 

  0x000001e053a084e0: ;   {runtime_call _new_instance_Java}
  0x000001e053a084e0: c5f8 77e8 

  0x000001e053a084e4: ; ImmutableOopMap {rbp=NarrowOop [32]=Oop [44]=NarrowOop [56]=Oop [64]=Oop [80]=Oop [88]=Oop [96]=NarrowOop [100]=NarrowOop [104]=Oop [112]=NarrowOop [120]=Oop [128]=Oop }
                      ;*new {reexecute=0 rethrow=0 return_oop=1}
                      ; - java.util.jar.JarFile::getInputStream@66
                      ; - jdk.internal.loader.URLClassPath$JarLoader$2::getInputStream@11
                      ; - jdk.internal.loader.Resource::cachedInputStream@9
                      ; - jdk.internal.loader.Resource::getByteBuffer@1
                      ; - java.net.URLClassLoader::defineClass@132
                      ; - java.net.URLClassLoader$1::run@43
                      ; - java.net.URLClassLoader$1::run@1
  0x000001e053a084e4: 9831 52ff 

  0x000001e053a084e8: ;   {other}
  0x000001e053a084e8: 0f1f 8400 | 586a 0084 | e994 cdff | ff44 8954 

  0x000001e053a084f8: ;   {metadata('sun/security/util/ManifestEntryVerifier')}
  0x000001e053a084f8: 2460 48ba | a0e5 0900 | 0100 0000 

  0x000001e053a08504: ;   {runtime_call _new_instance_Java}
  0x000001e053a08504: c5f8 77e8 

  0x000001e053a08508: ; ImmutableOopMap {rbp=Oop [32]=Oop [44]=NarrowOop [56]=Oop [64]=Oop [80]=Oop [88]=Oop [96]=NarrowOop [100]=NarrowOop [104]=Oop [112]=NarrowOop [116]=NarrowOop [120]=Oop [128]=Oop [144]=Oop }
                      ;*new {reexecute=0 rethrow=0 return_oop=1}
                      ; - java.util.jar.JarVerifier$VerifierStream::<init>@22
                      ; - java.util.jar.JarFile::getInputStream@84
                      ; - jdk.internal.loader.URLClassPath$JarLoader$2::getInputStream@11
                      ; - jdk.internal.loader.Resource::cachedInputStream@9
                      ; - jdk.internal.loader.Resource::getByteBuffer@1
                      ; - java.net.URLClassLoader::defineClass@132
                      ; - java.net.URLClassLoader$1::run@43
                      ; - java.net.URLClassLoader$1::run@1
  0x000001e053a08508: 7431 52ff 

  0x000001e053a0850c: ;   {other}
  0x000001e053a0850c: 0f1f 8400 | 7c6a 0085 | 448b 5424 | 604c 8bc0 | e9c1 ceff | ff89 b424 | d400 0000 | 899c 24d0 
  0x000001e053a0852c: ;   {metadata('java/util/ArrayList')}
  0x000001e053a0852c: 0000 0048 | ba10 7e05 | 0001 0000 | 0066 6690 

  0x000001e053a0853c: ;   {runtime_call _new_instance_Java}
  0x000001e053a0853c: c5f8 77e8 

  0x000001e053a08540: ; ImmutableOopMap {rbp=Oop [32]=Oop [44]=NarrowOop [56]=Oop [64]=Oop [80]=Oop [88]=Oop [96]=NarrowOop [100]=NarrowOop [104]=Oop [112]=NarrowOop [116]=NarrowOop [120]=Oop [128]=Oop [136]=Oop [144]=Oop [208]=NarrowOop [212]=NarrowOop }
                      ;*new {reexecute=0 rethrow=0 return_oop=1}
                      ; - sun.security.util.ManifestEntryVerifier::<init>@33
                      ; - java.util.jar.JarVerifier$VerifierStream::<init>@32
                      ; - java.util.jar.JarFile::getInputStream@84
                      ; - jdk.internal.loader.URLClassPath$JarLoader$2::getInputStream@11
                      ; - jdk.internal.loader.Resource::cachedInputStream@9
                      ; - jdk.internal.loader.Resource::getByteBuffer@1
                      ; - java.net.URLClassLoader::defineClass@132
                      ; - java.net.URLClassLoader$1::run@43
                      ; - java.net.URLClassLoader$1::run@1
  0x000001e053a08540: 3c31 52ff 

  0x000001e053a08544: ;   {other}
  0x000001e053a08544: 0f1f 8400 | b46a 0086 | 4c8b d08b | 9c24 d000 | 0000 8bb4 | 24d4 0000 | 00e9 8acf | ffff 89b4 
  0x000001e053a08564: 24d4 0000 | 0089 9c24 | d000 0000 

  0x000001e053a08570: ;   {metadata('java/util/ArrayList')}
  0x000001e053a08570: 48ba 107e | 0500 0100 | 0000 6690 

  0x000001e053a0857c: ;   {runtime_call _new_instance_Java}
  0x000001e053a0857c: c5f8 77e8 

  0x000001e053a08580: ; ImmutableOopMap {rbp=Oop [32]=Oop [44]=NarrowOop [56]=Oop [64]=Oop [80]=Oop [88]=Oop [96]=NarrowOop [100]=NarrowOop [104]=Oop [112]=NarrowOop [116]=NarrowOop [120]=Oop [128]=Oop [136]=Oop [144]=Oop [208]=NarrowOop [212]=NarrowOop }
                      ;*new {reexecute=0 rethrow=0 return_oop=1}
                      ; - sun.security.util.ManifestEntryVerifier::<init>@44
                      ; - java.util.jar.JarVerifier$VerifierStream::<init>@32
                      ; - java.util.jar.JarFile::getInputStream@84
                      ; - jdk.internal.loader.URLClassPath$JarLoader$2::getInputStream@11
                      ; - jdk.internal.loader.Resource::cachedInputStream@9
                      ; - jdk.internal.loader.Resource::getByteBuffer@1
                      ; - java.net.URLClassLoader::defineClass@132
                      ; - java.net.URLClassLoader$1::run@43
                      ; - java.net.URLClassLoader$1::run@1
  0x000001e053a08580: fc30 52ff 

  0x000001e053a08584: ;   {other}
  0x000001e053a08584: 0f1f 8400 | f46a 0087 | 4c8b d08b | 9c24 d000 | 0000 8bb4 | 24d4 0000 | 00e9 dccf 

  0x000001e053a085a0: ;   {metadata('java/util/HashMap')}
  0x000001e053a085a0: ffff 48ba | 6065 0600 | 0100 0000 

  0x000001e053a085ac: ;   {runtime_call _new_instance_Java}
  0x000001e053a085ac: c5f8 77e8 

  0x000001e053a085b0: ; ImmutableOopMap {rbp=Oop [32]=Oop [44]=NarrowOop [56]=Oop [64]=Oop [80]=Oop [88]=Oop [96]=NarrowOop [100]=NarrowOop [104]=Oop [112]=NarrowOop [116]=NarrowOop [120]=Oop [128]=Oop [136]=Oop [144]=Oop }
                      ;*new {reexecute=0 rethrow=0 return_oop=1}
                      ; - sun.security.util.ManifestEntryVerifier::<init>@20
                      ; - java.util.jar.JarVerifier$VerifierStream::<init>@32
                      ; - java.util.jar.JarFile::getInputStream@84
                      ; - jdk.internal.loader.URLClassPath$JarLoader$2::getInputStream@11
                      ; - jdk.internal.loader.Resource::cachedInputStream@9
                      ; - jdk.internal.loader.Resource::getByteBuffer@1
                      ; - java.net.URLClassLoader::defineClass@132
                      ; - java.net.URLClassLoader$1::run@43
                      ; - java.net.URLClassLoader$1::run@1
  0x000001e053a085b0: cc30 52ff 

  0x000001e053a085b4: ;   {other}
  0x000001e053a085b4: 0f1f 8400 | 246b 0088 | e97e ceff | ff4c 8944 | 2458 4489 | 6c24 2848 | 8974 2450 | 488b 6c24 
  0x000001e053a085d4: 6849 8bd0 | 4c8d 8424 | e000 0000 

  0x000001e053a085e0: ;   {runtime_call _complete_monitor_locking_Java}
  0x000001e053a085e0: c5f8 77e8 

  0x000001e053a085e4: ; ImmutableOopMap {rbp=Oop [32]=Oop [40]=NarrowOop [44]=NarrowOop [56]=Oop [64]=Oop [80]=Oop [88]=Oop [100]=NarrowOop [112]=NarrowOop [160]=Oop }
                      ;*monitorenter {reexecute=0 rethrow=0 return_oop=0}
                      ; - java.util.zip.ZipFile::getManifestName@3
                      ; - java.util.zip.ZipFile$1::getManifestName@2
                      ; - java.util.jar.JarFile::maybeInstantiateVerifier@20
                      ; - java.util.jar.JarFile$JarFileEntry::getCodeSigners@4
                      ; - jdk.internal.loader.URLClassPath$JarLoader$2::getCodeSigners@4
                      ; - java.net.URLClassLoader::defineClass@185
                      ; - java.net.URLClassLoader$1::run@43
                      ; - java.net.URLClassLoader$1::run@1
  0x000001e053a085e4: 9859 52ff 

  0x000001e053a085e8: ;   {other}
  0x000001e053a085e8: 0f1f 8400 | 586b 0089 | 488b fd48 | 8b74 2450 | 448b 6c24 | 284c 8b44 | 2458 e907 | baff ff49 
  0x000001e053a08608: 8bc8 488d | 9424 e000 | 0000 4d8b | c7c5 f877 | 49ba b0d7 | 4de0 f87f | 0000 41ff 

  0x000001e053a08624: ;   {other}
  0x000001e053a08624: d20f 1f84 | 0000 0000 | 00e9 9fba | ffff ba45 | ffff ff44 | 8b44 2470 | 4489 4424 | 404c 8b5c 
  0x000001e053a08644: 2468 4c89 | 5c24 4848 | 894c 2468 | 4889 5c24 | 7048 894c | 2478 89bc | 2480 0000 | 004c 89ac 
  0x000001e053a08664: 2490 0000 | 0044 8994 | 2484 0000 | 0066 6690 

  0x000001e053a08674: ;   {runtime_call UncommonTrapBlob}
  0x000001e053a08674: c5f8 77e8 

  0x000001e053a08678: ; ImmutableOopMap {rbp=NarrowOop [32]=Oop [44]=NarrowOop [64]=NarrowOop [72]=Oop [100]=NarrowOop [104]=Oop [112]=Oop [120]=Oop [128]=NarrowOop [144]=Oop }
                      ;*ifnull {reexecute=1 rethrow=0 return_oop=0}
                      ; - (reexecute) java.util.concurrent.ConcurrentHashMap::get@143
                      ; - java.lang.ClassLoader::definePackage@47
                      ; - java.lang.ClassLoader::getDefinedPackage@32
                      ; - java.net.URLClassLoader::getAndVerifyPackage@2
                      ; - java.net.URLClassLoader::defineClass@46
                      ; - java.net.URLClassLoader$1::run@43
                      ; - java.net.URLClassLoader$1::run@1
  0x000001e053a08678: 84bc 46ff 

  0x000001e053a0867c: ;   {other}
  0x000001e053a0867c: 0f1f 8400 | ec6b 008a | ba45 ffff | ff48 8b6c | 2420 4c8b | 5424 684c | 8954 2438 | 4c8b 5424 
  0x000001e053a0869c: 584c 8954 | 2450 4c8b | 5424 784c | 8954 2468 | 448b 5424 | 2844 8954 | 2464 8984 | 2490 0000 
  0x000001e053a086bc: 0066 6690 

  0x000001e053a086c0: ;   {runtime_call UncommonTrapBlob}
  0x000001e053a086c0: c5f8 77e8 

  0x000001e053a086c4: ; ImmutableOopMap {rbp=Oop [44]=NarrowOop [56]=Oop [72]=NarrowOop [76]=NarrowOop [80]=Oop [100]=NarrowOop [104]=Oop [128]=Oop }
                      ;*ifeq {reexecute=1 rethrow=0 return_oop=0}
                      ; - (reexecute) java.util.concurrent.ConcurrentHashMap::get@152
                      ; - java.lang.ClassLoader::definePackage@47
                      ; - java.lang.ClassLoader::getDefinedPackage@32
                      ; - java.net.URLClassLoader::getAndVerifyPackage@2
                      ; - java.net.URLClassLoader::defineClass@46
                      ; - java.net.URLClassLoader$1::run@43
                      ; - java.net.URLClassLoader$1::run@1
  0x000001e053a086c4: 38bc 46ff 

  0x000001e053a086c8: ;   {other}
  0x000001e053a086c8: 0f1f 8400 | 386c 008b | bace ffff | ff48 8b6c | 2420 4c89 | 5c24 2048 | 895c 2430 | 4489 5424 
  0x000001e053a086e8: 3866 6690 

  0x000001e053a086ec: ;   {runtime_call UncommonTrapBlob}
  0x000001e053a086ec: c5f8 77e8 

  0x000001e053a086f0: ; ImmutableOopMap {rbp=Oop [32]=Oop [48]=Oop }
                      ;*invokestatic inflate {reexecute=0 rethrow=0 return_oop=0}
                      ; - java.lang.String::getBytes@40
                      ; - java.lang.StringConcatHelper::prepend@21
                      ; - java.lang.StringConcatHelper::simpleConcat@81
                      ; - java.lang.String::concat@11
                      ; - java.net.URLClassLoader$1::run@13
                      ; - java.net.URLClassLoader$1::run@1
  0x000001e053a086f0: 0cbc 46ff 

  0x000001e053a086f4: ;   {other}
  0x000001e053a086f4: 0f1f 8400 | 646c 008c | ba45 ffff | ff4c 8b5c | 2468 4c89 | 5c24 3844 | 8b44 2464 | 4489 4424 
  0x000001e053a08714: 2844 8b5c | 2470 4489 | 5c24 404c | 8954 2458 | 4489 4c24 | 6044 894c | 2464 6690 

  0x000001e053a08730: ;   {runtime_call UncommonTrapBlob}
  0x000001e053a08730: c5f8 77e8 

  0x000001e053a08734: ; ImmutableOopMap {[32]=Oop [40]=NarrowOop [44]=NarrowOop [56]=Oop [64]=NarrowOop [88]=Oop [96]=NarrowOop [100]=NarrowOop [176]=Oop }
                      ;*ifeq {reexecute=1 rethrow=0 return_oop=0}
                      ; - (reexecute) java.util.zip.ZipFile::ensureOpen@4
                      ; - java.util.zip.ZipFile::getManifestName@5
                      ; - java.util.zip.ZipFile$1::getManifestName@2
                      ; - java.util.jar.JarFile::maybeInstantiateVerifier@20
                      ; - java.util.jar.JarFile::ensureInitialization@1
                      ; - java.util.jar.JavaUtilJarAccessImpl::ensureInitialization@1
                      ; - jdk.internal.loader.URLClassPath$JarLoader$2::getManifest@10
                      ; - java.net.URLClassLoader::defineClass@34
                      ; - java.net.URLClassLoader$1::run@43
                      ; - java.net.URLClassLoader$1::run@1
  0x000001e053a08734: c8bb 46ff 

  0x000001e053a08738: ;   {other}
  0x000001e053a08738: 0f1f 8400 | a86c 008d | ba45 ffff | ff48 897c | 2438 4889 | 7424 5044 | 896c 2458 | 4489 6c24 
  0x000001e053a08758: 5c66 6690 

  0x000001e053a0875c: ;   {runtime_call UncommonTrapBlob}
  0x000001e053a0875c: c5f8 77e8 

  0x000001e053a08760: ; ImmutableOopMap {[32]=Oop [44]=NarrowOop [56]=Oop [80]=Oop [88]=NarrowOop [92]=NarrowOop [100]=NarrowOop [112]=NarrowOop [160]=Oop }
                      ;*ifeq {reexecute=1 rethrow=0 return_oop=0}
                      ; - (reexecute) java.util.zip.ZipFile::ensureOpen@4
                      ; - java.util.zip.ZipFile::getManifestName@5
                      ; - java.util.zip.ZipFile$1::getManifestName@2
                      ; - java.util.jar.JarFile::maybeInstantiateVerifier@20
                      ; - java.util.jar.JarFile$JarFileEntry::getCodeSigners@4
                      ; - jdk.internal.loader.URLClassPath$JarLoader$2::getCodeSigners@4
                      ; - java.net.URLClassLoader::defineClass@185
                      ; - java.net.URLClassLoader$1::run@43
                      ; - java.net.URLClassLoader$1::run@1
  0x000001e053a08760: 9cbb 46ff 

  0x000001e053a08764: ;   {other}
  0x000001e053a08764: 0f1f 8400 | d46c 008e | bac6 ffff | ff48 8b6c | 2420 6690 

  0x000001e053a08778: ;   {runtime_call UncommonTrapBlob}
  0x000001e053a08778: c5f8 77e8 

  0x000001e053a0877c: ; ImmutableOopMap {rbp=Oop [44]=NarrowOop [100]=NarrowOop [104]=Oop [112]=NarrowOop [160]=Oop }
                      ;*invokevirtual getCodeSigners {reexecute=0 rethrow=0 return_oop=0}
                      ; - java.net.URLClassLoader::defineClass@185
                      ; - java.net.URLClassLoader$1::run@43
                      ; - java.net.URLClassLoader$1::run@1
  0x000001e053a0877c: 80bb 46ff 

  0x000001e053a08780: ;   {other}
  0x000001e053a08780: 0f1f 8400 | f06c 008f | ba45 ffff | ff44 8b44 | 2464 4489 | 4424 2844 | 8b4c 2470 | 4489 4c24 
  0x000001e053a087a0: 404c 8b44 | 2468 4c89 | 4424 484c | 8954 2458 | 4c89 5424 | 6044 895c | 2468 894c | 246c 894c 
  0x000001e053a087c0: 2470 6690 

  0x000001e053a087c4: ;   {runtime_call UncommonTrapBlob}
  0x000001e053a087c4: c5f8 77e8 

  0x000001e053a087c8: ; ImmutableOopMap {[32]=Oop [40]=NarrowOop [44]=NarrowOop [64]=NarrowOop [72]=Oop [88]=Oop [96]=Oop [104]=NarrowOop [108]=NarrowOop [112]=NarrowOop }
                      ;*ifeq {reexecute=1 rethrow=0 return_oop=0}
                      ; - (reexecute) java.util.zip.ZipFile::ensureOpen@4
                      ; - java.util.zip.ZipFile::getManifestName@5
                      ; - java.util.zip.ZipFile$1::getManifestName@2
                      ; - java.util.jar.JarFile::maybeInstantiateVerifier@20
                      ; - java.util.jar.JarFile::getInputStream@9
                      ; - jdk.internal.loader.URLClassPath$JarLoader$2::getInputStream@11
                      ; - jdk.internal.loader.Resource::cachedInputStream@9
                      ; - jdk.internal.loader.Resource::getByteBuffer@1
                      ; - java.net.URLClassLoader::defineClass@132
                      ; - java.net.URLClassLoader$1::run@43
                      ; - java.net.URLClassLoader$1::run@1
  0x000001e053a087c8: 34bb 46ff 

  0x000001e053a087cc: ;   {other}
  0x000001e053a087cc: 0f1f 8400 | 3c6d 0090 | bac6 ffff | ff48 8b6c | 2420 4489 | 5424 204c | 895c 2428 

  0x000001e053a087e8: ;   {runtime_call UncommonTrapBlob}
  0x000001e053a087e8: c5f8 77e8 

  0x000001e053a087ec: ; ImmutableOopMap {rbp=Oop [40]=Oop [100]=NarrowOop [112]=NarrowOop }
                      ;*invokevirtual getCodeSourceURL {reexecute=0 rethrow=0 return_oop=0}
                      ; - java.net.URLClassLoader::defineClass@13
                      ; - java.net.URLClassLoader$1::run@43
                      ; - java.net.URLClassLoader$1::run@1
  0x000001e053a087ec: 10bb 46ff 

  0x000001e053a087f0: ;   {other}
  0x000001e053a087f0: 0f1f 8400 | 606d 0091 | baf6 ffff | ff44 8b54 | 2464 4489 | 5424 2844 | 8b5c 2470 | 4489 5c24 
  0x000001e053a08810: 404c 8b54 | 2468 4c89 | 5424 4844 | 8b5c 2460 | 4489 5c24 | 444c 8984 | 2488 0000 | 004c 8984 
  0x000001e053a08830: 24a0 0000 | 0066 6690 

  0x000001e053a08838: ;   {runtime_call UncommonTrapBlob}
  0x000001e053a08838: c5f8 77e8 

  0x000001e053a0883c: ; ImmutableOopMap {rbp=NarrowOop [32]=Oop [40]=NarrowOop [44]=NarrowOop [64]=NarrowOop [68]=NarrowOop [72]=Oop [80]=Oop [88]=Oop [136]=Oop [160]=Oop }
                      ;*putfield next {reexecute=1 rethrow=0 return_oop=0}
                      ; - (reexecute) jdk.internal.ref.PhantomCleanable::insert@39
                      ; - jdk.internal.ref.PhantomCleanable::<init>@37
                      ; - java.io.NioChannelCleanable::<init>@5
                      ; - java.io.FileInputStream::<init>@21
                      ; - jdk.internal.loader.URLClassPath$FileLoader$1::getInputStream@8
                      ; - jdk.internal.loader.Resource::cachedInputStream@9
                      ; - jdk.internal.loader.Resource::getByteBuffer@1
                      ; - java.net.URLClassLoader::defineClass@132
                      ; - java.net.URLClassLoader$1::run@43
                      ; - java.net.URLClassLoader$1::run@1
  0x000001e053a0883c: c0ba 46ff 

  0x000001e053a08840: ;   {other}
  0x000001e053a08840: 0f1f 8400 | b06d 0092 | ba30 0000 | 0048 8b6c | 2420 448b | 5424 6444 | 8954 2428 

  0x000001e053a0885c: ;   {runtime_call UncommonTrapBlob}
  0x000001e053a0885c: c5f8 77e8 

  0x000001e053a08860: ; ImmutableOopMap {rbp=Oop [40]=NarrowOop [44]=NarrowOop [80]=Oop [88]=Oop [104]=Oop [112]=NarrowOop }
                      ;*new {reexecute=0 rethrow=0 return_oop=0}
                      ; - java.io.FileInputStream::<init>@57
                      ; - jdk.internal.loader.URLClassPath$FileLoader$1::getInputStream@8
                      ; - jdk.internal.loader.Resource::cachedInputStream@9
                      ; - jdk.internal.loader.Resource::getByteBuffer@1
                      ; - java.net.URLClassLoader::defineClass@132
                      ; - java.net.URLClassLoader$1::run@43
                      ; - java.net.URLClassLoader$1::run@1
  0x000001e053a08860: 9cba 46ff 

  0x000001e053a08864: ;   {other}
  0x000001e053a08864: 0f1f 8400 | d46d 0093 | baf6 ffff | ff48 8b6c | 2420 448b | 5424 6444 | 8954 2428 | 4c8b 5424 
  0x000001e053a08884: 684c 8954 | 2440 6690 

  0x000001e053a0888c: ;   {runtime_call UncommonTrapBlob}
  0x000001e053a0888c: c5f8 77e8 

  0x000001e053a08890: ; ImmutableOopMap {rbp=Oop [40]=NarrowOop [44]=NarrowOop [64]=Oop [80]=Oop [88]=Oop [112]=NarrowOop }
                      ;*invokevirtual isInvalid {reexecute=0 rethrow=0 return_oop=0}
                      ; - java.io.FileInputStream::<init>@66
                      ; - jdk.internal.loader.URLClassPath$FileLoader$1::getInputStream@8
                      ; - jdk.internal.loader.Resource::cachedInputStream@9
                      ; - jdk.internal.loader.Resource::getByteBuffer@1
                      ; - java.net.URLClassLoader::defineClass@132
                      ; - java.net.URLClassLoader$1::run@43
                      ; - java.net.URLClassLoader$1::run@1
  0x000001e053a08890: 6cba 46ff 

  0x000001e053a08894: ;   {other}
  0x000001e053a08894: 0f1f 8400 | 046e 0094 | 4c8b 4424 | 78ba f6ff | ffff 488b | 6c24 2044 | 8b54 2464 | 4489 5424 
  0x000001e053a088b4: 2844 8b5c | 2470 4489 | 5c24 384c | 8b54 2468 | 4c89 5424 | 4044 8b5c | 2460 4489 | 5c24 3c4c 
  0x000001e053a088d4: 8984 2480 | 0000 004c | 8984 2498 | 0000 0090 

  0x000001e053a088e4: ;   {runtime_call UncommonTrapBlob}
  0x000001e053a088e4: c5f8 77e8 

  0x000001e053a088e8: ; ImmutableOopMap {rbp=Oop [40]=NarrowOop [44]=NarrowOop [56]=NarrowOop [60]=NarrowOop [64]=Oop [80]=Oop [88]=Oop [128]=Oop [152]=Oop }
                      ;*monitorenter {reexecute=0 rethrow=0 return_oop=0}
                      ; - jdk.internal.ref.PhantomCleanable::insert@6
                      ; - jdk.internal.ref.PhantomCleanable::<init>@37
                      ; - java.io.NioChannelCleanable::<init>@5
                      ; - java.io.FileInputStream::<init>@21
                      ; - jdk.internal.loader.URLClassPath$FileLoader$1::getInputStream@8
                      ; - jdk.internal.loader.Resource::cachedInputStream@9
                      ; - jdk.internal.loader.Resource::getByteBuffer@1
                      ; - java.net.URLClassLoader::defineClass@132
                      ; - java.net.URLClassLoader$1::run@43
                      ; - java.net.URLClassLoader$1::run@1
  0x000001e053a088e8: 14ba 46ff 

  0x000001e053a088ec: ;   {other}
  0x000001e053a088ec: 0f1f 8400 | 5c6e 0095 | 4c8b c3ba | f6ff ffff | 448b 5424 | 6444 8954 | 2428 448b | 5c24 7044 
  0x000001e053a0890c: 895c 2440 | 4c8b 5424 | 684c 8954 | 2448 448b | 5c24 6044 | 895c 2444 | 4c89 8424 | 8800 0000 
  0x000001e053a0892c: 4c89 8424 | a000 0000 

  0x000001e053a08934: ;   {runtime_call UncommonTrapBlob}
  0x000001e053a08934: c5f8 77e8 

  0x000001e053a08938: ; ImmutableOopMap {rbp=NarrowOop [32]=Oop [40]=NarrowOop [44]=NarrowOop [64]=NarrowOop [68]=NarrowOop [72]=Oop [80]=Oop [88]=Oop [136]=Oop [160]=Oop }
                      ;*getfield next {reexecute=1 rethrow=0 return_oop=0}
                      ; - (reexecute) jdk.internal.ref.PhantomCleanable::insert@20
                      ; - jdk.internal.ref.PhantomCleanable::<init>@37
                      ; - java.io.NioChannelCleanable::<init>@5
                      ; - java.io.FileInputStream::<init>@21
                      ; - jdk.internal.loader.URLClassPath$FileLoader$1::getInputStream@8
                      ; - jdk.internal.loader.Resource::cachedInputStream@9
                      ; - jdk.internal.loader.Resource::getByteBuffer@1
                      ; - java.net.URLClassLoader::defineClass@132
                      ; - java.net.URLClassLoader$1::run@43
                      ; - java.net.URLClassLoader$1::run@1
  0x000001e053a08938: c4b9 46ff 

  0x000001e053a0893c: ;   {other}
  0x000001e053a0893c: 0f1f 8400 | ac6e 0096 | 4c8b c3ba | f6ff ffff | 448b 5424 | 6444 8954 | 2428 448b | 5c24 7044 
  0x000001e053a0895c: 895c 2440 | 4c8b 5424 | 684c 8954 | 2448 448b | 5424 6044 | 8954 2444 | 4c89 8424 | 8800 0000 
  0x000001e053a0897c: 4c89 8424 | a000 0000 

  0x000001e053a08984: ;   {runtime_call UncommonTrapBlob}
  0x000001e053a08984: c5f8 77e8 

  0x000001e053a08988: ; ImmutableOopMap {rbp=NarrowOop [32]=Oop [40]=NarrowOop [44]=NarrowOop [64]=NarrowOop [68]=NarrowOop [72]=Oop [80]=Oop [88]=Oop [136]=Oop [160]=Oop }
                      ;*putfield prev {reexecute=1 rethrow=0 return_oop=0}
                      ; - (reexecute) jdk.internal.ref.PhantomCleanable::insert@31
                      ; - jdk.internal.ref.PhantomCleanable::<init>@37
                      ; - java.io.NioChannelCleanable::<init>@5
                      ; - java.io.FileInputStream::<init>@21
                      ; - jdk.internal.loader.URLClassPath$FileLoader$1::getInputStream@8
                      ; - jdk.internal.loader.Resource::cachedInputStream@9
                      ; - jdk.internal.loader.Resource::getByteBuffer@1
                      ; - java.net.URLClassLoader::defineClass@132
                      ; - java.net.URLClassLoader$1::run@43
                      ; - java.net.URLClassLoader$1::run@1
  0x000001e053a08988: 74b9 46ff 

  0x000001e053a0898c: ;   {other}
  0x000001e053a0898c: 0f1f 8400 | fc6e 0097 | bac6 ffff | ff48 8b6c | 2420 448b | 5c24 6444 | 895c 2428 

  0x000001e053a089a8: ;   {runtime_call UncommonTrapBlob}
  0x000001e053a089a8: c5f8 77e8 

  0x000001e053a089ac: ; ImmutableOopMap {rbp=Oop [40]=NarrowOop [44]=NarrowOop [104]=Oop [112]=NarrowOop }
                      ;*invokevirtual getInputStream {reexecute=0 rethrow=0 return_oop=0}
                      ; - jdk.internal.loader.Resource::cachedInputStream@9
                      ; - jdk.internal.loader.Resource::getByteBuffer@1
                      ; - java.net.URLClassLoader::defineClass@132
                      ; - java.net.URLClassLoader$1::run@43
                      ; - java.net.URLClassLoader$1::run@1
  0x000001e053a089ac: 50b9 46ff 

  0x000001e053a089b0: ;   {other}
  0x000001e053a089b0: 0f1f 8400 | 206f 0098 | bade ffff | ff44 8b44 | 2464 4489 | 4424 2844 | 8b4c 2470 | 4489 4c24 
  0x000001e053a089d0: 404c 8b44 | 2468 4c89 | 4424 484c | 895c 2458 | 4c89 5c24 | 6048 897c | 2470 4489 | 5424 4448 
  0x000001e053a089f0: 897c 2478 | 4889 8424 | 8800 0000 | 4889 8424 | 9800 0000 

  0x000001e053a08a04: ;   {runtime_call UncommonTrapBlob}
  0x000001e053a08a04: c5f8 77e8 

  0x000001e053a08a08: ; ImmutableOopMap {rbp=NarrowOop [32]=Oop [40]=NarrowOop [44]=NarrowOop [64]=NarrowOop [68]=NarrowOop [72]=Oop [88]=Oop [96]=Oop [112]=Oop [120]=Oop [136]=Oop [152]=Oop }
                      ;*invokeinterface apply {reexecute=0 rethrow=0 return_oop=0}
                      ; - jdk.internal.ref.CleanerImpl::getCleanerImpl@4
                      ; - jdk.internal.ref.PhantomCleanable::<init>@6
                      ; - java.io.NioChannelCleanable::<init>@5
                      ; - java.io.FileInputStream::<init>@21
                      ; - jdk.internal.loader.URLClassPath$FileLoader$1::getInputStream@8
                      ; - jdk.internal.loader.Resource::cachedInputStream@9
                      ; - jdk.internal.loader.Resource::getByteBuffer@1
                      ; - java.net.URLClassLoader::defineClass@132
                      ; - java.net.URLClassLoader$1::run@43
                      ; - java.net.URLClassLoader$1::run@1
  0x000001e053a08a08: f4b8 46ff 

  0x000001e053a08a0c: ;   {other}
  0x000001e053a08a0c: 0f1f 8400 | 7c6f 0099 | bade ffff | ff44 8b54 | 2464 4489 | 5424 2844 | 8b5c 2470 | 4489 5c24 
  0x000001e053a08a2c: 404c 8b54 | 2468 4c89 | 5424 4844 | 8b5c 2460 | 4489 5c24 | 4448 89bc | 2488 0000 | 0048 89bc 
  0x000001e053a08a4c: 2498 0000 | 0066 6690 

  0x000001e053a08a54: ;   {runtime_call UncommonTrapBlob}
  0x000001e053a08a54: c5f8 77e8 

  0x000001e053a08a58: ; ImmutableOopMap {rbp=NarrowOop [32]=Oop [40]=NarrowOop [44]=NarrowOop [64]=NarrowOop [68]=NarrowOop [72]=Oop [80]=Oop [88]=Oop [136]=Oop [152]=Oop }
                      ;*invokeinterface apply {reexecute=0 rethrow=0 return_oop=0}
                      ; - jdk.internal.ref.CleanerImpl::getCleanerImpl@4
                      ; - jdk.internal.ref.PhantomCleanable::<init>@27
                      ; - java.io.NioChannelCleanable::<init>@5
                      ; - java.io.FileInputStream::<init>@21
                      ; - jdk.internal.loader.URLClassPath$FileLoader$1::getInputStream@8
                      ; - jdk.internal.loader.Resource::cachedInputStream@9
                      ; - jdk.internal.loader.Resource::getByteBuffer@1
                      ; - java.net.URLClassLoader::defineClass@132
                      ; - java.net.URLClassLoader$1::run@43
                      ; - java.net.URLClassLoader$1::run@1
  0x000001e053a08a58: a4b8 46ff 

  0x000001e053a08a5c: ;   {other}
  0x000001e053a08a5c: 0f1f 8400 | cc6f 009a | 498b d34c | 8d84 24e8 | 0000 0090 

  0x000001e053a08a70: ;   {runtime_call _complete_monitor_locking_Java}
  0x000001e053a08a70: c5f8 77e8 

  0x000001e053a08a74: ; ImmutableOopMap {rbp=NarrowOop [32]=Oop [44]=NarrowOop [56]=Oop [64]=Oop [80]=Oop [88]=Oop [96]=NarrowOop [100]=NarrowOop [104]=Oop [112]=NarrowOop [116]=NarrowOop [120]=Oop [128]=Oop }
                      ;*monitorenter {reexecute=0 rethrow=0 return_oop=0}
                      ; - jdk.internal.ref.PhantomCleanable::insert@6
                      ; - jdk.internal.ref.PhantomCleanable::<init>@37
                      ; - java.io.NioChannelCleanable::<init>@5
                      ; - java.io.FileInputStream::<init>@21
                      ; - jdk.internal.loader.URLClassPath$FileLoader$1::getInputStream@8
                      ; - jdk.internal.loader.Resource::cachedInputStream@9
                      ; - jdk.internal.loader.Resource::getByteBuffer@1
                      ; - java.net.URLClassLoader::defineClass@132
                      ; - java.net.URLClassLoader$1::run@43
                      ; - java.net.URLClassLoader$1::run@1
  0x000001e053a08a74: 0855 52ff 

  0x000001e053a08a78: ;   {other}
  0x000001e053a08a78: 0f1f 8400 | e86f 009b | e901 bbff | ff4d 8bd1 | 418b f349 | 8bd8 498b | ca48 8d94 | 24e8 0000 
  0x000001e053a08a98: 004d 8bc7 | c5f8 7749 | bab0 d74d | e0f8 7f00 | 0041 ffd2 

  0x000001e053a08aac: ;   {other}
  0x000001e053a08aac: 0f1f 8400 | 0000 0000 | 4c8b c344 | 8bde e9a0 | bcff ffba | 3700 0000 | 488b 6c24 | 2044 8b54 
  0x000001e053a08acc: 2464 4489 | 5424 2890 

  0x000001e053a08ad4: ;   {runtime_call UncommonTrapBlob}
  0x000001e053a08ad4: c5f8 77e8 

  0x000001e053a08ad8: ; ImmutableOopMap {rbp=Oop [40]=NarrowOop [44]=NarrowOop [80]=Oop [88]=Oop [104]=Oop [112]=NarrowOop }
                      ;*new {reexecute=0 rethrow=0 return_oop=0}
                      ; - java.io.FileInputStream::<init>@72
                      ; - jdk.internal.loader.URLClassPath$FileLoader$1::getInputStream@8
                      ; - jdk.internal.loader.Resource::cachedInputStream@9
                      ; - jdk.internal.loader.Resource::getByteBuffer@1
                      ; - java.net.URLClassLoader::defineClass@132
                      ; - java.net.URLClassLoader$1::run@43
                      ; - java.net.URLClassLoader$1::run@1
  0x000001e053a08ad8: 24b8 46ff 

  0x000001e053a08adc: ;   {other}
  0x000001e053a08adc: 0f1f 8400 | 4c70 009c | bac6 ffff | ff48 8b6c | 2420 6690 

  0x000001e053a08af0: ;   {runtime_call UncommonTrapBlob}
  0x000001e053a08af0: c5f8 77e8 

  0x000001e053a08af4: ; ImmutableOopMap {rbp=Oop [44]=NarrowOop [100]=NarrowOop [104]=Oop [112]=NarrowOop [176]=Oop }
                      ;*invokevirtual getManifest {reexecute=0 rethrow=0 return_oop=0}
                      ; - java.net.URLClassLoader::defineClass@34
                      ; - java.net.URLClassLoader$1::run@43
                      ; - java.net.URLClassLoader$1::run@1
  0x000001e053a08af4: 08b8 46ff 

  0x000001e053a08af8: ;   {other}
  0x000001e053a08af8: 0f1f 8400 | 6870 009d | 498b d7c5 | f877 49ba | 002a 0ce0 | f87f 0000 

  0x000001e053a08b10: ;   {other}
  0x000001e053a08b10: 41ff d20f | 1f84 0000 | 0000 00e9 | 07b9 ffff | 498b d7c5 | f877 49ba | 002a 0ce0 | f87f 0000 
  0x000001e053a08b30: ;   {other}
  0x000001e053a08b30: 41ff d20f | 1f84 0000 | 0000 00e9 | 36b9 ffff | 498b d7c5 | f877 49ba | 002a 0ce0 | f87f 0000 
  0x000001e053a08b50: ;   {other}
  0x000001e053a08b50: 41ff d20f | 1f84 0000 | 0000 00e9 | 0bb9 ffff | 498b d7c5 | f877 49ba | 002a 0ce0 | f87f 0000 
  0x000001e053a08b70: ;   {other}
  0x000001e053a08b70: 41ff d20f | 1f84 0000 | 0000 00e9 | e5d9 ffff | 498b d7c5 | f877 49ba | 002a 0ce0 | f87f 0000 
  0x000001e053a08b90: ;   {other}
  0x000001e053a08b90: 41ff d20f | 1f84 0000 | 0000 00e9 | 10da ffff | 498b d7c5 | f877 49ba | 002a 0ce0 | f87f 0000 
  0x000001e053a08bb0: ;   {other}
  0x000001e053a08bb0: 41ff d20f | 1f84 0000 | 0000 00e9 | 2aba ffff | 498b d7c5 | f877 49ba | 002a 0ce0 | f87f 0000 
  0x000001e053a08bd0: ;   {other}
  0x000001e053a08bd0: 41ff d20f | 1f84 0000 | 0000 00e9 | 59ba ffff | 498b f849 | 8bd9 498b | d7c5 f877 | 49ba 002a 
  0x000001e053a08bf0: 0ce0 f87f | 0000 41ff 

  0x000001e053a08bf8: ;   {other}
  0x000001e053a08bf8: d20f 1f84 | 0000 0000 | 004c 8bcb | 4c8b c7e9 | 3ebc ffff | 498b d7c5 | f877 49ba | 002a 0ce0 
  0x000001e053a08c18: f87f 0000 

  0x000001e053a08c1c: ;   {other}
  0x000001e053a08c1c: 41ff d20f | 1f84 0000 | 0000 00e9 | 3bda ffff | 498b d7c5 | f877 49ba | 002a 0ce0 | f87f 0000 
  0x000001e053a08c3c: ;   {other}
  0x000001e053a08c3c: 41ff d20f | 1f84 0000 | 0000 00e9 | 56da ffff | 498b d7c5 | f877 49ba | 002a 0ce0 | f87f 0000 
  0x000001e053a08c5c: ;   {other}
  0x000001e053a08c5c: 41ff d20f | 1f84 0000 | 0000 00e9 | b3da ffff | 498b d949 | 8bd7 c5f8 | 7749 ba00 | 2a0c e0f8 
  0x000001e053a08c7c: 7f00 0041 

  0x000001e053a08c80: ;   {other}
  0x000001e053a08c80: ffd2 0f1f | 8400 0000 | 0000 4c8b | cbe9 82bc | ffff 488b | f049 8bf8 | 498b d7c5 | f877 49ba 
  0x000001e053a08ca0: 002a 0ce0 | f87f 0000 

  0x000001e053a08ca8: ;   {other}
  0x000001e053a08ca8: 41ff d20f | 1f84 0000 | 0000 004c | 8bc7 4c8b | cee9 84bd | ffff 498b | f949 8bd8 | 498b d7c5 
  0x000001e053a08cc8: f877 49ba | 002a 0ce0 | f87f 0000 

  0x000001e053a08cd4: ;   {other}
  0x000001e053a08cd4: 41ff d20f | 1f84 0000 | 0000 004c | 8bc3 4c8b | cfe9 9dbd | ffff 498b | f949 8bd8 | 498b d7c5 
  0x000001e053a08cf4: f877 49ba | 002a 0ce0 | f87f 0000 

  0x000001e053a08d00: ;   {other}
  0x000001e053a08d00: 41ff d20f | 1f84 0000 | 0000 004c | 8bc3 4c8b | cfe9 b4bd | ffff bac6 | ffff ff48 | 8b6c 2420 
  0x000001e053a08d20: 448b 5424 | 7044 8954 | 2438 4c8b | 5424 684c | 8954 2440 | 4889 4c24 | 5848 895c | 2468 4889 
  0x000001e053a08d40: 4c24 7044 | 894c 2478 | 4489 5c24 | 7c66 6690 

  0x000001e053a08d50: ;   {runtime_call UncommonTrapBlob}
  0x000001e053a08d50: c5f8 77e8 

  0x000001e053a08d54: ; ImmutableOopMap {rbp=Oop [44]=NarrowOop [56]=NarrowOop [64]=Oop [88]=Oop [100]=NarrowOop [104]=Oop [112]=Oop [120]=NarrowOop }
                      ;*invokevirtual find {reexecute=0 rethrow=0 return_oop=0}
                      ; - java.util.concurrent.ConcurrentHashMap::get@93
                      ; - java.lang.ClassLoader::getDefinedPackage@13
                      ; - java.net.URLClassLoader::getAndVerifyPackage@2
                      ; - java.net.URLClassLoader::defineClass@46
                      ; - java.net.URLClassLoader$1::run@43
                      ; - java.net.URLClassLoader$1::run@1
  0x000001e053a08d54: a8b5 46ff 

  0x000001e053a08d58: ;   {other}
  0x000001e053a08d58: 0f1f 8400 | c872 009e | bac6 ffff | ff48 8b6c | 2420 448b | 5c24 7044 | 895c 2438 | 4c8b 5c24 
  0x000001e053a08d78: 684c 895c | 2440 4889 | 4c24 5848 | 895c 2468 | 4889 4c24 | 7089 7c24 | 7889 7424 | 7c44 8994 
  0x000001e053a08d98: 2480 0000 | 0066 6690 

  0x000001e053a08da0: ;   {runtime_call UncommonTrapBlob}
  0x000001e053a08da0: c5f8 77e8 

  0x000001e053a08da4: ; ImmutableOopMap {rbp=Oop [44]=NarrowOop [56]=NarrowOop [64]=Oop [88]=Oop [100]=NarrowOop [104]=Oop [112]=Oop [120]=NarrowOop [124]=NarrowOop }
                      ;*invokevirtual find {reexecute=0 rethrow=0 return_oop=0}
                      ; - java.util.concurrent.ConcurrentHashMap::get@93
                      ; - java.lang.ClassLoader::definePackage@47
                      ; - java.lang.ClassLoader::getDefinedPackage@32
                      ; - java.net.URLClassLoader::getAndVerifyPackage@2
                      ; - java.net.URLClassLoader::defineClass@46
                      ; - java.net.URLClassLoader$1::run@43
                      ; - java.net.URLClassLoader$1::run@1
  0x000001e053a08da4: 58b5 46ff 

  0x000001e053a08da8: ;   {other}
  0x000001e053a08da8: 0f1f 8400 | 1873 009f | 498b d7c5 | f877 49ba | 002a 0ce0 | f87f 0000 

  0x000001e053a08dc0: ;   {other}
  0x000001e053a08dc0: 41ff d20f | 1f84 0000 | 0000 00e9 | 94c1 ffff | baf6 ffff | ff48 8b6c | 2420 4c8b | 5424 504c 
  0x000001e053a08de0: 8954 2448 | 4c89 4c24 | 5866 6690 

  0x000001e053a08dec: ;   {runtime_call UncommonTrapBlob}
  0x000001e053a08dec: c5f8 77e8 

  0x000001e053a08df0: ; ImmutableOopMap {rbp=Oop [44]=NarrowOop [72]=Oop [88]=Oop [100]=NarrowOop [104]=Oop [112]=NarrowOop [116]=NarrowOop [120]=Oop }
                      ;*invokevirtual beginEntry {reexecute=0 rethrow=0 return_oop=0}
                      ; - java.util.jar.JarVerifier$VerifierStream::<init>@47
                      ; - java.util.jar.JarFile::getInputStream@84
                      ; - jdk.internal.loader.URLClassPath$JarLoader$2::getInputStream@11
                      ; - jdk.internal.loader.Resource::cachedInputStream@9
                      ; - jdk.internal.loader.Resource::getByteBuffer@1
                      ; - java.net.URLClassLoader::defineClass@132
                      ; - java.net.URLClassLoader$1::run@43
                      ; - java.net.URLClassLoader$1::run@1
  0x000001e053a08df0: 0cb5 46ff 

  0x000001e053a08df4: ;   {other}
  0x000001e053a08df4: 0f1f 8400 | 6473 00a0 | 498b d849 | 8bcb 488d | 9424 e800 | 0000 4d8b | c7c5 f877 | 49ba b0d7 
  0x000001e053a08e14: 4de0 f87f | 0000 41ff 

  0x000001e053a08e1c: ;   {other}
  0x000001e053a08e1c: d20f 1f84 | 0000 0000 | 004c 8bc3 | e96f c9ff | ff49 8bf9 | 498b db49 | 8bd7 c5f8 | 7749 ba00 
  0x000001e053a08e3c: 2a0c e0f8 | 7f00 0041 

  0x000001e053a08e44: ;   {other}
  0x000001e053a08e44: ffd2 0f1f | 8400 0000 | 0000 4c8b | db4c 8bcf | e9b1 c2ff | ff49 8bd8 | 498b d7c5 | f877 49ba 
  0x000001e053a08e64: 002a 0ce0 | f87f 0000 

  0x000001e053a08e6c: ;   {other}
  0x000001e053a08e6c: 41ff d20f | 1f84 0000 | 0000 004c | 8bc3 e95d | c3ff ff49 | 8bd7 c5f8 | 7749 ba00 | 2a0c e0f8 
  0x000001e053a08e8c: 7f00 0041 

  0x000001e053a08e90: ;   {other}
  0x000001e053a08e90: ffd2 0f1f | 8400 0000 | 0000 e950 | c9ff ff45 | 8be8 488b | f048 8bfb | 8b5c 2460 | 498b d7c5 
  0x000001e053a08eb0: f877 49ba | 002a 0ce0 | f87f 0000 

  0x000001e053a08ebc: ;   {other}
  0x000001e053a08ebc: 41ff d20f | 1f84 0000 | 0000 00e9 | 78ef ffff | 498b d7c5 | f877 49ba | 002a 0ce0 | f87f 0000 
  0x000001e053a08edc: ;   {other}
  0x000001e053a08edc: 41ff d20f | 1f84 0000 | 0000 00e9 | 11ef ffff | 498b f949 | 8bd8 498b | d7c5 f877 | 49ba 002a 
  0x000001e053a08efc: 0ce0 f87f | 0000 41ff 

  0x000001e053a08f04: ;   {other}
  0x000001e053a08f04: d20f 1f84 | 0000 0000 | 00e9 79f0 | ffff 498b | d7c5 f877 | 49ba 002a | 0ce0 f87f | 0000 41ff 
  0x000001e053a08f24: ;   {other}
  0x000001e053a08f24: d20f 1f84 | 0000 0000 | 00e9 ddef | ffff 498b | d7c5 f877 | 49ba 002a | 0ce0 f87f | 0000 41ff 
  0x000001e053a08f44: ;   {other}
  0x000001e053a08f44: d20f 1f84 | 0000 0000 | 00e9 42c6 | ffff 498b | d7c5 f877 | 49ba 002a | 0ce0 f87f | 0000 41ff 
  0x000001e053a08f64: ;   {other}
  0x000001e053a08f64: d20f 1f84 | 0000 0000 | 00e9 90c5 | ffff 498b | d7c5 f877 | 49ba 002a | 0ce0 f87f | 0000 41ff 
  0x000001e053a08f84: ;   {other}
  0x000001e053a08f84: d20f 1f84 | 0000 0000 | 00e9 48c6 | ffff ba45 | ffff ff48 | 8b6c 2420 | 448b 4c24 | 6444 894c 
  0x000001e053a08fa4: 2428 8b4c | 2470 894c | 2438 4c8b | 4c24 684c | 894c 2440 | 4c8b 8c24 | 8800 0000 | 4489 5424 
  0x000001e053a08fc4: 3c4d 8bd1 | 4c89 5424 | 684c 8b94 | 2490 0000 | 004c 8954 | 2470 4489 | 8424 8000 | 0000 4889 
  0x000001e053a08fe4: 8424 9800 | 0000 6690 

  0x000001e053a08fec: ;   {runtime_call UncommonTrapBlob}
  0x000001e053a08fec: c5f8 77e8 

  0x000001e053a08ff0: ; ImmutableOopMap {rbp=Oop [40]=NarrowOop [44]=NarrowOop [56]=NarrowOop [60]=NarrowOop [64]=Oop [80]=Oop [104]=Oop [112]=Oop [120]=Oop [128]=NarrowOop [136]=Oop [152]=Oop }
                      ;*ifnonnull {reexecute=1 rethrow=0 return_oop=0}
                      ; - (reexecute) java.util.Objects::requireNonNull@1
                      ; - java.util.jar.JarVerifier$VerifierStream::<init>@6
                      ; - java.util.jar.JarFile::getInputStream@84
                      ; - jdk.internal.loader.URLClassPath$JarLoader$2::getInputStream@11
                      ; - jdk.internal.loader.Resource::cachedInputStream@9
                      ; - jdk.internal.loader.Resource::getByteBuffer@1
                      ; - java.net.URLClassLoader::defineClass@132
                      ; - java.net.URLClassLoader$1::run@43
                      ; - java.net.URLClassLoader$1::run@1
  0x000001e053a08ff0: 0cb3 46ff 

  0x000001e053a08ff4: ;   {other}
  0x000001e053a08ff4: 0f1f 8400 | 6475 00a1 | baf6 ffff | ff48 8b6c | 2420 4c8b | 5c24 684c | 895c 2420 | 448b 4424 
  0x000001e053a09014: 4844 8944 | 2440 4489 | 5424 5844 | 8954 2460 

  0x000001e053a09024: ;   {runtime_call UncommonTrapBlob}
  0x000001e053a09024: c5f8 77e8 

  0x000001e053a09028: ; ImmutableOopMap {rbp=Oop [32]=Oop [40]=NarrowOop [44]=NarrowOop [64]=NarrowOop [80]=Oop [88]=NarrowOop [96]=NarrowOop [176]=Oop }
                      ;*invokevirtual zipCoderForPos {reexecute=0 rethrow=0 return_oop=0}
                      ; - java.util.zip.ZipFile::getEntryName@25
                      ; - java.util.zip.ZipFile::getManifestName@41
                      ; - java.util.zip.ZipFile$1::getManifestName@2
                      ; - java.util.jar.JarFile::maybeInstantiateVerifier@20
                      ; - java.util.jar.JarFile::ensureInitialization@1
                      ; - java.util.jar.JavaUtilJarAccessImpl::ensureInitialization@1
                      ; - jdk.internal.loader.URLClassPath$JarLoader$2::getManifest@10
                      ; - java.net.URLClassLoader::defineClass@34
                      ; - java.net.URLClassLoader$1::run@43
                      ; - java.net.URLClassLoader$1::run@1
  0x000001e053a09028: d4b2 46ff 

  0x000001e053a0902c: ;   {other}
  0x000001e053a0902c: 0f1f 8400 | 9c75 00a2 | baf6 ffff | ff48 8b6c | 2420 4c8b | 5424 504c | 8954 2420 | 4c8b 5424 
  0x000001e053a0904c: 584c 8954 | 2448 4489 | 5c24 5044 | 895c 2454 

  0x000001e053a0905c: ;   {runtime_call UncommonTrapBlob}
  0x000001e053a0905c: c5f8 77e8 

  0x000001e053a09060: ; ImmutableOopMap {rbp=Oop [32]=Oop [44]=NarrowOop [72]=Oop [80]=NarrowOop [84]=NarrowOop [100]=NarrowOop [112]=NarrowOop [160]=Oop }
                      ;*invokevirtual zipCoderForPos {reexecute=0 rethrow=0 return_oop=0}
                      ; - java.util.zip.ZipFile::getEntryName@25
                      ; - java.util.zip.ZipFile::getManifestName@41
                      ; - java.util.zip.ZipFile$1::getManifestName@2
                      ; - java.util.jar.JarFile::maybeInstantiateVerifier@20
                      ; - java.util.jar.JarFile$JarFileEntry::getCodeSigners@4
                      ; - jdk.internal.loader.URLClassPath$JarLoader$2::getCodeSigners@4
                      ; - java.net.URLClassLoader::defineClass@185
                      ; - java.net.URLClassLoader$1::run@43
                      ; - java.net.URLClassLoader$1::run@1
  0x000001e053a09060: 9cb2 46ff 

  0x000001e053a09064: ;   {other}
  0x000001e053a09064: 0f1f 8400 | d475 00a3 | 498b f849 | 8bc8 488d | 9424 e000 | 0000 4d8b | c7c5 f877 | 49ba b0d7 
  0x000001e053a09084: 4de0 f87f | 0000 41ff 

  0x000001e053a0908c: ;   {other}
  0x000001e053a0908c: d20f 1f84 | 0000 0000 | 004c 8bc7 | e9ca cdff | ffba f6ff | ffff 488b | 6c24 204c | 8b54 2468 
  0x000001e053a090ac: 4c89 5424 | 3844 8b5c | 2448 4489 | 5c24 404c | 8b54 2458 | 4c89 5424 | 5044 8b54 | 2474 4489 
  0x000001e053a090cc: 5424 6490 

  0x000001e053a090d0: ;   {runtime_call UncommonTrapBlob}
  0x000001e053a090d0: c5f8 77e8 

  0x000001e053a090d4: ; ImmutableOopMap {rbp=Oop [40]=NarrowOop [44]=NarrowOop [56]=Oop [64]=NarrowOop [80]=Oop [88]=Oop [96]=NarrowOop [100]=NarrowOop }
                      ;*invokevirtual zipCoderForPos {reexecute=0 rethrow=0 return_oop=0}
                      ; - java.util.zip.ZipFile::getEntryName@25
                      ; - java.util.zip.ZipFile::getManifestName@41
                      ; - java.util.zip.ZipFile$1::getManifestName@2
                      ; - java.util.jar.JarFile::maybeInstantiateVerifier@20
                      ; - java.util.jar.JarFile::getInputStream@9
                      ; - jdk.internal.loader.URLClassPath$JarLoader$2::getInputStream@11
                      ; - jdk.internal.loader.Resource::cachedInputStream@9
                      ; - jdk.internal.loader.Resource::getByteBuffer@1
                      ; - java.net.URLClassLoader::defineClass@132
                      ; - java.net.URLClassLoader$1::run@43
                      ; - java.net.URLClassLoader$1::run@1
  0x000001e053a090d4: 28b2 46ff 

  0x000001e053a090d8: ;   {other}
  0x000001e053a090d8: 0f1f 8400 | 4876 00a4 | 498b cb48 | 8d94 24e8 | 0000 004d | 8bc7 c5f8 | 7749 bab0 | d74d e0f8 
  0x000001e053a090f8: 7f00 0041 

  0x000001e053a090fc: ;   {other}
  0x000001e053a090fc: ffd2 0f1f | 8400 0000 | 0000 e96f | d1ff ffba | f6ff ffff 

  0x000001e053a09110: ;   {runtime_call UncommonTrapBlob}
  0x000001e053a09110: c5f8 77e8 

  0x000001e053a09114: ; ImmutableOopMap {rbp=NarrowOop [32]=Oop [44]=NarrowOop [80]=Oop [100]=NarrowOop [104]=Oop [112]=NarrowOop [116]=NarrowOop }
                      ;*invokevirtual update {reexecute=0 rethrow=0 return_oop=0}
                      ; - java.util.jar.JarVerifier$VerifierStream::<init>@76
                      ; - java.util.jar.JarFile::getInputStream@84
                      ; - jdk.internal.loader.URLClassPath$JarLoader$2::getInputStream@11
                      ; - jdk.internal.loader.Resource::cachedInputStream@9
                      ; - jdk.internal.loader.Resource::getByteBuffer@1
                      ; - java.net.URLClassLoader::defineClass@132
                      ; - java.net.URLClassLoader$1::run@43
                      ; - java.net.URLClassLoader$1::run@1
  0x000001e053a09114: e8b1 46ff 

  0x000001e053a09118: ;   {other}
  0x000001e053a09118: 0f1f 8400 | 8876 00a5 | 4c8b c3e9 | cff7 ffff | 4c8b c3e9 | 17f8 ffff | ba66 ffff | ff48 8b6c 
  0x000001e053a09138: 2420 448b | 5424 4844 | 8954 2440 | 448b 5c24 | 4c44 895c | 2448 6690 

  0x000001e053a09150: ;   {runtime_call UncommonTrapBlob}
  0x000001e053a09150: c5f8 77e8 

  0x000001e053a09154: ; ImmutableOopMap {rbp=Oop [40]=NarrowOop [44]=NarrowOop [64]=NarrowOop [72]=NarrowOop [76]=NarrowOop [80]=Oop [104]=Oop [176]=Oop }
                      ;*invokevirtual getManifest {reexecute=0 rethrow=0 return_oop=0}
                      ; - java.util.jar.JarFile::maybeInstantiateVerifier@31
                      ; - java.util.jar.JarFile::ensureInitialization@1
                      ; - java.util.jar.JavaUtilJarAccessImpl::ensureInitialization@1
                      ; - jdk.internal.loader.URLClassPath$JarLoader$2::getManifest@10
                      ; - java.net.URLClassLoader::defineClass@34
                      ; - java.net.URLClassLoader$1::run@43
                      ; - java.net.URLClassLoader$1::run@1
  0x000001e053a09154: a8b1 46ff 

  0x000001e053a09158: ;   {other}
  0x000001e053a09158: 0f1f 8400 | c876 00a6 | bade ffff | ff48 8b6c | 2420 4489 | 5c24 3c90 

  0x000001e053a09170: ;   {runtime_call UncommonTrapBlob}
  0x000001e053a09170: c5f8 77e8 

  0x000001e053a09174: ; ImmutableOopMap {rbp=Oop [44]=NarrowOop [60]=NarrowOop [80]=Oop [88]=Oop [100]=NarrowOop [112]=NarrowOop [160]=Oop }
                      ;*invokevirtual getManifest {reexecute=0 rethrow=0 return_oop=0}
                      ; - java.util.jar.JarFile::maybeInstantiateVerifier@31
                      ; - java.util.jar.JarFile$JarFileEntry::getCodeSigners@4
                      ; - jdk.internal.loader.URLClassPath$JarLoader$2::getCodeSigners@4
                      ; - java.net.URLClassLoader::defineClass@185
                      ; - java.net.URLClassLoader$1::run@43
                      ; - java.net.URLClassLoader$1::run@1
  0x000001e053a09174: 88b1 46ff 

  0x000001e053a09178: ;   {other}
  0x000001e053a09178: 0f1f 8400 | e876 00a7 | ba66 ffff | ff48 8b6c | 2420 4c8b | 5424 684c | 8954 2438 | 448b 5424 
  0x000001e053a09198: 4844 8954 | 2440 4c8b | 5424 584c | 8954 2450 

  0x000001e053a091a8: ;   {runtime_call UncommonTrapBlob}
  0x000001e053a091a8: c5f8 77e8 

  0x000001e053a091ac: ; ImmutableOopMap {rbp=Oop [40]=NarrowOop [44]=NarrowOop [56]=Oop [64]=NarrowOop [80]=Oop [88]=Oop [96]=NarrowOop [116]=NarrowOop }
                      ;*invokevirtual getManifest {reexecute=0 rethrow=0 return_oop=0}
                      ; - java.util.jar.JarFile::maybeInstantiateVerifier@31
                      ; - java.util.jar.JarFile::getInputStream@9
                      ; - jdk.internal.loader.URLClassPath$JarLoader$2::getInputStream@11
                      ; - jdk.internal.loader.Resource::cachedInputStream@9
                      ; - jdk.internal.loader.Resource::getByteBuffer@1
                      ; - java.net.URLClassLoader::defineClass@132
                      ; - java.net.URLClassLoader$1::run@43
                      ; - java.net.URLClassLoader$1::run@1
  0x000001e053a091ac: 50b1 46ff 

  0x000001e053a091b0: ;   {other}
  0x000001e053a091b0: 0f1f 8400 | 2077 00a8 | baf6 ffff | ff48 8b6c | 2420 448b | 5424 6444 | 8954 2428 | 448b 4424 
  0x000001e053a091d0: 7044 8944 | 2438 4c8b | 5424 684c | 8954 2440 | 4c89 5c24 | 684c 8b54 | 2478 4c89 | 5424 704c 
  0x000001e053a091f0: 8b94 2480 | 0000 004c | 8954 2478 | 4c89 9c24 | 8000 0000 

  0x000001e053a09204: ;   {runtime_call UncommonTrapBlob}
  0x000001e053a09204: c5f8 77e8 

  0x000001e053a09208: ; ImmutableOopMap {rbp=Oop [40]=NarrowOop [44]=NarrowOop [56]=NarrowOop [64]=Oop [80]=Oop [104]=Oop [112]=Oop [120]=Oop [128]=Oop }
                      ;*invokevirtual attach {reexecute=0 rethrow=0 return_oop=0}
                      ; - java.io.FileInputStream::<init>@202
                      ; - jdk.internal.loader.URLClassPath$FileLoader$1::getInputStream@8
                      ; - jdk.internal.loader.Resource::cachedInputStream@9
                      ; - jdk.internal.loader.Resource::getByteBuffer@1
                      ; - java.net.URLClassLoader::defineClass@132
                      ; - java.net.URLClassLoader$1::run@43
                      ; - java.net.URLClassLoader$1::run@1
  0x000001e053a09208: f4b0 46ff 

  0x000001e053a0920c: ;   {other}
  0x000001e053a0920c: 0f1f 8400 | 7c77 00a9 | bade ffff | ff44 8b54 | 2470 4489 | 5424 404c | 8b54 2468 | 4c89 5424 
  0x000001e053a0922c: 4848 894c | 2468 4889 | 5c24 7048 | 894c 2478 

  0x000001e053a0923c: ;   {runtime_call UncommonTrapBlob}
  0x000001e053a0923c: c5f8 77e8 

  0x000001e053a09240: ; ImmutableOopMap {rbp=NarrowOop [32]=Oop [44]=NarrowOop [64]=NarrowOop [72]=Oop [100]=NarrowOop [104]=Oop [112]=Oop [120]=Oop }
                      ;*checkcast {reexecute=0 rethrow=0 return_oop=0}
                      ; - java.lang.ClassLoader::getDefinedPackage@16
                      ; - java.net.URLClassLoader::getAndVerifyPackage@2
                      ; - java.net.URLClassLoader::defineClass@46
                      ; - java.net.URLClassLoader$1::run@43
                      ; - java.net.URLClassLoader$1::run@1
  0x000001e053a09240: bcb0 46ff 

  0x000001e053a09244: ;   {other}
  0x000001e053a09244: 0f1f 8400 | b477 00aa | bade ffff | ff48 8b6c | 2420 448b | 5c24 7044 | 895c 2438 | 4c8b 5424 
  0x000001e053a09264: 684c 8954 | 2440 4889 | 4424 7090 

  0x000001e053a09270: ;   {runtime_call UncommonTrapBlob}
  0x000001e053a09270: c5f8 77e8 

  0x000001e053a09274: ; ImmutableOopMap {rbp=Oop [44]=NarrowOop [56]=NarrowOop [64]=Oop [80]=Oop [88]=Oop [100]=NarrowOop [112]=Oop }
                      ;*checkcast {reexecute=0 rethrow=0 return_oop=0}
                      ; - java.lang.ClassLoader::definePackage@81
                      ; - java.lang.ClassLoader::getDefinedPackage@32
                      ; - java.net.URLClassLoader::getAndVerifyPackage@2
                      ; - java.net.URLClassLoader::defineClass@46
                      ; - java.net.URLClassLoader$1::run@43
                      ; - java.net.URLClassLoader$1::run@1
  0x000001e053a09274: 88b0 46ff 

  0x000001e053a09278: ;   {other}
  0x000001e053a09278: 0f1f 8400 | e877 00ab | bade ffff | ff44 8b54 | 2470 4489 | 5424 404c | 8b54 2468 | 4c89 5424 
  0x000001e053a09298: 4848 894c | 2468 4889 | 5c24 7048 | 894c 2478 | 89bc 2480 | 0000 0090 

  0x000001e053a092b0: ;   {runtime_call UncommonTrapBlob}
  0x000001e053a092b0: c5f8 77e8 

  0x000001e053a092b4: ; ImmutableOopMap {rbp=NarrowOop [32]=Oop [44]=NarrowOop [64]=NarrowOop [72]=Oop [100]=NarrowOop [104]=Oop [112]=Oop [120]=Oop [128]=NarrowOop }
                      ;*checkcast {reexecute=0 rethrow=0 return_oop=0}
                      ; - java.lang.ClassLoader::definePackage@50
                      ; - java.lang.ClassLoader::getDefinedPackage@32
                      ; - java.net.URLClassLoader::getAndVerifyPackage@2
                      ; - java.net.URLClassLoader::defineClass@46
                      ; - java.net.URLClassLoader$1::run@43
                      ; - java.net.URLClassLoader$1::run@1
  0x000001e053a092b4: 48b0 46ff 

  0x000001e053a092b8: ;   {other}
  0x000001e053a092b8: 0f1f 8400 | 2878 00ac | baf6 ffff | ff48 8b6c | 2420 6690 

  0x000001e053a092cc: ;   {runtime_call UncommonTrapBlob}
  0x000001e053a092cc: c5f8 77e8 

  0x000001e053a092d0: ; ImmutableOopMap {rbp=Oop }
                      ;*invokevirtual replace {reexecute=0 rethrow=0 return_oop=0}
                      ; - java.net.URLClassLoader$1::run@8
                      ; - java.net.URLClassLoader$1::run@1
  0x000001e053a092d0: 2cb0 46ff 

  0x000001e053a092d4: ;   {other}
  0x000001e053a092d4: 0f1f 8400 | 4478 00ad | baf6 ffff | ff48 8b6c | 2420 6690 

  0x000001e053a092e8: ;   {runtime_call UncommonTrapBlob}
  0x000001e053a092e8: c5f8 77e8 

  0x000001e053a092ec: ; ImmutableOopMap {rbp=Oop }
                      ;*arraylength {reexecute=0 rethrow=0 return_oop=0}
                      ; - java.lang.StringLatin1::replace@8
                      ; - java.lang.String::replace@18
                      ; - java.net.URLClassLoader$1::run@8
                      ; - java.net.URLClassLoader$1::run@1
  0x000001e053a092ec: 10b0 46ff 

  0x000001e053a092f0: ;   {other}
  0x000001e053a092f0: 0f1f 8400 | 6078 00ae | baf6 ffff | ff48 8b6c | 2420 4c89 | 4424 2090 

  0x000001e053a09308: ;   {runtime_call UncommonTrapBlob}
  0x000001e053a09308: c5f8 77e8 

  0x000001e053a0930c: ; ImmutableOopMap {rbp=Oop [32]=Oop }
                      ;*getfield ucp {reexecute=1 rethrow=0 return_oop=0}
                      ; - (reexecute) java.net.URLClassLoader$1::run@21
                      ; - java.net.URLClassLoader$1::run@1
  0x000001e053a0930c: f0af 46ff 

  0x000001e053a09310: ;   {other}
  0x000001e053a09310: 0f1f 8400 | 8078 00af | baf6 ffff | ff48 8b6c | 2420 4c8b | 5424 684c | 8954 2420 

  0x000001e053a0932c: ;   {runtime_call UncommonTrapBlob}
  0x000001e053a0932c: c5f8 77e8 

  0x000001e053a09330: ; ImmutableOopMap {rbp=Oop [32]=Oop [100]=NarrowOop }
                      ;*invokevirtual lastIndexOf {reexecute=0 rethrow=0 return_oop=0}
                      ; - java.net.URLClassLoader::defineClass@7
                      ; - java.net.URLClassLoader$1::run@43
                      ; - java.net.URLClassLoader$1::run@1
  0x000001e053a09330: ccaf 46ff 

  0x000001e053a09334: ;   {other}
  0x000001e053a09334: 0f1f 8400 | a478 00b0 | baf6 ffff | ff48 8b6c | 2420 4c8b | 5424 684c | 8954 2420 

  0x000001e053a09350: ;   {runtime_call UncommonTrapBlob}
  0x000001e053a09350: c5f8 77e8 

  0x000001e053a09354: ; ImmutableOopMap {rbp=Oop [32]=Oop [100]=NarrowOop [112]=NarrowOop }
                      ;*arraylength {reexecute=0 rethrow=0 return_oop=0}
                      ; - java.lang.String::length@4
                      ; - java.lang.String::lastIndexOf@3
                      ; - java.net.URLClassLoader::defineClass@7
                      ; - java.net.URLClassLoader$1::run@43
                      ; - java.net.URLClassLoader$1::run@1
  0x000001e053a09354: a8af 46ff 

  0x000001e053a09358: ;   {other}
  0x000001e053a09358: 0f1f 8400 | c878 00b1 | baf4 ffff | ff48 8b6c | 2420 6690 

  0x000001e053a0936c: ;   {runtime_call UncommonTrapBlob}
  0x000001e053a0936c: c5f8 77e8 

  0x000001e053a09370: ; ImmutableOopMap {rbp=Oop [44]=NarrowOop [100]=NarrowOop [104]=Oop [112]=NarrowOop }
                      ;*instanceof {reexecute=0 rethrow=0 return_oop=0}
                      ; - jdk.internal.loader.Resource::getByteBuffer@6
                      ; - java.net.URLClassLoader::defineClass@132
                      ; - java.net.URLClassLoader$1::run@43
                      ; - java.net.URLClassLoader$1::run@1
  0x000001e053a09370: 8caf 46ff 

  0x000001e053a09374: ;   {other}
  0x000001e053a09374: 0f1f 8400 | e478 00b2 | baf6 ffff | ff48 8b6c | 2420 4c8b | 5424 284c | 8954 2420 | 4c89 6c24 
  0x000001e053a09394: 3866 6690 

  0x000001e053a09398: ;   {runtime_call UncommonTrapBlob}
  0x000001e053a09398: c5f8 77e8 

  0x000001e053a0939c: ; ImmutableOopMap {rbp=Oop [32]=Oop [56]=Oop [100]=NarrowOop [112]=NarrowOop [160]=Oop }
                      ;*invokevirtual get {reexecute=0 rethrow=0 return_oop=0}
                      ; - jdk.internal.perf.PerfCounter::get@5
                      ; - jdk.internal.perf.PerfCounter::add@1
                      ; - jdk.internal.perf.PerfCounter::addElapsedTimeFrom@6
                      ; - java.net.URLClassLoader::defineClass@207
                      ; - java.net.URLClassLoader$1::run@43
                      ; - java.net.URLClassLoader$1::run@1
  0x000001e053a0939c: 60af 46ff 

  0x000001e053a093a0: ;   {other}
  0x000001e053a093a0: 0f1f 8400 | 1079 00b3 | baf6 ffff | ff48 8b6c | 2420 4c8b | 5424 284c | 8954 2420 | 4c89 6c24 
  0x000001e053a093c0: 2866 6690 

  0x000001e053a093c4: ;   {runtime_call UncommonTrapBlob}
  0x000001e053a093c4: c5f8 77e8 

  0x000001e053a093c8: ; ImmutableOopMap {rbp=Oop [32]=Oop [40]=Oop [100]=NarrowOop [112]=NarrowOop }
                      ;*arraylength {reexecute=0 rethrow=0 return_oop=0}
                      ; - java.net.URLClassLoader::defineClass@217
                      ; - java.net.URLClassLoader$1::run@43
                      ; - java.net.URLClassLoader$1::run@1
  0x000001e053a093c8: 34af 46ff 

  0x000001e053a093cc: ;   {other}
  0x000001e053a093cc: 0f1f 8400 | 3c79 00b4 | baf6 ffff | ff48 8b6c | 2420 4489 | 5424 204c | 895c 2440 

  0x000001e053a093e8: ;   {runtime_call UncommonTrapBlob}
  0x000001e053a093e8: c5f8 77e8 

  0x000001e053a093ec: ; ImmutableOopMap {rbp=Oop [64]=Oop [100]=NarrowOop [104]=Oop [112]=NarrowOop }
                      ;*getfield csu {reexecute=1 rethrow=0 return_oop=0}
                      ; - (reexecute) jdk.internal.loader.URLClassPath$JarLoader$2::getCodeSourceURL@4
                      ; - java.net.URLClassLoader::defineClass@13
                      ; - java.net.URLClassLoader$1::run@43
                      ; - java.net.URLClassLoader$1::run@1
  0x000001e053a093ec: 10af 46ff 

  0x000001e053a093f0: ;   {other}
  0x000001e053a093f0: 0f1f 8400 | 6079 00b5 | baf6 ffff | ff48 8b6c | 2420 4c89 | 5424 4090 

  0x000001e053a09408: ;   {runtime_call UncommonTrapBlob}
  0x000001e053a09408: c5f8 77e8 

  0x000001e053a0940c: ; ImmutableOopMap {rbp=Oop [44]=NarrowOop [64]=Oop [100]=NarrowOop [104]=Oop [112]=NarrowOop [176]=Oop }
                      ;*getfield jar {reexecute=1 rethrow=0 return_oop=0}
                      ; - (reexecute) jdk.internal.loader.URLClassPath$JarLoader$2::getManifest@7
                      ; - java.net.URLClassLoader::defineClass@34
                      ; - java.net.URLClassLoader$1::run@43
                      ; - java.net.URLClassLoader$1::run@1
  0x000001e053a0940c: f0ae 46ff 

  0x000001e053a09410: ;   {other}
  0x000001e053a09410: 0f1f 8400 | 8079 00b6 | baf6 ffff | ff48 8b6c | 2420 4c89 | 5424 4090 

  0x000001e053a09428: ;   {runtime_call UncommonTrapBlob}
  0x000001e053a09428: c5f8 77e8 

  0x000001e053a0942c: ; ImmutableOopMap {rbp=Oop [44]=NarrowOop [64]=Oop [100]=NarrowOop [104]=Oop [112]=NarrowOop [176]=Oop }
                      ;*invokevirtual ensureInitialization {reexecute=0 rethrow=0 return_oop=0}
                      ; - java.util.jar.JavaUtilJarAccessImpl::ensureInitialization@1
                      ; - jdk.internal.loader.URLClassPath$JarLoader$2::getManifest@10
                      ; - java.net.URLClassLoader::defineClass@34
                      ; - java.net.URLClassLoader$1::run@43
                      ; - java.net.URLClassLoader$1::run@1
  0x000001e053a0942c: d0ae 46ff 

  0x000001e053a09430: ;   {other}
  0x000001e053a09430: 0f1f 8400 | a079 00b7 | baf6 ffff | ff48 8b6c | 2420 4c89 | 5424 4090 

  0x000001e053a09448: ;   {runtime_call UncommonTrapBlob}
  0x000001e053a09448: c5f8 77e8 

  0x000001e053a0944c: ; ImmutableOopMap {rbp=Oop [44]=NarrowOop [64]=Oop [100]=NarrowOop [104]=Oop [112]=NarrowOop [176]=Oop }
                      ;*getfield jar {reexecute=1 rethrow=0 return_oop=0}
                      ; - (reexecute) jdk.internal.loader.URLClassPath$JarLoader$2::getManifest@19
                      ; - java.net.URLClassLoader::defineClass@34
                      ; - java.net.URLClassLoader$1::run@43
                      ; - java.net.URLClassLoader$1::run@1
  0x000001e053a0944c: b0ae 46ff 

  0x000001e053a09450: ;   {other}
  0x000001e053a09450: 0f1f 8400 | c079 00b8 | baf6 ffff | ff48 8b6c | 2420 4c89 | 5424 4090 

  0x000001e053a09468: ;   {runtime_call UncommonTrapBlob}
  0x000001e053a09468: c5f8 77e8 

  0x000001e053a0946c: ; ImmutableOopMap {rbp=Oop [44]=NarrowOop [64]=Oop [100]=NarrowOop [104]=Oop [112]=NarrowOop [176]=Oop }
                      ;*invokevirtual getManifest {reexecute=0 rethrow=0 return_oop=0}
                      ; - jdk.internal.loader.URLClassPath$JarLoader$2::getManifest@22
                      ; - java.net.URLClassLoader::defineClass@34
                      ; - java.net.URLClassLoader$1::run@43
                      ; - java.net.URLClassLoader$1::run@1
  0x000001e053a0946c: 90ae 46ff 

  0x000001e053a09470: ;   {other}
  0x000001e053a09470: 0f1f 8400 | e079 00b9 | baf6 ffff | ff48 8b6c | 2420 6690 

  0x000001e053a09484: ;   {runtime_call UncommonTrapBlob}
  0x000001e053a09484: c5f8 77e8 

  0x000001e053a09488: ; ImmutableOopMap {rbp=Oop [44]=NarrowOop [80]=Oop [100]=NarrowOop [104]=Oop [112]=NarrowOop }
                      ;*arraylength {reexecute=0 rethrow=0 return_oop=0}
                      ; - java.util.zip.Checksum::update@4
                      ; - jdk.internal.loader.URLClassPath$JarLoader$2::getBytes@15
                      ; - java.net.URLClassLoader::defineClass@179
                      ; - java.net.URLClassLoader$1::run@43
                      ; - java.net.URLClassLoader$1::run@1
  0x000001e053a09488: 74ae 46ff 

  0x000001e053a0948c: ;   {other}
  0x000001e053a0948c: 0f1f 8400 | fc79 00ba | baf6 ffff | ff48 8b6c | 2420 6690 

  0x000001e053a094a0: ;   {runtime_call UncommonTrapBlob}
  0x000001e053a094a0: c5f8 77e8 

  0x000001e053a094a4: ; ImmutableOopMap {rbp=Oop [44]=NarrowOop [80]=Oop [100]=NarrowOop [104]=Oop [112]=NarrowOop }
                      ;*invokevirtual getCrc {reexecute=0 rethrow=0 return_oop=0}
                      ; - jdk.internal.loader.URLClassPath$JarLoader$2::getBytes@26
                      ; - java.net.URLClassLoader::defineClass@179
                      ; - java.net.URLClassLoader$1::run@43
                      ; - java.net.URLClassLoader$1::run@1
  0x000001e053a094a4: 58ae 46ff 

  0x000001e053a094a8: ;   {other}
  0x000001e053a094a8: 0f1f 8400 | 187a 00bb | baf6 ffff | ff48 8b6c | 2420 6690 

  0x000001e053a094bc: ;   {runtime_call UncommonTrapBlob}
  0x000001e053a094bc: c5f8 77e8 

  0x000001e053a094c0: ; ImmutableOopMap {rbp=Oop [44]=NarrowOop [100]=NarrowOop [104]=Oop [112]=NarrowOop [160]=Oop }
                      ;*invokevirtual getCodeSigners {reexecute=0 rethrow=0 return_oop=0}
                      ; - jdk.internal.loader.URLClassPath$JarLoader$2::getCodeSigners@4
                      ; - java.net.URLClassLoader::defineClass@185
                      ; - java.net.URLClassLoader$1::run@43
                      ; - java.net.URLClassLoader$1::run@1
  0x000001e053a094c0: 3cae 46ff 

  0x000001e053a094c4: ;   {other}
  0x000001e053a094c4: 0f1f 8400 | 347a 00bc | baf6 ffff | ff48 8b6c | 2420 4889 | 7424 4890 

  0x000001e053a094dc: ;   {runtime_call UncommonTrapBlob}
  0x000001e053a094dc: c5f8 77e8 

  0x000001e053a094e0: ; ImmutableOopMap {rbp=Oop [44]=NarrowOop [72]=Oop [100]=NarrowOop [104]=Oop [112]=NarrowOop [160]=Oop }
                      ;*invokevirtual maybeInstantiateVerifier {reexecute=0 rethrow=0 return_oop=0}
                      ; - java.util.jar.JarFile$JarFileEntry::getCodeSigners@4
                      ; - jdk.internal.loader.URLClassPath$JarLoader$2::getCodeSigners@4
                      ; - java.net.URLClassLoader::defineClass@185
                      ; - java.net.URLClassLoader$1::run@43
                      ; - java.net.URLClassLoader$1::run@1
  0x000001e053a094e0: 1cae 46ff 

  0x000001e053a094e4: ;   {other}
  0x000001e053a094e4: 0f1f 8400 | 547a 00bd | baf6 ffff | ff48 8b6c | 2420 4889 | 7c24 2048 | 8974 2448 

  0x000001e053a09500: ;   {runtime_call UncommonTrapBlob}
  0x000001e053a09500: c5f8 77e8 

  0x000001e053a09504: ; ImmutableOopMap {rbp=Oop [32]=Oop [44]=NarrowOop [72]=Oop [100]=NarrowOop [112]=NarrowOop [160]=Oop }
                      ;*getfield jv {reexecute=1 rethrow=0 return_oop=0}
                      ; - (reexecute) java.util.jar.JarFile$JarFileEntry::getCodeSigners@31
                      ; - jdk.internal.loader.URLClassPath$JarLoader$2::getCodeSigners@4
                      ; - java.net.URLClassLoader::defineClass@185
                      ; - java.net.URLClassLoader$1::run@43
                      ; - java.net.URLClassLoader$1::run@1
  0x000001e053a09504: f8ad 46ff 

  0x000001e053a09508: ;   {other}
  0x000001e053a09508: 0f1f 8400 | 787a 00be | baf6 ffff | ff48 8b6c | 2420 4889 | 4c24 4848 | 895c 2450 

  0x000001e053a09524: ;   {runtime_call UncommonTrapBlob}
  0x000001e053a09524: c5f8 77e8 

  0x000001e053a09528: ; ImmutableOopMap {rbp=Oop [44]=NarrowOop [72]=Oop [80]=Oop [100]=NarrowOop [104]=Oop [112]=NarrowOop }
                      ;*arraylength {reexecute=0 rethrow=0 return_oop=0}
                      ; - java.lang.String::isEmpty@4
                      ; - java.lang.ClassLoader::definePackage@1
                      ; - java.lang.ClassLoader::getDefinedPackage@32
                      ; - java.net.URLClassLoader::getAndVerifyPackage@2
                      ; - java.net.URLClassLoader::defineClass@46
                      ; - java.net.URLClassLoader$1::run@43
                      ; - java.net.URLClassLoader$1::run@1
  0x000001e053a09528: d4ad 46ff 

  0x000001e053a0952c: ;   {other}
  0x000001e053a0952c: 0f1f 8400 | 9c7a 00bf | baf6 ffff | ff48 8b6c | 2420 4889 | 4c24 4848 | 895c 2450 

  0x000001e053a09548: ;   {runtime_call UncommonTrapBlob}
  0x000001e053a09548: c5f8 77e8 

  0x000001e053a0954c: ; ImmutableOopMap {rbp=Oop [44]=NarrowOop [72]=Oop [80]=Oop [100]=NarrowOop [104]=Oop [112]=NarrowOop }
                      ;*invokevirtual isNamed {reexecute=0 rethrow=0 return_oop=0}
                      ; - java.lang.Package::isSealed@4
                      ; - java.net.URLClassLoader::getAndVerifyPackage@14
                      ; - java.net.URLClassLoader::defineClass@46
                      ; - java.net.URLClassLoader$1::run@43
                      ; - java.net.URLClassLoader$1::run@1
  0x000001e053a0954c: b0ad 46ff 

  0x000001e053a09550: ;   {other}
  0x000001e053a09550: 0f1f 8400 | c07a 00c0 | baf6 ffff | ff48 8b6c | 2420 4889 | 4c24 4848 | 895c 2450 

  0x000001e053a0956c: ;   {runtime_call UncommonTrapBlob}
  0x000001e053a0956c: c5f8 77e8 

  0x000001e053a09570: ; ImmutableOopMap {rbp=Oop [44]=NarrowOop [72]=Oop [80]=Oop [100]=NarrowOop [104]=Oop [112]=NarrowOop }
                      ;*getfield sealBase {reexecute=1 rethrow=0 return_oop=0}
                      ; - (reexecute) java.lang.Package::isSealed@14
                      ; - java.net.URLClassLoader::getAndVerifyPackage@14
                      ; - java.net.URLClassLoader::defineClass@46
                      ; - java.net.URLClassLoader$1::run@43
                      ; - java.net.URLClassLoader$1::run@1
  0x000001e053a09570: 8cad 46ff 

  0x000001e053a09574: ;   {other}
  0x000001e053a09574: 0f1f 8400 | e47a 00c1 | baf6 ffff | ff48 8b6c | 2420 4c89 | 5424 4890 

  0x000001e053a0958c: ;   {runtime_call UncommonTrapBlob}
  0x000001e053a0958c: c5f8 77e8 

  0x000001e053a09590: ; ImmutableOopMap {rbp=Oop [44]=NarrowOop [72]=Oop [100]=NarrowOop [104]=Oop [112]=NarrowOop }
                      ;*getfield jar {reexecute=1 rethrow=0 return_oop=0}
                      ; - (reexecute) jdk.internal.loader.URLClassPath$JarLoader$2::getInputStream@4
                      ; - jdk.internal.loader.Resource::cachedInputStream@9
                      ; - jdk.internal.loader.Resource::getByteBuffer@1
                      ; - java.net.URLClassLoader::defineClass@132
                      ; - java.net.URLClassLoader$1::run@43
                      ; - java.net.URLClassLoader$1::run@1
  0x000001e053a09590: 6cad 46ff 

  0x000001e053a09594: ;   {other}
  0x000001e053a09594: 0f1f 8400 | 047b 00c2 | baf6 ffff | ff48 8b6c | 2420 4c89 | 5424 4844 | 895c 243c 

  0x000001e053a095b0: ;   {runtime_call UncommonTrapBlob}
  0x000001e053a095b0: c5f8 77e8 

  0x000001e053a095b4: ; ImmutableOopMap {rbp=Oop [44]=NarrowOop [60]=NarrowOop [72]=Oop [100]=NarrowOop [104]=Oop [112]=NarrowOop }
                      ;*invokevirtual getInputStream {reexecute=0 rethrow=0 return_oop=0}
                      ; - jdk.internal.loader.URLClassPath$JarLoader$2::getInputStream@11
                      ; - jdk.internal.loader.Resource::cachedInputStream@9
                      ; - jdk.internal.loader.Resource::getByteBuffer@1
                      ; - java.net.URLClassLoader::defineClass@132
                      ; - java.net.URLClassLoader$1::run@43
                      ; - java.net.URLClassLoader$1::run@1
  0x000001e053a095b4: 48ad 46ff 

  0x000001e053a095b8: ;   {other}
  0x000001e053a095b8: 0f1f 8400 | 287b 00c3 | ba45 ffff | ff48 8b6c | 2420 4c89 | 5424 5044 | 8944 2458 

  0x000001e053a095d4: ;   {runtime_call UncommonTrapBlob}
  0x000001e053a095d4: c5f8 77e8 

  0x000001e053a095d8: ; ImmutableOopMap {rbp=Oop [44]=NarrowOop [80]=Oop [88]=NarrowOop [100]=NarrowOop [104]=Oop [112]=NarrowOop [176]=Oop }
                      ;*ifnonnull {reexecute=1 rethrow=0 return_oop=0}
                      ; - (reexecute) jdk.internal.access.SharedSecrets::javaUtilJarAccess@5
                      ; - jdk.internal.loader.URLClassPath$JarLoader$2::getManifest@0
                      ; - java.net.URLClassLoader::defineClass@34
                      ; - java.net.URLClassLoader$1::run@43
                      ; - java.net.URLClassLoader$1::run@1
  0x000001e053a095d8: 24ad 46ff 

  0x000001e053a095dc: ;   {other}
  0x000001e053a095dc: 0f1f 8400 | 4c7b 00c4 | baf4 ffff | ff48 8b6c | 2420 4c8b | 5424 684c | 8954 2440 

  0x000001e053a095f8: ;   {runtime_call UncommonTrapBlob}
  0x000001e053a095f8: c5f8 77e8 

  0x000001e053a095fc: ; ImmutableOopMap {rbp=Oop [44]=NarrowOop [64]=Oop [80]=Oop [88]=Oop [100]=NarrowOop [112]=NarrowOop }
                      ;*checkcast {reexecute=0 rethrow=0 return_oop=0}
                      ; - java.lang.ClassLoader::definePackage@81
                      ; - java.lang.ClassLoader::getDefinedPackage@32
                      ; - java.net.URLClassLoader::getAndVerifyPackage@2
                      ; - java.net.URLClassLoader::defineClass@46
                      ; - java.net.URLClassLoader$1::run@43
                      ; - java.net.URLClassLoader$1::run@1
  0x000001e053a095fc: 00ad 46ff 

  0x000001e053a09600: ;   {other}
  0x000001e053a09600: 0f1f 8400 | 707b 00c5 | baf6 ffff | ff48 8b6c | 2420 4c8b | 5c24 684c | 895c 2420 | 448b 4424 
  0x000001e053a09620: 6444 8944 | 2428 4c89 | 5424 5044 | 894c 2458 | 4489 4c24 | 5c66 6690 

  0x000001e053a09638: ;   {runtime_call UncommonTrapBlob}
  0x000001e053a09638: c5f8 77e8 

  0x000001e053a0963c: ; ImmutableOopMap {rbp=Oop [32]=Oop [40]=NarrowOop [44]=NarrowOop [80]=Oop [88]=NarrowOop [92]=NarrowOop [112]=NarrowOop [176]=Oop }
                      ;*getfield zsrc {reexecute=1 rethrow=0 return_oop=0}
                      ; - (reexecute) java.util.zip.ZipFile::ensureOpen@22
                      ; - java.util.zip.ZipFile::getManifestName@5
                      ; - java.util.zip.ZipFile$1::getManifestName@2
                      ; - java.util.jar.JarFile::maybeInstantiateVerifier@20
                      ; - java.util.jar.JarFile::ensureInitialization@1
                      ; - java.util.jar.JavaUtilJarAccessImpl::ensureInitialization@1
                      ; - jdk.internal.loader.URLClassPath$JarLoader$2::getManifest@10
                      ; - java.net.URLClassLoader::defineClass@34
                      ; - java.net.URLClassLoader$1::run@43
                      ; - java.net.URLClassLoader$1::run@1
  0x000001e053a0963c: c0ac 46ff 

  0x000001e053a09640: ;   {other}
  0x000001e053a09640: 0f1f 8400 | b07b 00c6 | baf6 ffff | ff48 8b6c | 2420 4889 | 7c24 2048 | 8974 2448 | 4489 6c24 
  0x000001e053a09660: 5044 896c | 2454 6690 

  0x000001e053a09668: ;   {runtime_call UncommonTrapBlob}
  0x000001e053a09668: c5f8 77e8 

  0x000001e053a0966c: ; ImmutableOopMap {rbp=Oop [32]=Oop [44]=NarrowOop [72]=Oop [80]=NarrowOop [84]=NarrowOop [100]=NarrowOop [112]=NarrowOop [160]=Oop }
                      ;*getfield zsrc {reexecute=1 rethrow=0 return_oop=0}
                      ; - (reexecute) java.util.zip.ZipFile::ensureOpen@22
                      ; - java.util.zip.ZipFile::getManifestName@5
                      ; - java.util.zip.ZipFile$1::getManifestName@2
                      ; - java.util.jar.JarFile::maybeInstantiateVerifier@20
                      ; - java.util.jar.JarFile$JarFileEntry::getCodeSigners@4
                      ; - jdk.internal.loader.URLClassPath$JarLoader$2::getCodeSigners@4
                      ; - java.net.URLClassLoader::defineClass@185
                      ; - java.net.URLClassLoader$1::run@43
                      ; - java.net.URLClassLoader$1::run@1
  0x000001e053a0966c: 90ac 46ff 

  0x000001e053a09670: ;   {other}
  0x000001e053a09670: 0f1f 8400 | e07b 00c7 | baf6 ffff | ff48 8b6c | 2420 448b | 4424 6444 | 8944 2428 | 448b 4c24 
  0x000001e053a09690: 7044 894c | 2438 4c8b | 4424 684c | 8944 2440 | 4c89 5424 | 504c 8954 | 2458 4489 | 5c24 6089 
  0x000001e053a096b0: 4c24 6489 | 4c24 6890 

  0x000001e053a096b8: ;   {runtime_call UncommonTrapBlob}
  0x000001e053a096b8: c5f8 77e8 

  0x000001e053a096bc: ; ImmutableOopMap {rbp=Oop [40]=NarrowOop [44]=NarrowOop [56]=NarrowOop [64]=Oop [80]=Oop [88]=Oop [96]=NarrowOop [100]=NarrowOop [104]=NarrowOop }
                      ;*getfield zsrc {reexecute=1 rethrow=0 return_oop=0}
                      ; - (reexecute) java.util.zip.ZipFile::ensureOpen@22
                      ; - java.util.zip.ZipFile::getManifestName@5
                      ; - java.util.zip.ZipFile$1::getManifestName@2
                      ; - java.util.jar.JarFile::maybeInstantiateVerifier@20
                      ; - java.util.jar.JarFile::getInputStream@9
                      ; - jdk.internal.loader.URLClassPath$JarLoader$2::getInputStream@11
                      ; - jdk.internal.loader.Resource::cachedInputStream@9
                      ; - jdk.internal.loader.Resource::getByteBuffer@1
                      ; - java.net.URLClassLoader::defineClass@132
                      ; - java.net.URLClassLoader$1::run@43
                      ; - java.net.URLClassLoader$1::run@1
  0x000001e053a096bc: 40ac 46ff 

  0x000001e053a096c0: ;   {other}
  0x000001e053a096c0: 0f1f 8400 | 307c 00c8 | ba45 ffff | ff4c 8b5c | 2468 4c89 | 5c24 3844 | 8b44 2464 | 4489 4424 
  0x000001e053a096e0: 2844 8b5c | 2470 4489 | 5c24 404c | 8954 2458 | 4489 4c24 | 6044 894c | 2464 6690 

  0x000001e053a096fc: ;   {runtime_call UncommonTrapBlob}
  0x000001e053a096fc: c5f8 77e8 

  0x000001e053a09700: ; ImmutableOopMap {rbp=NarrowOop [32]=Oop [40]=NarrowOop [44]=NarrowOop [56]=Oop [64]=NarrowOop [88]=Oop [96]=NarrowOop [100]=NarrowOop [176]=Oop }
                      ;*ifnonnull {reexecute=1 rethrow=0 return_oop=0}
                      ; - (reexecute) java.util.zip.ZipFile::ensureOpen@25
                      ; - java.util.zip.ZipFile::getManifestName@5
                      ; - java.util.zip.ZipFile$1::getManifestName@2
                      ; - java.util.jar.JarFile::maybeInstantiateVerifier@20
                      ; - java.util.jar.JarFile::ensureInitialization@1
                      ; - java.util.jar.JavaUtilJarAccessImpl::ensureInitialization@1
                      ; - jdk.internal.loader.URLClassPath$JarLoader$2::getManifest@10
                      ; - java.net.URLClassLoader::defineClass@34
                      ; - java.net.URLClassLoader$1::run@43
                      ; - java.net.URLClassLoader$1::run@1
  0x000001e053a09700: fcab 46ff 

  0x000001e053a09704: ;   {other}
  0x000001e053a09704: 0f1f 8400 | 747c 00c9 | ba45 ffff | ff48 897c | 2438 4889 | 7424 5044 | 896c 2458 | 4489 6c24 
  0x000001e053a09724: 5c66 6690 

  0x000001e053a09728: ;   {runtime_call UncommonTrapBlob}
  0x000001e053a09728: c5f8 77e8 

  0x000001e053a0972c: ; ImmutableOopMap {rbp=NarrowOop [32]=Oop [44]=NarrowOop [56]=Oop [80]=Oop [88]=NarrowOop [92]=NarrowOop [100]=NarrowOop [112]=NarrowOop [160]=Oop }
                      ;*ifnonnull {reexecute=1 rethrow=0 return_oop=0}
                      ; - (reexecute) java.util.zip.ZipFile::ensureOpen@25
                      ; - java.util.zip.ZipFile::getManifestName@5
                      ; - java.util.zip.ZipFile$1::getManifestName@2
                      ; - java.util.jar.JarFile::maybeInstantiateVerifier@20
                      ; - java.util.jar.JarFile$JarFileEntry::getCodeSigners@4
                      ; - jdk.internal.loader.URLClassPath$JarLoader$2::getCodeSigners@4
                      ; - java.net.URLClassLoader::defineClass@185
                      ; - java.net.URLClassLoader$1::run@43
                      ; - java.net.URLClassLoader$1::run@1
  0x000001e053a0972c: d0ab 46ff 

  0x000001e053a09730: ;   {other}
  0x000001e053a09730: 0f1f 8400 | a07c 00ca | ba45 ffff | ff44 8b44 | 2464 4489 | 4424 2844 | 8b4c 2470 | 4489 4c24 
  0x000001e053a09750: 404c 8b44 | 2468 4c89 | 4424 484c | 8954 2458 | 4c89 5424 | 6044 895c | 2468 894c | 246c 894c 
  0x000001e053a09770: 2470 6690 

  0x000001e053a09774: ;   {runtime_call UncommonTrapBlob}
  0x000001e053a09774: c5f8 77e8 

  0x000001e053a09778: ; ImmutableOopMap {rbp=NarrowOop [32]=Oop [40]=NarrowOop [44]=NarrowOop [64]=NarrowOop [72]=Oop [88]=Oop [96]=Oop [104]=NarrowOop [108]=NarrowOop [112]=NarrowOop }
                      ;*ifnonnull {reexecute=1 rethrow=0 return_oop=0}
                      ; - (reexecute) java.util.zip.ZipFile::ensureOpen@25
                      ; - java.util.zip.ZipFile::getManifestName@5
                      ; - java.util.zip.ZipFile$1::getManifestName@2
                      ; - java.util.jar.JarFile::maybeInstantiateVerifier@20
                      ; - java.util.jar.JarFile::getInputStream@9
                      ; - jdk.internal.loader.URLClassPath$JarLoader$2::getInputStream@11
                      ; - jdk.internal.loader.Resource::cachedInputStream@9
                      ; - jdk.internal.loader.Resource::getByteBuffer@1
                      ; - java.net.URLClassLoader::defineClass@132
                      ; - java.net.URLClassLoader$1::run@43
                      ; - java.net.URLClassLoader$1::run@1
  0x000001e053a09778: 84ab 46ff 

  0x000001e053a0977c: ;   {other}
  0x000001e053a0977c: 0f1f 8400 | ec7c 00cb | baf6 ffff | ff48 8b6c | 2420 4489 | 5424 204c | 8944 2440 

  0x000001e053a09798: ;   {runtime_call UncommonTrapBlob}
  0x000001e053a09798: c5f8 77e8 

  0x000001e053a0979c: ; ImmutableOopMap {rbp=Oop [64]=Oop [100]=NarrowOop [104]=Oop [112]=NarrowOop }
                      ;*invokevirtual getBaseURL {reexecute=0 rethrow=0 return_oop=0}
                      ; - jdk.internal.loader.URLClassPath$FileLoader$1::getCodeSourceURL@4
                      ; - java.net.URLClassLoader::defineClass@13
                      ; - java.net.URLClassLoader$1::run@43
                      ; - java.net.URLClassLoader$1::run@1
  0x000001e053a0979c: 60ab 46ff 

  0x000001e053a097a0: ;   {other}
  0x000001e053a097a0: 0f1f 8400 | 107d 00cc | baf6 ffff | ff48 8b6c | 2420 4c8b | 4424 6844 | 8b4c 2464 | 4489 4c24 
  0x000001e053a097c0: 2844 8b4c | 2470 4489 | 4c24 384c | 8944 2440 | 4c89 5c24 | 504c 895c | 2458 4889 | 7c24 6844 
  0x000001e053a097e0: 8954 243c | 4889 7c24 | 7048 8944 | 2478 6690 

  0x000001e053a097f0: ;   {runtime_call UncommonTrapBlob}
  0x000001e053a097f0: c5f8 77e8 

  0x000001e053a097f4: ; ImmutableOopMap {rbp=Oop [40]=NarrowOop [44]=NarrowOop [56]=NarrowOop [60]=NarrowOop [64]=Oop [80]=Oop [88]=Oop [104]=Oop [112]=Oop [120]=Oop }
                      ;*invokeinterface apply {reexecute=0 rethrow=0 return_oop=0}
                      ; - jdk.internal.ref.CleanerImpl::getCleanerImpl@4
                      ; - jdk.internal.ref.PhantomCleanable::<init>@6
                      ; - java.io.NioChannelCleanable::<init>@5
                      ; - java.io.FileInputStream::<init>@21
                      ; - jdk.internal.loader.URLClassPath$FileLoader$1::getInputStream@8
                      ; - jdk.internal.loader.Resource::cachedInputStream@9
                      ; - jdk.internal.loader.Resource::getByteBuffer@1
                      ; - java.net.URLClassLoader::defineClass@132
                      ; - java.net.URLClassLoader$1::run@43
                      ; - java.net.URLClassLoader$1::run@1
  0x000001e053a097f4: 08ab 46ff 

  0x000001e053a097f8: ;   {other}
  0x000001e053a097f8: 0f1f 8400 | 687d 00cd | ba5e ffff | ff48 8b6c | 2420 448b | 4424 6444 | 8944 2428 | 448b 4424 
  0x000001e053a09818: 7044 8944 | 2438 4c8b | 4424 684c | 8944 2440 | 4c89 5c24 | 504c 895c | 2458 4889 | 7c24 6844 
  0x000001e053a09838: 8954 243c | 4889 7c24 | 7048 8944 | 2478 6690 

  0x000001e053a09848: ;   {runtime_call UncommonTrapBlob}
  0x000001e053a09848: c5f8 77e8 

  0x000001e053a0984c: ; ImmutableOopMap {rbp=Oop [40]=NarrowOop [44]=NarrowOop [56]=NarrowOop [60]=NarrowOop [64]=Oop [80]=Oop [88]=Oop [104]=Oop [112]=Oop [120]=Oop }
                      ;*getfield queue {reexecute=1 rethrow=0 return_oop=0}
                      ; - (reexecute) jdk.internal.ref.PhantomCleanable::<init>@9
                      ; - java.io.NioChannelCleanable::<init>@5
                      ; - java.io.FileInputStream::<init>@21
                      ; - jdk.internal.loader.URLClassPath$FileLoader$1::getInputStream@8
                      ; - jdk.internal.loader.Resource::cachedInputStream@9
                      ; - jdk.internal.loader.Resource::getByteBuffer@1
                      ; - java.net.URLClassLoader::defineClass@132
                      ; - java.net.URLClassLoader$1::run@43
                      ; - java.net.URLClassLoader$1::run@1
  0x000001e053a0984c: b0aa 46ff 

  0x000001e053a09850: ;   {other}
  0x000001e053a09850: 0f1f 8400 | c07d 00ce | baf6 ffff | ff48 8b6c | 2420 448b | 5424 6444 | 8954 2428 | 448b 5c24 
  0x000001e053a09870: 7044 895c | 2438 4c8b | 5424 684c | 8954 2440 | 448b 5424 | 6044 8954 | 243c 4889 | 7c24 7890 
  0x000001e053a09890: ;   {runtime_call UncommonTrapBlob}
  0x000001e053a09890: c5f8 77e8 

  0x000001e053a09894: ; ImmutableOopMap {rbp=Oop [40]=NarrowOop [44]=NarrowOop [56]=NarrowOop [60]=NarrowOop [64]=Oop [80]=Oop [88]=Oop [120]=Oop }
                      ;*invokeinterface apply {reexecute=0 rethrow=0 return_oop=0}
                      ; - jdk.internal.ref.CleanerImpl::getCleanerImpl@4
                      ; - jdk.internal.ref.PhantomCleanable::<init>@27
                      ; - java.io.NioChannelCleanable::<init>@5
                      ; - java.io.FileInputStream::<init>@21
                      ; - jdk.internal.loader.URLClassPath$FileLoader$1::getInputStream@8
                      ; - jdk.internal.loader.Resource::cachedInputStream@9
                      ; - jdk.internal.loader.Resource::getByteBuffer@1
                      ; - java.net.URLClassLoader::defineClass@132
                      ; - java.net.URLClassLoader$1::run@43
                      ; - java.net.URLClassLoader$1::run@1
  0x000001e053a09894: 68aa 46ff 

  0x000001e053a09898: ;   {other}
  0x000001e053a09898: 0f1f 8400 | 087e 00cf | ba5e ffff | ff48 8b6c | 2420 448b | 5424 6444 | 8954 2428 | 448b 5c24 
  0x000001e053a098b8: 7044 895c | 2438 4c8b | 5424 684c | 8954 2440 | 448b 5c24 | 6044 895c | 243c 4889 | 7c24 7890 
  0x000001e053a098d8: ;   {runtime_call UncommonTrapBlob}
  0x000001e053a098d8: c5f8 77e8 

  0x000001e053a098dc: ; ImmutableOopMap {rbp=Oop [40]=NarrowOop [44]=NarrowOop [56]=NarrowOop [60]=NarrowOop [64]=Oop [80]=Oop [88]=Oop [120]=Oop }
                      ;*getfield phantomCleanableList {reexecute=1 rethrow=0 return_oop=0}
                      ; - (reexecute) jdk.internal.ref.PhantomCleanable::<init>@30
                      ; - java.io.NioChannelCleanable::<init>@5
                      ; - java.io.FileInputStream::<init>@21
                      ; - jdk.internal.loader.URLClassPath$FileLoader$1::getInputStream@8
                      ; - jdk.internal.loader.Resource::cachedInputStream@9
                      ; - jdk.internal.loader.Resource::getByteBuffer@1
                      ; - java.net.URLClassLoader::defineClass@132
                      ; - java.net.URLClassLoader$1::run@43
                      ; - java.net.URLClassLoader$1::run@1
  0x000001e053a098dc: 20aa 46ff 

  0x000001e053a098e0: ;   {other}
  0x000001e053a098e0: 0f1f 8400 | 507e 00d0 | baf6 ffff | ff48 8b6c | 2420 448b | 5424 6444 | 8954 2428 | 448b 5c24 
  0x000001e053a09900: 7044 895c | 2438 4c8b | 5424 684c | 8954 2440 | 4c8b 5424 | 784c 8954 | 2470 4c8b | 9424 8000 
  0x000001e053a09920: 0000 4c89 | 5424 7890 

  0x000001e053a09928: ;   {runtime_call UncommonTrapBlob}
  0x000001e053a09928: c5f8 77e8 

  0x000001e053a0992c: ; ImmutableOopMap {rbp=Oop [40]=NarrowOop [44]=NarrowOop [56]=NarrowOop [64]=Oop [80]=Oop [88]=Oop [112]=Oop [120]=Oop }
                      ;*invokevirtual channel {reexecute=0 rethrow=0 return_oop=0}
                      ; - java.io.FileInputStream::<init>@159
                      ; - jdk.internal.loader.URLClassPath$FileLoader$1::getInputStream@8
                      ; - jdk.internal.loader.Resource::cachedInputStream@9
                      ; - jdk.internal.loader.Resource::getByteBuffer@1
                      ; - java.net.URLClassLoader::defineClass@132
                      ; - java.net.URLClassLoader$1::run@43
                      ; - java.net.URLClassLoader$1::run@1
  0x000001e053a0992c: d0a9 46ff 

  0x000001e053a09930: ;   {other}
  0x000001e053a09930: 0f1f 8400 | a07e 00d1 | ba97 ffff | ff48 8b6c | 2420 4889 | 4424 f88b | 4424 2889 | 4424 2048 
  0x000001e053a09950: 8b44 24f8 | 4c8b 5424 | 684c 8954 | 2438 6690 

  0x000001e053a09960: ;   {runtime_call UncommonTrapBlob}
  0x000001e053a09960: c5f8 77e8 

  0x000001e053a09964: ; ImmutableOopMap {rbp=Oop [32]=NarrowOop [44]=NarrowOop [56]=Oop [72]=Oop [100]=NarrowOop [112]=NarrowOop }
                      ;*invokevirtual clone {reexecute=1 rethrow=0 return_oop=0}
                      ; - (reexecute) java.util.Arrays::copyOfRange@18
                      ; - java.lang.StringLatin1::newString@16
                      ; - java.lang.String::substring@41
                      ; - java.net.URLClassLoader::defineClass@28
                      ; - java.net.URLClassLoader$1::run@43
                      ; - java.net.URLClassLoader$1::run@1
  0x000001e053a09964: 98a9 46ff 

  0x000001e053a09968: ;   {other}
  0x000001e053a09968: 0f1f 8400 | d87e 00d2 | baf6 ffff | ff48 8b6c | 2420 6690 

  0x000001e053a0997c: ;   {runtime_call UncommonTrapBlob}
  0x000001e053a0997c: c5f8 77e8 

  0x000001e053a09980: ; ImmutableOopMap {rbp=Oop [44]=NarrowOop [80]=Oop [100]=NarrowOop [104]=Oop [112]=NarrowOop [116]=NarrowOop }
                      ;*getfield manifestName {reexecute=1 rethrow=0 return_oop=0}
                      ; - (reexecute) java.util.jar.JarVerifier$VerifierStream::<init>@29
                      ; - java.util.jar.JarFile::getInputStream@84
                      ; - jdk.internal.loader.URLClassPath$JarLoader$2::getInputStream@11
                      ; - jdk.internal.loader.Resource::cachedInputStream@9
                      ; - jdk.internal.loader.Resource::getByteBuffer@1
                      ; - java.net.URLClassLoader::defineClass@132
                      ; - java.net.URLClassLoader$1::run@43
                      ; - java.net.URLClassLoader$1::run@1
  0x000001e053a09980: 7ca9 46ff 

  0x000001e053a09984: ;   {other}
  0x000001e053a09984: 0f1f 8400 | f47e 00d3 | baf6 ffff | ff48 8b6c | 2420 448b | 5c24 4844 | 895c 2440 | 4489 5424 
  0x000001e053a099a4: 5844 8954 | 245c 6690 

  0x000001e053a099ac: ;   {runtime_call UncommonTrapBlob}
  0x000001e053a099ac: c5f8 77e8 

  0x000001e053a099b0: ; ImmutableOopMap {rbp=Oop [40]=NarrowOop [44]=NarrowOop [64]=NarrowOop [80]=Oop [88]=NarrowOop [92]=NarrowOop [104]=Oop [176]=Oop }
                      ;*getfield zsrc {reexecute=1 rethrow=0 return_oop=0}
                      ; - (reexecute) java.util.zip.ZipFile::getEntryName@21
                      ; - java.util.zip.ZipFile::getManifestName@41
                      ; - java.util.zip.ZipFile$1::getManifestName@2
                      ; - java.util.jar.JarFile::maybeInstantiateVerifier@20
                      ; - java.util.jar.JarFile::ensureInitialization@1
                      ; - java.util.jar.JavaUtilJarAccessImpl::ensureInitialization@1
                      ; - jdk.internal.loader.URLClassPath$JarLoader$2::getManifest@10
                      ; - java.net.URLClassLoader::defineClass@34
                      ; - java.net.URLClassLoader$1::run@43
                      ; - java.net.URLClassLoader$1::run@1
  0x000001e053a099b0: 4ca9 46ff 

  0x000001e053a099b4: ;   {other}
  0x000001e053a099b4: 0f1f 8400 | 247f 00d4 | baf6 ffff | ff48 8b6c | 2420 4c8b | 5424 504c | 8954 2420 | 4489 5c24 
  0x000001e053a099d4: 5044 895c | 2454 6690 

  0x000001e053a099dc: ;   {runtime_call UncommonTrapBlob}
  0x000001e053a099dc: c5f8 77e8 

  0x000001e053a099e0: ; ImmutableOopMap {rbp=Oop [32]=Oop [44]=NarrowOop [80]=NarrowOop [84]=NarrowOop [88]=Oop [100]=NarrowOop [112]=NarrowOop [160]=Oop }
                      ;*getfield zsrc {reexecute=1 rethrow=0 return_oop=0}
                      ; - (reexecute) java.util.zip.ZipFile::getEntryName@21
                      ; - java.util.zip.ZipFile::getManifestName@41
                      ; - java.util.zip.ZipFile$1::getManifestName@2
                      ; - java.util.jar.JarFile::maybeInstantiateVerifier@20
                      ; - java.util.jar.JarFile$JarFileEntry::getCodeSigners@4
                      ; - jdk.internal.loader.URLClassPath$JarLoader$2::getCodeSigners@4
                      ; - java.net.URLClassLoader::defineClass@185
                      ; - java.net.URLClassLoader$1::run@43
                      ; - java.net.URLClassLoader$1::run@1
  0x000001e053a099e0: 1ca9 46ff 

  0x000001e053a099e4: ;   {other}
  0x000001e053a099e4: 0f1f 8400 | 547f 00d5 | baf6 ffff | ff48 8b6c | 2420 4c8b | 5424 684c | 8954 2438 | 448b 5424 
  0x000001e053a09a04: 4844 8954 | 2440 4c8b | 5424 584c | 8954 2450 

  0x000001e053a09a14: ;   {runtime_call UncommonTrapBlob}
  0x000001e053a09a14: c5f8 77e8 

  0x000001e053a09a18: ; ImmutableOopMap {rbp=Oop [40]=NarrowOop [44]=NarrowOop [56]=Oop [64]=NarrowOop [80]=Oop [88]=Oop [96]=NarrowOop [116]=NarrowOop }
                      ;*getfield zsrc {reexecute=1 rethrow=0 return_oop=0}
                      ; - (reexecute) java.util.zip.ZipFile::getEntryName@21
                      ; - java.util.zip.ZipFile::getManifestName@41
                      ; - java.util.zip.ZipFile$1::getManifestName@2
                      ; - java.util.jar.JarFile::maybeInstantiateVerifier@20
                      ; - java.util.jar.JarFile::getInputStream@9
                      ; - jdk.internal.loader.URLClassPath$JarLoader$2::getInputStream@11
                      ; - jdk.internal.loader.Resource::cachedInputStream@9
                      ; - jdk.internal.loader.Resource::getByteBuffer@1
                      ; - java.net.URLClassLoader::defineClass@132
                      ; - java.net.URLClassLoader$1::run@43
                      ; - java.net.URLClassLoader$1::run@1
  0x000001e053a09a18: e4a8 46ff 

  0x000001e053a09a1c: ;   {other}
  0x000001e053a09a1c: 0f1f 8400 | 8c7f 00d6 | ba97 ffff | ff66 6690 

  0x000001e053a09a2c: ;   {runtime_call UncommonTrapBlob}
  0x000001e053a09a2c: c5f8 77e8 

  0x000001e053a09a30: ; ImmutableOopMap {rbp=Oop [32]=Oop [40]=Oop [80]=Oop [100]=NarrowOop [112]=NarrowOop [160]=Oop }
                      ;*invokevirtual clone {reexecute=1 rethrow=0 return_oop=0}
                      ; - (reexecute) java.security.CodeSource::<init>@42
                      ; - java.net.URLClassLoader::defineClass@198
                      ; - java.net.URLClassLoader$1::run@43
                      ; - java.net.URLClassLoader$1::run@1
  0x000001e053a09a30: cca8 46ff 

  0x000001e053a09a34: ;   {other}
  0x000001e053a09a34: 0f1f 8400 | a47f 00d7 | ba97 ffff | ff48 8b6c | 2420 6690 

  0x000001e053a09a48: ;   {runtime_call UncommonTrapBlob}
  0x000001e053a09a48: c5f8 77e8 

  0x000001e053a09a4c: ; ImmutableOopMap {rbp=Oop [40]=NarrowOop [44]=NarrowOop [80]=Oop [100]=NarrowOop [112]=NarrowOop [160]=Oop }
                      ;*invokevirtual clone {reexecute=1 rethrow=0 return_oop=0}
                      ; - (reexecute) java.util.jar.JarFile$JarFileEntry::getCodeSigners@70
                      ; - jdk.internal.loader.URLClassPath$JarLoader$2::getCodeSigners@4
                      ; - java.net.URLClassLoader::defineClass@185
                      ; - java.net.URLClassLoader$1::run@43
                      ; - java.net.URLClassLoader$1::run@1
  0x000001e053a09a4c: b0a8 46ff 

  0x000001e053a09a50: ;   {other}
  0x000001e053a09a50: 0f1f 8400 | c07f 00d8 | 488b d8e9 | 8e06 0000 | 488b d8e9 | 4003 0000 | e96e 0400 | 0048 8bd8 
  0x000001e053a09a70: e9d6 0500 | 0048 8bd8 | e9ce 0500 | 0048 8bd8 | e9c6 0500 | 0048 8bd8 | e9be 0500 | 0048 8bd8 
  0x000001e053a09a90: e9b6 0500 | 0048 8984 | 2488 0000 | 00e9 bc04 | 0000 488b | 9424 8800 | 0000 4c8b | c066 6690 
  0x000001e053a09ab0: ;   {optimized virtual_call}
  0x000001e053a09ab0: c5f8 77e8 

  0x000001e053a09ab4: ; ImmutableOopMap {[32]=Oop [44]=NarrowOop [56]=Oop [64]=Oop [80]=Oop [88]=Oop [104]=Oop [136]=Oop }
                      ;*invokevirtual addSuppressed {reexecute=0 rethrow=0 return_oop=0}
                      ; - java.io.FileInputStream::<init>@285
                      ; - jdk.internal.loader.URLClassPath$FileLoader$1::getInputStream@8
                      ; - jdk.internal.loader.Resource::cachedInputStream@9
                      ; - jdk.internal.loader.Resource::getByteBuffer@1
                      ; - java.net.URLClassLoader::defineClass@132
                      ; - java.net.URLClassLoader$1::run@43
                      ; - java.net.URLClassLoader$1::run@1
  0x000001e053a09ab4: c84f 46ff 

  0x000001e053a09ab8: ;   {other}
  0x000001e053a09ab8: 0f1f 8400 | 2880 00d9 | e9bb 0400 | 0048 8984 | 2488 0000 | 00e9 8c04 | 0000 488b | d8e9 1406 
  0x000001e053a09ad8: 0000 488b | d8e9 0c06 | 0000 488b | d8e9 0406 | 0000 488b | d8e9 fc05 | 0000 488b | d8e9 5105 
  0x000001e053a09af8: 0000 488b | 8c24 8000 | 0000 488d | 9424 e800 | 0000 4d8b | c7c5 f877 | 49ba b0d7 | 4de0 f87f 
  0x000001e053a09b18: 0000 41ff 

  0x000001e053a09b1c: ;   {other}
  0x000001e053a09b1c: d20f 1f84 | 0000 0000 | 00e9 c405 | 0000 488b | d844 8b50 | 084d 33db | 4f8d 1cd3 | e9d6 0100 
  0x000001e053a09b3c: 0048 8bd8 | 448b 5008 | 4d33 db4f | 8d1c d3e9 | 4102 0000 | 488b d8e9 | f304 0000 | 488b d844 
  0x000001e053a09b5c: 8b58 084d | 33c0 4f8d | 04d8 4c8b | 5424 684c | 8954 2428 | e99d 0600 | 004c 8bd0 | e900 0300 
  0x000001e053a09b7c: 004c 8bd0 | e9ab 0000 | 004c 8bd0 | e96d 0600 | 0048 8bd8 | e9b6 0400 | 0048 8bd8 | e9ae 0400 
  0x000001e053a09b9c: 004c 8bd0 | e955 0600 | 004c 8bd0 | e94d 0600 | 0048 8bd8 | e9ef 0600 | 0048 8bd8 | e9e7 0600 
  0x000001e053a09bbc: 0048 8bd8 | e986 0400 | 0048 8bd8 | e97e 0400 | 0048 8bd8 | e976 0400 | 0048 8be8 | 488b 5424 
  0x000001e053a09bdc: 5866 6690 

  0x000001e053a09be0: ;   {static_call}
  0x000001e053a09be0: c5f8 77e8 

  0x000001e053a09be4: ; ImmutableOopMap {rbp=Oop [32]=Oop [44]=NarrowOop [56]=Oop [64]=Oop [72]=Oop [104]=Oop [120]=Oop [176]=Oop }
                      ;*invokestatic endInit {reexecute=0 rethrow=0 return_oop=0}
                      ; - java.util.jar.JarFile::ensureInitialization@53
                      ; - java.util.jar.JavaUtilJarAccessImpl::ensureInitialization@1
                      ; - jdk.internal.loader.URLClassPath$JarLoader$2::getManifest@10
                      ; - java.net.URLClassLoader::defineClass@34
                      ; - java.net.URLClassLoader$1::run@43
                      ; - java.net.URLClassLoader$1::run@1
  0x000001e053a09be4: 9854 46ff 

  0x000001e053a09be8: ;   {other}
  0x000001e053a09be8: 0f1f 8400 | 5881 00da | 488b dde9 | b001 0000 | 488b d8e9 | a801 0000 | 488b d8e9 | a001 0000 
  0x000001e053a09c08: 488b d8e9 | 9406 0000 | 488b d844 | 8b50 084d | 33c0 4f8d | 04d0 4c8b | 5424 504c | 8954 2428 
  0x000001e053a09c28: e9e5 0500 | 004c 8bd0 | 498b da45 | 8b5a 084d | 33c0 4f8d | 04d8 e9cf | 0500 0048 | 8bd8 e900 
  0x000001e053a09c48: 0400 0048 | 8bd8 e9f8 | 0300 0048 | 8bd8 e9f0 | 0300 0048 | 8bd8 eb08 | 488b d8eb | 0348 8bd8 
  0x000001e053a09c68: 4c8b 5c24 | 6848 8d84 | 24e0 0000 | 0048 8338 | 000f 8479 | 0000 004d | 8b13 41f6 | c202 0f84 
  0x000001e053a09c88: 6200 0000 | 4983 ba86 | 0000 0000 | 7409 49ff | 8a86 0000 | 00eb 4b49 | 8b82 9600 | 0000 490b 
  0x000001e053a09ca8: 828e 0000 | 0075 0a49 | c742 3e00 | 0000 00eb | 3d49 83ba | 9e00 0000 | 0074 2248 | 33c0 49c7 
  0x000001e053a09cc8: 423e 0000 | 0000 f083 | 0424 0049 | 83ba 9e00 | 0000 0075 | 0df0 4d0f | b17a 3e75 

  0x000001e053a09ce4: ;   {no_reloc}
  0x000001e053a09ce4: 0583 c801 | eb0c a800 | eb08 4c8b | 10f0 4d0f | b113 750a | 49ff 8f50 | 0500 0045 | 33d2 0f85 
  0x000001e053a09d04: 2806 0000 | 448b 4308 | 4d33 db4f | 8d1c c34d 

  0x000001e053a09d14: ;   {metadata('java/io/IOException')}
  0x000001e053a09d14: 8b53 4849 | bb78 f209 | 0001 0000 | 004d 3bd3 | 0f85 7301 | 0000 488b | ebba 2a00 | 0000 6690 
  0x000001e053a09d34: ;   {runtime_call UncommonTrapBlob}
  0x000001e053a09d34: c5f8 77e8 

  0x000001e053a09d38: ; ImmutableOopMap {rbp=Oop [32]=Oop [44]=NarrowOop [80]=Oop [100]=NarrowOop [112]=NarrowOop [160]=Oop }
                      ;*new {reexecute=0 rethrow=0 return_oop=0}
                      ; - java.util.jar.JarFile$JarFileEntry::getCodeSigners@11
                      ; - jdk.internal.loader.URLClassPath$JarLoader$2::getCodeSigners@4
                      ; - java.net.URLClassLoader::defineClass@185
                      ; - java.net.URLClassLoader$1::run@43
                      ; - java.net.URLClassLoader$1::run@1
  0x000001e053a09d38: c4a5 46ff 

  0x000001e053a09d3c: ;   {other}
  0x000001e053a09d3c: 0f1f 8400 | ac82 00db | 488b d8e9 | ff02 0000 | 4c8b d0eb | 034c 8bd0 | 498b dae9 | 4805 0000 
  0x000001e053a09d5c: 4889 8424 | 8800 0000 | e9f5 0100 | 0048 8984 | 2488 0000 | 00e9 e801 | 0000 4c8b | d0eb 084c 
  0x000001e053a09d7c: 8bd0 eb03 | 4c8b d049 | 8bda 458b | 5208 4d33 | db4f 8d1c | d34d 8b53 

  0x000001e053a09d94: ;   {metadata('java/io/IOException')}
  0x000001e053a09d94: 4849 bb78 | f209 0001 | 0000 004d | 3bd3 0f84 | 7005 0000 | 4c8b 5c24 | 7848 8d84 | 24e0 0000 
  0x000001e053a09db4: 0048 8338 | 000f 8479 | 0000 004d | 8b13 41f6 | c202 0f84 | 6200 0000 | 4983 ba86 | 0000 0000 
  0x000001e053a09dd4: 7409 49ff | 8a86 0000 | 00eb 4b49 | 8b82 9600 | 0000 490b | 828e 0000 | 0075 0a49 | c742 3e00 
  0x000001e053a09df4: 0000 00eb | 3d49 83ba | 9e00 0000 | 0074 2248 | 33c0 49c7 | 423e 0000 | 0000 f083 | 0424 0049 
  0x000001e053a09e14: 83ba 9e00 | 0000 0075 | 0df0 4d0f | b17a 3e75 | 0583 c801 | eb0c a800 | eb08 4c8b | 10f0 4d0f 
  0x000001e053a09e34: b113 750a | 49ff 8f50 | 0500 0045 | 33d2 0f84 | 5b03 0000 | 488b 4c24 | 7848 8d94 | 24e0 0000 
  0x000001e053a09e54: 004d 8bc7 | c5f8 7749 | bab0 d74d | e0f8 7f00 | 0041 ffd2 

  0x000001e053a09e68: ;   {other}
  0x000001e053a09e68: 0f1f 8400 | 0000 0000 | e92e 0300 | 004c 8bd0 | eb03 4c8b | d049 8bda | e91f 0400 | 004c 8bd0 
  0x000001e053a09e88: e96d 0300 | 004c 8bd0 | e965 0300 | 0048 8bd8 | eb03 488b | d844 8b5b | 084d 33c0 | 4f8d 04d8 
  0x000001e053a09ea8: 4c8b 5424 | 504c 8954 | 2428 e95b | 0300 00eb | 22eb 2048 | 8be8 488b | 9424 8800 | 0000 6690 
  0x000001e053a09ec8: ;   {static_call}
  0x000001e053a09ec8: c5f8 77e8 

  0x000001e053a09ecc: ; ImmutableOopMap {rbp=Oop [32]=Oop [44]=NarrowOop [56]=Oop [64]=Oop [80]=Oop [88]=Oop [104]=Oop [120]=Oop [128]=Oop }
                      ;*invokestatic end {reexecute=0 rethrow=0 return_oop=0}
                      ; - java.io.FileInputStream::open@19
                      ; - java.io.FileInputStream::<init>@210
                      ; - jdk.internal.loader.URLClassPath$FileLoader$1::getInputStream@8
                      ; - jdk.internal.loader.Resource::cachedInputStream@9
                      ; - jdk.internal.loader.Resource::getByteBuffer@1
                      ; - java.net.URLClassLoader::defineClass@132
                      ; - java.net.URLClassLoader$1::run@43
                      ; - java.net.URLClassLoader$1::run@1
  0x000001e053a09ecc: b051 46ff 

  0x000001e053a09ed0: ;   {other}
  0x000001e053a09ed0: 0f1f 8400 | 4084 00dc | 488b c548 | 8984 2488 | 0000 00eb | 7948 8bd8 | e901 0200 | 0048 8984 
  0x000001e053a09ef0: 2488 0000 | 00eb 6748 | 8984 2488 | 0000 00eb | 5d48 8984 | 2488 0000 | 00eb 5348 | 8984 2488 
  0x000001e053a09f10: 0000 00eb | 4948 8bd8 | e9d1 0100 | 0048 8984 | 2488 0000 | 00eb 3748 | 8bd8 e9bf | 0100 0048 
  0x000001e053a09f30: 8bd8 e9b7 | 0100 0048 | 8bd8 e9af | 0100 004c | 8b54 2468 | 4c89 5424 | 28e9 c402 | 0000 4c8b 
  0x000001e053a09f50: d0e9 8702 | 0000 4889 | 8424 8800 | 0000 4c8b | 9424 8000 | 0000 4d85 | d274 1549 | 8bd2 6690 
  0x000001e053a09f70: ;   {optimized virtual_call}
  0x000001e053a09f70: c5f8 77e8 

  0x000001e053a09f74: ; ImmutableOopMap {[32]=Oop [44]=NarrowOop [56]=Oop [64]=Oop [80]=Oop [88]=Oop [104]=Oop [136]=Oop }
                      ;*invokevirtual close {reexecute=0 rethrow=0 return_oop=0}
                      ; - java.io.FileInputStream::<init>@273
                      ; - jdk.internal.loader.URLClassPath$FileLoader$1::getInputStream@8
                      ; - jdk.internal.loader.Resource::cachedInputStream@9
                      ; - jdk.internal.loader.Resource::getByteBuffer@1
                      ; - java.net.URLClassLoader::defineClass@132
                      ; - java.net.URLClassLoader$1::run@43
                      ; - java.net.URLClassLoader$1::run@1
  0x000001e053a09f74: 084b 46ff 

  0x000001e053a09f78: ;   {other}
  0x000001e053a09f78: 0f1f 8400 | e884 00dd | 488b 9c24 | 8800 0000 | e961 0100 | 0048 8bd8 | 448b 5808 | 4d33 c04f 
  0x000001e053a09f98: 8d04 d84d | 8b50 504c | 3bd5 759b | 4533 c9eb | 244c 8bd0 | e949 0200 | 0048 8bd8 | 448b 5008 
  0x000001e053a09fb8: 4d33 c04f | 8d04 d04d | 8b50 504c | 3bd5 7541 | 4c8b 4c24 | 5848 8b54 | 2438 4c8b | 4424 5048 
  0x000001e053a09fd8: 8b7c 2478 

  0x000001e053a09fdc: ;   {optimized virtual_call}
  0x000001e053a09fdc: c5f8 77e8 

  0x000001e053a09fe0: ; ImmutableOopMap {[32]=Oop [44]=NarrowOop [56]=Oop [64]=Oop [80]=Oop [100]=NarrowOop [104]=Oop [112]=NarrowOop }
                      ;*invokevirtual getAndVerifyPackage {reexecute=0 rethrow=0 return_oop=1}
                      ; - java.net.URLClassLoader::defineClass@97
                      ; - java.net.URLClassLoader$1::run@43
                      ; - java.net.URLClassLoader$1::run@1
  0x000001e053a09fe0: 9c4a 46ff 

  0x000001e053a09fe4: ;   {other}
  0x000001e053a09fe4: 0f1f 8400 | 5485 00de | 4885 c00f | 8408 0300 | 004c 8b44 | 2448 4c8b | 6c24 3848 | 8b7c 2440 
  0x000001e053a0a004: e956 97ff | ff4c 8b54 | 2468 4c89 | 5424 28e9 | fa01 0000 | 4c8b d0e9 | da01 0000 | 4c8b d0e9 
  0x000001e053a0a024: d201 0000 | 4c8b d0e9 | ca01 0000 | 4c8b d0e9 | c201 0000 | 4c8b d0e9 | ba01 0000 | 4c8b d0e9 
  0x000001e053a0a044: b201 0000 | 488b d84c | 8b9c 2480 | 0000 0048 | 8d84 24e8 | 0000 0048 | 8338 000f | 8479 0000 
  0x000001e053a0a064: 004d 8b13 | 41f6 c202 | 0f84 6200 | 0000 4983 | ba86 0000 | 0000 7409 | 49ff 8a86 | 0000 00eb 
  0x000001e053a0a084: 4b49 8b82 | 9600 0000 | 490b 828e | 0000 0075 | 0a49 c742 | 3e00 0000 | 00eb 3d49 | 83ba 9e00 
  0x000001e053a0a0a4: 0000 0074 | 2248 33c0 | 49c7 423e | 0000 0000 | f083 0424 | 0049 83ba | 9e00 0000 | 0075 0df0 
  0x000001e053a0a0c4: 4d0f b17a | 3e75 0583 | c801 eb0c | a800 eb08 | 4c8b 10f0 | 4d0f b113 | 750a 49ff 

  0x000001e053a0a0e0: ;   {no_reloc}
  0x000001e053a0a0e0: 8f50 0500 | 0045 33d2 | 0f85 0cfa | ffff 4c8b | 5c24 684c | 895c 2428 | 488d 8424 | e000 0000 
  0x000001e053a0a100: 4883 3800 | 0f84 7900 | 0000 4d8b | 1341 f6c2 | 020f 8462 | 0000 0049 | 83ba 8600 | 0000 0074 
  0x000001e053a0a120: 0949 ff8a | 8600 0000 | eb4b 498b | 8296 0000 | 0049 0b82 | 8e00 0000 | 750a 49c7 | 423e 0000 
  0x000001e053a0a140: 0000 eb3d | 4983 ba9e | 0000 0000 | 7422 4833 | c049 c742 | 3e00 0000 | 00f0 8304 | 2400 4983 
  0x000001e053a0a160: ba9e 0000 | 0000 750d | f04d 0fb1 | 7a3e 7505 | 83c8 01eb | 0ca8 00eb | 084c 8b10 | f04d 0fb1 
  0x000001e053a0a180: 1375 0a49 | ff8f 5005 | 0000 4533 | d20f 853d | 0100 0044 | 8b53 084d | 33c0 4f8d | 04d0 eb72 
  0x000001e053a0a1a0: 488b d844 | 8b53 084d | 33c0 4f8d | 04d0 4c8b | 5424 684c | 8954 2428 | eb58 488b | d844 8b50 
  0x000001e053a0a1c0: 084d 33c0 | 4f8d 04d0 | eb48 488b | d844 8b50 | 084d 33c0 | 4f8d 04d0 | eb38 4c8b | d049 8bda 
  0x000001e053a0a1e0: ;   {no_reloc}
  0x000001e053a0a1e0: 458b 5208 | 4d33 c04f | 8d04 d04c | 8b54 2468 | 4c89 5424 | 28eb 1b4c | 8bd0 498b | da45 8b52 
  0x000001e053a0a200: 084d 33c0 | 4f8d 04d0 | 4c8b 5424 | 684c 8954 | 2428 4d8b 

  0x000001e053a0a214: ;   {metadata('java/io/IOException')}
  0x000001e053a0a214: 5048 49bb | 78f2 0900 | 0100 0000 | 4d3b d30f | 848e 0000 | 004d 8b50 

  0x000001e053a0a22c: ;   {metadata('java/lang/ClassFormatError')}
  0x000001e053a0a22c: 5049 bbf0 | 0427 0001 | 0000 004d | 3bd3 7568 | 488b eb48 | 8b54 2428 | 6690 c5f8 | 7748 b8ff 
  0x000001e053a0a24c: ffff ffff 

  0x000001e053a0a250: ;   {virtual_call}
  0x000001e053a0a250: ffff ffe8 

  0x000001e053a0a254: ; ImmutableOopMap {rbp=Oop [40]=Oop }
                      ;*invokevirtual getDataError {reexecute=0 rethrow=0 return_oop=1}
                      ; - java.net.URLClassLoader$1::run@63
                      ; - java.net.URLClassLoader$1::run@1
  0x000001e053a0a254: 284b 46ff 

  0x000001e053a0a258: ;   {other}
  0x000001e053a0a258: 0f1f 8400 | c887 00df | 4885 c074 | 3748 8b54 | 2428 c5f8 | 7748 b8ff | ffff ffff 

  0x000001e053a0a274: ;   {virtual_call}
  0x000001e053a0a274: ffff ffe8 

  0x000001e053a0a278: ; ImmutableOopMap {rbp=Oop }
                      ;*invokevirtual getDataError {reexecute=0 rethrow=0 return_oop=1}
                      ; - java.net.URLClassLoader$1::run@71
                      ; - java.net.URLClassLoader$1::run@1
  0x000001e053a0a278: 044b 46ff 

  0x000001e053a0a27c: ;   {other}
  0x000001e053a0a27c: 0f1f 8400 | ec87 00e0 | 488b d54c | 8bc0 6690 

  0x000001e053a0a28c: ;   {optimized virtual_call}
  0x000001e053a0a28c: c5f8 77e8 

  0x000001e053a0a290: ; ImmutableOopMap {rbp=Oop }
                      ;*invokevirtual addSuppressed {reexecute=0 rethrow=0 return_oop=0}
                      ; - java.net.URLClassLoader$1::run@74
                      ; - java.net.URLClassLoader$1::run@1
  0x000001e053a0a290: ec47 46ff 

  0x000001e053a0a294: ;   {other}
  0x000001e053a0a294: 0f1f 8400 | 0488 00e1 | 488b d5eb | 0648 8bd8 | 488b d3c5 | f877 4881 | c400 0100 

  0x000001e053a0a2b0: ;   {runtime_call _rethrow_Java}
  0x000001e053a0a2b0: 005d e949 | 2952 ff48 | 8beb ba2f | 0000 0090 

  0x000001e053a0a2c0: ;   {runtime_call UncommonTrapBlob}
  0x000001e053a0a2c0: c5f8 77e8 

  0x000001e053a0a2c4: ; ImmutableOopMap {rbp=Oop [32]=Oop }
                      ;*new {reexecute=0 rethrow=0 return_oop=0}
                      ; - java.net.URLClassLoader$1::run@48
                      ; - java.net.URLClassLoader$1::run@1
  0x000001e053a0a2c4: 38a0 46ff 

  0x000001e053a0a2c8: ;   {other}
  0x000001e053a0a2c8: 0f1f 8400 | 3888 00e2 | 488b 4c24 | 6848 8d94 | 24e0 0000 | 004d 8bc7 | c5f8 7749 | bab0 d74d 
  0x000001e053a0a2e8: e0f8 7f00 | 0041 ffd2 

  0x000001e053a0a2f0: ;   {other}
  0x000001e053a0a2f0: 0f1f 8400 | 0000 0000 | e996 feff | ffba fd00 | 0000 488b | 6c24 2090 

  0x000001e053a0a308: ;   {runtime_call UncommonTrapBlob}
  0x000001e053a0a308: c5f8 77e8 

  0x000001e053a0a30c: ; ImmutableOopMap {rbp=Oop [80]=Oop [104]=Oop }
                      ;*new {reexecute=0 rethrow=0 return_oop=0}
                      ; - java.net.URLClassLoader::defineClass@103
                      ; - java.net.URLClassLoader$1::run@43
                      ; - java.net.URLClassLoader$1::run@1
  0x000001e053a0a30c: f09f 46ff 

  0x000001e053a0a310: ;   {other}
  0x000001e053a0a310: 0f1f 8400 | 8088 00e3 | 488b ebba | f201 0000 

  0x000001e053a0a320: ;   {runtime_call UncommonTrapBlob}
  0x000001e053a0a320: c5f8 77e8 

  0x000001e053a0a324: ; ImmutableOopMap {rbp=Oop [32]=Oop [40]=NarrowOop [44]=NarrowOop [72]=NarrowOop [76]=NarrowOop [80]=Oop [104]=Oop [176]=Oop }
                      ;*new {reexecute=0 rethrow=0 return_oop=0}
                      ; - java.util.jar.JarFile::ensureInitialization@8
                      ; - java.util.jar.JavaUtilJarAccessImpl::ensureInitialization@1
                      ; - jdk.internal.loader.URLClassPath$JarLoader$2::getManifest@10
                      ; - java.net.URLClassLoader::defineClass@34
                      ; - java.net.URLClassLoader$1::run@43
                      ; - java.net.URLClassLoader$1::run@1
  0x000001e053a0a324: d89f 46ff 

  0x000001e053a0a328: ;   {other}
  0x000001e053a0a328: 0f1f 8400 | 9888 00e4 | 498b cb48 | 8d94 24e0 | 0000 004d | 8bc7 c5f8 | 7749 bab0 | d74d e0f8 
  0x000001e053a0a348: 7f00 0041 

  0x000001e053a0a34c: ;   {other}
  0x000001e053a0a34c: ffd2 0f1f | 8400 0000 | 0000 e9ad 

  0x000001e053a0a358: ;   {internal_word}
  0x000001e053a0a358: f9ff ff49 | ba4f 3ea0 | 53e0 0100 | 004d 8997 | 6804 0000 

  0x000001e053a0a36c: ;   {runtime_call SafepointBlob}
  0x000001e053a0a36c: e98f b046 

  0x000001e053a0a370: ;   {runtime_call StubRoutines (final stubs)}
  0x000001e053a0a370: ffe8 8a13 | 45ff e983 | 80ff fff4 | f4f4 f4f4 
[Stub Code]
  0x000001e053a0a380: ;   {no_reloc}
  0x000001e053a0a380: 48bb 0000 | 0000 0000 

  0x000001e053a0a388: ;   {runtime_call nmethod}
  0x000001e053a0a388: 0000 e9fb 

  0x000001e053a0a38c: ;   {static_stub}
  0x000001e053a0a38c: ffff ff48 | bb00 0000 | 0000 0000 

  0x000001e053a0a398: ;   {runtime_call nmethod}
  0x000001e053a0a398: 00e9 fbff 

  0x000001e053a0a39c: ;   {static_stub}
  0x000001e053a0a39c: ffff 48bb | 0000 0000 | 0000 0000 

  0x000001e053a0a3a8: ;   {runtime_call nmethod}
  0x000001e053a0a3a8: e9fb ffff 

  0x000001e053a0a3ac: ;   {static_stub}
  0x000001e053a0a3ac: ff48 bb00 | 0000 0000 

  0x000001e053a0a3b4: ;   {runtime_call nmethod}
  0x000001e053a0a3b4: 0000 00e9 | fbff ffff 

  0x000001e053a0a3bc: ;   {static_stub}
  0x000001e053a0a3bc: 48bb 0000 | 0000 0000 

  0x000001e053a0a3c4: ;   {runtime_call nmethod}
  0x000001e053a0a3c4: 0000 e9fb 

  0x000001e053a0a3c8: ;   {static_stub}
  0x000001e053a0a3c8: ffff ff48 | bb00 0000 | 0000 0000 

  0x000001e053a0a3d4: ;   {runtime_call nmethod}
  0x000001e053a0a3d4: 00e9 fbff 

  0x000001e053a0a3d8: ;   {static_stub}
  0x000001e053a0a3d8: ffff 48bb | 0000 0000 | 0000 0000 

  0x000001e053a0a3e4: ;   {runtime_call nmethod}
  0x000001e053a0a3e4: e9fb ffff 

  0x000001e053a0a3e8: ;   {static_stub}
  0x000001e053a0a3e8: ff48 bb00 | 0000 0000 

  0x000001e053a0a3f0: ;   {runtime_call nmethod}
  0x000001e053a0a3f0: 0000 00e9 | fbff ffff 

  0x000001e053a0a3f8: ;   {static_stub}
  0x000001e053a0a3f8: 48bb 0000 | 0000 0000 

  0x000001e053a0a400: ;   {runtime_call nmethod}
  0x000001e053a0a400: 0000 e9fb 

  0x000001e053a0a404: ;   {static_stub}
  0x000001e053a0a404: ffff ff48 | bb00 0000 | 0000 0000 

  0x000001e053a0a410: ;   {runtime_call nmethod}
  0x000001e053a0a410: 00e9 fbff 

  0x000001e053a0a414: ;   {static_stub}
  0x000001e053a0a414: ffff 48bb | 0000 0000 | 0000 0000 

  0x000001e053a0a420: ;   {runtime_call nmethod}
  0x000001e053a0a420: e9fb ffff 

  0x000001e053a0a424: ;   {static_stub}
  0x000001e053a0a424: ff48 bb00 | 0000 0000 

  0x000001e053a0a42c: ;   {runtime_call nmethod}
  0x000001e053a0a42c: 0000 00e9 | fbff ffff 

  0x000001e053a0a434: ;   {static_stub}
  0x000001e053a0a434: 48bb 0000 | 0000 0000 

  0x000001e053a0a43c: ;   {runtime_call nmethod}
  0x000001e053a0a43c: 0000 e9fb 

  0x000001e053a0a440: ;   {static_stub}
  0x000001e053a0a440: ffff ff48 | bb00 0000 | 0000 0000 

  0x000001e053a0a44c: ;   {runtime_call nmethod}
  0x000001e053a0a44c: 00e9 fbff 

  0x000001e053a0a450: ;   {static_stub}
  0x000001e053a0a450: ffff 48bb | 0000 0000 | 0000 0000 

  0x000001e053a0a45c: ;   {runtime_call nmethod}
  0x000001e053a0a45c: e9fb ffff 

  0x000001e053a0a460: ;   {static_stub}
  0x000001e053a0a460: ff48 bb00 | 0000 0000 

  0x000001e053a0a468: ;   {runtime_call nmethod}
  0x000001e053a0a468: 0000 00e9 | fbff ffff 

  0x000001e053a0a470: ;   {static_stub}
  0x000001e053a0a470: 48bb 0000 | 0000 0000 

  0x000001e053a0a478: ;   {runtime_call nmethod}
  0x000001e053a0a478: 0000 e9fb 

  0x000001e053a0a47c: ;   {static_stub}
  0x000001e053a0a47c: ffff ff48 | bb00 0000 | 0000 0000 

  0x000001e053a0a488: ;   {runtime_call nmethod}
  0x000001e053a0a488: 00e9 fbff 

  0x000001e053a0a48c: ;   {static_stub}
  0x000001e053a0a48c: ffff 48bb | 0000 0000 | 0000 0000 

  0x000001e053a0a498: ;   {runtime_call nmethod}
  0x000001e053a0a498: e9fb ffff 

  0x000001e053a0a49c: ;   {static_stub}
  0x000001e053a0a49c: ff48 bb00 | 0000 0000 

  0x000001e053a0a4a4: ;   {runtime_call nmethod}
  0x000001e053a0a4a4: 0000 00e9 | fbff ffff 

  0x000001e053a0a4ac: ;   {static_stub}
  0x000001e053a0a4ac: 48bb 0000 | 0000 0000 

  0x000001e053a0a4b4: ;   {runtime_call nmethod}
  0x000001e053a0a4b4: 0000 e9fb 

  0x000001e053a0a4b8: ;   {static_stub}
  0x000001e053a0a4b8: ffff ff48 | bb00 0000 | 0000 0000 

  0x000001e053a0a4c4: ;   {runtime_call nmethod}
  0x000001e053a0a4c4: 00e9 fbff 

  0x000001e053a0a4c8: ;   {static_stub}
  0x000001e053a0a4c8: ffff 48bb | 0000 0000 | 0000 0000 

  0x000001e053a0a4d4: ;   {runtime_call nmethod}
  0x000001e053a0a4d4: e9fb ffff 

  0x000001e053a0a4d8: ;   {static_stub}
  0x000001e053a0a4d8: ff48 bb00 | 0000 0000 

  0x000001e053a0a4e0: ;   {runtime_call nmethod}
  0x000001e053a0a4e0: 0000 00e9 | fbff ffff 

  0x000001e053a0a4e8: ;   {static_stub}
  0x000001e053a0a4e8: 48bb 0000 | 0000 0000 

  0x000001e053a0a4f0: ;   {runtime_call nmethod}
  0x000001e053a0a4f0: 0000 e9fb 

  0x000001e053a0a4f4: ;   {static_stub}
  0x000001e053a0a4f4: ffff ff48 | bb00 0000 | 0000 0000 

  0x000001e053a0a500: ;   {runtime_call nmethod}
  0x000001e053a0a500: 00e9 fbff 

  0x000001e053a0a504: ;   {static_stub}
  0x000001e053a0a504: ffff 48bb | 0000 0000 | 0000 0000 

  0x000001e053a0a510: ;   {runtime_call nmethod}
  0x000001e053a0a510: e9fb ffff 

  0x000001e053a0a514: ;   {static_stub}
  0x000001e053a0a514: ff48 bb00 | 0000 0000 

  0x000001e053a0a51c: ;   {runtime_call nmethod}
  0x000001e053a0a51c: 0000 00e9 | fbff ffff 

  0x000001e053a0a524: ;   {static_stub}
  0x000001e053a0a524: 48bb 58d2 | 5561 e001 

  0x000001e053a0a52c: ;   {runtime_call I2C/C2I adapters}
  0x000001e053a0a52c: 0000 e9a3 

  0x000001e053a0a530: ;   {static_stub}
  0x000001e053a0a530: 3946 ff48 | bbb8 c855 | 61e0 0100 

  0x000001e053a0a53c: ;   {runtime_call I2C/C2I adapters}
  0x000001e053a0a53c: 00e9 188f 

  0x000001e053a0a540: ;   {static_stub}
  0x000001e053a0a540: 46ff 48bb | 08d3 5561 | e001 0000 

  0x000001e053a0a54c: ;   {runtime_call I2C/C2I adapters}
  0x000001e053a0a54c: e909 8f46 

  0x000001e053a0a550: ;   {static_stub}
  0x000001e053a0a550: ff48 bb00 | 0000 0000 

  0x000001e053a0a558: ;   {runtime_call nmethod}
  0x000001e053a0a558: 0000 00e9 | fbff ffff 

  0x000001e053a0a560: ;   {static_stub}
  0x000001e053a0a560: 48bb 0000 | 0000 0000 

  0x000001e053a0a568: ;   {runtime_call nmethod}
  0x000001e053a0a568: 0000 e9fb 

  0x000001e053a0a56c: ;   {static_stub}
  0x000001e053a0a56c: ffff ff48 | bb00 0000 | 0000 0000 

  0x000001e053a0a578: ;   {runtime_call nmethod}
  0x000001e053a0a578: 00e9 fbff 

  0x000001e053a0a57c: ;   {static_stub}
  0x000001e053a0a57c: ffff 48bb | 0000 0000 | 0000 0000 

  0x000001e053a0a588: ;   {runtime_call nmethod}
  0x000001e053a0a588: e9fb ffff 

  0x000001e053a0a58c: ;   {static_stub}
  0x000001e053a0a58c: ff48 bb60 | ba5f 61e0 

  0x000001e053a0a594: ;   {runtime_call I2C/C2I adapters}
  0x000001e053a0a594: 0100 00e9 | be8e 46ff 

  0x000001e053a0a59c: ;   {static_stub}
  0x000001e053a0a59c: 48bb 0000 | 0000 0000 

  0x000001e053a0a5a4: ;   {runtime_call nmethod}
  0x000001e053a0a5a4: 0000 e9fb 

  0x000001e053a0a5a8: ;   {static_stub}
  0x000001e053a0a5a8: ffff ff48 | bb00 0000 | 0000 0000 

  0x000001e053a0a5b4: ;   {runtime_call nmethod}
  0x000001e053a0a5b4: 00e9 fbff 

  0x000001e053a0a5b8: ;   {static_stub}
  0x000001e053a0a5b8: ffff 48bb | 0000 0000 | 0000 0000 

  0x000001e053a0a5c4: ;   {runtime_call nmethod}
  0x000001e053a0a5c4: e9fb ffff 

  0x000001e053a0a5c8: ;   {static_stub}
  0x000001e053a0a5c8: ff48 bb00 | 0000 0000 

  0x000001e053a0a5d0: ;   {runtime_call nmethod}
  0x000001e053a0a5d0: 0000 00e9 | fbff ffff 

  0x000001e053a0a5d8: ;   {static_stub}
  0x000001e053a0a5d8: 48bb 0000 | 0000 0000 

  0x000001e053a0a5e0: ;   {runtime_call nmethod}
  0x000001e053a0a5e0: 0000 e9fb 

  0x000001e053a0a5e4: ;   {static_stub}
  0x000001e053a0a5e4: ffff ff48 | bb00 0000 | 0000 0000 

  0x000001e053a0a5f0: ;   {runtime_call nmethod}
  0x000001e053a0a5f0: 00e9 fbff 

  0x000001e053a0a5f4: ;   {static_stub}
  0x000001e053a0a5f4: ffff 48bb | 0000 0000 | 0000 0000 

  0x000001e053a0a600: ;   {runtime_call nmethod}
  0x000001e053a0a600: e9fb ffff 

  0x000001e053a0a604: ;   {static_stub}
  0x000001e053a0a604: ff48 bb00 | 0000 0000 

  0x000001e053a0a60c: ;   {runtime_call nmethod}
  0x000001e053a0a60c: 0000 00e9 | fbff ffff 

  0x000001e053a0a614: ;   {static_stub}
  0x000001e053a0a614: 48bb 0000 | 0000 0000 

  0x000001e053a0a61c: ;   {runtime_call nmethod}
  0x000001e053a0a61c: 0000 e9fb 

  0x000001e053a0a620: ;   {static_stub}
  0x000001e053a0a620: ffff ff48 | bb00 0000 | 0000 0000 

  0x000001e053a0a62c: ;   {runtime_call nmethod}
  0x000001e053a0a62c: 00e9 fbff 

  0x000001e053a0a630: ;   {static_stub}
  0x000001e053a0a630: ffff 48bb | 0000 0000 | 0000 0000 

  0x000001e053a0a63c: ;   {runtime_call nmethod}
  0x000001e053a0a63c: e9fb ffff 

  0x000001e053a0a640: ;   {runtime_call ExceptionBlob}
  0x000001e053a0a640: ffe9 3a13 | 52ff e800 | 0000 0048 | 832c 2405 

  0x000001e053a0a650: ;   {runtime_call DeoptimizationBlob}
  0x000001e053a0a650: e94b a046 | fff4 f4f4 
[/MachCode]


---------------  P R O C E S S  ---------------

Threads class SMR info:
_java_thread_list=0x000001e06f2a6e70, length=180, elements={
0x000001e04878dcc0, 0x000001e060483c30, 0x000001e060495050, 0x000001e0604956c0,
0x000001e060496210, 0x000001e0604b4c40, 0x000001e0604b92d0, 0x000001e0604c1950,
0x000001e0604dfd20, 0x000001e0604e13e0, 0x000001e0607ef660, 0x000001e066f04520,
0x000001e065d527d0, 0x000001e0652faca0, 0x000001e066fadcf0, 0x000001e06628d320,
0x000001e065fedc70, 0x000001e0665b20f0, 0x000001e0665b06b0, 0x000001e0665b0d40,
0x000001e0665b13d0, 0x000001e0665b34a0, 0x000001e0665b1a60, 0x000001e0665b2780,
0x000001e0652d6240, 0x000001e0652d68d0, 0x000001e0652d5bb0, 0x000001e0652d4e90,
0x000001e0652d4170, 0x000001e0652d6f60, 0x000001e0652d75f0, 0x000001e0652d7c80,
0x000001e0652d4800, 0x000001e0652d89a0, 0x000001e0652d8310, 0x000001e0652d5520,
0x000001e0652d9030, 0x000001e0652d96c0, 0x000001e0652db790, 0x000001e0652d9d50,
0x000001e0652da3e0, 0x000001e0652db100, 0x000001e066ca3880, 0x000001e066ca45a0,
0x000001e066ca17b0, 0x000001e066ca1e40, 0x000001e066ca1120, 0x000001e066ca31f0,
0x000001e066ca3f10, 0x000001e066ca24d0, 0x000001e066ca6670, 0x000001e066ca7390,
0x000001e066ca8740, 0x000001e066ca52c0, 0x000001e066ca5fe0, 0x000001e066ca7a20,
0x000001e066ca80b0, 0x000001e066ca6d00, 0x000001e066ca5950, 0x000001e067299460,
0x000001e06729a810, 0x000001e067299af0, 0x000001e0672980b0, 0x000001e06729a180,
0x000001e06729aea0, 0x000001e067297a20, 0x000001e06729b530, 0x000001e06729bbc0,
0x000001e067298740, 0x000001e067298dd0, 0x000001e06729c250, 0x000001e06729e320,
0x000001e06729c8e0, 0x000001e06729f040, 0x000001e068b57450, 0x000001e068b58170,
0x000001e068b58800, 0x000001e068b58e90, 0x000001e068b59520, 0x000001e068b59bb0,
0x000001e068b57ae0, 0x000001e068b56dc0, 0x000001e068b5a240, 0x000001e068a5da80,
0x000001e068a5e7a0, 0x000001e068a5e110, 0x000001e068a5cd60, 0x000001e068a5d3f0,
0x000001e068a5b320, 0x000001e068a5ee30, 0x000001e068a5b9b0, 0x000001e068a5f4c0,
0x000001e068a5c040, 0x000001e068a5c6d0, 0x000001e068a61590, 0x000001e068a601e0,
0x000001e068a5fb50, 0x000001e068a61c20, 0x000001e068a60870, 0x000001e068a60f00,
0x000001e068a622b0, 0x000001e068a62940, 0x000001e068a55ad0, 0x000001e068a567f0,
0x000001e068a54090, 0x000001e067d2e9c0, 0x000001e06f0f3c10, 0x000001e06f0f42a0,
0x000001e06f0f14b0, 0x000001e06f0f0e20, 0x000001e06f0f2ef0, 0x000001e06f0f2860,
0x000001e06f0f4930, 0x000001e06f0f3580, 0x000001e06f0f4fc0, 0x000001e06f0f1b40,
0x000001e06f0f8440, 0x000001e06f0f5650, 0x000001e06f0f5ce0, 0x000001e067d29b00,
0x000001e06a725cb0, 0x000001e06a726340, 0x000001e06a724900, 0x000001e06a72b890,
0x000001e06a72ab70, 0x000001e06a728410, 0x000001e06a7297c0, 0x000001e06a72b200,
0x000001e06a72bf20, 0x000001e06a729130, 0x000001e06a728aa0, 0x000001e06a72c5b0,
0x000001e06a72cc40, 0x000001e067d2d610, 0x000001e067d2a190, 0x000001e067d2fd70,
0x000001e067d30400, 0x000001e067d2dca0, 0x000001e067d2e330, 0x000001e067d2f050,
0x000001e067d2f6e0, 0x000001e06f0f21d0, 0x000001e06f0f7db0, 0x000001e06a733540,
0x000001e06a72a4e0, 0x000001e06a729e50, 0x000001e06a72fa30, 0x000001e06a730750,
0x000001e06a730de0, 0x000001e06a72e680, 0x000001e06a72d960, 0x000001e06a72f3a0,
0x000001e06a731470, 0x000001e06a72dff0, 0x000001e06a731b00, 0x000001e06a732190,
0x000001e06a72ed10, 0x000001e06a732820, 0x000001e06a732eb0, 0x000001e06a7300c0,
0x000001e06f434720, 0x000001e06f436e80, 0x000001e06f435440, 0x000001e06f437510,
0x000001e06f434db0, 0x000001e06f4367f0, 0x000001e06f434090, 0x000001e06f435ad0,
0x000001e06f437ba0, 0x000001e06f436160, 0x000001e06f43b6b0, 0x000001e06f438f50,
0x000001e06f43a300, 0x000001e06f4395e0, 0x000001e06f439c70, 0x000001e067d2a820,
0x000001e0711769b0, 0x000001e071179110, 0x000001e071175c90, 0x000001e0711776d0
}

Java Threads: ( => current thread )
  0x000001e04878dcc0 JavaThread "main"                              [_thread_blocked, id=17880, stack(0x0000005cc2600000,0x0000005cc2700000) (1024K)]
  0x000001e060483c30 JavaThread "Common-Cleaner"             daemon [_thread_blocked, id=30904, stack(0x0000005cc2e00000,0x0000005cc2f00000) (1024K)]
  0x000001e060495050 JavaThread "Reference Handler"          daemon [_thread_blocked, id=24584, stack(0x0000005cc2f00000,0x0000005cc3000000) (1024K)]
  0x000001e0604956c0 JavaThread "Finalizer"                  daemon [_thread_blocked, id=27532, stack(0x0000005cc3000000,0x0000005cc3100000) (1024K)]
  0x000001e060496210 JavaThread "Signal Dispatcher"          daemon [_thread_blocked, id=17904, stack(0x0000005cc3100000,0x0000005cc3200000) (1024K)]
  0x000001e0604b4c40 JavaThread "Attach Listener"            daemon [_thread_blocked, id=5560, stack(0x0000005cc3200000,0x0000005cc3300000) (1024K)]
  0x000001e0604b92d0 JavaThread "Service Thread"             daemon [_thread_blocked, id=30244, stack(0x0000005cc3300000,0x0000005cc3400000) (1024K)]
  0x000001e0604c1950 JavaThread "Monitor Deflation Thread"   daemon [_thread_blocked, id=32580, stack(0x0000005cc3400000,0x0000005cc3500000) (1024K)]
  0x000001e0604dfd20 JavaThread "C2 CompilerThread0"         daemon [_thread_blocked, id=23864, stack(0x0000005cc3500000,0x0000005cc3600000) (1024K)]
  0x000001e0604e13e0 JavaThread "C1 CompilerThread0"         daemon [_thread_blocked, id=33292, stack(0x0000005cc3600000,0x0000005cc3700000) (1024K)]
  0x000001e0607ef660 JavaThread "Notification Thread"        daemon [_thread_blocked, id=1136, stack(0x0000005cc3700000,0x0000005cc3800000) (1024K)]
  0x000001e066f04520 JavaThread "Daemon health stats"               [_thread_blocked, id=29524, stack(0x0000005cc4000000,0x0000005cc4100000) (1024K)]
  0x000001e065d527d0 JavaThread "Incoming local TCP Connector on port 56825"        [_thread_in_native, id=4956, stack(0x0000005cc4100000,0x0000005cc4200000) (1024K)]
  0x000001e0652faca0 JavaThread "Daemon periodic checks"            [_thread_blocked, id=12284, stack(0x0000005cc4200000,0x0000005cc4300000) (1024K)]
  0x000001e066fadcf0 JavaThread "Daemon"                            [_thread_blocked, id=13292, stack(0x0000005cc4300000,0x0000005cc4400000) (1024K)]
  0x000001e06628d320 JavaThread "Handler for socket connection from /127.0.0.1:56825 to /127.0.0.1:54040"        [_thread_in_native, id=1556, stack(0x0000005cc4400000,0x0000005cc4500000) (1024K)]
  0x000001e065fedc70 JavaThread "Cancel handler"                    [_thread_blocked, id=9348, stack(0x0000005cc4800000,0x0000005cc4900000) (1024K)]
=>0x000001e0665b20f0 JavaThread "Daemon worker"                     [_thread_in_vm, id=21100, stack(0x0000005cc4900000,0x0000005cc4a00000) (1024K)]
  0x000001e0665b06b0 JavaThread "Asynchronous log dispatcher for DefaultDaemonConnection: socket connection from /127.0.0.1:56825 to /127.0.0.1:54040"        [_thread_blocked, id=33384, stack(0x0000005cc4a00000,0x0000005cc4b00000) (1024K)]
  0x000001e0665b0d40 JavaThread "Stdin handler"                     [_thread_blocked, id=15664, stack(0x0000005cc4b00000,0x0000005cc4c00000) (1024K)]
  0x000001e0665b13d0 JavaThread "Daemon client event forwarder"        [_thread_blocked, id=28328, stack(0x0000005cc4c00000,0x0000005cc4d00000) (1024K)]
  0x000001e0665b34a0 JavaThread "Cache worker for journal cache (C:\Users\Apoorv Rathore\AndroidStudioProjects\.gradle\caches\journal-1)"        [_thread_blocked, id=26004, stack(0x0000005cc4d00000,0x0000005cc4e00000) (1024K)]
  0x000001e0665b1a60 JavaThread "File lock request listener"        [_thread_in_native, id=23972, stack(0x0000005cc4e00000,0x0000005cc4f00000) (1024K)]
  0x000001e0665b2780 JavaThread "Cache worker for file hash cache (C:\Users\Apoorv Rathore\AndroidStudioProjects\.gradle\caches\8.13\fileHashes)"        [_thread_blocked, id=9836, stack(0x0000005cc4f00000,0x0000005cc5000000) (1024K)]
  0x000001e0652d6240 JavaThread "Cache worker for file hash cache (C:\Users\Apoorv Rathore\MySanjeevni\.gradle\8.13\fileHashes)"        [_thread_blocked, id=31780, stack(0x0000005cc5100000,0x0000005cc5200000) (1024K)]
  0x000001e0652d68d0 JavaThread "Cache worker for Build Output Cleanup Cache (C:\Users\Apoorv Rathore\MySanjeevni\.gradle\buildOutputCleanup)"        [_thread_blocked, id=29976, stack(0x0000005cc5200000,0x0000005cc5300000) (1024K)]
  0x000001e0652d5bb0 JavaThread "File watcher server"        daemon [_thread_in_native, id=11252, stack(0x0000005cc5300000,0x0000005cc5400000) (1024K)]
  0x000001e0652d4e90 JavaThread "File watcher consumer"      daemon [_thread_blocked, id=32292, stack(0x0000005cc5400000,0x0000005cc5500000) (1024K)]
  0x000001e0652d4170 JavaThread "jar transforms"                    [_thread_blocked, id=25572, stack(0x0000005cc5500000,0x0000005cc5600000) (1024K)]
  0x000001e0652d6f60 JavaThread "jar transforms Thread 2"           [_thread_blocked, id=33540, stack(0x0000005cc5600000,0x0000005cc5700000) (1024K)]
  0x000001e0652d75f0 JavaThread "jar transforms Thread 3"           [_thread_blocked, id=26752, stack(0x0000005cc5700000,0x0000005cc5800000) (1024K)]
  0x000001e0652d7c80 JavaThread "jar transforms Thread 4"           [_thread_blocked, id=1848, stack(0x0000005cc5800000,0x0000005cc5900000) (1024K)]
  0x000001e0652d4800 JavaThread "jar transforms Thread 5"           [_thread_blocked, id=21520, stack(0x0000005cc5900000,0x0000005cc5a00000) (1024K)]
  0x000001e0652d89a0 JavaThread "jar transforms Thread 6"           [_thread_blocked, id=29232, stack(0x0000005cc5a00000,0x0000005cc5b00000) (1024K)]
  0x000001e0652d8310 JavaThread "jar transforms Thread 7"           [_thread_blocked, id=20564, stack(0x0000005cc5b00000,0x0000005cc5c00000) (1024K)]
  0x000001e0652d5520 JavaThread "jar transforms Thread 8"           [_thread_blocked, id=31764, stack(0x0000005cc5c00000,0x0000005cc5d00000) (1024K)]
  0x000001e0652d9030 JavaThread "jar transforms Thread 9"           [_thread_blocked, id=33756, stack(0x0000005cc5d00000,0x0000005cc5e00000) (1024K)]
  0x000001e0652d96c0 JavaThread "jar transforms Thread 10"          [_thread_blocked, id=22804, stack(0x0000005cc5e00000,0x0000005cc5f00000) (1024K)]
  0x000001e0652db790 JavaThread "jar transforms Thread 11"          [_thread_blocked, id=33456, stack(0x0000005cc5f00000,0x0000005cc6000000) (1024K)]
  0x000001e0652d9d50 JavaThread "jar transforms Thread 12"          [_thread_blocked, id=4748, stack(0x0000005cc6000000,0x0000005cc6100000) (1024K)]
  0x000001e0652da3e0 JavaThread "Cache worker for checksums cache (C:\Users\Apoorv Rathore\MySanjeevni\.gradle\8.13\checksums)"        [_thread_blocked, id=19424, stack(0x0000005cc2300000,0x0000005cc2400000) (1024K)]
  0x000001e0652db100 JavaThread "Cache worker for file content cache (C:\Users\Apoorv Rathore\AndroidStudioProjects\.gradle\caches\8.13\fileContent)"        [_thread_blocked, id=30852, stack(0x0000005cc2400000,0x0000005cc2500000) (1024K)]
  0x000001e066ca3880 JavaThread "Cache worker for cache directory md-supplier (C:\Users\Apoorv Rathore\AndroidStudioProjects\.gradle\caches\8.13\md-supplier)"        [_thread_blocked, id=3692, stack(0x0000005cc2500000,0x0000005cc2600000) (1024K)]
  0x000001e066ca45a0 JavaThread "Cache worker for cache directory md-rule (C:\Users\Apoorv Rathore\AndroidStudioProjects\.gradle\caches\8.13\md-rule)"        [_thread_blocked, id=16860, stack(0x0000005cc6100000,0x0000005cc6200000) (1024K)]
  0x000001e066ca17b0 JavaThread "Unconstrained build operations"        [_thread_blocked, id=32932, stack(0x0000005cc6200000,0x0000005cc6300000) (1024K)]
  0x000001e066ca1e40 JavaThread "Unconstrained build operations Thread 2"        [_thread_blocked, id=4124, stack(0x0000005cc6300000,0x0000005cc6400000) (1024K)]
  0x000001e066ca1120 JavaThread "Unconstrained build operations Thread 3"        [_thread_blocked, id=17400, stack(0x0000005cc6400000,0x0000005cc6500000) (1024K)]
  0x000001e066ca31f0 JavaThread "Unconstrained build operations Thread 4"        [_thread_blocked, id=23572, stack(0x0000005cc6500000,0x0000005cc6600000) (1024K)]
  0x000001e066ca3f10 JavaThread "Unconstrained build operations Thread 5"        [_thread_blocked, id=23328, stack(0x0000005cc6600000,0x0000005cc6700000) (1024K)]
  0x000001e066ca24d0 JavaThread "Unconstrained build operations Thread 6"        [_thread_blocked, id=3400, stack(0x0000005cc6700000,0x0000005cc6800000) (1024K)]
  0x000001e066ca6670 JavaThread "Unconstrained build operations Thread 7"        [_thread_blocked, id=31560, stack(0x0000005cc6800000,0x0000005cc6900000) (1024K)]
  0x000001e066ca7390 JavaThread "Unconstrained build operations Thread 8"        [_thread_blocked, id=29440, stack(0x0000005cc6900000,0x0000005cc6a00000) (1024K)]
  0x000001e066ca8740 JavaThread "Unconstrained build operations Thread 9"        [_thread_blocked, id=9684, stack(0x0000005cc6a00000,0x0000005cc6b00000) (1024K)]
  0x000001e066ca52c0 JavaThread "Unconstrained build operations Thread 10"        [_thread_blocked, id=22428, stack(0x0000005cc6b00000,0x0000005cc6c00000) (1024K)]
  0x000001e066ca5fe0 JavaThread "Unconstrained build operations Thread 11"        [_thread_blocked, id=14760, stack(0x0000005cc6c00000,0x0000005cc6d00000) (1024K)]
  0x000001e066ca7a20 JavaThread "Unconstrained build operations Thread 12"        [_thread_blocked, id=33612, stack(0x0000005cc6d00000,0x0000005cc6e00000) (1024K)]
  0x000001e066ca80b0 JavaThread "Unconstrained build operations Thread 13"        [_thread_blocked, id=1856, stack(0x0000005cc6e00000,0x0000005cc6f00000) (1024K)]
  0x000001e066ca6d00 JavaThread "Unconstrained build operations Thread 14"        [_thread_blocked, id=32972, stack(0x0000005cc6f00000,0x0000005cc7000000) (1024K)]
  0x000001e066ca5950 JavaThread "Unconstrained build operations Thread 15"        [_thread_blocked, id=31800, stack(0x0000005cc7000000,0x0000005cc7100000) (1024K)]
  0x000001e067299460 JavaThread "Unconstrained build operations Thread 16"        [_thread_blocked, id=10292, stack(0x0000005cc7100000,0x0000005cc7200000) (1024K)]
  0x000001e06729a810 JavaThread "Unconstrained build operations Thread 17"        [_thread_blocked, id=30044, stack(0x0000005cc7200000,0x0000005cc7300000) (1024K)]
  0x000001e067299af0 JavaThread "Unconstrained build operations Thread 18"        [_thread_blocked, id=9612, stack(0x0000005cc7300000,0x0000005cc7400000) (1024K)]
  0x000001e0672980b0 JavaThread "Unconstrained build operations Thread 19"        [_thread_blocked, id=34160, stack(0x0000005cc7400000,0x0000005cc7500000) (1024K)]
  0x000001e06729a180 JavaThread "Unconstrained build operations Thread 20"        [_thread_blocked, id=10328, stack(0x0000005cc7500000,0x0000005cc7600000) (1024K)]
  0x000001e06729aea0 JavaThread "Unconstrained build operations Thread 21"        [_thread_blocked, id=4884, stack(0x0000005cc7600000,0x0000005cc7700000) (1024K)]
  0x000001e067297a20 JavaThread "Unconstrained build operations Thread 22"        [_thread_blocked, id=23844, stack(0x0000005cc7700000,0x0000005cc7800000) (1024K)]
  0x000001e06729b530 JavaThread "Unconstrained build operations Thread 23"        [_thread_blocked, id=26452, stack(0x0000005cc7800000,0x0000005cc7900000) (1024K)]
  0x000001e06729bbc0 JavaThread "Unconstrained build operations Thread 24"        [_thread_blocked, id=26900, stack(0x0000005cc7900000,0x0000005cc7a00000) (1024K)]
  0x000001e067298740 JavaThread "Unconstrained build operations Thread 25"        [_thread_blocked, id=33908, stack(0x0000005cc7a00000,0x0000005cc7b00000) (1024K)]
  0x000001e067298dd0 JavaThread "Unconstrained build operations Thread 26"        [_thread_blocked, id=1512, stack(0x0000005cc7b00000,0x0000005cc7c00000) (1024K)]
  0x000001e06729c250 JavaThread "Unconstrained build operations Thread 27"        [_thread_blocked, id=7448, stack(0x0000005cc7c00000,0x0000005cc7d00000) (1024K)]
  0x000001e06729e320 JavaThread "Unconstrained build operations Thread 28"        [_thread_blocked, id=32940, stack(0x0000005cc7d00000,0x0000005cc7e00000) (1024K)]
  0x000001e06729c8e0 JavaThread "Unconstrained build operations Thread 29"        [_thread_blocked, id=20764, stack(0x0000005cc7e00000,0x0000005cc7f00000) (1024K)]
  0x000001e06729f040 JavaThread "Unconstrained build operations Thread 30"        [_thread_blocked, id=28536, stack(0x0000005cc7f00000,0x0000005cc8000000) (1024K)]
  0x000001e068b57450 JavaThread "Unconstrained build operations Thread 31"        [_thread_blocked, id=31732, stack(0x0000005cc8000000,0x0000005cc8100000) (1024K)]
  0x000001e068b58170 JavaThread "Unconstrained build operations Thread 32"        [_thread_blocked, id=12320, stack(0x0000005cc8100000,0x0000005cc8200000) (1024K)]
  0x000001e068b58800 JavaThread "Unconstrained build operations Thread 33"        [_thread_blocked, id=30704, stack(0x0000005cc8200000,0x0000005cc8300000) (1024K)]
  0x000001e068b58e90 JavaThread "Unconstrained build operations Thread 34"        [_thread_blocked, id=34996, stack(0x0000005cc8300000,0x0000005cc8400000) (1024K)]
  0x000001e068b59520 JavaThread "Unconstrained build operations Thread 35"        [_thread_blocked, id=29448, stack(0x0000005cc8400000,0x0000005cc8500000) (1024K)]
  0x000001e068b59bb0 JavaThread "Unconstrained build operations Thread 36"        [_thread_blocked, id=9420, stack(0x0000005cc8500000,0x0000005cc8600000) (1024K)]
  0x000001e068b57ae0 JavaThread "Unconstrained build operations Thread 37"        [_thread_blocked, id=10860, stack(0x0000005cc8600000,0x0000005cc8700000) (1024K)]
  0x000001e068b56dc0 JavaThread "Unconstrained build operations Thread 38"        [_thread_blocked, id=5944, stack(0x0000005cc8700000,0x0000005cc8800000) (1024K)]
  0x000001e068b5a240 JavaThread "Unconstrained build operations Thread 39"        [_thread_blocked, id=1576, stack(0x0000005cc8800000,0x0000005cc8900000) (1024K)]
  0x000001e068a5da80 JavaThread "Unconstrained build operations Thread 40"        [_thread_blocked, id=29960, stack(0x0000005cc8900000,0x0000005cc8a00000) (1024K)]
  0x000001e068a5e7a0 JavaThread "Unconstrained build operations Thread 41"        [_thread_blocked, id=18724, stack(0x0000005cc8a00000,0x0000005cc8b00000) (1024K)]
  0x000001e068a5e110 JavaThread "Unconstrained build operations Thread 42"        [_thread_blocked, id=33692, stack(0x0000005cc8b00000,0x0000005cc8c00000) (1024K)]
  0x000001e068a5cd60 JavaThread "Unconstrained build operations Thread 43"        [_thread_blocked, id=29468, stack(0x0000005cc8c00000,0x0000005cc8d00000) (1024K)]
  0x000001e068a5d3f0 JavaThread "Unconstrained build operations Thread 44"        [_thread_blocked, id=31788, stack(0x0000005cc8d00000,0x0000005cc8e00000) (1024K)]
  0x000001e068a5b320 JavaThread "Unconstrained build operations Thread 45"        [_thread_blocked, id=34044, stack(0x0000005cc8e00000,0x0000005cc8f00000) (1024K)]
  0x000001e068a5ee30 JavaThread "Unconstrained build operations Thread 46"        [_thread_blocked, id=10808, stack(0x0000005cc8f00000,0x0000005cc9000000) (1024K)]
  0x000001e068a5b9b0 JavaThread "Unconstrained build operations Thread 47"        [_thread_blocked, id=15188, stack(0x0000005cc9000000,0x0000005cc9100000) (1024K)]
  0x000001e068a5f4c0 JavaThread "Unconstrained build operations Thread 48"        [_thread_blocked, id=9860, stack(0x0000005cc9100000,0x0000005cc9200000) (1024K)]
  0x000001e068a5c040 JavaThread "Unconstrained build operations Thread 49"        [_thread_blocked, id=11324, stack(0x0000005cc9200000,0x0000005cc9300000) (1024K)]
  0x000001e068a5c6d0 JavaThread "Unconstrained build operations Thread 50"        [_thread_blocked, id=33392, stack(0x0000005cc9300000,0x0000005cc9400000) (1024K)]
  0x000001e068a61590 JavaThread "Unconstrained build operations Thread 51"        [_thread_blocked, id=33924, stack(0x0000005cc9400000,0x0000005cc9500000) (1024K)]
  0x000001e068a601e0 JavaThread "Unconstrained build operations Thread 52"        [_thread_blocked, id=28652, stack(0x0000005cc9500000,0x0000005cc9600000) (1024K)]
  0x000001e068a5fb50 JavaThread "Unconstrained build operations Thread 53"        [_thread_blocked, id=25936, stack(0x0000005cc9600000,0x0000005cc9700000) (1024K)]
  0x000001e068a61c20 JavaThread "Unconstrained build operations Thread 54"        [_thread_blocked, id=36712, stack(0x0000005cc9700000,0x0000005cc9800000) (1024K)]
  0x000001e068a60870 JavaThread "Unconstrained build operations Thread 55"        [_thread_blocked, id=7900, stack(0x0000005cc9800000,0x0000005cc9900000) (1024K)]
  0x000001e068a60f00 JavaThread "Unconstrained build operations Thread 56"        [_thread_blocked, id=20212, stack(0x0000005cc9900000,0x0000005cc9a00000) (1024K)]
  0x000001e068a622b0 JavaThread "Unconstrained build operations Thread 57"        [_thread_blocked, id=3840, stack(0x0000005cc9a00000,0x0000005cc9b00000) (1024K)]
  0x000001e068a62940 JavaThread "Unconstrained build operations Thread 58"        [_thread_blocked, id=13740, stack(0x0000005cc9b00000,0x0000005cc9c00000) (1024K)]
  0x000001e068a55ad0 JavaThread "Unconstrained build operations Thread 59"        [_thread_blocked, id=28292, stack(0x0000005cc9c00000,0x0000005cc9d00000) (1024K)]
  0x000001e068a567f0 JavaThread "Memory manager"                    [_thread_blocked, id=25772, stack(0x0000005cc9d00000,0x0000005cc9e00000) (1024K)]
  0x000001e068a54090 JavaThread "build event listener"              [_thread_blocked, id=26468, stack(0x0000005cc9e00000,0x0000005cc9f00000) (1024K)]
  0x000001e067d2e9c0 JavaThread "pool-3-thread-1"                   [_thread_blocked, id=16964, stack(0x0000005cc9f00000,0x0000005cca000000) (1024K)]
  0x000001e06f0f3c10 JavaThread "Execution worker"                  [_thread_blocked, id=35636, stack(0x0000005cca100000,0x0000005cca200000) (1024K)]
  0x000001e06f0f42a0 JavaThread "Execution worker Thread 2"         [_thread_blocked, id=21884, stack(0x0000005cca200000,0x0000005cca300000) (1024K)]
  0x000001e06f0f14b0 JavaThread "Execution worker Thread 3"         [_thread_blocked, id=22612, stack(0x0000005cca300000,0x0000005cca400000) (1024K)]
  0x000001e06f0f0e20 JavaThread "Execution worker Thread 4"         [_thread_blocked, id=34892, stack(0x0000005cca400000,0x0000005cca500000) (1024K)]
  0x000001e06f0f2ef0 JavaThread "Execution worker Thread 5"         [_thread_blocked, id=11932, stack(0x0000005cca500000,0x0000005cca600000) (1024K)]
  0x000001e06f0f2860 JavaThread "Execution worker Thread 6"         [_thread_blocked, id=14976, stack(0x0000005cca600000,0x0000005cca700000) (1024K)]
  0x000001e06f0f4930 JavaThread "Execution worker Thread 7"         [_thread_blocked, id=33500, stack(0x0000005cca700000,0x0000005cca800000) (1024K)]
  0x000001e06f0f3580 JavaThread "Execution worker Thread 8"         [_thread_blocked, id=14848, stack(0x0000005cca800000,0x0000005cca900000) (1024K)]
  0x000001e06f0f4fc0 JavaThread "Execution worker Thread 9"         [_thread_blocked, id=14564, stack(0x0000005cca900000,0x0000005ccaa00000) (1024K)]
  0x000001e06f0f1b40 JavaThread "Execution worker Thread 10"        [_thread_blocked, id=25416, stack(0x0000005ccaa00000,0x0000005ccab00000) (1024K)]
  0x000001e06f0f8440 JavaThread "Execution worker Thread 11"        [_thread_blocked, id=24412, stack(0x0000005ccab00000,0x0000005ccac00000) (1024K)]
  0x000001e06f0f5650 JavaThread "Cache worker for execution history cache (C:\Users\Apoorv Rathore\MySanjeevni\.gradle\8.13\executionHistory)"        [_thread_blocked, id=34508, stack(0x0000005ccac00000,0x0000005ccad00000) (1024K)]
  0x000001e06f0f5ce0 JavaThread "idea-tooling-model-converter"        [_thread_blocked, id=4908, stack(0x0000005ccad00000,0x0000005ccae00000) (1024K)]
  0x000001e067d29b00 JavaThread "Unconstrained build operations Thread 60"        [_thread_blocked, id=17080, stack(0x0000005ccaf00000,0x0000005ccb000000) (1024K)]
  0x000001e06a725cb0 JavaThread "Unconstrained build operations Thread 61"        [_thread_blocked, id=28260, stack(0x0000005cca000000,0x0000005cca100000) (1024K)]
  0x000001e06a726340 JavaThread "Unconstrained build operations Thread 62"        [_thread_blocked, id=37824, stack(0x0000005ccae00000,0x0000005ccaf00000) (1024K)]
  0x000001e06a724900 JavaThread "Unconstrained build operations Thread 63"        [_thread_blocked, id=27920, stack(0x0000005ccb000000,0x0000005ccb100000) (1024K)]
  0x000001e06a72b890 JavaThread "Unconstrained build operations Thread 64"        [_thread_blocked, id=13068, stack(0x0000005ccb100000,0x0000005ccb200000) (1024K)]
  0x000001e06a72ab70 JavaThread "Unconstrained build operations Thread 65"        [_thread_blocked, id=29992, stack(0x0000005ccb200000,0x0000005ccb300000) (1024K)]
  0x000001e06a728410 JavaThread "Unconstrained build operations Thread 66"        [_thread_blocked, id=16276, stack(0x0000005ccb300000,0x0000005ccb400000) (1024K)]
  0x000001e06a7297c0 JavaThread "Unconstrained build operations Thread 67"        [_thread_blocked, id=35220, stack(0x0000005ccb400000,0x0000005ccb500000) (1024K)]
  0x000001e06a72b200 JavaThread "Unconstrained build operations Thread 68"        [_thread_blocked, id=36104, stack(0x0000005ccb500000,0x0000005ccb600000) (1024K)]
  0x000001e06a72bf20 JavaThread "Unconstrained build operations Thread 69"        [_thread_blocked, id=25732, stack(0x0000005ccb600000,0x0000005ccb700000) (1024K)]
  0x000001e06a729130 JavaThread "Unconstrained build operations Thread 70"        [_thread_blocked, id=1124, stack(0x0000005ccb700000,0x0000005ccb800000) (1024K)]
  0x000001e06a728aa0 JavaThread "Unconstrained build operations Thread 71"        [_thread_blocked, id=24932, stack(0x0000005ccb800000,0x0000005ccb900000) (1024K)]
  0x000001e06a72c5b0 JavaThread "Unconstrained build operations Thread 72"        [_thread_blocked, id=23112, stack(0x0000005ccb900000,0x0000005ccba00000) (1024K)]
  0x000001e06a72cc40 JavaThread "Unconstrained build operations Thread 73"        [_thread_blocked, id=15328, stack(0x0000005ccba00000,0x0000005ccbb00000) (1024K)]
  0x000001e067d2d610 JavaThread "Unconstrained build operations Thread 74"        [_thread_blocked, id=36612, stack(0x0000005ccbb00000,0x0000005ccbc00000) (1024K)]
  0x000001e067d2a190 JavaThread "Unconstrained build operations Thread 75"        [_thread_blocked, id=32308, stack(0x0000005ccbc00000,0x0000005ccbd00000) (1024K)]
  0x000001e067d2fd70 JavaThread "Unconstrained build operations Thread 76"        [_thread_blocked, id=12648, stack(0x0000005ccbd00000,0x0000005ccbe00000) (1024K)]
  0x000001e067d30400 JavaThread "Unconstrained build operations Thread 77"        [_thread_blocked, id=20732, stack(0x0000005ccbe00000,0x0000005ccbf00000) (1024K)]
  0x000001e067d2dca0 JavaThread "Unconstrained build operations Thread 78"        [_thread_blocked, id=12404, stack(0x0000005ccbf00000,0x0000005ccc000000) (1024K)]
  0x000001e067d2e330 JavaThread "Unconstrained build operations Thread 79"        [_thread_blocked, id=16324, stack(0x0000005ccc000000,0x0000005ccc100000) (1024K)]
  0x000001e067d2f050 JavaThread "Unconstrained build operations Thread 80"        [_thread_blocked, id=2068, stack(0x0000005ccc100000,0x0000005ccc200000) (1024K)]
  0x000001e067d2f6e0 JavaThread "Unconstrained build operations Thread 81"        [_thread_blocked, id=30536, stack(0x0000005ccc200000,0x0000005ccc300000) (1024K)]
  0x000001e06f0f21d0 JavaThread "Unconstrained build operations Thread 82"        [_thread_blocked, id=37760, stack(0x0000005ccc300000,0x0000005ccc400000) (1024K)]
  0x000001e06f0f7db0 JavaThread "Unconstrained build operations Thread 83"        [_thread_blocked, id=25304, stack(0x0000005ccc400000,0x0000005ccc500000) (1024K)]
  0x000001e06a733540 JavaThread "Unconstrained build operations Thread 84"        [_thread_blocked, id=37288, stack(0x0000005ccc500000,0x0000005ccc600000) (1024K)]
  0x000001e06a72a4e0 JavaThread "Unconstrained build operations Thread 85"        [_thread_blocked, id=37248, stack(0x0000005ccc600000,0x0000005ccc700000) (1024K)]
  0x000001e06a729e50 JavaThread "Unconstrained build operations Thread 86"        [_thread_blocked, id=1348, stack(0x0000005ccc700000,0x0000005ccc800000) (1024K)]
  0x000001e06a72fa30 JavaThread "Unconstrained build operations Thread 87"        [_thread_blocked, id=27060, stack(0x0000005ccc800000,0x0000005ccc900000) (1024K)]
  0x000001e06a730750 JavaThread "Unconstrained build operations Thread 88"        [_thread_blocked, id=23928, stack(0x0000005ccc900000,0x0000005ccca00000) (1024K)]
  0x000001e06a730de0 JavaThread "Unconstrained build operations Thread 89"        [_thread_blocked, id=35140, stack(0x0000005ccca00000,0x0000005cccb00000) (1024K)]
  0x000001e06a72e680 JavaThread "Unconstrained build operations Thread 90"        [_thread_blocked, id=33060, stack(0x0000005cccb00000,0x0000005cccc00000) (1024K)]
  0x000001e06a72d960 JavaThread "Unconstrained build operations Thread 91"        [_thread_blocked, id=37268, stack(0x0000005cccc00000,0x0000005cccd00000) (1024K)]
  0x000001e06a72f3a0 JavaThread "Unconstrained build operations Thread 92"        [_thread_blocked, id=37384, stack(0x0000005cccd00000,0x0000005ccce00000) (1024K)]
  0x000001e06a731470 JavaThread "Unconstrained build operations Thread 93"        [_thread_blocked, id=37344, stack(0x0000005ccce00000,0x0000005cccf00000) (1024K)]
  0x000001e06a72dff0 JavaThread "Unconstrained build operations Thread 94"        [_thread_blocked, id=37404, stack(0x0000005cccf00000,0x0000005ccd000000) (1024K)]
  0x000001e06a731b00 JavaThread "Unconstrained build operations Thread 95"        [_thread_blocked, id=37008, stack(0x0000005ccd000000,0x0000005ccd100000) (1024K)]
  0x000001e06a732190 JavaThread "Unconstrained build operations Thread 96"        [_thread_blocked, id=33720, stack(0x0000005ccd100000,0x0000005ccd200000) (1024K)]
  0x000001e06a72ed10 JavaThread "Unconstrained build operations Thread 97"        [_thread_blocked, id=37380, stack(0x0000005ccd200000,0x0000005ccd300000) (1024K)]
  0x000001e06a732820 JavaThread "Unconstrained build operations Thread 98"        [_thread_blocked, id=37508, stack(0x0000005ccd300000,0x0000005ccd400000) (1024K)]
  0x000001e06a732eb0 JavaThread "Unconstrained build operations Thread 99"        [_thread_blocked, id=29336, stack(0x0000005ccd400000,0x0000005ccd500000) (1024K)]
  0x000001e06a7300c0 JavaThread "Unconstrained build operations Thread 100"        [_thread_blocked, id=10900, stack(0x0000005ccd500000,0x0000005ccd600000) (1024K)]
  0x000001e06f434720 JavaThread "Unconstrained build operations Thread 101"        [_thread_blocked, id=15780, stack(0x0000005ccd600000,0x0000005ccd700000) (1024K)]
  0x000001e06f436e80 JavaThread "Unconstrained build operations Thread 102"        [_thread_blocked, id=15584, stack(0x0000005ccd700000,0x0000005ccd800000) (1024K)]
  0x000001e06f435440 JavaThread "Unconstrained build operations Thread 103"        [_thread_blocked, id=9456, stack(0x0000005ccd800000,0x0000005ccd900000) (1024K)]
  0x000001e06f437510 JavaThread "Unconstrained build operations Thread 104"        [_thread_blocked, id=22064, stack(0x0000005ccd900000,0x0000005ccda00000) (1024K)]
  0x000001e06f434db0 JavaThread "Unconstrained build operations Thread 105"        [_thread_blocked, id=2448, stack(0x0000005ccda00000,0x0000005ccdb00000) (1024K)]
  0x000001e06f4367f0 JavaThread "Unconstrained build operations Thread 106"        [_thread_blocked, id=34688, stack(0x0000005ccdb00000,0x0000005ccdc00000) (1024K)]
  0x000001e06f434090 JavaThread "Unconstrained build operations Thread 107"        [_thread_blocked, id=6488, stack(0x0000005ccdc00000,0x0000005ccdd00000) (1024K)]
  0x000001e06f435ad0 JavaThread "Unconstrained build operations Thread 108"        [_thread_blocked, id=37540, stack(0x0000005ccdd00000,0x0000005ccde00000) (1024K)]
  0x000001e06f437ba0 JavaThread "Unconstrained build operations Thread 109"        [_thread_blocked, id=37572, stack(0x0000005ccde00000,0x0000005ccdf00000) (1024K)]
  0x000001e06f436160 JavaThread "Unconstrained build operations Thread 110"        [_thread_blocked, id=27168, stack(0x0000005ccdf00000,0x0000005cce000000) (1024K)]
  0x000001e06f43b6b0 JavaThread "Unconstrained build operations Thread 111"        [_thread_blocked, id=4424, stack(0x0000005cce000000,0x0000005cce100000) (1024K)]
  0x000001e06f438f50 JavaThread "Unconstrained build operations Thread 112"        [_thread_blocked, id=13476, stack(0x0000005cce100000,0x0000005cce200000) (1024K)]
  0x000001e06f43a300 JavaThread "Unconstrained build operations Thread 113"        [_thread_blocked, id=23232, stack(0x0000005cce200000,0x0000005cce300000) (1024K)]
  0x000001e06f4395e0 JavaThread "Unconstrained build operations Thread 114"        [_thread_blocked, id=27652, stack(0x0000005cce300000,0x0000005cce400000) (1024K)]
  0x000001e06f439c70 JavaThread "Unconstrained build operations Thread 115"        [_thread_blocked, id=36296, stack(0x0000005cce400000,0x0000005cce500000) (1024K)]
  0x000001e067d2a820 JavaThread "Unconstrained build operations Thread 116"        [_thread_blocked, id=16412, stack(0x0000005cce500000,0x0000005cce600000) (1024K)]
  0x000001e0711769b0 JavaThread "Unconstrained build operations Thread 117"        [_thread_blocked, id=8868, stack(0x0000005cce600000,0x0000005cce700000) (1024K)]
  0x000001e071179110 JavaThread "Unconstrained build operations Thread 118"        [_thread_blocked, id=9864, stack(0x0000005cce700000,0x0000005cce800000) (1024K)]
  0x000001e071175c90 JavaThread "Unconstrained build operations Thread 119"        [_thread_blocked, id=32652, stack(0x0000005cce800000,0x0000005cce900000) (1024K)]
  0x000001e0711776d0 JavaThread "Unconstrained build operations Thread 120"        [_thread_blocked, id=14748, stack(0x0000005cce900000,0x0000005ccea00000) (1024K)]
Total: 180

Other Threads:
  0x000001e0602c9d40 VMThread "VM Thread"                           [id=30360, stack(0x0000005cc2d00000,0x0000005cc2e00000) (1024K)]
  0x000001e060287460 WatcherThread "VM Periodic Task Thread"        [id=10004, stack(0x0000005cc2c00000,0x0000005cc2d00000) (1024K)]
  0x000001e0487e5980 WorkerThread "GC Thread#0"                     [id=24792, stack(0x0000005cc2700000,0x0000005cc2800000) (1024K)]
  0x000001e065258a80 WorkerThread "GC Thread#1"                     [id=17524, stack(0x0000005cc3800000,0x0000005cc3900000) (1024K)]
  0x000001e065109120 WorkerThread "GC Thread#2"                     [id=25376, stack(0x0000005cc3900000,0x0000005cc3a00000) (1024K)]
  0x000001e0659248d0 WorkerThread "GC Thread#3"                     [id=9848, stack(0x0000005cc3a00000,0x0000005cc3b00000) (1024K)]
  0x000001e065ad9350 WorkerThread "GC Thread#4"                     [id=28056, stack(0x0000005cc3b00000,0x0000005cc3c00000) (1024K)]
  0x000001e0663e08c0 WorkerThread "GC Thread#5"                     [id=7396, stack(0x0000005cc3c00000,0x0000005cc3d00000) (1024K)]
  0x000001e0663e0c70 WorkerThread "GC Thread#6"                     [id=14988, stack(0x0000005cc3d00000,0x0000005cc3e00000) (1024K)]
  0x000001e0663e1020 WorkerThread "GC Thread#7"                     [id=24236, stack(0x0000005cc3e00000,0x0000005cc3f00000) (1024K)]
  0x000001e0663e13d0 WorkerThread "GC Thread#8"                     [id=15504, stack(0x0000005cc3f00000,0x0000005cc4000000) (1024K)]
  0x000001e065cdc6e0 WorkerThread "GC Thread#9"                     [id=26060, stack(0x0000005cc4500000,0x0000005cc4600000) (1024K)]
  0x000001e0487f6880 ConcurrentGCThread "G1 Main Marker"            [id=36524, stack(0x0000005cc2800000,0x0000005cc2900000) (1024K)]
  0x000001e0487f90f0 WorkerThread "G1 Conc#0"                       [id=19500, stack(0x0000005cc2900000,0x0000005cc2a00000) (1024K)]
  0x000001e065cdad10 WorkerThread "G1 Conc#1"                       [id=10836, stack(0x0000005cc4600000,0x0000005cc4700000) (1024K)]
  0x000001e065cdb820 WorkerThread "G1 Conc#2"                       [id=27416, stack(0x0000005cc4700000,0x0000005cc4800000) (1024K)]
  0x000001e0601585c0 ConcurrentGCThread "G1 Refine#0"               [id=14832, stack(0x0000005cc2a00000,0x0000005cc2b00000) (1024K)]
  0x000001e060158df0 ConcurrentGCThread "G1 Service"                [id=9868, stack(0x0000005cc2b00000,0x0000005cc2c00000) (1024K)]
Total: 18

Threads with active compile tasks:
Total: 0

VM state: not at safepoint (normal execution)

VM Mutex/Monitor currently owned by a thread:  ([mutex/lock_event])
[0x00007ff8e09564d0] Metaspace_lock - owner thread: 0x000001e0665b20f0

Heap address: 0x0000000080000000, size: 2048 MB, Compressed Oops mode: 32-bit

CDS archive(s) not mapped
Compressed class space mapped at: 0x0000000100000000-0x0000000140000000, reserved size: 1073741824
Narrow klass base: 0x0000000000000000, Narrow klass shift: 3, Narrow klass range: 0x140000000

GC Precious Log:
 CardTable entry size: 512
 Card Set container configuration: InlinePtr #cards 5 size 8 Array Of Cards #cards 12 size 40 Howl #buckets 4 coarsen threshold 1843 Howl Bitmap #cards 512 size 80 coarsen threshold 460 Card regions per heap region 1 cards per card region 2048
 CPUs: 12 total, 12 available
 Memory: 7563M
 Large Page Support: Disabled
 NUMA Support: Disabled
 Compressed Oops: Enabled (32-bit)
 Heap Region Size: 1M
 Heap Min Capacity: 8M
 Heap Initial Capacity: 120M
 Heap Max Capacity: 2G
 Pre-touch: Disabled
 Parallel Workers: 10
 Concurrent Workers: 3
 Concurrent Refinement Workers: 10
 Periodic GC: Disabled

Heap:
 garbage-first heap   total 587776K, used 419629K [0x0000000080000000, 0x0000000100000000)
  region size 1024K, 242 young (247808K), 4 survivors (4096K)
 Metaspace       used 146061K, committed 148352K, reserved 1179648K
  class space    used 19954K, committed 21056K, reserved 1048576K

Heap Regions: E=young(eden), S=young(survivor), O=old, HS=humongous(starts), HC=humongous(continues), CS=collection set, F=free, TAMS=top-at-mark-start, PB=parsable bottom
|   0|0x0000000080000000, 0x0000000080100000, 0x0000000080100000|100%|HS|  |TAMS 0x0000000080000000| PB 0x0000000080000000| Complete 
|   1|0x0000000080100000, 0x0000000080200000, 0x0000000080200000|100%|HC|  |TAMS 0x0000000080100000| PB 0x0000000080100000| Complete 
|   2|0x0000000080200000, 0x0000000080300000, 0x0000000080300000|100%|HC|  |TAMS 0x0000000080200000| PB 0x0000000080200000| Complete 
|   3|0x0000000080300000, 0x0000000080400000, 0x0000000080400000|100%| O|  |TAMS 0x0000000080300000| PB 0x0000000080300000| Untracked 
|   4|0x0000000080400000, 0x0000000080500000, 0x0000000080500000|100%| O|  |TAMS 0x0000000080400000| PB 0x0000000080400000| Untracked 
|   5|0x0000000080500000, 0x0000000080600000, 0x0000000080600000|100%| O|  |TAMS 0x0000000080500000| PB 0x0000000080500000| Untracked 
|   6|0x0000000080600000, 0x0000000080700000, 0x0000000080700000|100%|HS|  |TAMS 0x0000000080600000| PB 0x0000000080600000| Complete 
|   7|0x0000000080700000, 0x0000000080800000, 0x0000000080800000|100%| O|  |TAMS 0x0000000080700000| PB 0x0000000080700000| Untracked 
|   8|0x0000000080800000, 0x0000000080900000, 0x0000000080900000|100%| O|  |TAMS 0x0000000080800000| PB 0x0000000080800000| Untracked 
|   9|0x0000000080900000, 0x0000000080a00000, 0x0000000080a00000|100%| O|  |TAMS 0x0000000080900000| PB 0x0000000080900000| Untracked 
|  10|0x0000000080a00000, 0x0000000080b00000, 0x0000000080b00000|100%| O|  |TAMS 0x0000000080a00000| PB 0x0000000080a00000| Untracked 
|  11|0x0000000080b00000, 0x0000000080c00000, 0x0000000080c00000|100%| O|  |TAMS 0x0000000080b00000| PB 0x0000000080b00000| Untracked 
|  12|0x0000000080c00000, 0x0000000080d00000, 0x0000000080d00000|100%| O|  |TAMS 0x0000000080c00000| PB 0x0000000080c00000| Untracked 
|  13|0x0000000080d00000, 0x0000000080e00000, 0x0000000080e00000|100%| O|  |TAMS 0x0000000080d00000| PB 0x0000000080d00000| Untracked 
|  14|0x0000000080e00000, 0x0000000080f00000, 0x0000000080f00000|100%| O|  |TAMS 0x0000000080e00000| PB 0x0000000080e00000| Untracked 
|  15|0x0000000080f00000, 0x0000000081000000, 0x0000000081000000|100%| O|  |TAMS 0x0000000080f00000| PB 0x0000000080f00000| Untracked 
|  16|0x0000000081000000, 0x0000000081100000, 0x0000000081100000|100%| O|  |TAMS 0x0000000081000000| PB 0x0000000081000000| Untracked 
|  17|0x0000000081100000, 0x0000000081200000, 0x0000000081200000|100%| O|  |TAMS 0x0000000081100000| PB 0x0000000081100000| Untracked 
|  18|0x0000000081200000, 0x0000000081300000, 0x0000000081300000|100%| O|  |TAMS 0x0000000081200000| PB 0x0000000081200000| Untracked 
|  19|0x0000000081300000, 0x0000000081400000, 0x0000000081400000|100%| O|  |TAMS 0x0000000081300000| PB 0x0000000081300000| Untracked 
|  20|0x0000000081400000, 0x0000000081500000, 0x0000000081500000|100%| O|  |TAMS 0x0000000081400000| PB 0x0000000081400000| Untracked 
|  21|0x0000000081500000, 0x0000000081600000, 0x0000000081600000|100%| O|  |TAMS 0x0000000081500000| PB 0x0000000081500000| Untracked 
|  22|0x0000000081600000, 0x0000000081700000, 0x0000000081700000|100%| O|  |TAMS 0x0000000081600000| PB 0x0000000081600000| Untracked 
|  23|0x0000000081700000, 0x0000000081800000, 0x0000000081800000|100%|HS|  |TAMS 0x0000000081700000| PB 0x0000000081700000| Complete 
|  24|0x0000000081800000, 0x0000000081900000, 0x0000000081900000|100%|HC|  |TAMS 0x0000000081800000| PB 0x0000000081800000| Complete 
|  25|0x0000000081900000, 0x0000000081a00000, 0x0000000081a00000|100%|HC|  |TAMS 0x0000000081900000| PB 0x0000000081900000| Complete 
|  26|0x0000000081a00000, 0x0000000081b00000, 0x0000000081b00000|100%|HC|  |TAMS 0x0000000081a00000| PB 0x0000000081a00000| Complete 
|  27|0x0000000081b00000, 0x0000000081c00000, 0x0000000081c00000|100%|HC|  |TAMS 0x0000000081b00000| PB 0x0000000081b00000| Complete 
|  28|0x0000000081c00000, 0x0000000081d00000, 0x0000000081d00000|100%|HC|  |TAMS 0x0000000081c00000| PB 0x0000000081c00000| Complete 
|  29|0x0000000081d00000, 0x0000000081e00000, 0x0000000081e00000|100%|HS|  |TAMS 0x0000000081d00000| PB 0x0000000081d00000| Complete 
|  30|0x0000000081e00000, 0x0000000081f00000, 0x0000000081f00000|100%|HC|  |TAMS 0x0000000081e00000| PB 0x0000000081e00000| Complete 
|  31|0x0000000081f00000, 0x0000000082000000, 0x0000000082000000|100%|HS|  |TAMS 0x0000000081f00000| PB 0x0000000081f00000| Complete 
|  32|0x0000000082000000, 0x0000000082100000, 0x0000000082100000|100%|HS|  |TAMS 0x0000000082000000| PB 0x0000000082000000| Complete 
|  33|0x0000000082100000, 0x0000000082200000, 0x0000000082200000|100%|HC|  |TAMS 0x0000000082100000| PB 0x0000000082100000| Complete 
|  34|0x0000000082200000, 0x0000000082300000, 0x0000000082300000|100%|HC|  |TAMS 0x0000000082200000| PB 0x0000000082200000| Complete 
|  35|0x0000000082300000, 0x0000000082400000, 0x0000000082400000|100%|HC|  |TAMS 0x0000000082300000| PB 0x0000000082300000| Complete 
|  36|0x0000000082400000, 0x0000000082500000, 0x0000000082500000|100%|HC|  |TAMS 0x0000000082400000| PB 0x0000000082400000| Complete 
|  37|0x0000000082500000, 0x0000000082600000, 0x0000000082600000|100%|HC|  |TAMS 0x0000000082500000| PB 0x0000000082500000| Complete 
|  38|0x0000000082600000, 0x0000000082700000, 0x0000000082700000|100%|HS|  |TAMS 0x0000000082600000| PB 0x0000000082600000| Complete 
|  39|0x0000000082700000, 0x0000000082800000, 0x0000000082800000|100%|HC|  |TAMS 0x0000000082700000| PB 0x0000000082700000| Complete 
|  40|0x0000000082800000, 0x0000000082900000, 0x0000000082900000|100%|HS|  |TAMS 0x0000000082800000| PB 0x0000000082800000| Complete 
|  41|0x0000000082900000, 0x0000000082a00000, 0x0000000082a00000|100%| O|  |TAMS 0x0000000082900000| PB 0x0000000082900000| Untracked 
|  42|0x0000000082a00000, 0x0000000082b00000, 0x0000000082b00000|100%| O|  |TAMS 0x0000000082a00000| PB 0x0000000082a00000| Untracked 
|  43|0x0000000082b00000, 0x0000000082c00000, 0x0000000082c00000|100%| O|  |TAMS 0x0000000082b00000| PB 0x0000000082b00000| Untracked 
|  44|0x0000000082c00000, 0x0000000082d00000, 0x0000000082d00000|100%| O|  |TAMS 0x0000000082c00000| PB 0x0000000082c00000| Untracked 
|  45|0x0000000082d00000, 0x0000000082e00000, 0x0000000082e00000|100%| O|  |TAMS 0x0000000082d00000| PB 0x0000000082d00000| Untracked 
|  46|0x0000000082e00000, 0x0000000082f00000, 0x0000000082f00000|100%| O|  |TAMS 0x0000000082e00000| PB 0x0000000082e00000| Untracked 
|  47|0x0000000082f00000, 0x0000000083000000, 0x0000000083000000|100%| O|  |TAMS 0x0000000082f00000| PB 0x0000000082f00000| Untracked 
|  48|0x0000000083000000, 0x0000000083100000, 0x0000000083100000|100%| O|  |TAMS 0x0000000083000000| PB 0x0000000083000000| Untracked 
|  49|0x0000000083100000, 0x0000000083200000, 0x0000000083200000|100%| O|  |TAMS 0x0000000083100000| PB 0x0000000083100000| Untracked 
|  50|0x0000000083200000, 0x0000000083300000, 0x0000000083300000|100%| O|  |TAMS 0x0000000083200000| PB 0x0000000083200000| Untracked 
|  51|0x0000000083300000, 0x0000000083400000, 0x0000000083400000|100%| O|  |TAMS 0x0000000083300000| PB 0x0000000083300000| Untracked 
|  52|0x0000000083400000, 0x0000000083500000, 0x0000000083500000|100%|HS|  |TAMS 0x0000000083400000| PB 0x0000000083400000| Complete 
|  53|0x0000000083500000, 0x0000000083600000, 0x0000000083600000|100%|HC|  |TAMS 0x0000000083500000| PB 0x0000000083500000| Complete 
|  54|0x0000000083600000, 0x0000000083700000, 0x0000000083700000|100%| O|  |TAMS 0x0000000083600000| PB 0x0000000083600000| Untracked 
|  55|0x0000000083700000, 0x0000000083800000, 0x0000000083800000|100%| O|  |TAMS 0x0000000083700000| PB 0x0000000083700000| Untracked 
|  56|0x0000000083800000, 0x0000000083900000, 0x0000000083900000|100%| O|  |TAMS 0x0000000083800000| PB 0x0000000083800000| Untracked 
|  57|0x0000000083900000, 0x0000000083a00000, 0x0000000083a00000|100%| O|  |TAMS 0x0000000083900000| PB 0x0000000083900000| Untracked 
|  58|0x0000000083a00000, 0x0000000083b00000, 0x0000000083b00000|100%| O|  |TAMS 0x0000000083a00000| PB 0x0000000083a00000| Untracked 
|  59|0x0000000083b00000, 0x0000000083c00000, 0x0000000083c00000|100%| O|  |TAMS 0x0000000083b00000| PB 0x0000000083b00000| Untracked 
|  60|0x0000000083c00000, 0x0000000083d00000, 0x0000000083d00000|100%| O|  |TAMS 0x0000000083c00000| PB 0x0000000083c00000| Untracked 
|  61|0x0000000083d00000, 0x0000000083e00000, 0x0000000083e00000|100%| O|  |TAMS 0x0000000083d00000| PB 0x0000000083d00000| Untracked 
|  62|0x0000000083e00000, 0x0000000083f00000, 0x0000000083f00000|100%| O|  |TAMS 0x0000000083e00000| PB 0x0000000083e00000| Untracked 
|  63|0x0000000083f00000, 0x0000000084000000, 0x0000000084000000|100%| O|  |TAMS 0x0000000083f00000| PB 0x0000000083f00000| Untracked 
|  64|0x0000000084000000, 0x0000000084100000, 0x0000000084100000|100%| O|  |TAMS 0x0000000084000000| PB 0x0000000084000000| Untracked 
|  65|0x0000000084100000, 0x0000000084200000, 0x0000000084200000|100%| O|  |TAMS 0x0000000084100000| PB 0x0000000084100000| Untracked 
|  66|0x0000000084200000, 0x0000000084300000, 0x0000000084300000|100%| O|  |TAMS 0x0000000084200000| PB 0x0000000084200000| Untracked 
|  67|0x0000000084300000, 0x0000000084400000, 0x0000000084400000|100%| O|  |TAMS 0x0000000084300000| PB 0x0000000084300000| Untracked 
|  68|0x0000000084400000, 0x0000000084500000, 0x0000000084500000|100%| O|  |TAMS 0x0000000084400000| PB 0x0000000084400000| Untracked 
|  69|0x0000000084500000, 0x0000000084600000, 0x0000000084600000|100%| O|  |TAMS 0x0000000084500000| PB 0x0000000084500000| Untracked 
|  70|0x0000000084600000, 0x0000000084700000, 0x0000000084700000|100%|HS|  |TAMS 0x0000000084600000| PB 0x0000000084600000| Complete 
|  71|0x0000000084700000, 0x0000000084800000, 0x0000000084800000|100%| O|  |TAMS 0x0000000084700000| PB 0x0000000084700000| Untracked 
|  72|0x0000000084800000, 0x0000000084900000, 0x0000000084900000|100%| O|  |TAMS 0x0000000084800000| PB 0x0000000084800000| Untracked 
|  73|0x0000000084900000, 0x0000000084a00000, 0x0000000084a00000|100%| O|  |TAMS 0x0000000084900000| PB 0x0000000084900000| Untracked 
|  74|0x0000000084a00000, 0x0000000084b00000, 0x0000000084b00000|100%| O|  |TAMS 0x0000000084a00000| PB 0x0000000084a00000| Untracked 
|  75|0x0000000084b00000, 0x0000000084c00000, 0x0000000084c00000|100%| O|  |TAMS 0x0000000084b00000| PB 0x0000000084b00000| Untracked 
|  76|0x0000000084c00000, 0x0000000084d00000, 0x0000000084d00000|100%| O|  |TAMS 0x0000000084c00000| PB 0x0000000084c00000| Untracked 
|  77|0x0000000084d00000, 0x0000000084e00000, 0x0000000084e00000|100%|HS|  |TAMS 0x0000000084d00000| PB 0x0000000084d00000| Complete 
|  78|0x0000000084e00000, 0x0000000084f00000, 0x0000000084f00000|100%|HS|  |TAMS 0x0000000084e00000| PB 0x0000000084e00000| Complete 
|  79|0x0000000084f00000, 0x0000000085000000, 0x0000000085000000|100%|HC|  |TAMS 0x0000000084f00000| PB 0x0000000084f00000| Complete 
|  80|0x0000000085000000, 0x0000000085100000, 0x0000000085100000|100%|HS|  |TAMS 0x0000000085000000| PB 0x0000000085000000| Complete 
|  81|0x0000000085100000, 0x0000000085200000, 0x0000000085200000|100%|HC|  |TAMS 0x0000000085100000| PB 0x0000000085100000| Complete 
|  82|0x0000000085200000, 0x0000000085300000, 0x0000000085300000|100%|HS|  |TAMS 0x0000000085200000| PB 0x0000000085200000| Complete 
|  83|0x0000000085300000, 0x0000000085400000, 0x0000000085400000|100%|HC|  |TAMS 0x0000000085300000| PB 0x0000000085300000| Complete 
|  84|0x0000000085400000, 0x0000000085500000, 0x0000000085500000|100%|HC|  |TAMS 0x0000000085400000| PB 0x0000000085400000| Complete 
|  85|0x0000000085500000, 0x0000000085600000, 0x0000000085600000|100%|HS|  |TAMS 0x0000000085500000| PB 0x0000000085500000| Complete 
|  86|0x0000000085600000, 0x0000000085700000, 0x0000000085700000|100%|HS|  |TAMS 0x0000000085600000| PB 0x0000000085600000| Complete 
|  87|0x0000000085700000, 0x0000000085800000, 0x0000000085800000|100%| O|  |TAMS 0x0000000085700000| PB 0x0000000085700000| Untracked 
|  88|0x0000000085800000, 0x0000000085900000, 0x0000000085900000|100%|HS|  |TAMS 0x0000000085800000| PB 0x0000000085800000| Complete 
|  89|0x0000000085900000, 0x0000000085a00000, 0x0000000085a00000|100%|HS|  |TAMS 0x0000000085900000| PB 0x0000000085900000| Complete 
|  90|0x0000000085a00000, 0x0000000085b00000, 0x0000000085b00000|100%| O|  |TAMS 0x0000000085a00000| PB 0x0000000085a00000| Untracked 
|  91|0x0000000085b00000, 0x0000000085c00000, 0x0000000085c00000|100%| O|  |TAMS 0x0000000085b00000| PB 0x0000000085b00000| Untracked 
|  92|0x0000000085c00000, 0x0000000085d00000, 0x0000000085d00000|100%| O|  |TAMS 0x0000000085c00000| PB 0x0000000085c00000| Untracked 
|  93|0x0000000085d00000, 0x0000000085e00000, 0x0000000085e00000|100%| O|  |TAMS 0x0000000085d00000| PB 0x0000000085d00000| Untracked 
|  94|0x0000000085e00000, 0x0000000085f00000, 0x0000000085f00000|100%| O|  |TAMS 0x0000000085e00000| PB 0x0000000085e00000| Untracked 
|  95|0x0000000085f00000, 0x0000000086000000, 0x0000000086000000|100%| O|  |TAMS 0x0000000085f00000| PB 0x0000000085f00000| Untracked 
|  96|0x0000000086000000, 0x0000000086100000, 0x0000000086100000|100%| O|  |TAMS 0x0000000086000000| PB 0x0000000086000000| Untracked 
|  97|0x0000000086100000, 0x0000000086200000, 0x0000000086200000|100%| O|  |TAMS 0x0000000086100000| PB 0x0000000086100000| Untracked 
|  98|0x0000000086200000, 0x0000000086300000, 0x0000000086300000|100%| O|  |TAMS 0x0000000086200000| PB 0x0000000086200000| Untracked 
|  99|0x0000000086300000, 0x0000000086400000, 0x0000000086400000|100%|HS|  |TAMS 0x0000000086300000| PB 0x0000000086300000| Complete 
| 100|0x0000000086400000, 0x0000000086500000, 0x0000000086500000|100%| O|  |TAMS 0x0000000086400000| PB 0x0000000086400000| Untracked 
| 101|0x0000000086500000, 0x0000000086600000, 0x0000000086600000|100%| O|  |TAMS 0x0000000086500000| PB 0x0000000086500000| Untracked 
| 102|0x0000000086600000, 0x0000000086700000, 0x0000000086700000|100%|HS|  |TAMS 0x0000000086600000| PB 0x0000000086600000| Complete 
| 103|0x0000000086700000, 0x0000000086800000, 0x0000000086800000|100%|HC|  |TAMS 0x0000000086700000| PB 0x0000000086700000| Complete 
| 104|0x0000000086800000, 0x0000000086900000, 0x0000000086900000|100%|HC|  |TAMS 0x0000000086800000| PB 0x0000000086800000| Complete 
| 105|0x0000000086900000, 0x0000000086a00000, 0x0000000086a00000|100%| O|  |TAMS 0x0000000086900000| PB 0x0000000086900000| Untracked 
| 106|0x0000000086a00000, 0x0000000086b00000, 0x0000000086b00000|100%| O|  |TAMS 0x0000000086a00000| PB 0x0000000086a00000| Untracked 
| 107|0x0000000086b00000, 0x0000000086c00000, 0x0000000086c00000|100%| O|  |TAMS 0x0000000086b00000| PB 0x0000000086b00000| Untracked 
| 108|0x0000000086c00000, 0x0000000086d00000, 0x0000000086d00000|100%|HS|  |TAMS 0x0000000086c00000| PB 0x0000000086c00000| Complete 
| 109|0x0000000086d00000, 0x0000000086e00000, 0x0000000086e00000|100%| O|  |TAMS 0x0000000086d00000| PB 0x0000000086d00000| Untracked 
| 110|0x0000000086e00000, 0x0000000086f00000, 0x0000000086f00000|100%| O|Cm|TAMS 0x0000000086e00000| PB 0x0000000086e00000| Complete 
| 111|0x0000000086f00000, 0x0000000087000000, 0x0000000087000000|100%| O|  |TAMS 0x0000000086f00000| PB 0x0000000086f00000| Untracked 
| 112|0x0000000087000000, 0x0000000087100000, 0x0000000087100000|100%| O|  |TAMS 0x0000000087000000| PB 0x0000000087000000| Untracked 
| 113|0x0000000087100000, 0x0000000087200000, 0x0000000087200000|100%| O|  |TAMS 0x0000000087100000| PB 0x0000000087100000| Untracked 
| 114|0x0000000087200000, 0x0000000087300000, 0x0000000087300000|100%| O|  |TAMS 0x0000000087200000| PB 0x0000000087200000| Untracked 
| 115|0x0000000087300000, 0x0000000087400000, 0x0000000087400000|100%| O|  |TAMS 0x0000000087300000| PB 0x0000000087300000| Untracked 
| 116|0x0000000087400000, 0x0000000087500000, 0x0000000087500000|100%| O|  |TAMS 0x0000000087400000| PB 0x0000000087400000| Untracked 
| 117|0x0000000087500000, 0x0000000087600000, 0x0000000087600000|100%| O|  |TAMS 0x0000000087500000| PB 0x0000000087500000| Untracked 
| 118|0x0000000087600000, 0x0000000087700000, 0x0000000087700000|100%| O|  |TAMS 0x0000000087600000| PB 0x0000000087600000| Untracked 
| 119|0x0000000087700000, 0x0000000087800000, 0x0000000087800000|100%|HS|  |TAMS 0x0000000087700000| PB 0x0000000087700000| Complete 
| 120|0x0000000087800000, 0x0000000087900000, 0x0000000087900000|100%|HC|  |TAMS 0x0000000087800000| PB 0x0000000087800000| Complete 
| 121|0x0000000087900000, 0x0000000087a00000, 0x0000000087a00000|100%| O|  |TAMS 0x0000000087900000| PB 0x0000000087900000| Untracked 
| 122|0x0000000087a00000, 0x0000000087b00000, 0x0000000087b00000|100%| O|  |TAMS 0x0000000087a00000| PB 0x0000000087a00000| Untracked 
| 123|0x0000000087b00000, 0x0000000087c00000, 0x0000000087c00000|100%| O|  |TAMS 0x0000000087b00000| PB 0x0000000087b00000| Untracked 
| 124|0x0000000087c00000, 0x0000000087d00000, 0x0000000087d00000|100%| O|  |TAMS 0x0000000087c00000| PB 0x0000000087c00000| Untracked 
| 125|0x0000000087d00000, 0x0000000087e00000, 0x0000000087e00000|100%| O|  |TAMS 0x0000000087d00000| PB 0x0000000087d00000| Untracked 
| 126|0x0000000087e00000, 0x0000000087f00000, 0x0000000087f00000|100%| O|  |TAMS 0x0000000087e00000| PB 0x0000000087e00000| Untracked 
| 127|0x0000000087f00000, 0x0000000088000000, 0x0000000088000000|100%| O|  |TAMS 0x0000000087f00000| PB 0x0000000087f00000| Untracked 
| 128|0x0000000088000000, 0x0000000088100000, 0x0000000088100000|100%| O|  |TAMS 0x0000000088000000| PB 0x0000000088000000| Untracked 
| 129|0x0000000088100000, 0x0000000088200000, 0x0000000088200000|100%| O|  |TAMS 0x0000000088100000| PB 0x0000000088100000| Untracked 
| 130|0x0000000088200000, 0x0000000088300000, 0x0000000088300000|100%| O|  |TAMS 0x0000000088200000| PB 0x0000000088200000| Untracked 
| 131|0x0000000088300000, 0x0000000088400000, 0x0000000088400000|100%| O|  |TAMS 0x0000000088300000| PB 0x0000000088300000| Untracked 
| 132|0x0000000088400000, 0x0000000088500000, 0x0000000088500000|100%| O|  |TAMS 0x0000000088400000| PB 0x0000000088400000| Untracked 
| 133|0x0000000088500000, 0x0000000088600000, 0x0000000088600000|100%| O|  |TAMS 0x0000000088500000| PB 0x0000000088500000| Untracked 
| 134|0x0000000088600000, 0x0000000088700000, 0x0000000088700000|100%| O|  |TAMS 0x0000000088600000| PB 0x0000000088600000| Untracked 
| 135|0x0000000088700000, 0x0000000088800000, 0x0000000088800000|100%| O|  |TAMS 0x0000000088700000| PB 0x0000000088700000| Untracked 
| 136|0x0000000088800000, 0x0000000088900000, 0x0000000088900000|100%| O|  |TAMS 0x0000000088800000| PB 0x0000000088800000| Untracked 
| 137|0x0000000088900000, 0x0000000088a00000, 0x0000000088a00000|100%| O|  |TAMS 0x0000000088900000| PB 0x0000000088900000| Untracked 
| 138|0x0000000088a00000, 0x0000000088b00000, 0x0000000088b00000|100%| O|  |TAMS 0x0000000088a00000| PB 0x0000000088a00000| Untracked 
| 139|0x0000000088b00000, 0x0000000088c00000, 0x0000000088c00000|100%| O|  |TAMS 0x0000000088b00000| PB 0x0000000088b00000| Untracked 
| 140|0x0000000088c00000, 0x0000000088d00000, 0x0000000088d00000|100%| O|  |TAMS 0x0000000088c00000| PB 0x0000000088c00000| Untracked 
| 141|0x0000000088d00000, 0x0000000088e00000, 0x0000000088e00000|100%| O|  |TAMS 0x0000000088d00000| PB 0x0000000088d00000| Untracked 
| 142|0x0000000088e00000, 0x0000000088f00000, 0x0000000088f00000|100%| O|  |TAMS 0x0000000088e00000| PB 0x0000000088e00000| Untracked 
| 143|0x0000000088f00000, 0x0000000089000000, 0x0000000089000000|100%| O|  |TAMS 0x0000000088f00000| PB 0x0000000088f00000| Untracked 
| 144|0x0000000089000000, 0x0000000089100000, 0x0000000089100000|100%| O|  |TAMS 0x0000000089000000| PB 0x0000000089000000| Untracked 
| 145|0x0000000089100000, 0x0000000089200000, 0x0000000089200000|100%| O|  |TAMS 0x0000000089100000| PB 0x0000000089100000| Untracked 
| 146|0x0000000089200000, 0x0000000089300000, 0x0000000089300000|100%| O|  |TAMS 0x0000000089200000| PB 0x0000000089200000| Untracked 
| 147|0x0000000089300000, 0x00000000893f1b80, 0x0000000089400000| 94%| O|  |TAMS 0x0000000089300000| PB 0x0000000089300000| Untracked 
| 148|0x0000000089400000, 0x0000000089400000, 0x0000000089500000|  0%| F|  |TAMS 0x0000000089400000| PB 0x0000000089400000| Untracked 
| 149|0x0000000089500000, 0x0000000089500000, 0x0000000089600000|  0%| F|  |TAMS 0x0000000089500000| PB 0x0000000089500000| Untracked 
| 150|0x0000000089600000, 0x0000000089600000, 0x0000000089700000|  0%| F|  |TAMS 0x0000000089600000| PB 0x0000000089600000| Untracked 
| 151|0x0000000089700000, 0x0000000089700000, 0x0000000089800000|  0%| F|  |TAMS 0x0000000089700000| PB 0x0000000089700000| Untracked 
| 152|0x0000000089800000, 0x0000000089800000, 0x0000000089900000|  0%| F|  |TAMS 0x0000000089800000| PB 0x0000000089800000| Untracked 
| 153|0x0000000089900000, 0x0000000089900000, 0x0000000089a00000|  0%| F|  |TAMS 0x0000000089900000| PB 0x0000000089900000| Untracked 
| 154|0x0000000089a00000, 0x0000000089a00000, 0x0000000089b00000|  0%| F|  |TAMS 0x0000000089a00000| PB 0x0000000089a00000| Untracked 
| 155|0x0000000089b00000, 0x0000000089b00000, 0x0000000089c00000|  0%| F|  |TAMS 0x0000000089b00000| PB 0x0000000089b00000| Untracked 
| 156|0x0000000089c00000, 0x0000000089c00000, 0x0000000089d00000|  0%| F|  |TAMS 0x0000000089c00000| PB 0x0000000089c00000| Untracked 
| 157|0x0000000089d00000, 0x0000000089e00000, 0x0000000089e00000|100%| O|  |TAMS 0x0000000089d00000| PB 0x0000000089d00000| Untracked 
| 158|0x0000000089e00000, 0x0000000089f00000, 0x0000000089f00000|100%| O|  |TAMS 0x0000000089e00000| PB 0x0000000089e00000| Untracked 
| 159|0x0000000089f00000, 0x000000008a000000, 0x000000008a000000|100%| O|  |TAMS 0x0000000089f00000| PB 0x0000000089f00000| Untracked 
| 160|0x000000008a000000, 0x000000008a100000, 0x000000008a100000|100%| O|  |TAMS 0x000000008a000000| PB 0x000000008a000000| Untracked 
| 161|0x000000008a100000, 0x000000008a200000, 0x000000008a200000|100%| O|  |TAMS 0x000000008a100000| PB 0x000000008a100000| Untracked 
| 162|0x000000008a200000, 0x000000008a300000, 0x000000008a300000|100%| O|  |TAMS 0x000000008a200000| PB 0x000000008a200000| Untracked 
| 163|0x000000008a300000, 0x000000008a400000, 0x000000008a400000|100%| O|  |TAMS 0x000000008a300000| PB 0x000000008a300000| Untracked 
| 164|0x000000008a400000, 0x000000008a500000, 0x000000008a500000|100%| O|  |TAMS 0x000000008a400000| PB 0x000000008a400000| Untracked 
| 165|0x000000008a500000, 0x000000008a600000, 0x000000008a600000|100%| O|  |TAMS 0x000000008a500000| PB 0x000000008a500000| Untracked 
| 166|0x000000008a600000, 0x000000008a700000, 0x000000008a700000|100%| O|  |TAMS 0x000000008a600000| PB 0x000000008a600000| Untracked 
| 167|0x000000008a700000, 0x000000008a73a4c0, 0x000000008a800000| 22%| O|Cm|TAMS 0x000000008a700000| PB 0x000000008a700000| Complete 
| 168|0x000000008a800000, 0x000000008a800000, 0x000000008a900000|  0%| F|  |TAMS 0x000000008a800000| PB 0x000000008a800000| Untracked 
| 169|0x000000008a900000, 0x000000008a900000, 0x000000008aa00000|  0%| F|  |TAMS 0x000000008a900000| PB 0x000000008a900000| Untracked 
| 170|0x000000008aa00000, 0x000000008aa00000, 0x000000008ab00000|  0%| F|  |TAMS 0x000000008aa00000| PB 0x000000008aa00000| Untracked 
| 171|0x000000008ab00000, 0x000000008ab00000, 0x000000008ac00000|  0%| F|  |TAMS 0x000000008ab00000| PB 0x000000008ab00000| Untracked 
| 172|0x000000008ac00000, 0x000000008ac00000, 0x000000008ad00000|  0%| F|  |TAMS 0x000000008ac00000| PB 0x000000008ac00000| Untracked 
| 173|0x000000008ad00000, 0x000000008ad00000, 0x000000008ae00000|  0%| F|  |TAMS 0x000000008ad00000| PB 0x000000008ad00000| Untracked 
| 174|0x000000008ae00000, 0x000000008ae00000, 0x000000008af00000|  0%| F|  |TAMS 0x000000008ae00000| PB 0x000000008ae00000| Untracked 
| 175|0x000000008af00000, 0x000000008af00000, 0x000000008b000000|  0%| F|  |TAMS 0x000000008af00000| PB 0x000000008af00000| Untracked 
| 176|0x000000008b000000, 0x000000008b000000, 0x000000008b100000|  0%| F|  |TAMS 0x000000008b000000| PB 0x000000008b000000| Untracked 
| 177|0x000000008b100000, 0x000000008b100000, 0x000000008b200000|  0%| F|  |TAMS 0x000000008b100000| PB 0x000000008b100000| Untracked 
| 178|0x000000008b200000, 0x000000008b200000, 0x000000008b300000|  0%| F|  |TAMS 0x000000008b200000| PB 0x000000008b200000| Untracked 
| 179|0x000000008b300000, 0x000000008b300000, 0x000000008b400000|  0%| F|  |TAMS 0x000000008b300000| PB 0x000000008b300000| Untracked 
| 180|0x000000008b400000, 0x000000008b400000, 0x000000008b500000|  0%| F|  |TAMS 0x000000008b400000| PB 0x000000008b400000| Untracked 
| 181|0x000000008b500000, 0x000000008b500000, 0x000000008b600000|  0%| F|  |TAMS 0x000000008b500000| PB 0x000000008b500000| Untracked 
| 182|0x000000008b600000, 0x000000008b600000, 0x000000008b700000|  0%| F|  |TAMS 0x000000008b600000| PB 0x000000008b600000| Untracked 
| 183|0x000000008b700000, 0x000000008b700000, 0x000000008b800000|  0%| F|  |TAMS 0x000000008b700000| PB 0x000000008b700000| Untracked 
| 184|0x000000008b800000, 0x000000008b800000, 0x000000008b900000|  0%| F|  |TAMS 0x000000008b800000| PB 0x000000008b800000| Untracked 
| 185|0x000000008b900000, 0x000000008b900000, 0x000000008ba00000|  0%| F|  |TAMS 0x000000008b900000| PB 0x000000008b900000| Untracked 
| 186|0x000000008ba00000, 0x000000008ba00000, 0x000000008bb00000|  0%| F|  |TAMS 0x000000008ba00000| PB 0x000000008ba00000| Untracked 
| 187|0x000000008bb00000, 0x000000008bb00000, 0x000000008bc00000|  0%| F|  |TAMS 0x000000008bb00000| PB 0x000000008bb00000| Untracked 
| 188|0x000000008bc00000, 0x000000008bc00000, 0x000000008bd00000|  0%| F|  |TAMS 0x000000008bc00000| PB 0x000000008bc00000| Untracked 
| 189|0x000000008bd00000, 0x000000008bd00000, 0x000000008be00000|  0%| F|  |TAMS 0x000000008bd00000| PB 0x000000008bd00000| Untracked 
| 190|0x000000008be00000, 0x000000008be00000, 0x000000008bf00000|  0%| F|  |TAMS 0x000000008be00000| PB 0x000000008be00000| Untracked 
| 191|0x000000008bf00000, 0x000000008bf00000, 0x000000008c000000|  0%| F|  |TAMS 0x000000008bf00000| PB 0x000000008bf00000| Untracked 
| 192|0x000000008c000000, 0x000000008c000000, 0x000000008c100000|  0%| F|  |TAMS 0x000000008c000000| PB 0x000000008c000000| Untracked 
| 193|0x000000008c100000, 0x000000008c100000, 0x000000008c200000|  0%| F|  |TAMS 0x000000008c100000| PB 0x000000008c100000| Untracked 
| 194|0x000000008c200000, 0x000000008c200000, 0x000000008c300000|  0%| F|  |TAMS 0x000000008c200000| PB 0x000000008c200000| Untracked 
| 195|0x000000008c300000, 0x000000008c300000, 0x000000008c400000|  0%| F|  |TAMS 0x000000008c300000| PB 0x000000008c300000| Untracked 
| 196|0x000000008c400000, 0x000000008c400000, 0x000000008c500000|  0%| F|  |TAMS 0x000000008c400000| PB 0x000000008c400000| Untracked 
| 197|0x000000008c500000, 0x000000008c500000, 0x000000008c600000|  0%| F|  |TAMS 0x000000008c500000| PB 0x000000008c500000| Untracked 
| 198|0x000000008c600000, 0x000000008c600000, 0x000000008c700000|  0%| F|  |TAMS 0x000000008c600000| PB 0x000000008c600000| Untracked 
| 199|0x000000008c700000, 0x000000008c700000, 0x000000008c800000|  0%| F|  |TAMS 0x000000008c700000| PB 0x000000008c700000| Untracked 
| 200|0x000000008c800000, 0x000000008c800000, 0x000000008c900000|  0%| F|  |TAMS 0x000000008c800000| PB 0x000000008c800000| Untracked 
| 201|0x000000008c900000, 0x000000008c900000, 0x000000008ca00000|  0%| F|  |TAMS 0x000000008c900000| PB 0x000000008c900000| Untracked 
| 202|0x000000008ca00000, 0x000000008ca00000, 0x000000008cb00000|  0%| F|  |TAMS 0x000000008ca00000| PB 0x000000008ca00000| Untracked 
| 203|0x000000008cb00000, 0x000000008cb00000, 0x000000008cc00000|  0%| F|  |TAMS 0x000000008cb00000| PB 0x000000008cb00000| Untracked 
| 204|0x000000008cc00000, 0x000000008cc00000, 0x000000008cd00000|  0%| F|  |TAMS 0x000000008cc00000| PB 0x000000008cc00000| Untracked 
| 205|0x000000008cd00000, 0x000000008cd00000, 0x000000008ce00000|  0%| F|  |TAMS 0x000000008cd00000| PB 0x000000008cd00000| Untracked 
| 206|0x000000008ce00000, 0x000000008ce00000, 0x000000008cf00000|  0%| F|  |TAMS 0x000000008ce00000| PB 0x000000008ce00000| Untracked 
| 207|0x000000008cf00000, 0x000000008cf00000, 0x000000008d000000|  0%| F|  |TAMS 0x000000008cf00000| PB 0x000000008cf00000| Untracked 
| 208|0x000000008d000000, 0x000000008d000000, 0x000000008d100000|  0%| F|  |TAMS 0x000000008d000000| PB 0x000000008d000000| Untracked 
| 209|0x000000008d100000, 0x000000008d100000, 0x000000008d200000|  0%| F|  |TAMS 0x000000008d100000| PB 0x000000008d100000| Untracked 
| 210|0x000000008d200000, 0x000000008d200000, 0x000000008d300000|  0%| F|  |TAMS 0x000000008d200000| PB 0x000000008d200000| Untracked 
| 211|0x000000008d300000, 0x000000008d300000, 0x000000008d400000|  0%| F|  |TAMS 0x000000008d300000| PB 0x000000008d300000| Untracked 
| 212|0x000000008d400000, 0x000000008d400000, 0x000000008d500000|  0%| F|  |TAMS 0x000000008d400000| PB 0x000000008d400000| Untracked 
| 213|0x000000008d500000, 0x000000008d500000, 0x000000008d600000|  0%| F|  |TAMS 0x000000008d500000| PB 0x000000008d500000| Untracked 
| 214|0x000000008d600000, 0x000000008d600000, 0x000000008d700000|  0%| F|  |TAMS 0x000000008d600000| PB 0x000000008d600000| Untracked 
| 215|0x000000008d700000, 0x000000008d700000, 0x000000008d800000|  0%| F|  |TAMS 0x000000008d700000| PB 0x000000008d700000| Untracked 
| 216|0x000000008d800000, 0x000000008d800000, 0x000000008d900000|  0%| F|  |TAMS 0x000000008d800000| PB 0x000000008d800000| Untracked 
| 217|0x000000008d900000, 0x000000008d900000, 0x000000008da00000|  0%| F|  |TAMS 0x000000008d900000| PB 0x000000008d900000| Untracked 
| 218|0x000000008da00000, 0x000000008da00000, 0x000000008db00000|  0%| F|  |TAMS 0x000000008da00000| PB 0x000000008da00000| Untracked 
| 219|0x000000008db00000, 0x000000008db00000, 0x000000008dc00000|  0%| F|  |TAMS 0x000000008db00000| PB 0x000000008db00000| Untracked 
| 220|0x000000008dc00000, 0x000000008dc00000, 0x000000008dd00000|  0%| F|  |TAMS 0x000000008dc00000| PB 0x000000008dc00000| Untracked 
| 221|0x000000008dd00000, 0x000000008dd00000, 0x000000008de00000|  0%| F|  |TAMS 0x000000008dd00000| PB 0x000000008dd00000| Untracked 
| 222|0x000000008de00000, 0x000000008de00000, 0x000000008df00000|  0%| F|  |TAMS 0x000000008de00000| PB 0x000000008de00000| Untracked 
| 223|0x000000008df00000, 0x000000008df00000, 0x000000008e000000|  0%| F|  |TAMS 0x000000008df00000| PB 0x000000008df00000| Untracked 
| 224|0x000000008e000000, 0x000000008e000000, 0x000000008e100000|  0%| F|  |TAMS 0x000000008e000000| PB 0x000000008e000000| Untracked 
| 225|0x000000008e100000, 0x000000008e100000, 0x000000008e200000|  0%| F|  |TAMS 0x000000008e100000| PB 0x000000008e100000| Untracked 
| 226|0x000000008e200000, 0x000000008e200000, 0x000000008e300000|  0%| F|  |TAMS 0x000000008e200000| PB 0x000000008e200000| Untracked 
| 227|0x000000008e300000, 0x000000008e300000, 0x000000008e400000|  0%| F|  |TAMS 0x000000008e300000| PB 0x000000008e300000| Untracked 
| 228|0x000000008e400000, 0x000000008e400000, 0x000000008e500000|  0%| F|  |TAMS 0x000000008e400000| PB 0x000000008e400000| Untracked 
| 229|0x000000008e500000, 0x000000008e500000, 0x000000008e600000|  0%| F|  |TAMS 0x000000008e500000| PB 0x000000008e500000| Untracked 
| 230|0x000000008e600000, 0x000000008e600000, 0x000000008e700000|  0%| F|  |TAMS 0x000000008e600000| PB 0x000000008e600000| Untracked 
| 231|0x000000008e700000, 0x000000008e700000, 0x000000008e800000|  0%| F|  |TAMS 0x000000008e700000| PB 0x000000008e700000| Untracked 
| 232|0x000000008e800000, 0x000000008e800000, 0x000000008e900000|  0%| F|  |TAMS 0x000000008e800000| PB 0x000000008e800000| Untracked 
| 233|0x000000008e900000, 0x000000008e900000, 0x000000008ea00000|  0%| F|  |TAMS 0x000000008e900000| PB 0x000000008e900000| Untracked 
| 234|0x000000008ea00000, 0x000000008ea00000, 0x000000008eb00000|  0%| F|  |TAMS 0x000000008ea00000| PB 0x000000008ea00000| Untracked 
| 235|0x000000008eb00000, 0x000000008eb00000, 0x000000008ec00000|  0%| F|  |TAMS 0x000000008eb00000| PB 0x000000008eb00000| Untracked 
| 236|0x000000008ec00000, 0x000000008ec00000, 0x000000008ed00000|  0%| F|  |TAMS 0x000000008ec00000| PB 0x000000008ec00000| Untracked 
| 237|0x000000008ed00000, 0x000000008ed00000, 0x000000008ee00000|  0%| F|  |TAMS 0x000000008ed00000| PB 0x000000008ed00000| Untracked 
| 238|0x000000008ee00000, 0x000000008ee00000, 0x000000008ef00000|  0%| F|  |TAMS 0x000000008ee00000| PB 0x000000008ee00000| Untracked 
| 239|0x000000008ef00000, 0x000000008ef00000, 0x000000008f000000|  0%| F|  |TAMS 0x000000008ef00000| PB 0x000000008ef00000| Untracked 
| 240|0x000000008f000000, 0x000000008f000000, 0x000000008f100000|  0%| F|  |TAMS 0x000000008f000000| PB 0x000000008f000000| Untracked 
| 241|0x000000008f100000, 0x000000008f100000, 0x000000008f200000|  0%| F|  |TAMS 0x000000008f100000| PB 0x000000008f100000| Untracked 
| 242|0x000000008f200000, 0x000000008f200000, 0x000000008f300000|  0%| F|  |TAMS 0x000000008f200000| PB 0x000000008f200000| Untracked 
| 243|0x000000008f300000, 0x000000008f300000, 0x000000008f400000|  0%| F|  |TAMS 0x000000008f300000| PB 0x000000008f300000| Untracked 
| 244|0x000000008f400000, 0x000000008f400000, 0x000000008f500000|  0%| F|  |TAMS 0x000000008f400000| PB 0x000000008f400000| Untracked 
| 245|0x000000008f500000, 0x000000008f500000, 0x000000008f600000|  0%| F|  |TAMS 0x000000008f500000| PB 0x000000008f500000| Untracked 
| 246|0x000000008f600000, 0x000000008f600000, 0x000000008f700000|  0%| F|  |TAMS 0x000000008f600000| PB 0x000000008f600000| Untracked 
| 247|0x000000008f700000, 0x000000008f700000, 0x000000008f800000|  0%| F|  |TAMS 0x000000008f700000| PB 0x000000008f700000| Untracked 
| 248|0x000000008f800000, 0x000000008f800000, 0x000000008f900000|  0%| F|  |TAMS 0x000000008f800000| PB 0x000000008f800000| Untracked 
| 249|0x000000008f900000, 0x000000008f900000, 0x000000008fa00000|  0%| F|  |TAMS 0x000000008f900000| PB 0x000000008f900000| Untracked 
| 250|0x000000008fa00000, 0x000000008fa00000, 0x000000008fb00000|  0%| F|  |TAMS 0x000000008fa00000| PB 0x000000008fa00000| Untracked 
| 251|0x000000008fb00000, 0x000000008fb00000, 0x000000008fc00000|  0%| F|  |TAMS 0x000000008fb00000| PB 0x000000008fb00000| Untracked 
| 252|0x000000008fc00000, 0x000000008fc00000, 0x000000008fd00000|  0%| F|  |TAMS 0x000000008fc00000| PB 0x000000008fc00000| Untracked 
| 253|0x000000008fd00000, 0x000000008fd00000, 0x000000008fe00000|  0%| F|  |TAMS 0x000000008fd00000| PB 0x000000008fd00000| Untracked 
| 254|0x000000008fe00000, 0x000000008fe00000, 0x000000008ff00000|  0%| F|  |TAMS 0x000000008fe00000| PB 0x000000008fe00000| Untracked 
| 255|0x000000008ff00000, 0x000000008ff00000, 0x0000000090000000|  0%| F|  |TAMS 0x000000008ff00000| PB 0x000000008ff00000| Untracked 
| 256|0x0000000090000000, 0x0000000090000000, 0x0000000090100000|  0%| F|  |TAMS 0x0000000090000000| PB 0x0000000090000000| Untracked 
| 257|0x0000000090100000, 0x0000000090100000, 0x0000000090200000|  0%| F|  |TAMS 0x0000000090100000| PB 0x0000000090100000| Untracked 
| 258|0x0000000090200000, 0x0000000090200000, 0x0000000090300000|  0%| F|  |TAMS 0x0000000090200000| PB 0x0000000090200000| Untracked 
| 259|0x0000000090300000, 0x0000000090300000, 0x0000000090400000|  0%| F|  |TAMS 0x0000000090300000| PB 0x0000000090300000| Untracked 
| 260|0x0000000090400000, 0x0000000090400000, 0x0000000090500000|  0%| F|  |TAMS 0x0000000090400000| PB 0x0000000090400000| Untracked 
| 261|0x0000000090500000, 0x0000000090500000, 0x0000000090600000|  0%| F|  |TAMS 0x0000000090500000| PB 0x0000000090500000| Untracked 
| 262|0x0000000090600000, 0x0000000090600000, 0x0000000090700000|  0%| F|  |TAMS 0x0000000090600000| PB 0x0000000090600000| Untracked 
| 263|0x0000000090700000, 0x0000000090700000, 0x0000000090800000|  0%| F|  |TAMS 0x0000000090700000| PB 0x0000000090700000| Untracked 
| 264|0x0000000090800000, 0x0000000090800000, 0x0000000090900000|  0%| F|  |TAMS 0x0000000090800000| PB 0x0000000090800000| Untracked 
| 265|0x0000000090900000, 0x0000000090900000, 0x0000000090a00000|  0%| F|  |TAMS 0x0000000090900000| PB 0x0000000090900000| Untracked 
| 266|0x0000000090a00000, 0x0000000090a00000, 0x0000000090b00000|  0%| F|  |TAMS 0x0000000090a00000| PB 0x0000000090a00000| Untracked 
| 267|0x0000000090b00000, 0x0000000090b00000, 0x0000000090c00000|  0%| F|  |TAMS 0x0000000090b00000| PB 0x0000000090b00000| Untracked 
| 268|0x0000000090c00000, 0x0000000090c00000, 0x0000000090d00000|  0%| F|  |TAMS 0x0000000090c00000| PB 0x0000000090c00000| Untracked 
| 269|0x0000000090d00000, 0x0000000090d00000, 0x0000000090e00000|  0%| F|  |TAMS 0x0000000090d00000| PB 0x0000000090d00000| Untracked 
| 270|0x0000000090e00000, 0x0000000090e00000, 0x0000000090f00000|  0%| F|  |TAMS 0x0000000090e00000| PB 0x0000000090e00000| Untracked 
| 271|0x0000000090f00000, 0x0000000090f00000, 0x0000000091000000|  0%| F|  |TAMS 0x0000000090f00000| PB 0x0000000090f00000| Untracked 
| 272|0x0000000091000000, 0x0000000091000000, 0x0000000091100000|  0%| F|  |TAMS 0x0000000091000000| PB 0x0000000091000000| Untracked 
| 273|0x0000000091100000, 0x0000000091100000, 0x0000000091200000|  0%| F|  |TAMS 0x0000000091100000| PB 0x0000000091100000| Untracked 
| 274|0x0000000091200000, 0x0000000091200000, 0x0000000091300000|  0%| F|  |TAMS 0x0000000091200000| PB 0x0000000091200000| Untracked 
| 275|0x0000000091300000, 0x0000000091300000, 0x0000000091400000|  0%| F|  |TAMS 0x0000000091300000| PB 0x0000000091300000| Untracked 
| 276|0x0000000091400000, 0x0000000091400000, 0x0000000091500000|  0%| F|  |TAMS 0x0000000091400000| PB 0x0000000091400000| Untracked 
| 277|0x0000000091500000, 0x0000000091500000, 0x0000000091600000|  0%| F|  |TAMS 0x0000000091500000| PB 0x0000000091500000| Untracked 
| 278|0x0000000091600000, 0x0000000091600000, 0x0000000091700000|  0%| F|  |TAMS 0x0000000091600000| PB 0x0000000091600000| Untracked 
| 279|0x0000000091700000, 0x0000000091700000, 0x0000000091800000|  0%| F|  |TAMS 0x0000000091700000| PB 0x0000000091700000| Untracked 
| 280|0x0000000091800000, 0x0000000091800000, 0x0000000091900000|  0%| F|  |TAMS 0x0000000091800000| PB 0x0000000091800000| Untracked 
| 281|0x0000000091900000, 0x0000000091900000, 0x0000000091a00000|  0%| F|  |TAMS 0x0000000091900000| PB 0x0000000091900000| Untracked 
| 282|0x0000000091a00000, 0x0000000091a00000, 0x0000000091b00000|  0%| F|  |TAMS 0x0000000091a00000| PB 0x0000000091a00000| Untracked 
| 283|0x0000000091b00000, 0x0000000091b00000, 0x0000000091c00000|  0%| F|  |TAMS 0x0000000091b00000| PB 0x0000000091b00000| Untracked 
| 284|0x0000000091c00000, 0x0000000091c00000, 0x0000000091d00000|  0%| F|  |TAMS 0x0000000091c00000| PB 0x0000000091c00000| Untracked 
| 285|0x0000000091d00000, 0x0000000091d00000, 0x0000000091e00000|  0%| F|  |TAMS 0x0000000091d00000| PB 0x0000000091d00000| Untracked 
| 286|0x0000000091e00000, 0x0000000091e00000, 0x0000000091f00000|  0%| F|  |TAMS 0x0000000091e00000| PB 0x0000000091e00000| Untracked 
| 287|0x0000000091f00000, 0x0000000091f00000, 0x0000000092000000|  0%| F|  |TAMS 0x0000000091f00000| PB 0x0000000091f00000| Untracked 
| 288|0x0000000092000000, 0x0000000092000000, 0x0000000092100000|  0%| F|  |TAMS 0x0000000092000000| PB 0x0000000092000000| Untracked 
| 289|0x0000000092100000, 0x0000000092100000, 0x0000000092200000|  0%| F|  |TAMS 0x0000000092100000| PB 0x0000000092100000| Untracked 
| 290|0x0000000092200000, 0x0000000092200000, 0x0000000092300000|  0%| F|  |TAMS 0x0000000092200000| PB 0x0000000092200000| Untracked 
| 291|0x0000000092300000, 0x0000000092300000, 0x0000000092400000|  0%| F|  |TAMS 0x0000000092300000| PB 0x0000000092300000| Untracked 
| 292|0x0000000092400000, 0x0000000092400000, 0x0000000092500000|  0%| F|  |TAMS 0x0000000092400000| PB 0x0000000092400000| Untracked 
| 293|0x0000000092500000, 0x0000000092500000, 0x0000000092600000|  0%| F|  |TAMS 0x0000000092500000| PB 0x0000000092500000| Untracked 
| 294|0x0000000092600000, 0x0000000092600000, 0x0000000092700000|  0%| F|  |TAMS 0x0000000092600000| PB 0x0000000092600000| Untracked 
| 295|0x0000000092700000, 0x0000000092700000, 0x0000000092800000|  0%| F|  |TAMS 0x0000000092700000| PB 0x0000000092700000| Untracked 
| 296|0x0000000092800000, 0x0000000092800000, 0x0000000092900000|  0%| F|  |TAMS 0x0000000092800000| PB 0x0000000092800000| Untracked 
| 297|0x0000000092900000, 0x0000000092900000, 0x0000000092a00000|  0%| F|  |TAMS 0x0000000092900000| PB 0x0000000092900000| Untracked 
| 298|0x0000000092a00000, 0x0000000092a00000, 0x0000000092b00000|  0%| F|  |TAMS 0x0000000092a00000| PB 0x0000000092a00000| Untracked 
| 299|0x0000000092b00000, 0x0000000092b00000, 0x0000000092c00000|  0%| F|  |TAMS 0x0000000092b00000| PB 0x0000000092b00000| Untracked 
| 300|0x0000000092c00000, 0x0000000092c00000, 0x0000000092d00000|  0%| F|  |TAMS 0x0000000092c00000| PB 0x0000000092c00000| Untracked 
| 301|0x0000000092d00000, 0x0000000092d00000, 0x0000000092e00000|  0%| F|  |TAMS 0x0000000092d00000| PB 0x0000000092d00000| Untracked 
| 302|0x0000000092e00000, 0x0000000092e00000, 0x0000000092f00000|  0%| F|  |TAMS 0x0000000092e00000| PB 0x0000000092e00000| Untracked 
| 303|0x0000000092f00000, 0x0000000092f00000, 0x0000000093000000|  0%| F|  |TAMS 0x0000000092f00000| PB 0x0000000092f00000| Untracked 
| 304|0x0000000093000000, 0x0000000093000000, 0x0000000093100000|  0%| F|  |TAMS 0x0000000093000000| PB 0x0000000093000000| Untracked 
| 305|0x0000000093100000, 0x0000000093100000, 0x0000000093200000|  0%| F|  |TAMS 0x0000000093100000| PB 0x0000000093100000| Untracked 
| 306|0x0000000093200000, 0x0000000093200000, 0x0000000093300000|  0%| F|  |TAMS 0x0000000093200000| PB 0x0000000093200000| Untracked 
| 307|0x0000000093300000, 0x0000000093300000, 0x0000000093400000|  0%| F|  |TAMS 0x0000000093300000| PB 0x0000000093300000| Untracked 
| 308|0x0000000093400000, 0x0000000093400000, 0x0000000093500000|  0%| F|  |TAMS 0x0000000093400000| PB 0x0000000093400000| Untracked 
| 309|0x0000000093500000, 0x0000000093500000, 0x0000000093600000|  0%| F|  |TAMS 0x0000000093500000| PB 0x0000000093500000| Untracked 
| 310|0x0000000093600000, 0x0000000093600000, 0x0000000093700000|  0%| F|  |TAMS 0x0000000093600000| PB 0x0000000093600000| Untracked 
| 311|0x0000000093700000, 0x0000000093700000, 0x0000000093800000|  0%| F|  |TAMS 0x0000000093700000| PB 0x0000000093700000| Untracked 
| 312|0x0000000093800000, 0x0000000093800000, 0x0000000093900000|  0%| F|  |TAMS 0x0000000093800000| PB 0x0000000093800000| Untracked 
| 313|0x0000000093900000, 0x0000000093900000, 0x0000000093a00000|  0%| F|  |TAMS 0x0000000093900000| PB 0x0000000093900000| Untracked 
| 314|0x0000000093a00000, 0x0000000093a00000, 0x0000000093b00000|  0%| F|  |TAMS 0x0000000093a00000| PB 0x0000000093a00000| Untracked 
| 315|0x0000000093b00000, 0x0000000093b00000, 0x0000000093c00000|  0%| F|  |TAMS 0x0000000093b00000| PB 0x0000000093b00000| Untracked 
| 316|0x0000000093c00000, 0x0000000093c00000, 0x0000000093d00000|  0%| F|  |TAMS 0x0000000093c00000| PB 0x0000000093c00000| Untracked 
| 317|0x0000000093d00000, 0x0000000093d00000, 0x0000000093e00000|  0%| F|  |TAMS 0x0000000093d00000| PB 0x0000000093d00000| Untracked 
| 318|0x0000000093e00000, 0x0000000093e00000, 0x0000000093f00000|  0%| F|  |TAMS 0x0000000093e00000| PB 0x0000000093e00000| Untracked 
| 319|0x0000000093f00000, 0x0000000093f00000, 0x0000000094000000|  0%| F|  |TAMS 0x0000000093f00000| PB 0x0000000093f00000| Untracked 
| 320|0x0000000094000000, 0x000000009407cc18, 0x0000000094100000| 48%| E|  |TAMS 0x0000000094000000| PB 0x0000000094000000| Complete 
| 321|0x0000000094100000, 0x00000000941fffc0, 0x0000000094200000| 99%| E|  |TAMS 0x0000000094100000| PB 0x0000000094100000| Complete 
| 322|0x0000000094200000, 0x0000000094300000, 0x0000000094300000|100%| E|CS|TAMS 0x0000000094200000| PB 0x0000000094200000| Complete 
| 323|0x0000000094300000, 0x0000000094400000, 0x0000000094400000|100%| E|CS|TAMS 0x0000000094300000| PB 0x0000000094300000| Complete 
| 324|0x0000000094400000, 0x0000000094500000, 0x0000000094500000|100%| E|CS|TAMS 0x0000000094400000| PB 0x0000000094400000| Complete 
| 325|0x0000000094500000, 0x0000000094600000, 0x0000000094600000|100%| E|CS|TAMS 0x0000000094500000| PB 0x0000000094500000| Complete 
| 326|0x0000000094600000, 0x0000000094700000, 0x0000000094700000|100%| E|CS|TAMS 0x0000000094600000| PB 0x0000000094600000| Complete 
| 327|0x0000000094700000, 0x0000000094800000, 0x0000000094800000|100%| E|CS|TAMS 0x0000000094700000| PB 0x0000000094700000| Complete 
| 328|0x0000000094800000, 0x0000000094900000, 0x0000000094900000|100%| E|CS|TAMS 0x0000000094800000| PB 0x0000000094800000| Complete 
| 329|0x0000000094900000, 0x0000000094a00000, 0x0000000094a00000|100%| E|CS|TAMS 0x0000000094900000| PB 0x0000000094900000| Complete 
| 330|0x0000000094a00000, 0x0000000094b00000, 0x0000000094b00000|100%| E|CS|TAMS 0x0000000094a00000| PB 0x0000000094a00000| Complete 
| 331|0x0000000094b00000, 0x0000000094c00000, 0x0000000094c00000|100%| E|CS|TAMS 0x0000000094b00000| PB 0x0000000094b00000| Complete 
| 332|0x0000000094c00000, 0x0000000094d00000, 0x0000000094d00000|100%| E|CS|TAMS 0x0000000094c00000| PB 0x0000000094c00000| Complete 
| 333|0x0000000094d00000, 0x0000000094e00000, 0x0000000094e00000|100%| E|CS|TAMS 0x0000000094d00000| PB 0x0000000094d00000| Complete 
| 334|0x0000000094e00000, 0x0000000094f00000, 0x0000000094f00000|100%| E|CS|TAMS 0x0000000094e00000| PB 0x0000000094e00000| Complete 
| 335|0x0000000094f00000, 0x0000000095000000, 0x0000000095000000|100%| E|CS|TAMS 0x0000000094f00000| PB 0x0000000094f00000| Complete 
| 336|0x0000000095000000, 0x0000000095100000, 0x0000000095100000|100%| E|CS|TAMS 0x0000000095000000| PB 0x0000000095000000| Complete 
| 337|0x0000000095100000, 0x0000000095200000, 0x0000000095200000|100%| E|CS|TAMS 0x0000000095100000| PB 0x0000000095100000| Complete 
| 338|0x0000000095200000, 0x0000000095300000, 0x0000000095300000|100%| E|CS|TAMS 0x0000000095200000| PB 0x0000000095200000| Complete 
| 339|0x0000000095300000, 0x0000000095400000, 0x0000000095400000|100%| E|CS|TAMS 0x0000000095300000| PB 0x0000000095300000| Complete 
| 340|0x0000000095400000, 0x0000000095500000, 0x0000000095500000|100%| E|CS|TAMS 0x0000000095400000| PB 0x0000000095400000| Complete 
| 341|0x0000000095500000, 0x0000000095600000, 0x0000000095600000|100%| E|CS|TAMS 0x0000000095500000| PB 0x0000000095500000| Complete 
| 342|0x0000000095600000, 0x0000000095700000, 0x0000000095700000|100%| E|CS|TAMS 0x0000000095600000| PB 0x0000000095600000| Complete 
| 343|0x0000000095700000, 0x0000000095800000, 0x0000000095800000|100%| E|CS|TAMS 0x0000000095700000| PB 0x0000000095700000| Complete 
| 344|0x0000000095800000, 0x0000000095900000, 0x0000000095900000|100%| E|CS|TAMS 0x0000000095800000| PB 0x0000000095800000| Complete 
| 345|0x0000000095900000, 0x0000000095a00000, 0x0000000095a00000|100%| E|CS|TAMS 0x0000000095900000| PB 0x0000000095900000| Complete 
| 346|0x0000000095a00000, 0x0000000095b00000, 0x0000000095b00000|100%| E|CS|TAMS 0x0000000095a00000| PB 0x0000000095a00000| Complete 
| 347|0x0000000095b00000, 0x0000000095c00000, 0x0000000095c00000|100%| E|CS|TAMS 0x0000000095b00000| PB 0x0000000095b00000| Complete 
| 348|0x0000000095c00000, 0x0000000095d00000, 0x0000000095d00000|100%| E|CS|TAMS 0x0000000095c00000| PB 0x0000000095c00000| Complete 
| 349|0x0000000095d00000, 0x0000000095e00000, 0x0000000095e00000|100%| E|CS|TAMS 0x0000000095d00000| PB 0x0000000095d00000| Complete 
| 350|0x0000000095e00000, 0x0000000095f00000, 0x0000000095f00000|100%| E|CS|TAMS 0x0000000095e00000| PB 0x0000000095e00000| Complete 
| 351|0x0000000095f00000, 0x0000000096000000, 0x0000000096000000|100%| E|CS|TAMS 0x0000000095f00000| PB 0x0000000095f00000| Complete 
| 352|0x0000000096000000, 0x0000000096100000, 0x0000000096100000|100%| E|CS|TAMS 0x0000000096000000| PB 0x0000000096000000| Complete 
| 353|0x0000000096100000, 0x0000000096200000, 0x0000000096200000|100%| E|CS|TAMS 0x0000000096100000| PB 0x0000000096100000| Complete 
| 354|0x0000000096200000, 0x0000000096300000, 0x0000000096300000|100%| E|CS|TAMS 0x0000000096200000| PB 0x0000000096200000| Complete 
| 355|0x0000000096300000, 0x0000000096400000, 0x0000000096400000|100%| E|CS|TAMS 0x0000000096300000| PB 0x0000000096300000| Complete 
| 356|0x0000000096400000, 0x0000000096500000, 0x0000000096500000|100%| E|CS|TAMS 0x0000000096400000| PB 0x0000000096400000| Complete 
| 357|0x0000000096500000, 0x0000000096600000, 0x0000000096600000|100%| E|CS|TAMS 0x0000000096500000| PB 0x0000000096500000| Complete 
| 358|0x0000000096600000, 0x0000000096700000, 0x0000000096700000|100%| E|CS|TAMS 0x0000000096600000| PB 0x0000000096600000| Complete 
| 359|0x0000000096700000, 0x0000000096800000, 0x0000000096800000|100%| E|CS|TAMS 0x0000000096700000| PB 0x0000000096700000| Complete 
| 360|0x0000000096800000, 0x0000000096900000, 0x0000000096900000|100%| E|CS|TAMS 0x0000000096800000| PB 0x0000000096800000| Complete 
| 361|0x0000000096900000, 0x0000000096a00000, 0x0000000096a00000|100%| E|CS|TAMS 0x0000000096900000| PB 0x0000000096900000| Complete 
| 362|0x0000000096a00000, 0x0000000096b00000, 0x0000000096b00000|100%| E|CS|TAMS 0x0000000096a00000| PB 0x0000000096a00000| Complete 
| 363|0x0000000096b00000, 0x0000000096c00000, 0x0000000096c00000|100%| E|CS|TAMS 0x0000000096b00000| PB 0x0000000096b00000| Complete 
| 364|0x0000000096c00000, 0x0000000096d00000, 0x0000000096d00000|100%| E|CS|TAMS 0x0000000096c00000| PB 0x0000000096c00000| Complete 
| 365|0x0000000096d00000, 0x0000000096e00000, 0x0000000096e00000|100%| E|CS|TAMS 0x0000000096d00000| PB 0x0000000096d00000| Complete 
| 366|0x0000000096e00000, 0x0000000096f00000, 0x0000000096f00000|100%| E|CS|TAMS 0x0000000096e00000| PB 0x0000000096e00000| Complete 
| 367|0x0000000096f00000, 0x0000000097000000, 0x0000000097000000|100%| E|CS|TAMS 0x0000000096f00000| PB 0x0000000096f00000| Complete 
| 368|0x0000000097000000, 0x0000000097100000, 0x0000000097100000|100%| E|CS|TAMS 0x0000000097000000| PB 0x0000000097000000| Complete 
| 369|0x0000000097100000, 0x0000000097200000, 0x0000000097200000|100%| E|CS|TAMS 0x0000000097100000| PB 0x0000000097100000| Complete 
| 370|0x0000000097200000, 0x0000000097300000, 0x0000000097300000|100%| E|CS|TAMS 0x0000000097200000| PB 0x0000000097200000| Complete 
| 371|0x0000000097300000, 0x0000000097400000, 0x0000000097400000|100%| E|CS|TAMS 0x0000000097300000| PB 0x0000000097300000| Complete 
| 372|0x0000000097400000, 0x0000000097500000, 0x0000000097500000|100%| E|CS|TAMS 0x0000000097400000| PB 0x0000000097400000| Complete 
| 373|0x0000000097500000, 0x0000000097600000, 0x0000000097600000|100%| E|CS|TAMS 0x0000000097500000| PB 0x0000000097500000| Complete 
| 374|0x0000000097600000, 0x0000000097700000, 0x0000000097700000|100%| E|CS|TAMS 0x0000000097600000| PB 0x0000000097600000| Complete 
| 375|0x0000000097700000, 0x0000000097800000, 0x0000000097800000|100%| E|CS|TAMS 0x0000000097700000| PB 0x0000000097700000| Complete 
| 376|0x0000000097800000, 0x0000000097900000, 0x0000000097900000|100%| E|CS|TAMS 0x0000000097800000| PB 0x0000000097800000| Complete 
| 377|0x0000000097900000, 0x0000000097a00000, 0x0000000097a00000|100%| E|CS|TAMS 0x0000000097900000| PB 0x0000000097900000| Complete 
| 378|0x0000000097a00000, 0x0000000097b00000, 0x0000000097b00000|100%| E|CS|TAMS 0x0000000097a00000| PB 0x0000000097a00000| Complete 
| 379|0x0000000097b00000, 0x0000000097c00000, 0x0000000097c00000|100%| E|CS|TAMS 0x0000000097b00000| PB 0x0000000097b00000| Complete 
| 380|0x0000000097c00000, 0x0000000097d00000, 0x0000000097d00000|100%| E|CS|TAMS 0x0000000097c00000| PB 0x0000000097c00000| Complete 
| 381|0x0000000097d00000, 0x0000000097e00000, 0x0000000097e00000|100%| E|CS|TAMS 0x0000000097d00000| PB 0x0000000097d00000| Complete 
| 382|0x0000000097e00000, 0x0000000097f00000, 0x0000000097f00000|100%| E|CS|TAMS 0x0000000097e00000| PB 0x0000000097e00000| Complete 
| 383|0x0000000097f00000, 0x0000000098000000, 0x0000000098000000|100%| E|CS|TAMS 0x0000000097f00000| PB 0x0000000097f00000| Complete 
| 384|0x0000000098000000, 0x0000000098100000, 0x0000000098100000|100%| E|CS|TAMS 0x0000000098000000| PB 0x0000000098000000| Complete 
| 385|0x0000000098100000, 0x0000000098200000, 0x0000000098200000|100%| E|CS|TAMS 0x0000000098100000| PB 0x0000000098100000| Complete 
| 386|0x0000000098200000, 0x0000000098300000, 0x0000000098300000|100%| E|CS|TAMS 0x0000000098200000| PB 0x0000000098200000| Complete 
| 387|0x0000000098300000, 0x0000000098400000, 0x0000000098400000|100%| E|CS|TAMS 0x0000000098300000| PB 0x0000000098300000| Complete 
| 388|0x0000000098400000, 0x0000000098500000, 0x0000000098500000|100%| E|CS|TAMS 0x0000000098400000| PB 0x0000000098400000| Complete 
| 389|0x0000000098500000, 0x0000000098600000, 0x0000000098600000|100%| E|CS|TAMS 0x0000000098500000| PB 0x0000000098500000| Complete 
| 390|0x0000000098600000, 0x0000000098700000, 0x0000000098700000|100%| E|CS|TAMS 0x0000000098600000| PB 0x0000000098600000| Complete 
| 391|0x0000000098700000, 0x0000000098800000, 0x0000000098800000|100%| E|CS|TAMS 0x0000000098700000| PB 0x0000000098700000| Complete 
| 392|0x0000000098800000, 0x0000000098900000, 0x0000000098900000|100%| E|CS|TAMS 0x0000000098800000| PB 0x0000000098800000| Complete 
| 393|0x0000000098900000, 0x0000000098a00000, 0x0000000098a00000|100%| E|CS|TAMS 0x0000000098900000| PB 0x0000000098900000| Complete 
| 394|0x0000000098a00000, 0x0000000098b00000, 0x0000000098b00000|100%| E|CS|TAMS 0x0000000098a00000| PB 0x0000000098a00000| Complete 
| 395|0x0000000098b00000, 0x0000000098c00000, 0x0000000098c00000|100%| E|CS|TAMS 0x0000000098b00000| PB 0x0000000098b00000| Complete 
| 396|0x0000000098c00000, 0x0000000098d00000, 0x0000000098d00000|100%| E|CS|TAMS 0x0000000098c00000| PB 0x0000000098c00000| Complete 
| 397|0x0000000098d00000, 0x0000000098e00000, 0x0000000098e00000|100%| E|CS|TAMS 0x0000000098d00000| PB 0x0000000098d00000| Complete 
| 398|0x0000000098e00000, 0x0000000098f00000, 0x0000000098f00000|100%| E|CS|TAMS 0x0000000098e00000| PB 0x0000000098e00000| Complete 
| 399|0x0000000098f00000, 0x0000000099000000, 0x0000000099000000|100%| E|CS|TAMS 0x0000000098f00000| PB 0x0000000098f00000| Complete 
| 400|0x0000000099000000, 0x0000000099100000, 0x0000000099100000|100%| E|CS|TAMS 0x0000000099000000| PB 0x0000000099000000| Complete 
| 401|0x0000000099100000, 0x0000000099200000, 0x0000000099200000|100%| E|CS|TAMS 0x0000000099100000| PB 0x0000000099100000| Complete 
| 402|0x0000000099200000, 0x0000000099300000, 0x0000000099300000|100%| E|CS|TAMS 0x0000000099200000| PB 0x0000000099200000| Complete 
| 403|0x0000000099300000, 0x0000000099400000, 0x0000000099400000|100%| E|CS|TAMS 0x0000000099300000| PB 0x0000000099300000| Complete 
| 404|0x0000000099400000, 0x0000000099500000, 0x0000000099500000|100%| E|CS|TAMS 0x0000000099400000| PB 0x0000000099400000| Complete 
| 405|0x0000000099500000, 0x0000000099600000, 0x0000000099600000|100%| E|CS|TAMS 0x0000000099500000| PB 0x0000000099500000| Complete 
| 406|0x0000000099600000, 0x0000000099700000, 0x0000000099700000|100%| E|CS|TAMS 0x0000000099600000| PB 0x0000000099600000| Complete 
| 407|0x0000000099700000, 0x0000000099800000, 0x0000000099800000|100%| E|CS|TAMS 0x0000000099700000| PB 0x0000000099700000| Complete 
| 408|0x0000000099800000, 0x0000000099900000, 0x0000000099900000|100%| E|CS|TAMS 0x0000000099800000| PB 0x0000000099800000| Complete 
| 409|0x0000000099900000, 0x0000000099a00000, 0x0000000099a00000|100%| E|CS|TAMS 0x0000000099900000| PB 0x0000000099900000| Complete 
| 410|0x0000000099a00000, 0x0000000099b00000, 0x0000000099b00000|100%| E|CS|TAMS 0x0000000099a00000| PB 0x0000000099a00000| Complete 
| 411|0x0000000099b00000, 0x0000000099c00000, 0x0000000099c00000|100%| E|CS|TAMS 0x0000000099b00000| PB 0x0000000099b00000| Complete 
| 412|0x0000000099c00000, 0x0000000099d00000, 0x0000000099d00000|100%| E|CS|TAMS 0x0000000099c00000| PB 0x0000000099c00000| Complete 
| 413|0x0000000099d00000, 0x0000000099e00000, 0x0000000099e00000|100%| E|CS|TAMS 0x0000000099d00000| PB 0x0000000099d00000| Complete 
| 414|0x0000000099e00000, 0x0000000099f00000, 0x0000000099f00000|100%| E|CS|TAMS 0x0000000099e00000| PB 0x0000000099e00000| Complete 
| 415|0x0000000099f00000, 0x000000009a000000, 0x000000009a000000|100%| E|CS|TAMS 0x0000000099f00000| PB 0x0000000099f00000| Complete 
| 416|0x000000009a000000, 0x000000009a100000, 0x000000009a100000|100%| E|CS|TAMS 0x000000009a000000| PB 0x000000009a000000| Complete 
| 417|0x000000009a100000, 0x000000009a200000, 0x000000009a200000|100%| E|CS|TAMS 0x000000009a100000| PB 0x000000009a100000| Complete 
| 418|0x000000009a200000, 0x000000009a300000, 0x000000009a300000|100%| E|CS|TAMS 0x000000009a200000| PB 0x000000009a200000| Complete 
| 419|0x000000009a300000, 0x000000009a400000, 0x000000009a400000|100%| E|CS|TAMS 0x000000009a300000| PB 0x000000009a300000| Complete 
| 420|0x000000009a400000, 0x000000009a500000, 0x000000009a500000|100%| E|CS|TAMS 0x000000009a400000| PB 0x000000009a400000| Complete 
| 421|0x000000009a500000, 0x000000009a600000, 0x000000009a600000|100%| E|CS|TAMS 0x000000009a500000| PB 0x000000009a500000| Complete 
| 422|0x000000009a600000, 0x000000009a700000, 0x000000009a700000|100%| E|CS|TAMS 0x000000009a600000| PB 0x000000009a600000| Complete 
| 423|0x000000009a700000, 0x000000009a800000, 0x000000009a800000|100%| E|CS|TAMS 0x000000009a700000| PB 0x000000009a700000| Complete 
| 424|0x000000009a800000, 0x000000009a900000, 0x000000009a900000|100%| E|CS|TAMS 0x000000009a800000| PB 0x000000009a800000| Complete 
| 425|0x000000009a900000, 0x000000009aa00000, 0x000000009aa00000|100%| E|CS|TAMS 0x000000009a900000| PB 0x000000009a900000| Complete 
| 426|0x000000009aa00000, 0x000000009ab00000, 0x000000009ab00000|100%| E|CS|TAMS 0x000000009aa00000| PB 0x000000009aa00000| Complete 
| 427|0x000000009ab00000, 0x000000009ac00000, 0x000000009ac00000|100%| E|CS|TAMS 0x000000009ab00000| PB 0x000000009ab00000| Complete 
| 428|0x000000009ac00000, 0x000000009ad00000, 0x000000009ad00000|100%| E|CS|TAMS 0x000000009ac00000| PB 0x000000009ac00000| Complete 
| 429|0x000000009ad00000, 0x000000009ae00000, 0x000000009ae00000|100%| E|CS|TAMS 0x000000009ad00000| PB 0x000000009ad00000| Complete 
| 430|0x000000009ae00000, 0x000000009af00000, 0x000000009af00000|100%| E|CS|TAMS 0x000000009ae00000| PB 0x000000009ae00000| Complete 
| 431|0x000000009af00000, 0x000000009b000000, 0x000000009b000000|100%| E|CS|TAMS 0x000000009af00000| PB 0x000000009af00000| Complete 
| 432|0x000000009b000000, 0x000000009b100000, 0x000000009b100000|100%| E|CS|TAMS 0x000000009b000000| PB 0x000000009b000000| Complete 
| 433|0x000000009b100000, 0x000000009b200000, 0x000000009b200000|100%| E|CS|TAMS 0x000000009b100000| PB 0x000000009b100000| Complete 
| 434|0x000000009b200000, 0x000000009b300000, 0x000000009b300000|100%| E|CS|TAMS 0x000000009b200000| PB 0x000000009b200000| Complete 
| 435|0x000000009b300000, 0x000000009b400000, 0x000000009b400000|100%| E|CS|TAMS 0x000000009b300000| PB 0x000000009b300000| Complete 
| 436|0x000000009b400000, 0x000000009b500000, 0x000000009b500000|100%| E|CS|TAMS 0x000000009b400000| PB 0x000000009b400000| Complete 
| 437|0x000000009b500000, 0x000000009b600000, 0x000000009b600000|100%| E|CS|TAMS 0x000000009b500000| PB 0x000000009b500000| Complete 
| 438|0x000000009b600000, 0x000000009b700000, 0x000000009b700000|100%| E|CS|TAMS 0x000000009b600000| PB 0x000000009b600000| Complete 
| 439|0x000000009b700000, 0x000000009b800000, 0x000000009b800000|100%| E|CS|TAMS 0x000000009b700000| PB 0x000000009b700000| Complete 
| 440|0x000000009b800000, 0x000000009b900000, 0x000000009b900000|100%| E|CS|TAMS 0x000000009b800000| PB 0x000000009b800000| Complete 
| 441|0x000000009b900000, 0x000000009ba00000, 0x000000009ba00000|100%| E|CS|TAMS 0x000000009b900000| PB 0x000000009b900000| Complete 
| 442|0x000000009ba00000, 0x000000009bb00000, 0x000000009bb00000|100%| E|CS|TAMS 0x000000009ba00000| PB 0x000000009ba00000| Complete 
| 443|0x000000009bb00000, 0x000000009bc00000, 0x000000009bc00000|100%| E|CS|TAMS 0x000000009bb00000| PB 0x000000009bb00000| Complete 
| 444|0x000000009bc00000, 0x000000009bd00000, 0x000000009bd00000|100%| E|CS|TAMS 0x000000009bc00000| PB 0x000000009bc00000| Complete 
| 445|0x000000009bd00000, 0x000000009be00000, 0x000000009be00000|100%| E|CS|TAMS 0x000000009bd00000| PB 0x000000009bd00000| Complete 
| 446|0x000000009be00000, 0x000000009bf00000, 0x000000009bf00000|100%| E|CS|TAMS 0x000000009be00000| PB 0x000000009be00000| Complete 
| 447|0x000000009bf00000, 0x000000009c000000, 0x000000009c000000|100%| E|CS|TAMS 0x000000009bf00000| PB 0x000000009bf00000| Complete 
| 448|0x000000009c000000, 0x000000009c100000, 0x000000009c100000|100%| E|CS|TAMS 0x000000009c000000| PB 0x000000009c000000| Complete 
| 449|0x000000009c100000, 0x000000009c200000, 0x000000009c200000|100%| E|CS|TAMS 0x000000009c100000| PB 0x000000009c100000| Complete 
| 450|0x000000009c200000, 0x000000009c300000, 0x000000009c300000|100%| E|CS|TAMS 0x000000009c200000| PB 0x000000009c200000| Complete 
| 451|0x000000009c300000, 0x000000009c400000, 0x000000009c400000|100%| E|CS|TAMS 0x000000009c300000| PB 0x000000009c300000| Complete 
| 452|0x000000009c400000, 0x000000009c500000, 0x000000009c500000|100%| E|CS|TAMS 0x000000009c400000| PB 0x000000009c400000| Complete 
| 453|0x000000009c500000, 0x000000009c600000, 0x000000009c600000|100%| E|CS|TAMS 0x000000009c500000| PB 0x000000009c500000| Complete 
| 454|0x000000009c600000, 0x000000009c700000, 0x000000009c700000|100%| E|CS|TAMS 0x000000009c600000| PB 0x000000009c600000| Complete 
| 455|0x000000009c700000, 0x000000009c800000, 0x000000009c800000|100%| E|CS|TAMS 0x000000009c700000| PB 0x000000009c700000| Complete 
| 456|0x000000009c800000, 0x000000009c900000, 0x000000009c900000|100%| E|CS|TAMS 0x000000009c800000| PB 0x000000009c800000| Complete 
| 457|0x000000009c900000, 0x000000009ca00000, 0x000000009ca00000|100%| E|CS|TAMS 0x000000009c900000| PB 0x000000009c900000| Complete 
| 458|0x000000009ca00000, 0x000000009cb00000, 0x000000009cb00000|100%| E|CS|TAMS 0x000000009ca00000| PB 0x000000009ca00000| Complete 
| 459|0x000000009cb00000, 0x000000009cc00000, 0x000000009cc00000|100%| E|CS|TAMS 0x000000009cb00000| PB 0x000000009cb00000| Complete 
| 460|0x000000009cc00000, 0x000000009cd00000, 0x000000009cd00000|100%| E|CS|TAMS 0x000000009cc00000| PB 0x000000009cc00000| Complete 
| 461|0x000000009cd00000, 0x000000009ce00000, 0x000000009ce00000|100%| E|CS|TAMS 0x000000009cd00000| PB 0x000000009cd00000| Complete 
| 462|0x000000009ce00000, 0x000000009cf00000, 0x000000009cf00000|100%| E|CS|TAMS 0x000000009ce00000| PB 0x000000009ce00000| Complete 
| 463|0x000000009cf00000, 0x000000009d000000, 0x000000009d000000|100%| E|CS|TAMS 0x000000009cf00000| PB 0x000000009cf00000| Complete 
| 464|0x000000009d000000, 0x000000009d100000, 0x000000009d100000|100%| E|CS|TAMS 0x000000009d000000| PB 0x000000009d000000| Complete 
| 465|0x000000009d100000, 0x000000009d200000, 0x000000009d200000|100%| E|CS|TAMS 0x000000009d100000| PB 0x000000009d100000| Complete 
| 466|0x000000009d200000, 0x000000009d300000, 0x000000009d300000|100%| E|CS|TAMS 0x000000009d200000| PB 0x000000009d200000| Complete 
| 467|0x000000009d300000, 0x000000009d400000, 0x000000009d400000|100%| E|CS|TAMS 0x000000009d300000| PB 0x000000009d300000| Complete 
| 468|0x000000009d400000, 0x000000009d500000, 0x000000009d500000|100%| E|CS|TAMS 0x000000009d400000| PB 0x000000009d400000| Complete 
| 469|0x000000009d500000, 0x000000009d600000, 0x000000009d600000|100%| E|CS|TAMS 0x000000009d500000| PB 0x000000009d500000| Complete 
| 470|0x000000009d600000, 0x000000009d700000, 0x000000009d700000|100%| E|CS|TAMS 0x000000009d600000| PB 0x000000009d600000| Complete 
| 471|0x000000009d700000, 0x000000009d800000, 0x000000009d800000|100%| E|CS|TAMS 0x000000009d700000| PB 0x000000009d700000| Complete 
| 472|0x000000009d800000, 0x000000009d900000, 0x000000009d900000|100%| E|CS|TAMS 0x000000009d800000| PB 0x000000009d800000| Complete 
| 473|0x000000009d900000, 0x000000009da00000, 0x000000009da00000|100%| E|CS|TAMS 0x000000009d900000| PB 0x000000009d900000| Complete 
| 474|0x000000009da00000, 0x000000009db00000, 0x000000009db00000|100%| E|CS|TAMS 0x000000009da00000| PB 0x000000009da00000| Complete 
| 475|0x000000009db00000, 0x000000009dc00000, 0x000000009dc00000|100%| E|CS|TAMS 0x000000009db00000| PB 0x000000009db00000| Complete 
| 476|0x000000009dc00000, 0x000000009dd00000, 0x000000009dd00000|100%| E|CS|TAMS 0x000000009dc00000| PB 0x000000009dc00000| Complete 
| 477|0x000000009dd00000, 0x000000009de00000, 0x000000009de00000|100%| E|CS|TAMS 0x000000009dd00000| PB 0x000000009dd00000| Complete 
| 478|0x000000009de00000, 0x000000009df00000, 0x000000009df00000|100%| E|CS|TAMS 0x000000009de00000| PB 0x000000009de00000| Complete 
| 479|0x000000009df00000, 0x000000009e000000, 0x000000009e000000|100%| E|CS|TAMS 0x000000009df00000| PB 0x000000009df00000| Complete 
| 480|0x000000009e000000, 0x000000009e100000, 0x000000009e100000|100%| E|CS|TAMS 0x000000009e000000| PB 0x000000009e000000| Complete 
| 481|0x000000009e100000, 0x000000009e200000, 0x000000009e200000|100%| E|CS|TAMS 0x000000009e100000| PB 0x000000009e100000| Complete 
| 482|0x000000009e200000, 0x000000009e300000, 0x000000009e300000|100%| E|CS|TAMS 0x000000009e200000| PB 0x000000009e200000| Complete 
| 483|0x000000009e300000, 0x000000009e400000, 0x000000009e400000|100%| E|CS|TAMS 0x000000009e300000| PB 0x000000009e300000| Complete 
| 484|0x000000009e400000, 0x000000009e500000, 0x000000009e500000|100%| E|CS|TAMS 0x000000009e400000| PB 0x000000009e400000| Complete 
| 485|0x000000009e500000, 0x000000009e600000, 0x000000009e600000|100%| E|CS|TAMS 0x000000009e500000| PB 0x000000009e500000| Complete 
| 486|0x000000009e600000, 0x000000009e700000, 0x000000009e700000|100%| E|CS|TAMS 0x000000009e600000| PB 0x000000009e600000| Complete 
| 487|0x000000009e700000, 0x000000009e800000, 0x000000009e800000|100%| E|CS|TAMS 0x000000009e700000| PB 0x000000009e700000| Complete 
| 488|0x000000009e800000, 0x000000009e900000, 0x000000009e900000|100%| E|CS|TAMS 0x000000009e800000| PB 0x000000009e800000| Complete 
| 489|0x000000009e900000, 0x000000009ea00000, 0x000000009ea00000|100%| E|CS|TAMS 0x000000009e900000| PB 0x000000009e900000| Complete 
| 490|0x000000009ea00000, 0x000000009eb00000, 0x000000009eb00000|100%| E|CS|TAMS 0x000000009ea00000| PB 0x000000009ea00000| Complete 
| 491|0x000000009eb00000, 0x000000009ec00000, 0x000000009ec00000|100%| E|CS|TAMS 0x000000009eb00000| PB 0x000000009eb00000| Complete 
| 492|0x000000009ec00000, 0x000000009ed00000, 0x000000009ed00000|100%| E|CS|TAMS 0x000000009ec00000| PB 0x000000009ec00000| Complete 
| 493|0x000000009ed00000, 0x000000009ee00000, 0x000000009ee00000|100%| E|CS|TAMS 0x000000009ed00000| PB 0x000000009ed00000| Complete 
| 494|0x000000009ee00000, 0x000000009ef00000, 0x000000009ef00000|100%| E|CS|TAMS 0x000000009ee00000| PB 0x000000009ee00000| Complete 
| 495|0x000000009ef00000, 0x000000009f000000, 0x000000009f000000|100%| E|CS|TAMS 0x000000009ef00000| PB 0x000000009ef00000| Complete 
| 496|0x000000009f000000, 0x000000009f100000, 0x000000009f100000|100%| E|CS|TAMS 0x000000009f000000| PB 0x000000009f000000| Complete 
| 497|0x000000009f100000, 0x000000009f200000, 0x000000009f200000|100%| E|CS|TAMS 0x000000009f100000| PB 0x000000009f100000| Complete 
| 498|0x000000009f200000, 0x000000009f300000, 0x000000009f300000|100%| E|CS|TAMS 0x000000009f200000| PB 0x000000009f200000| Complete 
| 499|0x000000009f300000, 0x000000009f400000, 0x000000009f400000|100%| E|CS|TAMS 0x000000009f300000| PB 0x000000009f300000| Complete 
| 500|0x000000009f400000, 0x000000009f500000, 0x000000009f500000|100%| E|CS|TAMS 0x000000009f400000| PB 0x000000009f400000| Complete 
| 501|0x000000009f500000, 0x000000009f600000, 0x000000009f600000|100%| E|CS|TAMS 0x000000009f500000| PB 0x000000009f500000| Complete 
| 502|0x000000009f600000, 0x000000009f700000, 0x000000009f700000|100%| E|CS|TAMS 0x000000009f600000| PB 0x000000009f600000| Complete 
| 503|0x000000009f700000, 0x000000009f800000, 0x000000009f800000|100%| E|CS|TAMS 0x000000009f700000| PB 0x000000009f700000| Complete 
| 504|0x000000009f800000, 0x000000009f900000, 0x000000009f900000|100%| E|CS|TAMS 0x000000009f800000| PB 0x000000009f800000| Complete 
| 505|0x000000009f900000, 0x000000009fa00000, 0x000000009fa00000|100%| E|CS|TAMS 0x000000009f900000| PB 0x000000009f900000| Complete 
| 506|0x000000009fa00000, 0x000000009fb00000, 0x000000009fb00000|100%| E|CS|TAMS 0x000000009fa00000| PB 0x000000009fa00000| Complete 
| 507|0x000000009fb00000, 0x000000009fc00000, 0x000000009fc00000|100%| E|CS|TAMS 0x000000009fb00000| PB 0x000000009fb00000| Complete 
| 508|0x000000009fc00000, 0x000000009fd00000, 0x000000009fd00000|100%| E|CS|TAMS 0x000000009fc00000| PB 0x000000009fc00000| Complete 
| 509|0x000000009fd00000, 0x000000009fe00000, 0x000000009fe00000|100%| E|CS|TAMS 0x000000009fd00000| PB 0x000000009fd00000| Complete 
| 510|0x000000009fe00000, 0x000000009ff00000, 0x000000009ff00000|100%| E|CS|TAMS 0x000000009fe00000| PB 0x000000009fe00000| Complete 
| 511|0x000000009ff00000, 0x00000000a0000000, 0x00000000a0000000|100%| E|CS|TAMS 0x000000009ff00000| PB 0x000000009ff00000| Complete 
| 512|0x00000000a0000000, 0x00000000a0100000, 0x00000000a0100000|100%| E|CS|TAMS 0x00000000a0000000| PB 0x00000000a0000000| Complete 
| 513|0x00000000a0100000, 0x00000000a0200000, 0x00000000a0200000|100%| E|CS|TAMS 0x00000000a0100000| PB 0x00000000a0100000| Complete 
| 514|0x00000000a0200000, 0x00000000a0300000, 0x00000000a0300000|100%| E|CS|TAMS 0x00000000a0200000| PB 0x00000000a0200000| Complete 
| 515|0x00000000a0300000, 0x00000000a0400000, 0x00000000a0400000|100%| E|CS|TAMS 0x00000000a0300000| PB 0x00000000a0300000| Complete 
| 516|0x00000000a0400000, 0x00000000a049f4c0, 0x00000000a0500000| 62%| S|CS|TAMS 0x00000000a0400000| PB 0x00000000a0400000| Complete 
| 517|0x00000000a0500000, 0x00000000a0600000, 0x00000000a0600000|100%| S|CS|TAMS 0x00000000a0500000| PB 0x00000000a0500000| Complete 
| 518|0x00000000a0600000, 0x00000000a0700000, 0x00000000a0700000|100%| S|CS|TAMS 0x00000000a0600000| PB 0x00000000a0600000| Complete 
| 519|0x00000000a0700000, 0x00000000a0800000, 0x00000000a0800000|100%| S|CS|TAMS 0x00000000a0700000| PB 0x00000000a0700000| Complete 
| 520|0x00000000a0800000, 0x00000000a0900000, 0x00000000a0900000|100%| E|CS|TAMS 0x00000000a0800000| PB 0x00000000a0800000| Complete 
| 521|0x00000000a0900000, 0x00000000a0a00000, 0x00000000a0a00000|100%| E|CS|TAMS 0x00000000a0900000| PB 0x00000000a0900000| Complete 
| 522|0x00000000a0a00000, 0x00000000a0b00000, 0x00000000a0b00000|100%| E|CS|TAMS 0x00000000a0a00000| PB 0x00000000a0a00000| Complete 
| 523|0x00000000a0b00000, 0x00000000a0c00000, 0x00000000a0c00000|100%| E|CS|TAMS 0x00000000a0b00000| PB 0x00000000a0b00000| Complete 
| 524|0x00000000a0c00000, 0x00000000a0d00000, 0x00000000a0d00000|100%| E|CS|TAMS 0x00000000a0c00000| PB 0x00000000a0c00000| Complete 
| 525|0x00000000a0d00000, 0x00000000a0e00000, 0x00000000a0e00000|100%| E|CS|TAMS 0x00000000a0d00000| PB 0x00000000a0d00000| Complete 
| 526|0x00000000a0e00000, 0x00000000a0f00000, 0x00000000a0f00000|100%| E|CS|TAMS 0x00000000a0e00000| PB 0x00000000a0e00000| Complete 
| 527|0x00000000a0f00000, 0x00000000a1000000, 0x00000000a1000000|100%| E|CS|TAMS 0x00000000a0f00000| PB 0x00000000a0f00000| Complete 
| 719|0x00000000acf00000, 0x00000000ad000000, 0x00000000ad000000|100%| E|CS|TAMS 0x00000000acf00000| PB 0x00000000acf00000| Complete 
| 720|0x00000000ad000000, 0x00000000ad100000, 0x00000000ad100000|100%| E|CS|TAMS 0x00000000ad000000| PB 0x00000000ad000000| Complete 
| 721|0x00000000ad100000, 0x00000000ad200000, 0x00000000ad200000|100%| E|CS|TAMS 0x00000000ad100000| PB 0x00000000ad100000| Complete 
| 722|0x00000000ad200000, 0x00000000ad300000, 0x00000000ad300000|100%| E|CS|TAMS 0x00000000ad200000| PB 0x00000000ad200000| Complete 
| 723|0x00000000ad300000, 0x00000000ad400000, 0x00000000ad400000|100%| E|CS|TAMS 0x00000000ad300000| PB 0x00000000ad300000| Complete 
| 724|0x00000000ad400000, 0x00000000ad500000, 0x00000000ad500000|100%| E|CS|TAMS 0x00000000ad400000| PB 0x00000000ad400000| Complete 
| 725|0x00000000ad500000, 0x00000000ad600000, 0x00000000ad600000|100%| E|CS|TAMS 0x00000000ad500000| PB 0x00000000ad500000| Complete 
| 726|0x00000000ad600000, 0x00000000ad700000, 0x00000000ad700000|100%| E|CS|TAMS 0x00000000ad600000| PB 0x00000000ad600000| Complete 
| 727|0x00000000ad700000, 0x00000000ad800000, 0x00000000ad800000|100%| E|CS|TAMS 0x00000000ad700000| PB 0x00000000ad700000| Complete 
| 728|0x00000000ad800000, 0x00000000ad900000, 0x00000000ad900000|100%| E|CS|TAMS 0x00000000ad800000| PB 0x00000000ad800000| Complete 
| 729|0x00000000ad900000, 0x00000000ada00000, 0x00000000ada00000|100%| E|CS|TAMS 0x00000000ad900000| PB 0x00000000ad900000| Complete 
| 730|0x00000000ada00000, 0x00000000adb00000, 0x00000000adb00000|100%| E|CS|TAMS 0x00000000ada00000| PB 0x00000000ada00000| Complete 
| 731|0x00000000adb00000, 0x00000000adc00000, 0x00000000adc00000|100%| E|CS|TAMS 0x00000000adb00000| PB 0x00000000adb00000| Complete 
| 732|0x00000000adc00000, 0x00000000add00000, 0x00000000add00000|100%| E|CS|TAMS 0x00000000adc00000| PB 0x00000000adc00000| Complete 
| 733|0x00000000add00000, 0x00000000ade00000, 0x00000000ade00000|100%| E|CS|TAMS 0x00000000add00000| PB 0x00000000add00000| Complete 
| 734|0x00000000ade00000, 0x00000000adf00000, 0x00000000adf00000|100%| E|CS|TAMS 0x00000000ade00000| PB 0x00000000ade00000| Complete 
| 735|0x00000000adf00000, 0x00000000ae000000, 0x00000000ae000000|100%| E|CS|TAMS 0x00000000adf00000| PB 0x00000000adf00000| Complete 
| 736|0x00000000ae000000, 0x00000000ae100000, 0x00000000ae100000|100%| E|CS|TAMS 0x00000000ae000000| PB 0x00000000ae000000| Complete 
| 737|0x00000000ae100000, 0x00000000ae200000, 0x00000000ae200000|100%| E|CS|TAMS 0x00000000ae100000| PB 0x00000000ae100000| Complete 
| 738|0x00000000ae200000, 0x00000000ae300000, 0x00000000ae300000|100%| E|CS|TAMS 0x00000000ae200000| PB 0x00000000ae200000| Complete 
| 739|0x00000000ae300000, 0x00000000ae400000, 0x00000000ae400000|100%| E|CS|TAMS 0x00000000ae300000| PB 0x00000000ae300000| Complete 
| 740|0x00000000ae400000, 0x00000000ae500000, 0x00000000ae500000|100%| E|CS|TAMS 0x00000000ae400000| PB 0x00000000ae400000| Complete 
| 741|0x00000000ae500000, 0x00000000ae600000, 0x00000000ae600000|100%| E|CS|TAMS 0x00000000ae500000| PB 0x00000000ae500000| Complete 
| 742|0x00000000ae600000, 0x00000000ae700000, 0x00000000ae700000|100%| E|CS|TAMS 0x00000000ae600000| PB 0x00000000ae600000| Complete 
| 743|0x00000000ae700000, 0x00000000ae800000, 0x00000000ae800000|100%| E|CS|TAMS 0x00000000ae700000| PB 0x00000000ae700000| Complete 
| 744|0x00000000ae800000, 0x00000000ae900000, 0x00000000ae900000|100%| E|CS|TAMS 0x00000000ae800000| PB 0x00000000ae800000| Complete 
| 745|0x00000000ae900000, 0x00000000aea00000, 0x00000000aea00000|100%| E|CS|TAMS 0x00000000ae900000| PB 0x00000000ae900000| Complete 
| 746|0x00000000aea00000, 0x00000000aeb00000, 0x00000000aeb00000|100%| E|CS|TAMS 0x00000000aea00000| PB 0x00000000aea00000| Complete 
| 747|0x00000000aeb00000, 0x00000000aec00000, 0x00000000aec00000|100%| E|CS|TAMS 0x00000000aeb00000| PB 0x00000000aeb00000| Complete 
| 748|0x00000000aec00000, 0x00000000aed00000, 0x00000000aed00000|100%| E|CS|TAMS 0x00000000aec00000| PB 0x00000000aec00000| Complete 
| 749|0x00000000aed00000, 0x00000000aee00000, 0x00000000aee00000|100%| E|CS|TAMS 0x00000000aed00000| PB 0x00000000aed00000| Complete 
| 750|0x00000000aee00000, 0x00000000aef00000, 0x00000000aef00000|100%| E|CS|TAMS 0x00000000aee00000| PB 0x00000000aee00000| Complete 
|2034|0x00000000ff200000, 0x00000000ff300000, 0x00000000ff300000|100%| O|  |TAMS 0x00000000ff200000| PB 0x00000000ff200000| Untracked 
|2035|0x00000000ff300000, 0x00000000ff400000, 0x00000000ff400000|100%| O|Cm|TAMS 0x00000000ff300000| PB 0x00000000ff300000| Complete 
|2036|0x00000000ff400000, 0x00000000ff500000, 0x00000000ff500000|100%| O|  |TAMS 0x00000000ff400000| PB 0x00000000ff400000| Untracked 
|2037|0x00000000ff500000, 0x00000000ff600000, 0x00000000ff600000|100%| O|  |TAMS 0x00000000ff500000| PB 0x00000000ff500000| Untracked 
|2038|0x00000000ff600000, 0x00000000ff700000, 0x00000000ff700000|100%| O|  |TAMS 0x00000000ff600000| PB 0x00000000ff600000| Untracked 
|2039|0x00000000ff700000, 0x00000000ff800000, 0x00000000ff800000|100%| E|CS|TAMS 0x00000000ff700000| PB 0x00000000ff700000| Complete 
|2040|0x00000000ff800000, 0x00000000ff900000, 0x00000000ff900000|100%| O|  |TAMS 0x00000000ff800000| PB 0x00000000ff800000| Untracked 
|2041|0x00000000ff900000, 0x00000000ffa00000, 0x00000000ffa00000|100%| O|  |TAMS 0x00000000ff900000| PB 0x00000000ff900000| Untracked 
|2042|0x00000000ffa00000, 0x00000000ffb00000, 0x00000000ffb00000|100%| O|  |TAMS 0x00000000ffa00000| PB 0x00000000ffa00000| Untracked 
|2043|0x00000000ffb00000, 0x00000000ffc00000, 0x00000000ffc00000|100%| O|  |TAMS 0x00000000ffb00000| PB 0x00000000ffb00000| Untracked 
|2044|0x00000000ffc00000, 0x00000000ffd00000, 0x00000000ffd00000|100%| O|  |TAMS 0x00000000ffc00000| PB 0x00000000ffc00000| Untracked 
|2045|0x00000000ffd00000, 0x00000000ffe00000, 0x00000000ffe00000|100%| E|CS|TAMS 0x00000000ffd00000| PB 0x00000000ffd00000| Complete 
|2046|0x00000000ffe00000, 0x00000000fff00000, 0x00000000fff00000|100%| O|  |TAMS 0x00000000ffe00000| PB 0x00000000ffe00000| Untracked 
|2047|0x00000000fff00000, 0x0000000100000000, 0x0000000100000000|100%| O|  |TAMS 0x00000000fff00000| PB 0x00000000fff00000| Untracked 

Card table byte_map: [0x000001e05b260000,0x000001e05b660000] _byte_map_base: 0x000001e05ae60000

Marking Bits: (CMBitMap*) 0x000001e0487e5fa0
 Bits: [0x000001e05b660000, 0x000001e05d660000)

Polling page: 0x000001e0465b0000

Metaspace:

Usage:
  Non-class:    123.15 MB used.
      Class:     19.49 MB used.
       Both:    142.64 MB used.

Virtual space:
  Non-class space:      128.00 MB reserved,     124.31 MB ( 97%) committed,  2 nodes.
      Class space:        1.00 GB reserved,      20.56 MB (  2%) committed,  1 nodes.
             Both:        1.12 GB reserved,     144.88 MB ( 13%) committed. 

Chunk freelists:
   Non-Class:  3.30 MB
       Class:  11.44 MB
        Both:  14.74 MB

MaxMetaspaceSize: unlimited
CompressedClassSpaceSize: 1.00 GB
Initial GC threshold: 21.00 MB
Current GC threshold: 235.31 MB
CDS: off
 - commit_granule_bytes: 65536.
 - commit_granule_words: 8192.
 - virtual_space_node_default_size: 8388608.
 - enlarge_chunks_in_place: 1.
 - use_allocation_guard: 0.


Internal statistics:

num_allocs_failed_limit: 9.
num_arena_births: 4668.
num_arena_deaths: 0.
num_vsnodes_births: 3.
num_vsnodes_deaths: 0.
num_space_committed: 2317.
num_space_uncommitted: 0.
num_chunks_returned_to_freelist: 9.
num_chunks_taken_from_freelist: 10957.
num_chunk_merges: 6.
num_chunk_splits: 7213.
num_chunks_enlarged: 4567.
num_inconsistent_stats: 0.

CodeHeap 'non-profiled nmethods': size=120000Kb used=10713Kb max_used=10713Kb free=109286Kb
 bounds [0x000001e0533c0000, 0x000001e053e40000, 0x000001e05a8f0000]
CodeHeap 'profiled nmethods': size=120000Kb used=27488Kb max_used=27488Kb free=92511Kb
 bounds [0x000001e04b8f0000, 0x000001e04d3d0000, 0x000001e052e20000]
CodeHeap 'non-nmethods': size=5760Kb used=2862Kb max_used=2904Kb free=2897Kb
 bounds [0x000001e052e20000, 0x000001e053110000, 0x000001e0533c0000]
CodeCache: size=245760Kb, used=41063Kb, max_used=41105Kb, free=204694Kb
 total_blobs=15658, nmethods=14542, adapters=1019, full_count=0
Compilation: enabled, stopped_count=0, restarted_count=0

Compilation events (20 events):
Event: 793.705 Thread 0x000001e0604e13e0 17412       3       kotlin.reflect.jvm.internal.calls.CallerImpl::checkArguments (6 bytes)
Event: 793.705 Thread 0x000001e0604e13e0 nmethod 17412 0x000001e04d3c0890 code [0x000001e04d3c0a40, 0x000001e04d3c0b78]
Event: 793.705 Thread 0x000001e0604e13e0 17413       3       kotlin.reflect.jvm.internal.calls.Caller$DefaultImpls::checkArguments (61 bytes)
Event: 793.726 Thread 0x000001e0604e13e0 nmethod 17413 0x000001e04d3c0c10 code [0x000001e04d3c1020, 0x000001e04d3c2878]
Event: 793.726 Thread 0x000001e0604e13e0 17414       3       kotlin.reflect.jvm.internal.calls.CallerKt::getArity (18 bytes)
Event: 793.730 Thread 0x000001e0604e13e0 nmethod 17414 0x000001e04d3c3190 code [0x000001e04d3c33c0, 0x000001e04d3c3a90]
Event: 793.730 Thread 0x000001e0604e13e0 17415       3       kotlin.reflect.jvm.internal.KProperty1Impl::get (18 bytes)
Event: 793.767 Thread 0x000001e0604e13e0 nmethod 17415 0x000001e04d3c3d90 code [0x000001e04d3c3f80, 0x000001e04d3c45b8]
Event: 794.171 Thread 0x000001e0604e13e0 17419       3       org.jetbrains.kotlin.gradle.plugin.PropertiesProvider::booleanProperty (21 bytes)
Event: 794.935 Thread 0x000001e0604e13e0 nmethod 17419 0x000001e04d3c4790 code [0x000001e04d3c4b20, 0x000001e04d3c5f40]
Event: 794.935 Thread 0x000001e0604e13e0 17420   !   3       org.gradle.internal.Describables$MemoizingDescribable::getDisplayName (58 bytes)
Event: 795.058 Thread 0x000001e0604e13e0 nmethod 17420 0x000001e04d3c6610 code [0x000001e04d3c67e0, 0x000001e04d3c6cc0]
Event: 797.256 Thread 0x000001e0604e13e0 17427       3       org.gradle.api.internal.plugins.DefaultPluginContainer$1::apply (9 bytes)
Event: 797.260 Thread 0x000001e0604e13e0 nmethod 17427 0x000001e04d3c6e10 code [0x000001e04d3c7000, 0x000001e04d3c7728]
Event: 797.260 Thread 0x000001e0604e13e0 17428       3       org.gradle.api.internal.plugins.DefaultPluginContainer$1::apply (17 bytes)
Event: 797.260 Thread 0x000001e0604e13e0 nmethod 17428 0x000001e04d3c7910 code [0x000001e04d3c7b00, 0x000001e04d3c80c8]
Event: 797.277 Thread 0x000001e0604dfd20 17429       4       java.lang.invoke.LambdaFormEditor::bindArgumentType (101 bytes)
Event: 797.280 Thread 0x000001e0604dfd20 nmethod 17429 0x000001e053e33090 code [0x000001e053e33220, 0x000001e053e33318]
Event: 797.524 Thread 0x000001e0604dfd20 17431       4       java.lang.invoke.LambdaFormEditor::bindArgumentForm (255 bytes)
Event: 797.567 Thread 0x000001e0604dfd20 nmethod 17431 0x000001e053e33710 code [0x000001e053e33a80, 0x000001e053e34d68]

GC Heap History (20 events):
Event: 343.616 GC heap before
{Heap before GC invocations=55 (full 0):
 garbage-first heap   total 260096K, used 218627K [0x0000000080000000, 0x0000000100000000)
  region size 1024K, 67 young (68608K), 5 survivors (5120K)
 Metaspace       used 129916K, committed 132160K, reserved 1179648K
  class space    used 18019K, committed 19136K, reserved 1048576K
}
Event: 343.813 GC heap after
{Heap after GC invocations=56 (full 0):
 garbage-first heap   total 260096K, used 155506K [0x0000000080000000, 0x0000000100000000)
  region size 1024K, 6 young (6144K), 6 survivors (6144K)
 Metaspace       used 129916K, committed 132160K, reserved 1179648K
  class space    used 18019K, committed 19136K, reserved 1048576K
}
Event: 344.864 GC heap before
{Heap before GC invocations=56 (full 0):
 garbage-first heap   total 260096K, used 240498K [0x0000000080000000, 0x0000000100000000)
  region size 1024K, 89 young (91136K), 6 survivors (6144K)
 Metaspace       used 129916K, committed 132160K, reserved 1179648K
  class space    used 18019K, committed 19136K, reserved 1048576K
}
Event: 344.928 GC heap after
{Heap after GC invocations=57 (full 0):
 garbage-first heap   total 260096K, used 157651K [0x0000000080000000, 0x0000000100000000)
  region size 1024K, 8 young (8192K), 8 survivors (8192K)
 Metaspace       used 129916K, committed 132160K, reserved 1179648K
  class space    used 18019K, committed 19136K, reserved 1048576K
}
Event: 345.766 GC heap before
{Heap before GC invocations=57 (full 0):
 garbage-first heap   total 260096K, used 241619K [0x0000000080000000, 0x0000000100000000)
  region size 1024K, 90 young (92160K), 8 survivors (8192K)
 Metaspace       used 129916K, committed 132160K, reserved 1179648K
  class space    used 18019K, committed 19136K, reserved 1048576K
}
Event: 345.811 GC heap after
{Heap after GC invocations=58 (full 0):
 garbage-first heap   total 260096K, used 159512K [0x0000000080000000, 0x0000000100000000)
  region size 1024K, 10 young (10240K), 10 survivors (10240K)
 Metaspace       used 129916K, committed 132160K, reserved 1179648K
  class space    used 18019K, committed 19136K, reserved 1048576K
}
Event: 428.351 GC heap before
{Heap before GC invocations=58 (full 0):
 garbage-first heap   total 260096K, used 241432K [0x0000000080000000, 0x0000000100000000)
  region size 1024K, 91 young (93184K), 10 survivors (10240K)
 Metaspace       used 130432K, committed 132672K, reserved 1179648K
  class space    used 18083K, committed 19200K, reserved 1048576K
}
Event: 428.538 GC heap after
{Heap after GC invocations=59 (full 0):
 garbage-first heap   total 260096K, used 157265K [0x0000000080000000, 0x0000000100000000)
  region size 1024K, 5 young (5120K), 5 survivors (5120K)
 Metaspace       used 130432K, committed 132672K, reserved 1179648K
  class space    used 18083K, committed 19200K, reserved 1048576K
}
Event: 538.317 GC heap before
{Heap before GC invocations=60 (full 0):
 garbage-first heap   total 265216K, used 243281K [0x0000000080000000, 0x0000000100000000)
  region size 1024K, 88 young (90112K), 5 survivors (5120K)
 Metaspace       used 139189K, committed 141440K, reserved 1179648K
  class space    used 19230K, committed 20352K, reserved 1048576K
}
Event: 538.804 GC heap after
{Heap after GC invocations=61 (full 0):
 garbage-first heap   total 265216K, used 160049K [0x0000000080000000, 0x0000000100000000)
  region size 1024K, 8 young (8192K), 8 survivors (8192K)
 Metaspace       used 139189K, committed 141440K, reserved 1179648K
  class space    used 19230K, committed 20352K, reserved 1048576K
}
Event: 551.934 GC heap before
{Heap before GC invocations=61 (full 0):
 garbage-first heap   total 265216K, used 248113K [0x0000000080000000, 0x0000000100000000)
  region size 1024K, 94 young (96256K), 8 survivors (8192K)
 Metaspace       used 142269K, committed 144576K, reserved 1179648K
  class space    used 19524K, committed 20672K, reserved 1048576K
}
Event: 552.019 GC heap after
{Heap after GC invocations=62 (full 0):
 garbage-first heap   total 270336K, used 170286K [0x0000000080000000, 0x0000000100000000)
  region size 1024K, 12 young (12288K), 12 survivors (12288K)
 Metaspace       used 142269K, committed 144576K, reserved 1179648K
  class space    used 19524K, committed 20672K, reserved 1048576K
}
Event: 552.021 GC heap before
{Heap before GC invocations=62 (full 0):
 garbage-first heap   total 270336K, used 171310K [0x0000000080000000, 0x0000000100000000)
  region size 1024K, 13 young (13312K), 12 survivors (12288K)
 Metaspace       used 142269K, committed 144576K, reserved 1179648K
  class space    used 19524K, committed 20672K, reserved 1048576K
}
Event: 552.063 GC heap after
{Heap after GC invocations=63 (full 0):
 garbage-first heap   total 270336K, used 173289K [0x0000000080000000, 0x0000000100000000)
  region size 1024K, 2 young (2048K), 2 survivors (2048K)
 Metaspace       used 142269K, committed 144576K, reserved 1179648K
  class space    used 19524K, committed 20672K, reserved 1048576K
}
Event: 552.243 GC heap before
{Heap before GC invocations=63 (full 0):
 garbage-first heap   total 270336K, used 199913K [0x0000000080000000, 0x0000000100000000)
  region size 1024K, 29 young (29696K), 2 survivors (2048K)
 Metaspace       used 142272K, committed 144576K, reserved 1179648K
  class space    used 19524K, committed 20672K, reserved 1048576K
}
Event: 552.256 GC heap after
{Heap after GC invocations=64 (full 0):
 garbage-first heap   total 783360K, used 174988K [0x0000000080000000, 0x0000000100000000)
  region size 1024K, 4 young (4096K), 4 survivors (4096K)
 Metaspace       used 142272K, committed 144576K, reserved 1179648K
  class space    used 19524K, committed 20672K, reserved 1048576K
}
Event: 552.679 GC heap before
{Heap before GC invocations=64 (full 0):
 garbage-first heap   total 587776K, used 209804K [0x0000000080000000, 0x0000000100000000)
  region size 1024K, 38 young (38912K), 4 survivors (4096K)
 Metaspace       used 142287K, committed 144576K, reserved 1179648K
  class space    used 19524K, committed 20672K, reserved 1048576K
}
Event: 552.685 GC heap after
{Heap after GC invocations=65 (full 0):
 garbage-first heap   total 587776K, used 176476K [0x0000000080000000, 0x0000000100000000)
  region size 1024K, 4 young (4096K), 4 survivors (4096K)
 Metaspace       used 142287K, committed 144576K, reserved 1179648K
  class space    used 19524K, committed 20672K, reserved 1048576K
}
Event: 552.931 GC heap before
{Heap before GC invocations=66 (full 0):
 garbage-first heap   total 587776K, used 215388K [0x0000000080000000, 0x0000000100000000)
  region size 1024K, 42 young (43008K), 4 survivors (4096K)
 Metaspace       used 142316K, committed 144640K, reserved 1179648K
  class space    used 19528K, committed 20672K, reserved 1048576K
}
Event: 552.937 GC heap after
{Heap after GC invocations=67 (full 0):
 garbage-first heap   total 587776K, used 177965K [0x0000000080000000, 0x0000000100000000)
  region size 1024K, 4 young (4096K), 4 survivors (4096K)
 Metaspace       used 142316K, committed 144640K, reserved 1179648K
  class space    used 19528K, committed 20672K, reserved 1048576K
}

Dll operation events (3 events):
Event: 0.037 Loaded shared library C:\Program Files\Android\Android Studio\jbr\bin\java.dll
Event: 0.057 Loaded shared library C:\Program Files\Android\Android Studio\jbr\bin\zip.dll
Event: 2.738 Loaded shared library C:\Program Files\Android\Android Studio\jbr\bin\verify.dll

Deoptimization events (20 events):
Event: 745.190 Thread 0x000001e0665b20f0 Uncommon trap: trap_request=0xffffff45 fr.pc=0x000001e0537d2458 relative=0x0000000000000598
Event: 745.191 Thread 0x000001e0665b20f0 Uncommon trap: reason=unstable_if action=reinterpret pc=0x000001e0537d2458 method=java.lang.reflect.Method.isCallerSensitive()Z @ 29 c2
Event: 745.191 Thread 0x000001e0665b20f0 DEOPT PACKING pc=0x000001e0537d2458 sp=0x0000005cc49f6a90
Event: 745.191 Thread 0x000001e0665b20f0 DEOPT UNPACKING pc=0x000001e052e743a2 sp=0x0000005cc49f6a60 mode 2
Event: 745.217 Thread 0x000001e0665b20f0 Uncommon trap: trap_request=0xffffff45 fr.pc=0x000001e0537bc9e8 relative=0x0000000000000e28
Event: 745.217 Thread 0x000001e0665b20f0 Uncommon trap: reason=unstable_if action=reinterpret pc=0x000001e0537bc9e8 method=java.lang.invoke.MemberName.isResolved()Z @ 4 c2
Event: 745.217 Thread 0x000001e0665b20f0 DEOPT PACKING pc=0x000001e0537bc9e8 sp=0x0000005cc49f66b0
Event: 745.217 Thread 0x000001e0665b20f0 DEOPT UNPACKING pc=0x000001e052e743a2 sp=0x0000005cc49f6610 mode 2
Event: 787.326 Thread 0x000001e0665b20f0 Uncommon trap: trap_request=0xffffff45 fr.pc=0x000001e053b84b64 relative=0x0000000000000044
Event: 787.326 Thread 0x000001e0665b20f0 Uncommon trap: reason=unstable_if action=reinterpret pc=0x000001e053b84b64 method=kotlin.jvm.internal.Intrinsics.checkNotNull(Ljava/lang/Object;Ljava/lang/String;)V @ 1 c2
Event: 787.326 Thread 0x000001e0665b20f0 DEOPT PACKING pc=0x000001e053b84b64 sp=0x0000005cc49f9090
Event: 787.326 Thread 0x000001e0665b20f0 DEOPT UNPACKING pc=0x000001e052e743a2 sp=0x0000005cc49f9030 mode 2
Event: 793.494 Thread 0x000001e0665b20f0 Uncommon trap: trap_request=0xffffff45 fr.pc=0x000001e053d14ec4 relative=0x0000000000000364
Event: 793.495 Thread 0x000001e0665b20f0 Uncommon trap: reason=unstable_if action=reinterpret pc=0x000001e053d14ec4 method=com.google.common.cache.LocalCache$Segment.expireEntries(J)V @ 84 c2
Event: 793.495 Thread 0x000001e0665b20f0 DEOPT PACKING pc=0x000001e053d14ec4 sp=0x0000005cc49f6b80
Event: 793.495 Thread 0x000001e0665b20f0 DEOPT UNPACKING pc=0x000001e052e743a2 sp=0x0000005cc49f6a80 mode 2
Event: 796.277 Thread 0x000001e0665b20f0 Uncommon trap: trap_request=0xffffffc6 fr.pc=0x000001e053db77d8 relative=0x00000000000020b8
Event: 796.282 Thread 0x000001e0665b20f0 Uncommon trap: reason=bimorphic_or_optimized_type_check action=maybe_recompile pc=0x000001e053db77d8 method=kotlin.collections.CollectionsKt___CollectionsKt.joinTo(Ljava/lang/Iterable;Ljava/lang/Appendable;Ljava/lang/CharSequence;Ljava/lang/CharSequence;L
Event: 796.302 Thread 0x000001e0665b20f0 DEOPT PACKING pc=0x000001e053db77d8 sp=0x0000005cc49fa000
Event: 796.317 Thread 0x000001e0665b20f0 DEOPT UNPACKING pc=0x000001e052e743a2 sp=0x0000005cc49f9fd8 mode 2

Classes loaded (20 events):
Event: 521.622 Loading class com/sun/xml/internal/stream/events/CharacterEvent
Event: 521.635 Loading class javax/xml/stream/events/Characters
Event: 521.637 Loading class javax/xml/stream/events/Characters done
Event: 521.637 Loading class com/sun/xml/internal/stream/events/CharacterEvent done
Event: 521.641 Loading class com/sun/xml/internal/stream/events/EndElementEvent
Event: 521.649 Loading class javax/xml/stream/events/EndElement
Event: 521.652 Loading class javax/xml/stream/events/EndElement done
Event: 521.652 Loading class com/sun/xml/internal/stream/events/EndElementEvent done
Event: 544.246 Loading class java/util/regex/Pattern$BackRef
Event: 544.249 Loading class java/util/regex/Pattern$BackRef done
Event: 544.264 Loading class java/util/stream/SortedOps$RefSortingSink
Event: 544.266 Loading class java/util/stream/SortedOps$RefSortingSink done
Event: 544.300 Loading class java/util/regex/Pattern$Pos
Event: 544.301 Loading class java/util/regex/Pattern$Pos done
Event: 545.072 Loading class java/io/CharArrayWriter
Event: 545.073 Loading class java/io/CharArrayWriter done
Event: 545.139 Loading class java/io/SequenceInputStream
Event: 545.142 Loading class java/io/SequenceInputStream done
Event: 545.227 Loading class java/util/function/IntUnaryOperator
Event: 545.227 Loading class java/util/function/IntUnaryOperator done

Classes unloaded (0 events):
No events

Classes redefined (0 events):
No events

Internal exceptions (20 events):
Event: 772.676 Thread 0x000001e0652faca0 Exception <a 'sun/nio/fs/WindowsException'{0x0000000094444a30}> (0x0000000094444a30) 
thrown [s\src\hotspot\share\prims\jni.cpp, line 537]
Event: 772.711 Thread 0x000001e0652faca0 Exception <a 'sun/nio/fs/WindowsException'{0x000000009444d6d0}> (0x000000009444d6d0) 
thrown [s\src\hotspot\share\prims\jni.cpp, line 537]
Event: 778.699 Thread 0x000001e0652faca0 Exception <a 'sun/nio/fs/WindowsException'{0x00000000944a9758}> (0x00000000944a9758) 
thrown [s\src\hotspot\share\prims\jni.cpp, line 537]
Event: 778.734 Thread 0x000001e0652faca0 Exception <a 'sun/nio/fs/WindowsException'{0x00000000944b3008}> (0x00000000944b3008) 
thrown [s\src\hotspot\share\prims\jni.cpp, line 537]
Event: 778.756 Thread 0x000001e0652faca0 Exception <a 'sun/nio/fs/WindowsException'{0x00000000944b4ce0}> (0x00000000944b4ce0) 
thrown [s\src\hotspot\share\prims\jni.cpp, line 537]
Event: 778.757 Thread 0x000001e0652faca0 Exception <a 'sun/nio/fs/WindowsException'{0x00000000944b9ee0}> (0x00000000944b9ee0) 
thrown [s\src\hotspot\share\prims\jni.cpp, line 537]
Event: 783.826 Thread 0x000001e0665b20f0 Exception <a 'sun/nio/fs/WindowsException'{0x0000000094312a58}> (0x0000000094312a58) 
thrown [s\src\hotspot\share\prims\jni.cpp, line 537]
Event: 787.604 Thread 0x000001e0665b20f0 Exception <a 'sun/nio/fs/WindowsException'{0x0000000094371978}> (0x0000000094371978) 
thrown [s\src\hotspot\share\prims\jni.cpp, line 537]
Event: 788.843 Thread 0x000001e0652faca0 Exception <a 'sun/nio/fs/WindowsException'{0x00000000943b21b0}> (0x00000000943b21b0) 
thrown [s\src\hotspot\share\prims\jni.cpp, line 537]
Event: 788.926 Thread 0x000001e0652faca0 Exception <a 'sun/nio/fs/WindowsException'{0x00000000943bc710}> (0x00000000943bc710) 
thrown [s\src\hotspot\share\prims\jni.cpp, line 537]
Event: 788.926 Thread 0x000001e0652faca0 Exception <a 'sun/nio/fs/WindowsException'{0x00000000943be150}> (0x00000000943be150) 
thrown [s\src\hotspot\share\prims\jni.cpp, line 537]
Event: 789.069 Thread 0x000001e0652faca0 Exception <a 'sun/nio/fs/WindowsException'{0x00000000943c33b0}> (0x00000000943c33b0) 
thrown [s\src\hotspot\share\prims\jni.cpp, line 537]
Event: 790.581 Thread 0x000001e0665b20f0 Exception <a 'sun/nio/fs/WindowsException'{0x000000009439ecd0}> (0x000000009439ecd0) 
thrown [s\src\hotspot\share\prims\jni.cpp, line 537]
Event: 797.414 Thread 0x000001e0665b20f0 Exception <a 'java/lang/NoSuchMethodError'{0x0000000094167f60}: 'java.lang.Object java.lang.invoke.DirectMethodHandle$Holder.invokeStatic(java.lang.Object, java.lang.Object, int, java.lang.Object, java.lang.Object, java.lang.Object)'> (0x0000000094167f60) 
thrown [s\src\hotspot\share\interpreter\linkResolver.cpp, line 784]
Event: 797.487 Thread 0x000001e0665b20f0 Exception <a 'sun/nio/fs/WindowsException'{0x00000000941782e0}> (0x00000000941782e0) 
thrown [s\src\hotspot\share\prims\jni.cpp, line 537]
Event: 797.501 Thread 0x000001e0665b20f0 Exception <a 'sun/nio/fs/WindowsException'{0x0000000094185b28}> (0x0000000094185b28) 
thrown [s\src\hotspot\share\prims\jni.cpp, line 537]
Event: 798.712 Thread 0x000001e0652faca0 Exception <a 'sun/nio/fs/WindowsException'{0x00000000941f7098}> (0x00000000941f7098) 
thrown [s\src\hotspot\share\prims\jni.cpp, line 537]
Event: 798.746 Thread 0x000001e0652faca0 Exception <a 'sun/nio/fs/WindowsException'{0x000000009405f748}> (0x000000009405f748) 
thrown [s\src\hotspot\share\prims\jni.cpp, line 537]
Event: 798.746 Thread 0x000001e0652faca0 Exception <a 'sun/nio/fs/WindowsException'{0x00000000940611b0}> (0x00000000940611b0) 
thrown [s\src\hotspot\share\prims\jni.cpp, line 537]
Event: 798.781 Thread 0x000001e0652faca0 Exception <a 'sun/nio/fs/WindowsException'{0x00000000940663d0}> (0x00000000940663d0) 
thrown [s\src\hotspot\share\prims\jni.cpp, line 537]

ZGC Phase Switch (0 events):
No events

VM Operations (20 events):
Event: 759.580 Executing safepoint VM operation: Cleanup
Event: 759.610 Executing safepoint VM operation: Cleanup done
Event: 760.625 Executing safepoint VM operation: Cleanup
Event: 760.735 Executing safepoint VM operation: Cleanup done
Event: 761.748 Executing safepoint VM operation: Cleanup
Event: 761.779 Executing safepoint VM operation: Cleanup done
Event: 768.829 Executing safepoint VM operation: Cleanup
Event: 771.747 Executing safepoint VM operation: Cleanup done
Event: 783.886 Executing safepoint VM operation: Cleanup
Event: 784.170 Executing safepoint VM operation: Cleanup done
Event: 789.227 Executing safepoint VM operation: Cleanup
Event: 789.280 Executing safepoint VM operation: Cleanup done
Event: 794.333 Executing safepoint VM operation: Cleanup
Event: 794.349 Executing safepoint VM operation: Cleanup done
Event: 795.361 Executing safepoint VM operation: Cleanup
Event: 795.378 Executing safepoint VM operation: Cleanup done
Event: 796.391 Executing safepoint VM operation: Cleanup
Event: 796.423 Executing safepoint VM operation: Cleanup done
Event: 797.424 Executing safepoint VM operation: Cleanup
Event: 797.439 Executing safepoint VM operation: Cleanup done

Memory protections (0 events):
No events

Nmethod flushes (20 events):
Event: 552.663 Thread 0x000001e0602c9d40 flushing  nmethod 0x000001e04bb59a90
Event: 552.663 Thread 0x000001e0602c9d40 flushing  nmethod 0x000001e04bb5d610
Event: 552.663 Thread 0x000001e0602c9d40 flushing  nmethod 0x000001e04bbfe110
Event: 552.663 Thread 0x000001e0602c9d40 flushing  nmethod 0x000001e04bbff210
Event: 552.663 Thread 0x000001e0602c9d40 flushing  nmethod 0x000001e04bbfff10
Event: 552.663 Thread 0x000001e0602c9d40 flushing  nmethod 0x000001e04bc00890
Event: 552.663 Thread 0x000001e0602c9d40 flushing  nmethod 0x000001e04bc02710
Event: 552.663 Thread 0x000001e0602c9d40 flushing  nmethod 0x000001e04bc70190
Event: 552.663 Thread 0x000001e0602c9d40 flushing  nmethod 0x000001e04bd1aa10
Event: 552.663 Thread 0x000001e0602c9d40 flushing  nmethod 0x000001e04bd22f90
Event: 552.663 Thread 0x000001e0602c9d40 flushing  nmethod 0x000001e04c2b6590
Event: 552.663 Thread 0x000001e0602c9d40 flushing  nmethod 0x000001e04c3e8710
Event: 552.663 Thread 0x000001e0602c9d40 flushing  nmethod 0x000001e04c3edf90
Event: 552.663 Thread 0x000001e0602c9d40 flushing  nmethod 0x000001e04c3eee90
Event: 552.663 Thread 0x000001e0602c9d40 flushing  nmethod 0x000001e04c3f1c90
Event: 552.664 Thread 0x000001e0602c9d40 flushing  nmethod 0x000001e04c4ae390
Event: 552.664 Thread 0x000001e0602c9d40 flushing  nmethod 0x000001e04c54c490
Event: 552.664 Thread 0x000001e0602c9d40 flushing  nmethod 0x000001e04c678090
Event: 552.664 Thread 0x000001e0602c9d40 flushing  nmethod 0x000001e04c907610
Event: 552.664 Thread 0x000001e0602c9d40 flushing  nmethod 0x000001e04c90f610

Events (20 events):
Event: 553.374 Thread 0x000001e0665b20f0 Thread added: 0x000001e06f434db0
Event: 553.476 Thread 0x000001e0665b20f0 Thread added: 0x000001e06f4367f0
Event: 553.476 Thread 0x000001e0665b20f0 Thread added: 0x000001e06f434090
Event: 553.476 Thread 0x000001e0665b20f0 Thread added: 0x000001e06f435ad0
Event: 553.476 Thread 0x000001e0665b20f0 Thread added: 0x000001e06f437ba0
Event: 553.476 Thread 0x000001e0665b20f0 Thread added: 0x000001e06f436160
Event: 553.477 Thread 0x000001e0665b20f0 Thread added: 0x000001e06f43b6b0
Event: 553.477 Thread 0x000001e0665b20f0 Thread added: 0x000001e06f438f50
Event: 553.477 Thread 0x000001e0665b20f0 Thread added: 0x000001e06f43a300
Event: 553.477 Thread 0x000001e0665b20f0 Thread added: 0x000001e06f4395e0
Event: 553.477 Thread 0x000001e0665b20f0 Thread added: 0x000001e06f439c70
Event: 553.477 Thread 0x000001e0665b20f0 Thread added: 0x000001e067d2a820
Event: 553.809 Thread 0x000001e0665b20f0 Thread added: 0x000001e0711769b0
Event: 553.810 Thread 0x000001e0665b20f0 Thread added: 0x000001e071179110
Event: 553.810 Thread 0x000001e0665b20f0 Thread added: 0x000001e071175c90
Event: 553.811 Thread 0x000001e0665b20f0 Thread added: 0x000001e0711776d0
Event: 597.166 Thread 0x000001e0604e13e0 Thread added: 0x000001e070005940
Event: 597.166 Thread 0x000001e0604e13e0 Thread added: 0x000001e070003e00
Event: 598.749 Thread 0x000001e070003e00 Thread exited: 0x000001e070003e00
Event: 602.969 Thread 0x000001e070005940 Thread exited: 0x000001e070005940


Dynamic libraries:
0x00007ff6db730000 - 0x00007ff6db73a000 	C:\Program Files\Android\Android Studio\jbr\bin\java.exe
0x00007ff95a620000 - 0x00007ff95a887000 	C:\WINDOWS\SYSTEM32\ntdll.dll
0x00007ff9598f0000 - 0x00007ff9599b9000 	C:\WINDOWS\System32\KERNEL32.DLL
0x00007ff957940000 - 0x00007ff957d34000 	C:\WINDOWS\System32\KERNELBASE.dll
0x00007ff957d40000 - 0x00007ff957e8b000 	C:\WINDOWS\System32\ucrtbase.dll
0x00007ff92f200000 - 0x00007ff92f218000 	C:\Program Files\Android\Android Studio\jbr\bin\jli.dll
0x00007ff938dc0000 - 0x00007ff938ddb000 	C:\Program Files\Android\Android Studio\jbr\bin\VCRUNTIME140.dll
0x00007ff9599c0000 - 0x00007ff959b85000 	C:\WINDOWS\System32\USER32.dll
0x00007ff958380000 - 0x00007ff9583a7000 	C:\WINDOWS\System32\win32u.dll
0x00007ff95a5b0000 - 0x00007ff95a5db000 	C:\WINDOWS\System32\GDI32.dll
0x00007ff957760000 - 0x00007ff95788a000 	C:\WINDOWS\System32\gdi32full.dll
0x00007ff9457a0000 - 0x00007ff945a33000 	C:\WINDOWS\WinSxS\amd64_microsoft.windows.common-controls_6595b64144ccf1df_6.0.26100.8115_none_3e075c82e3354f9c\COMCTL32.dll
0x00007ff957890000 - 0x00007ff957933000 	C:\WINDOWS\System32\msvcp_win.dll
0x00007ff958be0000 - 0x00007ff958c89000 	C:\WINDOWS\System32\msvcrt.dll
0x00007ff95a2d0000 - 0x00007ff95a302000 	C:\WINDOWS\System32\IMM32.DLL
0x00007ff938db0000 - 0x00007ff938dbc000 	C:\Program Files\Android\Android Studio\jbr\bin\vcruntime140_1.dll
0x00007ff91e2e0000 - 0x00007ff91e36d000 	C:\Program Files\Android\Android Studio\jbr\bin\msvcp140.dll
0x00007ff8dfda0000 - 0x00007ff8e0a36000 	C:\Program Files\Android\Android Studio\jbr\bin\server\jvm.dll
0x00007ff9595d0000 - 0x00007ff959686000 	C:\WINDOWS\System32\ADVAPI32.dll
0x00007ff959e00000 - 0x00007ff959ea7000 	C:\WINDOWS\System32\sechost.dll
0x00007ff9594b0000 - 0x00007ff9595c8000 	C:\WINDOWS\System32\RPCRT4.dll
0x00007ff959720000 - 0x00007ff9597a0000 	C:\WINDOWS\System32\WS2_32.dll
0x00007ff950830000 - 0x00007ff950866000 	C:\WINDOWS\SYSTEM32\WINMM.dll
0x00007ff956ca0000 - 0x00007ff956cfe000 	C:\WINDOWS\SYSTEM32\POWRPROF.dll
0x00007ff950870000 - 0x00007ff95087b000 	C:\WINDOWS\SYSTEM32\VERSION.dll
0x00007ff956c80000 - 0x00007ff956c94000 	C:\WINDOWS\SYSTEM32\UMPDC.dll
0x00007ff955c80000 - 0x00007ff955c9b000 	C:\WINDOWS\SYSTEM32\kernel.appcore.dll
0x00007ff938da0000 - 0x00007ff938daa000 	C:\Program Files\Android\Android Studio\jbr\bin\jimage.dll
0x00007ff954e30000 - 0x00007ff955072000 	C:\WINDOWS\SYSTEM32\DBGHELP.DLL
0x00007ff959eb0000 - 0x00007ff95a232000 	C:\WINDOWS\System32\combase.dll
0x00007ff958670000 - 0x00007ff958747000 	C:\WINDOWS\System32\OLEAUT32.dll
0x00007ff945500000 - 0x00007ff94553b000 	C:\WINDOWS\SYSTEM32\dbgcore.DLL
0x00007ff958000000 - 0x00007ff9580a5000 	C:\WINDOWS\System32\bcryptPrimitives.dll
0x00007ff952040000 - 0x00007ff95204e000 	C:\Program Files\Android\Android Studio\jbr\bin\instrument.dll
0x00007ff938d80000 - 0x00007ff938da0000 	C:\Program Files\Android\Android Studio\jbr\bin\java.dll
0x00007ff8f4bd0000 - 0x00007ff8f4be8000 	C:\Program Files\Android\Android Studio\jbr\bin\zip.dll
0x00007ff958c90000 - 0x00007ff9593f6000 	C:\WINDOWS\System32\SHELL32.dll
0x00007ff957e90000 - 0x00007ff957ffa000 	C:\WINDOWS\System32\wintypes.dll
0x00007ff956ef0000 - 0x00007ff957755000 	C:\WINDOWS\System32\windows.storage.dll
0x00007ff959d00000 - 0x00007ff959df7000 	C:\WINDOWS\System32\SHCORE.dll
0x00007ff95a240000 - 0x00007ff95a2a6000 	C:\WINDOWS\System32\shlwapi.dll
0x00007ff956e10000 - 0x00007ff956e39000 	C:\WINDOWS\SYSTEM32\profapi.dll
0x00007ff938d70000 - 0x00007ff938d80000 	C:\Program Files\Android\Android Studio\jbr\bin\net.dll
0x00007ff94dd50000 - 0x00007ff94de7d000 	C:\WINDOWS\SYSTEM32\WINHTTP.dll
0x00007ff9561f0000 - 0x00007ff95625c000 	C:\WINDOWS\system32\mswsock.dll
0x00007ff8ee650000 - 0x00007ff8ee666000 	C:\Program Files\Android\Android Studio\jbr\bin\nio.dll
0x00007ff92d300000 - 0x00007ff92d310000 	C:\Program Files\Android\Android Studio\jbr\bin\verify.dll
0x00007ff8df6a0000 - 0x00007ff8df6c7000 	C:\Users\Apoorv Rathore\AndroidStudioProjects\.gradle\native\1def1411415f61bf3af743bc5b6707747c0891f09f0c88961ee8f79bc544acac\windows-amd64\native-platform.dll
0x00007ff91e260000 - 0x00007ff91e2d8000 	C:\Users\Apoorv Rathore\AndroidStudioProjects\.gradle\native\0.2.7\x86_64-windows-gnu\gradle-fileevents.dll
0x00007ff954220000 - 0x00007ff954229000 	C:\Program Files\Android\Android Studio\jbr\bin\management.dll
0x00007ff9541c0000 - 0x00007ff9541cb000 	C:\Program Files\Android\Android Studio\jbr\bin\management_ext.dll
0x00007ff95a570000 - 0x00007ff95a578000 	C:\WINDOWS\System32\PSAPI.DLL
0x00007ff955560000 - 0x00007ff955592000 	C:\WINDOWS\SYSTEM32\IPHLPAPI.DLL
0x00007ff959cf0000 - 0x00007ff959cfa000 	C:\WINDOWS\System32\NSI.dll
0x00007ff954230000 - 0x00007ff954239000 	C:\Program Files\Android\Android Studio\jbr\bin\extnet.dll
0x00007ff9564d0000 - 0x00007ff9564eb000 	C:\WINDOWS\SYSTEM32\CRYPTSP.dll
0x00007ff955be0000 - 0x00007ff955c19000 	C:\WINDOWS\system32\rsaenh.dll
0x00007ff9562a0000 - 0x00007ff9562d3000 	C:\WINDOWS\SYSTEM32\USERENV.dll
0x00007ff956de0000 - 0x00007ff956e0a000 	C:\WINDOWS\SYSTEM32\bcrypt.dll
0x00007ff9564f0000 - 0x00007ff9564fc000 	C:\WINDOWS\SYSTEM32\CRYPTBASE.dll
0x00007ff92d2d0000 - 0x00007ff92d2d8000 	C:\WINDOWS\system32\wshunix.dll
0x00007ff93d510000 - 0x00007ff93d528000 	C:\WINDOWS\system32\napinsp.dll
0x00007ff9556d0000 - 0x00007ff955802000 	C:\WINDOWS\SYSTEM32\DNSAPI.dll
0x00007ff93d170000 - 0x00007ff93d183000 	C:\WINDOWS\System32\winrnr.dll
0x00007ff93d140000 - 0x00007ff93d162000 	C:\WINDOWS\system32\nlansp_c.dll
0x00007ff93cee0000 - 0x00007ff93cef6000 	C:\WINDOWS\system32\wshbth.dll
0x00007ff94a040000 - 0x00007ff94a04b000 	C:\Windows\System32\rasadhlp.dll
0x00007ff94caf0000 - 0x00007ff94cb76000 	C:\WINDOWS\System32\fwpuclnt.dll

JVMTI agents:
C:\Users\Apoorv Rathore\AndroidStudioProjects\.gradle\wrapper\dists\gradle-8.13-bin\5xuhj0ry160q40clulazy9h7d\gradle-8.13\lib\agents\gradle-instrumentation-agent-8.13.jar path:C:\Program Files\Android\Android Studio\jbr\bin\instrument.dll, loaded, initialized, instrumentlib options:none

dbghelp: loaded successfully - version: 4.0.5 - missing functions: none
symbol engine: initialized successfully - sym options: 0x614 - pdb path: .;C:\Program Files\Android\Android Studio\jbr\bin;C:\WINDOWS\SYSTEM32;C:\WINDOWS\WinSxS\amd64_microsoft.windows.common-controls_6595b64144ccf1df_6.0.26100.8115_none_3e075c82e3354f9c;C:\Program Files\Android\Android Studio\jbr\bin\server;C:\Users\Apoorv Rathore\AndroidStudioProjects\.gradle\native\1def1411415f61bf3af743bc5b6707747c0891f09f0c88961ee8f79bc544acac\windows-amd64;C:\Users\Apoorv Rathore\AndroidStudioProjects\.gradle\native\0.2.7\x86_64-windows-gnu

VM Arguments:
jvm_args: --add-opens=java.base/java.lang=ALL-UNNAMED --add-opens=java.base/java.lang.invoke=ALL-UNNAMED --add-opens=java.base/java.util=ALL-UNNAMED --add-opens=java.prefs/java.util.prefs=ALL-UNNAMED --add-exports=jdk.compiler/com.sun.tools.javac.api=ALL-UNNAMED --add-exports=jdk.compiler/com.sun.tools.javac.util=ALL-UNNAMED --add-opens=java.base/java.util=ALL-UNNAMED --add-opens=java.prefs/java.util.prefs=ALL-UNNAMED --add-opens=java.base/java.nio.charset=ALL-UNNAMED --add-opens=java.base/java.net=ALL-UNNAMED --add-opens=java.base/java.util.concurrent.atomic=ALL-UNNAMED --add-opens=java.xml/javax.xml.namespace=ALL-UNNAMED -Xmx2048m -Dfile.encoding=UTF-8 -Duser.country=IN -Duser.language=en -Duser.variant -javaagent:C:\Users\Apoorv Rathore\AndroidStudioProjects\.gradle\wrapper\dists\gradle-8.13-bin\5xuhj0ry160q40clulazy9h7d\gradle-8.13\lib\agents\gradle-instrumentation-agent-8.13.jar 
java_command: org.gradle.launcher.daemon.bootstrap.GradleDaemon 8.13
java_class_path (initial): C:\Users\Apoorv Rathore\AndroidStudioProjects\.gradle\wrapper\dists\gradle-8.13-bin\5xuhj0ry160q40clulazy9h7d\gradle-8.13\lib\gradle-daemon-main-8.13.jar
Launcher Type: SUN_STANDARD

[Global flags]
     intx CICompilerCount                          = 4                                         {product} {ergonomic}
     uint ConcGCThreads                            = 3                                         {product} {ergonomic}
     uint G1ConcRefinementThreads                  = 10                                        {product} {ergonomic}
   size_t G1HeapRegionSize                         = 1048576                                   {product} {ergonomic}
    uintx GCDrainStackTargetSize                   = 64                                        {product} {ergonomic}
   size_t InitialHeapSize                          = 125829120                                 {product} {ergonomic}
   size_t MarkStackSize                            = 4194304                                   {product} {ergonomic}
   size_t MaxHeapSize                              = 2147483648                                {product} {command line}
   size_t MaxNewSize                               = 1287651328                                {product} {ergonomic}
   size_t MinHeapDeltaBytes                        = 1048576                                   {product} {ergonomic}
   size_t MinHeapSize                              = 8388608                                   {product} {ergonomic}
    uintx NonNMethodCodeHeapSize                   = 5839372                                {pd product} {ergonomic}
    uintx NonProfiledCodeHeapSize                  = 122909434                              {pd product} {ergonomic}
    uintx ProfiledCodeHeapSize                     = 122909434                              {pd product} {ergonomic}
    uintx ReservedCodeCacheSize                    = 251658240                              {pd product} {ergonomic}
     bool SegmentedCodeCache                       = true                                      {product} {ergonomic}
   size_t SoftMaxHeapSize                          = 2147483648                             {manageable} {ergonomic}
     bool UseCompressedOops                        = true                           {product lp64_product} {ergonomic}
     bool UseG1GC                                  = true                                      {product} {ergonomic}
     bool UseLargePagesIndividualAllocation        = false                                  {pd product} {ergonomic}

Logging:
Log output configuration:
 #0: stdout all=warning uptime,level,tags foldmultilines=false
 #1: stderr all=off uptime,level,tags foldmultilines=false

Release file:
JAVA_VERSION="21.0.10" 
MODULES="java.base java.compiler java.datatransfer java.xml java.prefs java.desktop java.instrument java.logging java.management java.security.sasl java.naming java.rmi java.management.rmi java.net.http java.scripting java.security.jgss java.transaction.xa java.sql java.sql.rowset java.xml.crypto java.se java.smartcardio jdk.accessibility jdk.internal.jvmstat jdk.attach jdk.charsets jdk.internal.opt jdk.zipfs jdk.compiler jdk.crypto.ec jdk.crypto.cryptoki jdk.dynalink jdk.hotspot.agent jdk.httpserver jdk.internal.ed jdk.internal.le jdk.internal.vm.ci jdk.jartool jdk.javadoc jdk.jcmd jdk.jdeps jdk.jdwp.agent jdk.jdi jdk.jfr jdk.jlink jdk.jsobject jdk.localedata jdk.management jdk.management.agent jdk.management.jfr jdk.naming.dns jdk.naming.rmi jdk.net jdk.sctp jdk.security.auth jdk.security.jgss jdk.unsupported jdk.unsupported.desktop jdk.xml.dom" 
IMPLEMENTOR="JetBrains s.r.o." 
JAVA_RUNTIME_VERSION="21.0.10+-14961533-b1163.108" 
LIBC="default" 
OS_ARCH="x86_64" 
OS_NAME="Windows" 
SOURCE=".:git:1351622c2ff2" 

Environment Variables:
PATH=C:\Python313\Scripts\;C:\Python313\;C:\Program Files\Common Files\Oracle\Java\javapath;C:\WINDOWS\system32;C:\WINDOWS;C:\WINDOWS\System32\Wbem;C:\WINDOWS\System32\WindowsPowerShell\v1.0\;C:\WINDOWS\System32\OpenSSH\;C:\Users\Apoorv Rathore\Desktop\MinGW Installer.lnk;C:\MinGW\bin;C:\Program Files\Java\jdk-18.0.2\bin;C:\ProgramData\chocolatey\bin;C:\xampp\php;C:\composer;C:\Program Files\Git\cmd;C:\Program Files\MongoDB\Server\8.0\bin;C:\Program Files\nodejs\;C:\Program Files\MySQL\MySQL Shell 8.0\bin\;C:\Users\Apoorv Rathore\Scripts\;C:\Users\Apoorv Rathore\;C:\Users\Apoorv Rathore\AppData\Local\Microsoft\WindowsApps;C:\Users\Apoorv Rathore\AppData\Local\Programs\Microsoft VS Code\bin;C:\Program Files\JetBrains\IntelliJ IDEA Community Edition 2022.1.4\bin;;C:\Users\Apoorv Rathore\Downloads\flutter_windows_3.7.8-stable\flutter\bin;C:\Users\Apoorv Rathore\Downloads\dartsdk-windows-x64-release\dart-sdk\bin;C:\tools\dart-sdk\bin;C:\Users\Apoorv Rathore\AppData\Roaming\Pub\Cache\bin;C:\Program Files\JetBrains\PyCharm Community Edition 2023.2.1\bin;;C:\Users\Apoorv Rathore\AppData\Roaming\Composer\vendor\bin;C:\Users\Apoorv Rathore\AppData\Local\Programs\mongosh\;C:\Users\Apoorv Rathore\AppData\Roaming\npm;C:\Program Files\JetBrains\PyCharm 2025.3.1\bin
USERNAME=Apoorv Rathore
OS=Windows_NT
PROCESSOR_IDENTIFIER=AMD64 Family 23 Model 104 Stepping 1, AuthenticAMD
TMP=C:\Users\APOORV~1\AppData\Local\Temp
TEMP=C:\Users\APOORV~1\AppData\Local\Temp




Periodic native trim disabled

JNI global refs:
JNI global refs: 27, weak refs: 0

JNI global refs memory usage: 835, weak refs: 833

Process memory usage:
Resident Set Size: 142980K (1% of 7745280K total physical memory with 1031296K free physical memory)

OOME stack traces (most recent first):
Classloader memory used:
Loader org.gradle.internal.classloader.VisitableURLClassLoader                         : 46649K
Loader org.gradle.internal.classloader.VisitableURLClassLoader$InstrumentingVisitableURLClassLoader: 44326K
Loader bootstrap                                                                       : 30679K
Loader org.gradle.initialization.MixInLegacyTypesClassLoader                           : 15778K
Loader org.gradle.internal.classloader.VisitableURLClassLoader                         : 7185K
Loader jdk.internal.reflect.DelegatingClassLoader                                      : 538K
Loader jdk.internal.loader.ClassLoaders$PlatformClassLoader                            : 531K
Loader jdk.internal.loader.ClassLoaders$AppClassLoader                                 : 235K
Loader org.gradle.groovy.scripts.internal.DefaultScriptCompilationHandler$ScriptClassLoader: 90840B
Loader org.codehaus.groovy.runtime.callsite.CallSiteClassLoader                        : 49928B

Classes loaded by more than one classloader:
Class Program                                                                         : loaded 5 times (x 72B)
Class com.google.common.collect.Iterators                                             : loaded 4 times (x 71B)
Class com.google.common.collect.ImmutableList                                         : loaded 4 times (x 206B)
Class com.google.common.collect.Lists$StringAsImmutableList                           : loaded 4 times (x 207B)
Class com.google.common.collect.AbstractIterator                                      : loaded 4 times (x 82B)
Class com.google.common.collect.AbstractIndexedListIterator                           : loaded 4 times (x 96B)
Class com.google.common.collect.UnmodifiableIterator                                  : loaded 4 times (x 80B)
Class com.google.common.collect.Iterators$MergingIterator                             : loaded 4 times (x 81B)
Class com.google.common.collect.Iterators$1                                           : loaded 4 times (x 81B)
Class com.google.common.collect.Iterators$4                                           : loaded 4 times (x 82B)
Class com.google.common.collect.Iterators$5                                           : loaded 4 times (x 82B)
Class com.google.common.collect.PeekingIterator                                       : loaded 4 times (x 70B)
Class com.google.common.collect.ImmutableCollection                                   : loaded 4 times (x 125B)
Class com.google.common.collect.Lists                                                 : loaded 4 times (x 71B)
Class com.google.common.collect.Iterators$9                                           : loaded 4 times (x 81B)
Class com.google.common.base.Preconditions                                            : loaded 4 times (x 71B)
Class com.google.common.collect.UnmodifiableListIterator                              : loaded 4 times (x 95B)
Class com.google.common.collect.Iterators$ArrayItr                                    : loaded 4 times (x 97B)
Class com.google.common.collect.ImmutableSet$RegularSetBuilderImpl                    : loaded 3 times (x 77B)
Class com.google.common.collect.ImmutableRangeSet$ComplementRanges                    : loaded 3 times (x 207B)
Class org.gradle.internal.IoActions                                                   : loaded 3 times (x 71B)
Class org.gradle.api.GradleException                                                  : loaded 3 times (x 82B)
Class com.google.common.base.CharMatcher$NegatedFastMatcher                           : loaded 3 times (x 113B)
Class com.google.common.collect.ImmutableList$1                                       : loaded 3 times (x 97B)
Class com.google.common.collect.AbstractRangeSet                                      : loaded 3 times (x 114B)
Class com.google.common.base.Predicate                                                : loaded 3 times (x 70B)
Class com.google.common.base.CharMatcher$FastMatcher                                  : loaded 3 times (x 111B)
Class org.gradle.api.Action                                                           : loaded 3 times (x 70B)
Class org.gradle.internal.Cast                                                        : loaded 3 times (x 71B)
Class com.google.common.base.CharMatcher$Or                                           : loaded 3 times (x 112B)
Class com.google.common.collect.ImmutableSet                                          : loaded 3 times (x 145B)
Class com.google.common.base.CharMatcher$BitSetMatcher                                : loaded 3 times (x 112B)
Class com.google.common.collect.ImmutableRangeSet$Builder                             : loaded 3 times (x 77B)
Class Build_gradle$1                                                                  : loaded 3 times (x 74B)
Class com.google.common.collect.RegularImmutableList                                  : loaded 3 times (x 213B)
Class com.google.common.base.Function                                                 : loaded 3 times (x 70B)
Class com.google.common.base.CharMatcher$Negated                                      : loaded 3 times (x 113B)
Class com.google.common.base.CharMatcher$IsNot                                        : loaded 3 times (x 111B)
Class com.google.common.collect.RegularImmutableSet                                   : loaded 3 times (x 149B)
Class com.google.common.collect.ImmutableSortedSet                                    : loaded 3 times (x 300B)
Class com.google.common.base.CharMatcher$Is                                           : loaded 3 times (x 111B)
Class com.google.common.collect.ImmutableAsList                                       : loaded 3 times (x 209B)
Class com.google.common.base.Joiner$1                                                 : loaded 3 times (x 80B)
Class com.google.common.collect.ImmutableSet$CachingAsList                            : loaded 3 times (x 148B)
Class com.google.common.base.CharMatcher                                              : loaded 3 times (x 111B)
Class com.google.common.base.CharMatcher$IsEither                                     : loaded 3 times (x 111B)
Class com.google.common.base.CharMatcher$AnyOf                                        : loaded 3 times (x 112B)
Class com.google.common.base.CharMatcher$ForPredicate                                 : loaded 3 times (x 112B)
Class com.google.common.collect.RangeGwtSerializationDependencies                     : loaded 3 times (x 71B)
Class com.google.common.base.Joiner$2                                                 : loaded 3 times (x 79B)
Class com.google.common.collect.SortedIterable                                        : loaded 3 times (x 70B)
Class com.google.common.collect.SingletonImmutableSet                                 : loaded 3 times (x 146B)
Class com.google.common.base.CharMatcher$1                                            : loaded 3 times (x 113B)
Class com.google.common.collect.ImmutableList$ReverseImmutableList                    : loaded 3 times (x 209B)
Class com.google.common.collect.SingletonImmutableList                                : loaded 3 times (x 207B)
Class com.google.common.base.CharMatcher$NamedFastMatcher                             : loaded 3 times (x 112B)
Class com.google.common.collect.Multimap                                              : loaded 3 times (x 70B)
Class com.google.common.collect.RangeSet                                              : loaded 3 times (x 70B)
Class com.google.common.base.CharMatcher$InRange                                      : loaded 3 times (x 111B)
Class com.google.common.base.CharMatcher$And                                          : loaded 3 times (x 112B)
Class Build_gradle                                                                    : loaded 3 times (x 130B)
Class com.google.common.collect.ImmutableSet$SetBuilderImpl                           : loaded 3 times (x 76B)
Class com.google.common.collect.Range                                                 : loaded 3 times (x 87B)
Class com.google.common.collect.RegularImmutableAsList                                : loaded 3 times (x 217B)
Class com.google.common.collect.ImmutableRangeSet                                     : loaded 3 times (x 115B)
Class com.google.common.collect.ImmutableRangeSet$1                                   : loaded 3 times (x 210B)
Class com.google.common.collect.ImmutableList$Builder                                 : loaded 3 times (x 77B)
Class com.google.common.collect.Iterators$SingletonIterator                           : loaded 3 times (x 81B)
Class com.google.common.collect.ImmutableList$SubList                                 : loaded 3 times (x 209B)
Class com.google.common.base.Joiner                                                   : loaded 3 times (x 79B)
Class com.google.common.collect.ImmutableCollection$Builder                           : loaded 3 times (x 76B)
Class com.google.common.collect.RegularImmutableSortedSet                             : loaded 3 times (x 300B)
Class com.google.common.collect.ImmutableRangeSet$AsSet                               : loaded 3 times (x 300B)
Class com.google.common.collect.ComparatorOrdering                                    : loaded 2 times (x 115B)
Class org.gradle.api.internal.DefaultClassPathProvider                                : loaded 2 times (x 76B)
Class com.android.builder.model.v2.models.BasicAndroidProject                         : loaded 2 times (x 70B)
Class com.google.common.collect.Sets$2                                                : loaded 2 times (x 139B)
Class kotlin.text.StringsKt__StringNumberConversionsJVMKt                             : loaded 2 times (x 71B)
Class com.google.common.collect.NaturalOrdering                                       : loaded 2 times (x 115B)
Class kotlin.text.MatchResult                                                         : loaded 2 times (x 70B)
Class kotlin.sequences.SequenceScope                                                  : loaded 2 times (x 73B)
Class kotlin.sequences.Sequence                                                       : loaded 2 times (x 70B)
Class org.gradle.tooling.ToolingModelContract                                         : loaded 2 times (x 70B)
Class [Lorg.gradle.api.internal.ClassPathProvider;                                    : loaded 2 times (x 69B)
Class org.gradle.api.internal.ClassPathProvider                                       : loaded 2 times (x 70B)
Class [Lorg.objectweb.asm.AnnotationVisitor;                                          : loaded 2 times (x 69B)
Class com.google.common.collect.Sets$3                                                : loaded 2 times (x 139B)
Class com.google.common.util.concurrent.AbstractFuture$SafeAtomicHelper               : loaded 2 times (x 79B)
Class com.google.common.cache.LocalCache$LocalLoadingCache                            : loaded 2 times (x 134B)
Class kotlin.collections.CollectionsKt___CollectionsKt$asSequence$$inlined$Sequence$1 : loaded 2 times (x 75B)
Class org.gradle.internal.service.UnknownServiceException                             : loaded 2 times (x 83B)
Class com.google.common.collect.Sets$4                                                : loaded 2 times (x 139B)
Class org.objectweb.asm.ModuleVisitor                                                 : loaded 2 times (x 81B)
Class com.google.common.cache.LocalCache$Strength$1                                   : loaded 2 times (x 81B)
Class org.jetbrains.kotlin.idea.gradleTooling.model.kapt.KaptGradleModel              : loaded 2 times (x 70B)
Class org.jetbrains.kotlin.idea.gradleTooling.KotlinDslScriptAdditionalTask           : loaded 2 times (x 70B)
Class org.jetbrains.plugins.gradle.model.ClasspathEntryModel                          : loaded 2 times (x 70B)
Class com.google.common.util.concurrent.SettableFuture                                : loaded 2 times (x 114B)
Class com.google.common.cache.LocalCache$Strength$2                                   : loaded 2 times (x 81B)
Class org.jetbrains.plugins.gradle.tooling.serialization.GradleExtensionsSerializationService: loaded 2 times (x 77B)
Class org.gradle.api.JavaVersion                                                      : loaded 2 times (x 79B)
Class org.gradle.tooling.model.Dependency                                             : loaded 2 times (x 70B)
Class com.android.builder.model.v2.ide.AbstractArtifact                               : loaded 2 times (x 70B)
Class com.google.common.cache.LocalCache$Strength$3                                   : loaded 2 times (x 81B)
Class com.google.common.collect.MapDifference                                         : loaded 2 times (x 70B)
Class com.intellij.openapi.externalSystem.model.project.dependencies.ResolutionState  : loaded 2 times (x 79B)
Class kotlin.text.StringsKt__RegexExtensionsJVMKt                                     : loaded 2 times (x 71B)
Class com.google.common.collect.AllEqualOrdering                                      : loaded 2 times (x 114B)
Class kotlin.collections.ArraysKt___ArraysJvmKt                                       : loaded 2 times (x 71B)
Class kotlin.collections.CollectionsKt__CollectionsKt                                 : loaded 2 times (x 71B)
Class org.objectweb.asm.FieldWriter                                                   : loaded 2 times (x 78B)
Class com.google.common.cache.CacheBuilder$NullListener                               : loaded 2 times (x 82B)
Class kotlin.text.Regex$Companion                                                     : loaded 2 times (x 71B)
Class org.gradle.internal.classpath.TransformedClassPath                              : loaded 2 times (x 96B)
Class org.gradle.internal.classloader.InstrumentingClassLoader                        : loaded 2 times (x 70B)
Class com.google.common.collect.ImmutableListMultimap                                 : loaded 2 times (x 176B)
Class com.intellij.gradle.toolingExtension.impl.model.buildScriptClasspathModel.GradleBuildScriptClasspathSerializationService$ReadContext: loaded 2 times (x 72B)
Class com.google.common.cache.CacheLoader$FunctionToCacheLoader                       : loaded 2 times (x 75B)
Class org.objectweb.asm.AnnotationVisitor                                             : loaded 2 times (x 78B)
Class com.google.common.collect.Sets$1                                                : loaded 2 times (x 139B)
Class kotlin.jvm.internal.FunctionReference                                           : loaded 2 times (x 122B)
Class [Lkotlin.coroutines.intrinsics.CoroutineSingletons;                             : loaded 2 times (x 69B)
Class kotlin.jvm.internal.FunctionBase                                                : loaded 2 times (x 70B)
Class kotlin.enums.EnumEntriesList                                                    : loaded 2 times (x 223B)
Class com.google.common.collect.EmptyImmutableListMultimap                            : loaded 2 times (x 176B)
Class com.google.common.collect.BaseImmutableMultimap                                 : loaded 2 times (x 123B)
Class com.android.ide.common.gradle.Numeric                                           : loaded 2 times (x 77B)
Class com.google.common.base.MoreObjects                                              : loaded 2 times (x 71B)
Class kotlin.comparisons.ComparisonsKt___ComparisonsJvmKt                             : loaded 2 times (x 71B)
Class kotlin.collections.CollectionsKt__IteratorsJVMKt                                : loaded 2 times (x 71B)
Class com.android.builder.model.v2.ide.TestInfo$Execution                             : loaded 2 times (x 79B)
Class com.google.common.collect.Platform                                              : loaded 2 times (x 71B)
Class [Lorg.objectweb.asm.Type;                                                       : loaded 2 times (x 69B)
Class org.gradle.tooling.internal.gradle.DefaultProjectIdentifier                     : loaded 2 times (x 86B)
Class org.jetbrains.kotlin.idea.gradleTooling.KotlinSourceSetContainer                : loaded 2 times (x 70B)
Class org.jetbrains.plugins.gradle.model.IntelliJSettings                             : loaded 2 times (x 70B)
Class kotlin.Result                                                                   : loaded 2 times (x 72B)
Class org.gradle.internal.service.ServiceLocator                                      : loaded 2 times (x 70B)
Class com.google.common.base.Ascii                                                    : loaded 2 times (x 71B)
Class com.google.common.collect.SingletonImmutableBiMap                               : loaded 2 times (x 143B)
Class com.google.common.cache.LocalCache$1                                            : loaded 2 times (x 89B)
Class kotlin.text.StringsKt__AppendableKt                                             : loaded 2 times (x 71B)
Class com.google.common.collect.AbstractMapEntry                                      : loaded 2 times (x 81B)
Class com.intellij.gradle.toolingExtension.util.GradleVersionUtil                     : loaded 2 times (x 71B)
Class ijInit11_3p6r7s8db8df35xslejiqcavf                                              : loaded 2 times (x 179B)
Class com.android.ide.gradle.model.GradlePropertiesModel                              : loaded 2 times (x 70B)
Class kotlin.sequences.TransformingSequence$iterator$1                                : loaded 2 times (x 79B)
Class kotlin.Pair                                                                     : loaded 2 times (x 72B)
Class org.gradle.tooling.internal.adapter.ProtocolToModelAdapter$SupportedPropertyInvoker: loaded 2 times (x 76B)
Class org.gradle.tooling.model.UnsupportedMethodException                             : loaded 2 times (x 82B)
Class com.android.builder.model.v2.ide.BytecodeTransformation                         : loaded 2 times (x 79B)
Class com.google.common.collect.Sets$ImprovedAbstractSet                              : loaded 2 times (x 135B)
Class com.google.common.collect.ImmutableEnumMap                                      : loaded 2 times (x 126B)
Class com.google.common.collect.AbstractMultimap                                      : loaded 2 times (x 123B)
Class com.google.common.cache.LocalCache$2                                            : loaded 2 times (x 142B)
Class kotlin.collections.CollectionsKt__MutableCollectionsKt                          : loaded 2 times (x 71B)
Class com.android.builder.model.v2.ide.CodeShrinker                                   : loaded 2 times (x 79B)
Class com.google.common.collect.ListMultimap                                          : loaded 2 times (x 70B)
Class com.google.common.util.concurrent.AbstractFuture$UnsafeAtomicHelper$1           : loaded 2 times (x 76B)
Class com.android.builder.model.v2.models.AndroidDsl                                  : loaded 2 times (x 70B)
Class org.jetbrains.plugins.gradle.tooling.serialization.AnnotationProcessingModelSerializationService$WriteContext: loaded 2 times (x 72B)
Class kotlin.io.TerminateException                                                    : loaded 2 times (x 82B)
Class kotlin.io.FilesKt__FilePathComponentsKt                                         : loaded 2 times (x 71B)
Class kotlin.reflect.KCallable                                                        : loaded 2 times (x 70B)
Class org.gradle.api.internal.classpath.EffectiveClassPath                            : loaded 2 times (x 90B)
Class com.google.common.util.concurrent.AbstractFuture$Trusted                        : loaded 2 times (x 70B)
Class kotlin.sequences.SequencesKt___SequencesKt$flatMap$2                            : loaded 2 times (x 125B)
Class org.jetbrains.kotlin.idea.gradleTooling.KotlinGradlePluginVersion               : loaded 2 times (x 70B)
Class com.intellij.compose.ide.plugin.gradleTooling.rt.ComposeResourcesModel          : loaded 2 times (x 70B)
Class org.jetbrains.plugins.gradle.tooling.serialization.ProjectDependenciesSerializationService$WriteContext: loaded 2 times (x 72B)
Class org.jetbrains.plugins.gradle.tooling.serialization.ProjectDependenciesSerializationService: loaded 2 times (x 77B)
Class kotlin.text.CharsKt                                                             : loaded 2 times (x 71B)
Class org.gradle.tooling.model.kotlin.dsl.KotlinDslScriptModel                        : loaded 2 times (x 70B)
Class org.gradle.tooling.internal.adapter.CollectionMapper                            : loaded 2 times (x 73B)
Class org.jetbrains.kotlin.tooling.core.KotlinToolingVersion                          : loaded 2 times (x 75B)
Class [Lcom.android.builder.model.v2.ide.LibraryType;                                 : loaded 2 times (x 69B)
Class com.android.builder.model.v2.ide.LibraryType                                    : loaded 2 times (x 79B)
Class com.google.common.collect.Ordering                                              : loaded 2 times (x 114B)
Class com.google.common.util.concurrent.UncheckedExecutionException                   : loaded 2 times (x 82B)
Class org.gradle.kotlin.dsl.VersionCatalogAccessorsKt                                 : loaded 2 times (x 71B)
Class com.google.common.collect.ExplicitOrdering                                      : loaded 2 times (x 115B)
Class gnu.trove.THash                                                                 : loaded 2 times (x 81B)
Class com.intellij.gradle.toolingExtension.impl.model.buildScriptClasspathModel.GradleBuildScriptClasspathSerializationService$WriteContext: loaded 2 times (x 72B)
Class org.gradle.tooling.internal.adapter.ProtocolToModelAdapter                      : loaded 2 times (x 80B)
Class org.gradle.internal.InternalTransformer                                         : loaded 2 times (x 70B)
Class com.android.builder.model.v2.ide.AndroidGradlePluginProjectFlags$BooleanFlag    : loaded 2 times (x 79B)
Class com.google.common.collect.AbstractMapBasedMultimap$KeySet$1                     : loaded 2 times (x 82B)
Class com.android.ide.common.gradle.Separator                                         : loaded 2 times (x 79B)
Class org.objectweb.asm.ClassWriter                                                   : loaded 2 times (x 106B)
Class org.jetbrains.plugins.gradle.tooling.serialization.internal.IdeaProjectSerializationService: loaded 2 times (x 77B)
Class com.google.common.cache.CacheLoader$UnsupportedLoadingOperationException        : loaded 2 times (x 82B)
Class kotlin.collections.MapsKt__MapsJVMKt                                            : loaded 2 times (x 71B)
Class kotlin.collections.EmptyList                                                    : loaded 2 times (x 174B)
Class org.gradle.internal.time.DefaultTimer                                           : loaded 2 times (x 80B)
Class org.gradle.internal.classloader.ClasspathUtil$1                                 : loaded 2 times (x 76B)
Class com.google.common.base.Objects                                                  : loaded 2 times (x 71B)
Class org.objectweb.asm.FieldVisitor                                                  : loaded 2 times (x 77B)
Class com.google.common.collect.IndexedImmutableSet                                   : loaded 2 times (x 152B)
Class com.google.common.collect.ImmutableMap$1                                        : loaded 2 times (x 81B)
Class com.google.common.collect.BiMap                                                 : loaded 2 times (x 70B)
Class org.gradle.tooling.internal.adapter.ProtocolToModelAdapter$ViewKey              : loaded 2 times (x 72B)
Class org.gradle.api.internal.classpath.DefaultModuleRegistry$DefaultModule           : loaded 2 times (x 86B)
Class com.android.builder.model.v2.CustomSourceDirectory                              : loaded 2 times (x 70B)
Class com.google.common.primitives.Ints                                               : loaded 2 times (x 71B)
Class com.android.ide.common.repository.AgpVersion                                    : loaded 2 times (x 75B)
Class org.jetbrains.kotlin.idea.projectModel.KotlinTaskProperties                     : loaded 2 times (x 70B)
Class com.google.common.collect.NullsFirstOrdering                                    : loaded 2 times (x 115B)
Class kotlin.ResultKt                                                                 : loaded 2 times (x 71B)
Class org.gradle.tooling.internal.adapter.ProtocolToModelAdapter$PropertyCachingMethodInvoker: loaded 2 times (x 76B)
Class com.android.builder.model.v2.models.ProjectSyncIssues                           : loaded 2 times (x 70B)
Class com.google.common.collect.ObjectArrays                                          : loaded 2 times (x 71B)
Class com.google.common.collect.Multiset                                              : loaded 2 times (x 70B)
Class com.google.common.collect.ArrayListMultimapGwtSerializationDependencies         : loaded 2 times (x 172B)
Class [Lcom.android.ide.common.repository.AgpVersion$PreviewKind;                     : loaded 2 times (x 69B)
Class com.google.common.math.MathPreconditions                                        : loaded 2 times (x 71B)
Class org.jetbrains.plugins.gradle.model.ExternalTask                                 : loaded 2 times (x 70B)
Class kotlin.Result$Failure                                                           : loaded 2 times (x 72B)
Class kotlin.collections.ArraysKt__ArraysKt                                           : loaded 2 times (x 71B)
Class org.gradle.internal.time.DefaultCountdownTimer                                  : loaded 2 times (x 88B)
Class com.google.common.collect.ImmutableMapEntrySet                                  : loaded 2 times (x 152B)
Class org.jetbrains.plugins.gradle.model.GradleTaskModel                              : loaded 2 times (x 70B)
Class org.jetbrains.plugins.gradle.tooling.util.ObjectCollector                       : loaded 2 times (x 72B)
Class kotlin.collections.SetsKt__SetsJVMKt                                            : loaded 2 times (x 71B)
Class kotlin.Function                                                                 : loaded 2 times (x 70B)
Class org.gradle.tooling.internal.adapter.ProtocolToModelAdapter$AdaptingMethodInvoker: loaded 2 times (x 76B)
Class org.gradle.tooling.internal.gradle.DefaultBuildIdentifier                       : loaded 2 times (x 79B)
Class org.gradle.api.internal.classpath.Module                                        : loaded 2 times (x 70B)
Class com.google.common.cache.Weigher                                                 : loaded 2 times (x 70B)
Class com.intellij.openapi.externalSystem.model.project.IExternalSystemSourceType     : loaded 2 times (x 70B)
Class kotlin.io.FileAlreadyExistsException                                            : loaded 2 times (x 82B)
Class kotlin.internal.ProgressionUtilKt                                               : loaded 2 times (x 71B)
Class org.gradle.api.internal.classpath.UnknownModuleException                        : loaded 2 times (x 82B)
Class com.google.common.base.Stopwatch                                                : loaded 2 times (x 72B)
Class com.google.common.cache.LocalCache$Strength                                     : loaded 2 times (x 81B)
Class com.google.common.cache.Cache                                                   : loaded 2 times (x 70B)
Class com.intellij.openapi.externalSystem.model.project.dependencies.ProjectDependencies: loaded 2 times (x 70B)
Class org.jetbrains.plugins.gradle.tooling.serialization.ProjectDependenciesSerializationService$ReadContext: loaded 2 times (x 72B)
Class com.google.common.util.concurrent.AbstractFuture$Cancellation                   : loaded 2 times (x 72B)
Class com.google.common.collect.ImmutableMap$Builder                                  : loaded 2 times (x 82B)
Class com.google.common.cache.RemovalListener                                         : loaded 2 times (x 70B)
Class org.jetbrains.plugins.gradle.tooling.serialization.RepositoriesModelSerializationService: loaded 2 times (x 82B)
Class com.android.ide.gradle.model.artifacts.AdditionalClassifierArtifactsModel       : loaded 2 times (x 70B)
Class org.gradle.tooling.internal.gradle.GradleProjectIdentity                        : loaded 2 times (x 70B)
Class org.gradle.api.internal.DefaultClassPathRegistry                                : loaded 2 times (x 76B)
Class com.google.common.collect.ImmutableMultimap$Keys                                : loaded 2 times (x 166B)
Class com.android.builder.model.v2.ide.JavaArtifact                                   : loaded 2 times (x 70B)
Class com.google.common.primitives.IntsMethodsForWeb                                  : loaded 2 times (x 71B)
Class [Lcom.google.common.collect.ImmutableMapEntry;                                  : loaded 2 times (x 69B)
Class org.jetbrains.plugins.gradle.tooling.serialization.RepositoriesModelSerializationService$ReadContext: loaded 2 times (x 72B)
Class kotlin.ranges.ClosedRange                                                       : loaded 2 times (x 70B)
Class org.gradle.api.internal.ClassPathRegistry                                       : loaded 2 times (x 70B)
Class org.gradle.internal.classpath.DefaultClassPath$ImmutableUniqueList              : loaded 2 times (x 199B)
Class com.google.common.base.ExtraObjectsMethodsForWeb                                : loaded 2 times (x 71B)
Class com.intellij.gradle.toolingExtension.impl.model.projectModel.GradleExternalProjectSerializationService$WriteContext: loaded 2 times (x 73B)
Class kotlin.text.StringsKt__StringsJVMKt                                             : loaded 2 times (x 71B)
Class kotlin.collections.IntIterator                                                  : loaded 2 times (x 82B)
Class com.google.common.collect.NullnessCasts                                         : loaded 2 times (x 71B)
Class org.gradle.internal.classloader.ClassLoaderVisitor                              : loaded 2 times (x 76B)
Class com.android.builder.model.v2.dsl.SigningConfig                                  : loaded 2 times (x 70B)
Class com.android.builder.model.v2.models.AndroidProject                              : loaded 2 times (x 70B)
Class com.android.builder.model.v2.AndroidModel                                       : loaded 2 times (x 70B)
Class com.google.common.cache.CacheBuilder                                            : loaded 2 times (x 72B)
Class kotlin.collections.AbstractList$Companion                                       : loaded 2 times (x 71B)
Class Settings_gradle$1                                                               : loaded 2 times (x 74B)
Class kotlin.text.StringsKt__IndentKt                                                 : loaded 2 times (x 71B)
Class kotlin.collections.SetsKt                                                       : loaded 2 times (x 71B)
Class org.gradle.internal.classpath.ClassPath                                         : loaded 2 times (x 70B)
Class org.gradle.api.UncheckedIOException                                             : loaded 2 times (x 82B)
Class com.google.common.base.JdkPattern                                               : loaded 2 times (x 75B)
Class kotlin.sequences.SequencesKt___SequencesKt                                      : loaded 2 times (x 71B)
Class org.jetbrains.plugins.gradle.tooling.serialization.KotlinDslScriptsModelSerializationService: loaded 2 times (x 81B)
Class kotlin.reflect.KFunction                                                        : loaded 2 times (x 70B)
Class kotlin.collections.ArrayDeque                                                   : loaded 2 times (x 207B)
Class org.objectweb.asm.SymbolTable$Entry                                             : loaded 2 times (x 74B)
Class com.google.common.util.concurrent.AbstractFuture$AtomicHelper                   : loaded 2 times (x 78B)
Class org.jetbrains.kotlin.idea.gradleTooling.KotlinGradleModel                       : loaded 2 times (x 70B)
Class org.jetbrains.plugins.gradle.tooling.serialization.ExternalTestsSerializationService$WriteContext: loaded 2 times (x 72B)
Class kotlin.collections.MapsKt__MapsKt                                               : loaded 2 times (x 71B)
Class com.android.builder.model.v2.ide.Variant                                        : loaded 2 times (x 70B)
Class org.objectweb.asm.Edge                                                          : loaded 2 times (x 72B)
Class com.google.common.base.Suppliers$SupplierOfInstance                             : loaded 2 times (x 79B)
Class kotlin.text.MatcherMatchResult$groupValues$1                                    : loaded 2 times (x 198B)
Class org.gradle.tooling.model.Model                                                  : loaded 2 times (x 70B)
Class com.google.common.cache.LocalCache$ComputingValueReference                      : loaded 2 times (x 96B)
Class com.google.common.collect.ReverseNaturalOrdering                                : loaded 2 times (x 114B)
Class com.google.common.collect.ImmutableMap$IteratorBasedImmutableMap                : loaded 2 times (x 126B)
Class com.android.ide.gradle.model.composites.BuildMap                                : loaded 2 times (x 70B)
Class kotlin.text.MatchResult$Destructured                                            : loaded 2 times (x 72B)
Class kotlin.Metadata                                                                 : loaded 2 times (x 70B)
Class kotlin.UninitializedPropertyAccessException                                     : loaded 2 times (x 82B)
Class com.android.builder.model.v2.ide.Library                                        : loaded 2 times (x 70B)
Class com.android.builder.model.v2.ide.ArtifactDependenciesAdjacencyList              : loaded 2 times (x 70B)
Class com.android.builder.model.v2.models.Versions                                    : loaded 2 times (x 70B)
Class com.google.common.cache.LocalCache$Segment                                      : loaded 2 times (x 154B)
Class org.jetbrains.plugins.gradle.model.IntelliJProjectSettings                      : loaded 2 times (x 70B)
Class org.gradle.tooling.internal.adapter.ProtocolToModelAdapter$MethodInvocationCache: loaded 2 times (x 73B)
Class org.gradle.internal.classloader.DefaultClassLoaderFactory                       : loaded 2 times (x 82B)
Class com.android.builder.model.v2.models.ndk.NativeModule                            : loaded 2 times (x 70B)
Class com.google.common.collect.AbstractListMultimap                                  : loaded 2 times (x 172B)
Class [Lorg.objectweb.asm.SymbolTable$Entry;                                          : loaded 2 times (x 69B)
Class com.google.common.cache.CacheLoader                                             : loaded 2 times (x 74B)
Class com.intellij.util.containers.IntObjectHashMap$ArrayProducer                     : loaded 2 times (x 70B)
Class com.google.common.collect.ImmutableBiMap                                        : loaded 2 times (x 143B)
Class org.jetbrains.plugins.gradle.model.ExternalDependency                           : loaded 2 times (x 70B)
Class com.intellij.util.containers.IntObjectHashMap                                   : loaded 2 times (x 72B)
Class org.gradle.internal.installation.GradleInstallation$1                           : loaded 2 times (x 75B)
Class org.gradle.api.internal.classpath.ModuleRegistry                                : loaded 2 times (x 70B)
Class com.google.common.util.concurrent.internal.InternalFutureFailureAccess          : loaded 2 times (x 72B)
Class com.android.ide.common.repository.AgpVersion$PreviewKind$Companion              : loaded 2 times (x 71B)
Class org.jetbrains.kotlin.idea.gradleTooling.AndroidAwareGradleModelProvider$Companion: loaded 2 times (x 71B)
Class com.google.common.collect.ImmutableSet$JdkBackedSetBuilderImpl                  : loaded 2 times (x 76B)
Class org.jetbrains.plugins.gradle.model.VersionCatalogsModel                         : loaded 2 times (x 70B)
Class com.intellij.gradle.toolingExtension.impl.model.sourceSetDependencyModel.GradleSourceSetDependencySerialisationService$SourceSetDependencyModelReadContext: loaded 2 times (x 72B)
Class com.intellij.gradle.toolingExtension.impl.model.dependencyModel.DependencyReadContext: loaded 2 times (x 72B)
Class org.gradle.tooling.internal.adapter.ObjectGraphAdapter                          : loaded 2 times (x 70B)
Class com.google.common.collect.ImmutableMultimap$Values                              : loaded 2 times (x 126B)
Class com.android.builder.model.v2.ide.Installation                                   : loaded 2 times (x 70B)
Class com.google.common.util.concurrent.AbstractFuture$UnsafeAtomicHelper             : loaded 2 times (x 78B)
Class com.google.common.base.Suppliers                                                : loaded 2 times (x 71B)
Class com.google.common.cache.LocalCache$LocalManualCache$1                           : loaded 2 times (x 75B)
Class org.jetbrains.plugins.gradle.model.ProjectImportModelProvider                   : loaded 2 times (x 70B)
Class org.jetbrains.plugins.gradle.model.ExternalSourceSet                            : loaded 2 times (x 70B)
Class com.intellij.gradle.toolingExtension.impl.model.warmUp.GradleTaskWarmUpRequest  : loaded 2 times (x 70B)
Class com.android.ide.gradle.model.LegacyAndroidGradlePluginPropertiesModelParameters : loaded 2 times (x 70B)
Class com.google.common.collect.ImmutableSortedAsList                                 : loaded 2 times (x 221B)
Class kotlin.text.RegexKt                                                             : loaded 2 times (x 71B)
Class kotlin.coroutines.intrinsics.IntrinsicsKt__IntrinsicsKt                         : loaded 2 times (x 71B)
Class com.android.builder.model.v2.models.ModelBuilderParameter                       : loaded 2 times (x 70B)
Class [Lcom.google.common.cache.CacheBuilder$OneWeigher;                              : loaded 2 times (x 69B)
Class org.objectweb.asm.MethodTooLargeException                                       : loaded 2 times (x 83B)
Class com.intellij.gradle.toolingExtension.impl.model.sourceSetArtifactIndex.GradleSourceSetArtifactBuildRequest: loaded 2 times (x 70B)
Class kotlin.io.FilesKt__UtilsKt                                                      : loaded 2 times (x 71B)
Class com.google.common.collect.Lists$TransformingRandomAccessList                    : loaded 2 times (x 199B)
Class kotlin.collections.CollectionsKt__CollectionsJVMKt                              : loaded 2 times (x 71B)
Class org.gradle.api.internal.classpath.DefaultModuleRegistry                         : loaded 2 times (x 86B)
Class com.google.common.base.Platform$JdkPatternCompiler                              : loaded 2 times (x 75B)
Class com.google.common.util.concurrent.ListenableFuture                              : loaded 2 times (x 70B)
Class com.google.common.cache.ReferenceEntry                                          : loaded 2 times (x 70B)
Class com.google.common.base.Converter                                                : loaded 2 times (x 90B)
Class org.gradle.internal.operations.MultipleBuildOperationFailures                   : loaded 2 times (x 95B)
Class org.jetbrains.plugins.gradle.tooling.serialization.internal.IdeaProjectSerializationService$WriteContext$1: loaded 2 times (x 83B)
Class org.jetbrains.plugins.gradle.model.ExternalProject                              : loaded 2 times (x 70B)
Class kotlin.sequences.SequencesKt                                                    : loaded 2 times (x 71B)
Class kotlin.collections.CollectionsKt__IteratorsKt                                   : loaded 2 times (x 71B)
Class [Lcom.android.builder.model.v2.ide.CodeShrinker;                                : loaded 2 times (x 69B)
Class com.google.common.collect.AbstractMapBasedMultimap                              : loaded 2 times (x 139B)
Class com.google.common.util.concurrent.AbstractFuture                                : loaded 2 times (x 106B)
Class com.google.common.base.FunctionalEquivalence                                    : loaded 2 times (x 83B)
Class org.gradle.tooling.internal.adapter.MethodInvocation                            : loaded 2 times (x 85B)
Class kotlin.sequences.TransformingSequence                                           : loaded 2 times (x 75B)
Class org.jetbrains.plugins.gradle.tooling.serialization.internal.IdeaProjectSerializationService$WriteContext$2: loaded 2 times (x 83B)
Class kotlin.text.StringsKt                                                           : loaded 2 times (x 71B)
Class com.google.common.collect.ImmutableMultiset                                     : loaded 2 times (x 163B)
Class org.objectweb.asm.RecordComponentVisitor                                        : loaded 2 times (x 77B)
Class com.google.common.cache.CacheLoader$SupplierToCacheLoader                       : loaded 2 times (x 75B)
Class org.jetbrains.plugins.gradle.tooling.serialization.AnnotationProcessingModelSerializationService$ReadContext: loaded 2 times (x 72B)
Class org.jetbrains.plugins.gradle.tooling.serialization.internal.IdeaProjectSerializationService$WriteContext$3: loaded 2 times (x 83B)
Class gnu.trove.TObjectHash$NULL                                                      : loaded 2 times (x 71B)
Class org.gradle.util.internal.DefaultGradleVersion$Stage                             : loaded 2 times (x 75B)
Class kotlin.coroutines.jvm.internal.RestrictedContinuationImpl                       : loaded 2 times (x 87B)
Class com.google.common.collect.Maps$EntryTransformer                                 : loaded 2 times (x 70B)
Class org.jetbrains.kotlin.idea.gradleTooling.AndroidAwareGradleModelProvider         : loaded 2 times (x 79B)
Class org.jetbrains.plugins.gradle.tooling.serialization.internal.IdeaProjectSerializationService$WriteContext$4: loaded 2 times (x 83B)
Class com.intellij.gradle.toolingExtension.impl.model.sourceSetDependencyModel.GradleSourceSetDependencySerialisationService$Companion: loaded 2 times (x 71B)
Class [Lkotlin.Pair;                                                                  : loaded 2 times (x 69B)
Class kotlin.text.StringsKt__StringNumberConversionsKt                                : loaded 2 times (x 71B)
Class kotlin.io.FilesKt__FileReadWriteKt                                              : loaded 2 times (x 71B)
Class com.google.common.collect.UsingToStringOrdering                                 : loaded 2 times (x 114B)
Class kotlin.text.MatchNamedGroupCollection                                           : loaded 2 times (x 70B)
Class kotlin.jvm.internal.markers.KMutableList                                        : loaded 2 times (x 70B)
Class org.gradle.internal.time.MonotonicClock                                         : loaded 2 times (x 77B)
Class org.gradle.internal.service.ServiceLookupException                              : loaded 2 times (x 82B)
Class com.google.common.collect.Lists$ReverseList                                     : loaded 2 times (x 200B)
Class org.objectweb.asm.ClassVisitor                                                  : loaded 2 times (x 88B)
Class [Lcom.google.common.cache.LocalCache$EntryFactory;                              : loaded 2 times (x 69B)
Class com.intellij.gradle.toolingExtension.util.GradleVersionSpecificsUtil            : loaded 2 times (x 71B)
Class org.jetbrains.plugins.gradle.tooling.serialization.internal.IdeaProjectSerializationService$WriteContext$5: loaded 2 times (x 83B)
Class com.intellij.gradle.toolingExtension.impl.model.sourceSetDependencyModel.GradleSourceSetDependencySerialisationService$SourceSetDependencyModelWriteContext: loaded 2 times (x 72B)
Class kotlin.sequences.SequencesKt___SequencesKt$sortedWith$1                         : loaded 2 times (x 75B)
Class org.gradle.internal.classloader.ClassLoaderFactory                              : loaded 2 times (x 70B)
Class com.android.builder.model.v2.ide.LibraryInfo                                    : loaded 2 times (x 70B)
Class [Lorg.objectweb.asm.Symbol;                                                     : loaded 2 times (x 69B)
Class com.android.utils.FileUtils                                                     : loaded 2 times (x 71B)
Class com.google.common.cache.LocalCache$LocalManualCache                             : loaded 2 times (x 99B)
Class org.jetbrains.plugins.gradle.tooling.serialization.internal.IdeaProjectSerializationService$WriteContext$6: loaded 2 times (x 83B)
Class org.jetbrains.plugins.gradle.tooling.util.IntObjectMap                          : loaded 2 times (x 73B)
Class org.gradle.internal.service.CachingServiceLocator                               : loaded 2 times (x 82B)
Class com.google.common.collect.AbstractMapBasedMultimap$KeySet                       : loaded 2 times (x 137B)
Class com.android.builder.model.v2.ide.AaptOptions$Namespacing                        : loaded 2 times (x 79B)
Class com.google.common.math.IntMath                                                  : loaded 2 times (x 71B)
Class org.jetbrains.plugins.gradle.model.RepositoryModels                             : loaded 2 times (x 70B)
Class org.jetbrains.plugins.gradle.tooling.serialization.internal.IdeaProjectSerializationService$WriteContext$7: loaded 2 times (x 83B)
Class kotlin.collections.AbstractList$SubList                                         : loaded 2 times (x 198B)
Class kotlin.jvm.internal.CallableReference                                           : loaded 2 times (x 106B)
Class com.google.common.collect.ImmutableMapEntry                                     : loaded 2 times (x 85B)
Class org.jetbrains.plugins.gradle.tooling.serialization.internal.IdeaProjectSerializationService$WriteContext$8: loaded 2 times (x 83B)
Class gnu.trove.TObjectIntProcedure                                                   : loaded 2 times (x 70B)
Class kotlin.ranges.IntRange                                                          : loaded 2 times (x 93B)
Class org.gradle.tooling.model.idea.IdeaDependencyScope                               : loaded 2 times (x 70B)
Class org.gradle.internal.time.TimeSource                                             : loaded 2 times (x 70B)
Class org.gradle.tooling.model.kotlin.dsl.KotlinDslScriptsModel                       : loaded 2 times (x 70B)
Class com.google.common.collect.ImmutableMultimap                                     : loaded 2 times (x 147B)
Class com.android.builder.model.v2.ide.TestInfo                                       : loaded 2 times (x 70B)
Class com.google.common.base.Equivalence                                              : loaded 2 times (x 82B)
Class org.gradle.tooling.internal.adapter.TargetTypeProvider                          : loaded 2 times (x 70B)
Class com.google.common.collect.ImmutableMapEntry$NonTerminalImmutableMapEntry        : loaded 2 times (x 85B)
Class org.jetbrains.plugins.gradle.tooling.serialization.SerializationService         : loaded 2 times (x 70B)
Class org.gradle.tooling.internal.gradle.GradleBuildIdentity                          : loaded 2 times (x 70B)
Class kotlin.enums.EnumEntries                                                        : loaded 2 times (x 70B)
Class com.android.builder.model.v2.ide.JavaCompileOptions                             : loaded 2 times (x 70B)
Class com.google.common.collect.IndexedImmutableSet$1                                 : loaded 2 times (x 213B)
Class com.google.common.cache.CacheBuilder$OneWeigher                                 : loaded 2 times (x 82B)
Class kotlin.ranges.IntProgression$Companion                                          : loaded 2 times (x 71B)
Class org.jetbrains.plugins.gradle.tooling.serialization.internal.adapter.Supplier    : loaded 2 times (x 70B)
Class org.gradle.tooling.internal.adapter.ProtocolToModelAdapter$MixInMappingAction   : loaded 2 times (x 80B)
Class org.gradle.internal.exceptions.ResolutionProvider                               : loaded 2 times (x 70B)
Class kotlin.text.MatchResult$DefaultImpls                                            : loaded 2 times (x 71B)
Class org.gradle.tooling.model.idea.IdeaCompilerOutput                                : loaded 2 times (x 70B)
Class org.gradle.tooling.model.ProjectIdentifier                                      : loaded 2 times (x 70B)
Class org.gradle.internal.classloader.ClasspathUtil                                   : loaded 2 times (x 71B)
Class com.android.builder.model.v2.ide.ComponentInfo                                  : loaded 2 times (x 70B)
Class org.jetbrains.kotlin.tooling.core.HasExtras                                     : loaded 2 times (x 70B)
Class com.google.common.base.Charsets                                                 : loaded 2 times (x 71B)
Class com.google.common.util.concurrent.Uninterruptibles                              : loaded 2 times (x 71B)
Class com.android.builder.model.v2.ide.ProjectType                                    : loaded 2 times (x 79B)
Class com.intellij.gradle.toolingExtension.impl.model.sourceSetModel.GradleSourceSetSerialisationService: loaded 2 times (x 77B)
Class kotlin.io.FileSystemException                                                   : loaded 2 times (x 82B)
Class com.android.builder.model.v2.dsl.BaseConfig                                     : loaded 2 times (x 70B)
Class com.google.common.collect.Maps                                                  : loaded 2 times (x 71B)
Class org.gradle.internal.time.TimeSource$1                                           : loaded 2 times (x 77B)
Class kotlin.jvm.internal.DefaultConstructorMarker                                    : loaded 2 times (x 71B)
Class org.gradle.api.specs.Spec                                                       : loaded 2 times (x 70B)
Class [Lcom.google.common.collect.ImmutableEntry;                                     : loaded 2 times (x 69B)
Class com.google.common.cache.LocalCache$LoadingValueReference                        : loaded 2 times (x 96B)
Class com.intellij.gradle.toolingExtension.impl.model.buildScriptClasspathModel.GradleBuildScriptClasspathSerializationService: loaded 2 times (x 77B)
Class org.jetbrains.plugins.gradle.model.GradleExtensions                             : loaded 2 times (x 70B)
Class com.google.common.base.Platform                                                 : loaded 2 times (x 71B)
Class org.jetbrains.plugins.gradle.model.FileCollectionDependency                     : loaded 2 times (x 70B)
Class com.intellij.gradle.toolingExtension.impl.model.utilDummyModel.DummyModel       : loaded 2 times (x 70B)
Class kotlin.text.StringsKt__RegexExtensionsKt                                        : loaded 2 times (x 71B)
Class kotlin.collections.EmptyIterator                                                : loaded 2 times (x 89B)
Class org.gradle.internal.time.Clock                                                  : loaded 2 times (x 70B)
Class com.android.builder.model.v2.dsl.ProductFlavor                                  : loaded 2 times (x 70B)
Class [Lcom.android.builder.model.v2.ide.TestInfo$Execution;                          : loaded 2 times (x 69B)
Class [Lorg.objectweb.asm.AnnotationWriter;                                           : loaded 2 times (x 69B)
Class com.google.common.collect.Maps$8                                                : loaded 2 times (x 82B)
Class org.jetbrains.plugins.gradle.model.GradleSourceSetDependencyModel               : loaded 2 times (x 70B)
Class kotlin.io.FilePathComponents                                                    : loaded 2 times (x 72B)
Class com.google.common.collect.CompoundOrdering                                      : loaded 2 times (x 115B)
Class kotlin.sequences.SequencesKt__SequencesJVMKt                                    : loaded 2 times (x 71B)
Class kotlin.coroutines.jvm.internal.RestrictedSuspendLambda                          : loaded 2 times (x 91B)
Class org.gradle.tooling.internal.adapter.TypeInspector                               : loaded 2 times (x 73B)
Class org.gradle.tooling.internal.adapter.ProtocolToModelAdapter$NoOpDecoration       : loaded 2 times (x 79B)
Class org.gradle.tooling.model.Element                                                : loaded 2 times (x 70B)
Class kotlin.collections.AbstractList                                                 : loaded 2 times (x 197B)
Class kotlin.collections.AbstractCollection                                           : loaded 2 times (x 117B)
Class com.google.common.collect.Lists$ReverseList$1                                   : loaded 2 times (x 99B)
Class org.jetbrains.plugins.gradle.model.AnnotationProcessingModel                    : loaded 2 times (x 70B)
Class org.jetbrains.kotlin.tooling.core.Extras                                        : loaded 2 times (x 70B)
Class com.google.common.collect.Sets$SetView                                          : loaded 2 times (x 138B)
Class com.google.common.cache.LocalCache$StrongValueReference                         : loaded 2 times (x 90B)
Class com.google.common.util.concurrent.AbstractFuture$SynchronizedHelper             : loaded 2 times (x 78B)
Class com.intellij.gradle.toolingExtension.impl.model.taskModel.GradleTaskSerialisationService: loaded 2 times (x 76B)
Class com.android.ide.gradle.model.LegacyV1AgpVersionModel                            : loaded 2 times (x 70B)
Class kotlin.text.StringsKt__StringBuilderJVMKt                                       : loaded 2 times (x 71B)
Class kotlin.text.Regex                                                               : loaded 2 times (x 72B)
Class kotlin.sequences.SequencesKt__SequenceBuilderKt$sequence$$inlined$Sequence$1    : loaded 2 times (x 75B)
Class kotlin.Triple                                                                   : loaded 2 times (x 72B)
Class org.objectweb.asm.Type                                                          : loaded 2 times (x 72B)
Class org.jetbrains.plugins.gradle.tooling.util.IntObjectMap$1                        : loaded 2 times (x 77B)
Class org.gradle.internal.classloader.VisitableURLClassLoader$InstrumentingVisitableURLClassLoader: loaded 2 times (x 123B)
Class com.android.builder.model.v2.ide.AndroidGradlePluginProjectFlags                : loaded 2 times (x 70B)
Class [Lcom.android.builder.model.v2.ide.AndroidGradlePluginProjectFlags$BooleanFlag; : loaded 2 times (x 69B)
Class com.android.builder.model.v2.ide.BasicVariant                                   : loaded 2 times (x 70B)
Class org.objectweb.asm.ByteVector                                                    : loaded 2 times (x 79B)
Class [Lcom.google.common.cache.CacheBuilder$NullListener;                            : loaded 2 times (x 69B)
Class com.google.common.math.IntMath$1                                                : loaded 2 times (x 71B)
Class kotlin.comparisons.ComparisonsKt__ComparisonsKt                                 : loaded 2 times (x 71B)
Class kotlin.ranges.RangesKt__RangesKt                                                : loaded 2 times (x 71B)
Class kotlin.collections.SetsKt___SetsKt                                              : loaded 2 times (x 71B)
Class kotlin.sequences.SequencesKt__SequencesKt                                       : loaded 2 times (x 71B)
Class kotlin.coroutines.Continuation                                                  : loaded 2 times (x 70B)
Class org.gradle.internal.classloader.VisitableURLClassLoader$Spec                    : loaded 2 times (x 74B)
Class org.gradle.internal.classpath.DefaultClassPath                                  : loaded 2 times (x 90B)
Class com.android.builder.model.v2.ide.BundleInfo                                     : loaded 2 times (x 70B)
Class com.android.builder.model.v2.ide.SourceProvider                                 : loaded 2 times (x 70B)
Class org.objectweb.asm.Symbol                                                        : loaded 2 times (x 73B)
Class org.jetbrains.plugins.gradle.model.GradleBuildScriptClasspathModel              : loaded 2 times (x 70B)
Class kotlin.sequences.FilteringSequence                                              : loaded 2 times (x 75B)
Class kotlin.text.CharsKt__CharJVMKt                                                  : loaded 2 times (x 71B)
Class kotlin.comparisons.ComparisonsKt                                                : loaded 2 times (x 71B)
Class kotlin.comparisons.ComparisonsKt___ComparisonsKt                                : loaded 2 times (x 71B)
Class kotlin.coroutines.jvm.internal.BaseContinuationImpl                             : loaded 2 times (x 87B)
Class kotlin.Result$Companion                                                         : loaded 2 times (x 71B)
Class org.gradle.util.internal.DefaultGradleVersion                                   : loaded 2 times (x 82B)
Class com.google.common.base.CharMatcher$Ascii                                        : loaded 2 times (x 112B)
Class com.google.common.collect.ImmutableMap$MapViewOfValuesAsSingletonSets           : loaded 2 times (x 126B)
Class com.google.common.collect.RegularImmutableMap$Values                            : loaded 2 times (x 207B)
Class com.google.common.collect.RegularImmutableMap                                   : loaded 2 times (x 121B)
Class org.gradle.internal.classloader.ClassLoaderSpec                                 : loaded 2 times (x 71B)
Class org.objectweb.asm.AnnotationWriter                                              : loaded 2 times (x 79B)
Class com.google.common.cache.CacheStats                                              : loaded 2 times (x 71B)
Class kotlin.jvm.internal.FunctionReferenceImpl                                       : loaded 2 times (x 122B)
Class kotlin.collections.CollectionsKt___CollectionsJvmKt                             : loaded 2 times (x 71B)
Class com.google.common.collect.ImmutableMultisetGwtSerializationDependencies         : loaded 2 times (x 125B)
Class org.objectweb.asm.RecordComponentWriter                                         : loaded 2 times (x 78B)
Class [Lcom.android.builder.model.v2.ide.ProjectType;                                 : loaded 2 times (x 69B)
Class com.google.common.util.concurrent.AbstractFuture$Listener                       : loaded 2 times (x 72B)
Class com.android.builder.model.v2.ide.AndroidArtifact                                : loaded 2 times (x 70B)
Class Settings_gradle$1$1                                                             : loaded 2 times (x 74B)
Class kotlin.TuplesKt                                                                 : loaded 2 times (x 71B)
Class kotlin.jvm.internal.markers.KMutableIterable                                    : loaded 2 times (x 70B)
Class kotlin.Unit                                                                     : loaded 2 times (x 71B)
Class kotlin.sequences.SequencesKt___SequencesJvmKt                                   : loaded 2 times (x 71B)
Class org.gradle.tooling.internal.adapter.ProtocolToModelAdapter$DefaultViewBuilder   : loaded 2 times (x 80B)
Class [Lcom.android.builder.model.v2.ide.AaptOptions$Namespacing;                     : loaded 2 times (x 69B)
Class com.android.ide.common.gradle.Version$Companion$ParseState                      : loaded 2 times (x 70B)
Class org.objectweb.asm.Attribute                                                     : loaded 2 times (x 77B)
Class com.google.common.base.Supplier                                                 : loaded 2 times (x 70B)
Class kotlin.ranges.RangesKt                                                          : loaded 2 times (x 71B)
Class org.gradle.tooling.internal.adapter.ProtocolToModelAdapter$ViewGraphDetails$1   : loaded 2 times (x 77B)
Class org.gradle.internal.classloader.VisitableURLClassLoader                         : loaded 2 times (x 117B)
Class com.google.common.util.concurrent.AbstractFuture$Waiter                         : loaded 2 times (x 72B)
Class com.android.ide.common.repository.AgpVersion$Companion                          : loaded 2 times (x 71B)
Class Settings_gradle                                                                 : loaded 2 times (x 128B)
Class org.jetbrains.plugins.gradle.tooling.serialization.ExternalTestsSerializationService$ReadContext: loaded 2 times (x 72B)
Class kotlin.sequences.FlatteningSequence$iterator$1                                  : loaded 2 times (x 79B)
Class kotlin.jvm.functions.Function0                                                  : loaded 2 times (x 70B)
Class kotlin.collections.ArraysUtilJVM                                                : loaded 2 times (x 71B)
Class org.gradle.api.internal.classpath.ManifestUtil                                  : loaded 2 times (x 71B)
Class org.gradle.tooling.internal.adapter.ProtocolToModelAdapter$InvocationHandlerImpl: loaded 2 times (x 77B)
Class org.gradle.tooling.model.idea.IdeaDependency                                    : loaded 2 times (x 70B)
Class com.android.builder.model.v2.ide.AaptOptions                                    : loaded 2 times (x 70B)
Class [Lcom.android.builder.model.v2.ide.BytecodeTransformation;                      : loaded 2 times (x 69B)
Class com.android.ide.common.gradle.Version$Companion                                 : loaded 2 times (x 71B)
Class com.google.common.base.Strings                                                  : loaded 2 times (x 71B)
Class com.google.common.collect.Sets                                                  : loaded 2 times (x 71B)
Class org.objectweb.asm.Handler                                                       : loaded 2 times (x 72B)
Class org.gradle.tooling.model.build.GradleEnvironment                                : loaded 2 times (x 70B)
Class com.google.common.base.Ticker                                                   : loaded 2 times (x 72B)
Class kotlin.collections.AbstractMutableList                                          : loaded 2 times (x 206B)
Class kotlin.jvm.functions.Function1                                                  : loaded 2 times (x 70B)
Class com.android.builder.model.v2.models.ndk.NativeModelBuilderParameter             : loaded 2 times (x 70B)
Class [Lcom.google.common.cache.LocalCache$Segment;                                   : loaded 2 times (x 69B)
Class sync_studio_tooling46662_ao8eaqpea7v9r3cwrvxom3d7h                              : loaded 2 times (x 179B)
Class [Lcom.google.common.cache.LocalCache$Strength;                                  : loaded 2 times (x 69B)
Class com.google.common.cache.CacheBuilder$1                                          : loaded 2 times (x 85B)
Class com.google.common.collect.ImmutableMap                                          : loaded 2 times (x 120B)
Class org.jetbrains.plugins.gradle.tooling.serialization.internal.IdeaProjectSerializationService$WriteContext: loaded 2 times (x 72B)
Class com.intellij.gradle.toolingExtension.impl.model.sourceSetDependencyModel.GradleSourceSetDependencySerialisationService: loaded 2 times (x 77B)
Class org.jetbrains.plugins.gradle.model.GradleSourceSetModel                         : loaded 2 times (x 70B)
Class kotlin.KotlinNothingValueException                                              : loaded 2 times (x 82B)
Class kotlin.jvm.functions.Function2                                                  : loaded 2 times (x 70B)
Class org.gradle.internal.classpath.DefaultClassPath$ImmutableUniqueList$Builder      : loaded 2 times (x 75B)
Class org.jetbrains.plugins.gradle.tooling.util.IntObjectMap$ObjectFactory            : loaded 2 times (x 70B)
Class com.google.common.util.concurrent.ExecutionError                                : loaded 2 times (x 82B)
Class com.google.common.cache.LocalCache                                              : loaded 2 times (x 187B)
Class com.google.common.cache.CacheBuilder$2                                          : loaded 2 times (x 79B)
Class com.android.ide.gradle.model.dependencies.Coordinates                           : loaded 2 times (x 70B)
Class kotlin.collections.MapsKt___MapsJvmKt                                           : loaded 2 times (x 71B)
Class org.gradle.tooling.internal.adapter.WeakIdentityHashMap$AbsentValueProvider     : loaded 2 times (x 70B)
Class com.google.common.collect.ArrayListMultimap                                     : loaded 2 times (x 172B)
Class com.google.common.cache.CacheBuilder$3                                          : loaded 2 times (x 72B)
Class [Lcom.google.common.collect.AbstractMapEntry;                                   : loaded 2 times (x 69B)
Class com.google.common.collect.ImmutableEntry                                        : loaded 2 times (x 82B)
Class gnu.trove.TObjectHash                                                           : loaded 2 times (x 94B)
Class org.jetbrains.plugins.gradle.tooling.util.ObjectCollector$Processor             : loaded 2 times (x 70B)
Class kotlin.jvm.functions.Function4                                                  : loaded 2 times (x 70B)
Class kotlin.collections.EmptySet                                                     : loaded 2 times (x 122B)
Class kotlin.annotation.Target                                                        : loaded 2 times (x 70B)
Class kotlin.collections.CollectionsKt___CollectionsKt                                : loaded 2 times (x 71B)
Class com.google.common.collect.ImmutableEnumSet                                      : loaded 2 times (x 146B)
Class org.gradle.internal.exceptions.NonGradleCauseExceptionsHolder                   : loaded 2 times (x 70B)
Class org.gradle.tooling.model.idea.IdeaModuleDependency                              : loaded 2 times (x 70B)
Class org.gradle.tooling.internal.adapter.ViewBuilder                                 : loaded 2 times (x 70B)
Class com.android.builder.model.v2.ide.AndroidLibraryData                             : loaded 2 times (x 70B)
Class com.android.builder.model.v2.ide.ApiVersion                                     : loaded 2 times (x 70B)
Class com.android.ide.common.gradle.Version                                           : loaded 2 times (x 75B)
Class com.google.common.collect.CollectPreconditions                                  : loaded 2 times (x 71B)
Class org.jetbrains.plugins.gradle.model.AnnotationProcessingConfig                   : loaded 2 times (x 70B)
Class gnu.trove.Equality                                                              : loaded 2 times (x 70B)
Class kotlin.text.StringsKt___StringsJvmKt                                            : loaded 2 times (x 71B)
Class kotlin.reflect.KDeclarationContainer                                            : loaded 2 times (x 70B)
Class kotlin.annotation.Retention                                                     : loaded 2 times (x 70B)
Class com.android.builder.model.v2.models.Versions$Version                            : loaded 2 times (x 70B)
Class com.google.common.collect.SortedMapDifference                                   : loaded 2 times (x 70B)
Class org.jetbrains.plugins.gradle.tooling.ModelBuilderService$Parameter              : loaded 2 times (x 70B)
Class kotlin.io.FilesKt                                                               : loaded 2 times (x 71B)
Class kotlin.collections.MapsKt___MapsKt                                              : loaded 2 times (x 71B)
Class kotlin.collections.ArraysKt___ArraysKt                                          : loaded 2 times (x 71B)
Class com.google.common.cache.LocalCache$WriteThroughEntry                            : loaded 2 times (x 79B)
Class com.google.common.cache.LocalCache$HashIterator                                 : loaded 2 times (x 86B)
Class com.google.common.cache.LocalCache$EntryFactory                                 : loaded 2 times (x 83B)
Class gnu.trove.TObjectHashingStrategy                                                : loaded 2 times (x 70B)
Class kotlin.collections.MapsKt__MapWithDefaultKt                                     : loaded 2 times (x 71B)
Class org.gradle.tooling.internal.adapter.ProtocolToModelAdapter$ReflectionMethodInvoker: loaded 2 times (x 76B)
Class [Lcom.android.ide.common.gradle.Separator;                                      : loaded 2 times (x 69B)
Class org.jetbrains.kotlin.tooling.core.HasMutableExtras                              : loaded 2 times (x 70B)
Class com.google.common.cache.LocalCache$AbstractReferenceEntry                       : loaded 2 times (x 107B)
Class kotlin.text.StringsKt___StringsKt                                               : loaded 2 times (x 71B)
Class com.google.common.collect.NullsLastOrdering                                     : loaded 2 times (x 115B)
Class kotlin.collections.CollectionsKt__MutableCollectionsJVMKt                       : loaded 2 times (x 71B)
Class com.android.builder.model.v2.models.VariantDependenciesAdjacencyList            : loaded 2 times (x 70B)
Class kotlin.enums.EnumEntriesKt                                                      : loaded 2 times (x 71B)
Class com.android.builder.model.v2.models.VariantDependencies                         : loaded 2 times (x 70B)
Class org.gradle.internal.classloader.ClassLoaderHierarchy                            : loaded 2 times (x 70B)
Class org.objectweb.asm.SymbolTable                                                   : loaded 2 times (x 72B)
Class com.google.common.cache.CacheLoader$InvalidCacheLoadException                   : loaded 2 times (x 82B)
Class kotlin.collections.CollectionsKt__ReversedViewsKt                               : loaded 2 times (x 71B)
Class com.intellij.gradle.toolingExtension.model.repositoryModel.ProjectRepositoriesModel: loaded 2 times (x 70B)
Class org.jetbrains.plugins.gradle.model.GradleProperty                               : loaded 2 times (x 70B)
Class gnu.trove.TObjectCanonicalHashingStrategy                                       : loaded 2 times (x 78B)
Class org.gradle.internal.classloader.SystemClassLoaderSpec                           : loaded 2 times (x 71B)
Class com.android.builder.model.v2.ide.TestedTargetVariant                            : loaded 2 times (x 70B)
Class com.google.common.cache.LocalCache$StrongEntry                                  : loaded 2 times (x 108B)
Class com.google.common.util.concurrent.AbstractFuture$TrustedFuture                  : loaded 2 times (x 114B)
Class com.google.common.cache.LoadingCache                                            : loaded 2 times (x 70B)
Class kotlin.ranges.IntRange$Companion                                                : loaded 2 times (x 71B)
Class kotlin.text.MatcherMatchResult$groups$1                                         : loaded 2 times (x 151B)
Class kotlin.collections.EmptyMap                                                     : loaded 2 times (x 108B)
Class kotlin.reflect.KAnnotatedElement                                                : loaded 2 times (x 70B)
Class kotlin.jvm.internal.markers.KMutableCollection                                  : loaded 2 times (x 70B)
Class kotlin.coroutines.intrinsics.IntrinsicsKt                                       : loaded 2 times (x 71B)
Class org.gradle.internal.exceptions.MultiCauseException                              : loaded 2 times (x 70B)
Class org.gradle.internal.time.CountdownTimer                                         : loaded 2 times (x 70B)
Class kotlin.jvm.internal.Intrinsics                                                  : loaded 2 times (x 71B)
Class org.objectweb.asm.MethodWriter                                                  : loaded 2 times (x 106B)
Class [Lcom.google.common.cache.Weigher;                                              : loaded 2 times (x 69B)
Class com.google.common.collect.RegularImmutableMap$BucketOverflowException           : loaded 2 times (x 82B)
Class com.intellij.gradle.toolingExtension.impl.model.projectModel.GradleExternalProjectSerializationService$ReadContext: loaded 2 times (x 73B)
Class com.intellij.gradle.toolingExtension.impl.model.dependencyModel.DependencyWriteContext: loaded 2 times (x 72B)
Class kotlin.collections.MapsKt                                                       : loaded 2 times (x 71B)
Class kotlin.coroutines.intrinsics.CoroutineSingletons                                : loaded 2 times (x 79B)
Class kotlin.collections.CollectionsKt__IterablesKt                                   : loaded 2 times (x 71B)
Class org.gradle.tooling.model.ProjectModel                                           : loaded 2 times (x 70B)
Class com.google.common.collect.ImmutableMultimap$1                                   : loaded 2 times (x 82B)
Class com.android.ide.common.gradle.Version$Companion$ParseState$EMPTY                : loaded 2 times (x 74B)
Class kotlin.ranges.OpenEndRange                                                      : loaded 2 times (x 70B)
Class kotlin.sequences.SequenceBuilderIterator                                        : loaded 2 times (x 85B)
Class kotlin.KotlinNullPointerException                                               : loaded 2 times (x 83B)
Class com.google.common.collect.ImmutableMultimap$2                                   : loaded 2 times (x 81B)
Class com.android.ide.common.repository.AgpVersion$Companion$WhenMappings             : loaded 2 times (x 71B)
Class com.google.common.collect.RegularImmutableBiMap                                 : loaded 2 times (x 149B)
Class kotlin.sequences.SequencesKt__SequenceBuilderKt                                 : loaded 2 times (x 71B)
Class kotlin.io.FilesKt__FileTreeWalkKt                                               : loaded 2 times (x 71B)
Class com.google.common.cache.LocalCache$ValueReference                               : loaded 2 times (x 70B)
Class org.jetbrains.plugins.gradle.model.tests.ExternalTestsModel                     : loaded 2 times (x 70B)
Class kotlin.ranges.RangesKt___RangesKt                                               : loaded 2 times (x 71B)
Class org.gradle.tooling.model.idea.IdeaLanguageLevel                                 : loaded 2 times (x 70B)
Class org.gradle.tooling.internal.adapter.ProtocolToModelAdapter$SafeMethodInvoker    : loaded 2 times (x 76B)
Class org.gradle.tooling.internal.adapter.WeakIdentityHashMap$WeakKey                 : loaded 2 times (x 79B)
Class org.gradle.internal.exceptions.DefaultMultiCauseException                       : loaded 2 times (x 95B)
Class com.android.builder.model.v2.ide.ProjectInfo                                    : loaded 2 times (x 70B)
Class com.google.common.base.PatternCompiler                                          : loaded 2 times (x 70B)
Class com.google.common.util.concurrent.AbstractFuture$Failure                        : loaded 2 times (x 72B)
Class com.google.common.base.Equivalence$Equals                                       : loaded 2 times (x 82B)
Class com.google.common.collect.Hashing                                               : loaded 2 times (x 71B)
Class kotlin.jvm.internal.CollectionToArray                                           : loaded 2 times (x 71B)
Class com.intellij.gradle.toolingExtension.impl.model.projectModel.GradleExternalProjectSerializationService: loaded 2 times (x 77B)
Class kotlin.text.CharsKt__CharKt                                                     : loaded 2 times (x 71B)
Class kotlin.collections.ArrayDeque$Companion                                         : loaded 2 times (x 71B)
Class kotlin.collections.ArraysKt                                                     : loaded 2 times (x 71B)
Class org.gradle.tooling.model.HierarchicalElement                                    : loaded 2 times (x 70B)
Class com.android.builder.model.v2.dsl.DependenciesInfo                               : loaded 2 times (x 70B)
Class kotlin.sequences.FilteringSequence$iterator$1                                   : loaded 2 times (x 79B)
Class org.objectweb.asm.Label                                                         : loaded 2 times (x 73B)
Class org.objectweb.asm.CurrentFrame                                                  : loaded 2 times (x 73B)
Class org.objectweb.asm.ClassTooLargeException                                        : loaded 2 times (x 83B)
Class com.intellij.gradle.toolingExtension.impl.model.sourceSetModel.GradleSourceSetSerialisationService$Companion: loaded 2 times (x 71B)
Class org.gradle.internal.classloader.FilteringClassLoader                            : loaded 2 times (x 105B)
Class org.jetbrains.plugins.gradle.tooling.serialization.ExternalTestsSerializationService: loaded 2 times (x 77B)
Class com.google.common.collect.ByFunctionOrdering                                    : loaded 2 times (x 115B)
Class kotlin.collections.SetsKt__SetsKt                                               : loaded 2 times (x 71B)
Class kotlin.coroutines.EmptyCoroutineContext                                         : loaded 2 times (x 77B)
Class org.gradle.internal.time.Time                                                   : loaded 2 times (x 71B)
Class com.android.builder.model.v2.models.ProjectGraph                                : loaded 2 times (x 70B)
Class com.android.ide.common.gradle.Version$Companion$ParseState$NUMERIC              : loaded 2 times (x 74B)
Class kotlin.NotImplementedError                                                      : loaded 2 times (x 82B)
Class kotlin.sequences.FlatteningSequence                                             : loaded 2 times (x 75B)
Class org.objectweb.asm.Frame                                                         : loaded 2 times (x 73B)
Class org.objectweb.asm.MethodVisitor                                                 : loaded 2 times (x 105B)
Class kotlin.text.MatcherMatchResult                                                  : loaded 2 times (x 80B)
Class kotlin.text.MatchGroupCollection                                                : loaded 2 times (x 70B)
Class com.google.common.cache.LocalCache$EntryFactory$1                               : loaded 2 times (x 83B)
Class [Lcom.google.common.cache.RemovalListener;                                      : loaded 2 times (x 69B)
Class com.android.ide.common.repository.AgpVersion$PreviewKind                        : loaded 2 times (x 79B)
Class org.jetbrains.plugins.gradle.tooling.serialization.AnnotationProcessingModelSerializationService: loaded 2 times (x 77B)
Class kotlin.collections.ArraysKt__ArraysJVMKt                                        : loaded 2 times (x 71B)
Class kotlin.text.StringsKt__StringsKt                                                : loaded 2 times (x 71B)
Class com.google.common.cache.LocalCache$EntryFactory$2                               : loaded 2 times (x 83B)
Class org.jetbrains.kotlin.idea.gradleTooling.model.kapt.KaptSourceSetModel           : loaded 2 times (x 70B)
Class org.jetbrains.plugins.gradle.model.DependencyAccessorsModel                     : loaded 2 times (x 70B)
Class [Lcom.intellij.openapi.externalSystem.model.project.dependencies.ResolutionState;: loaded 2 times (x 69B)
Class gnu.trove.TObjectIntHashMap                                                     : loaded 2 times (x 109B)
Class kotlin.text.StringsKt__StringBuilderKt                                          : loaded 2 times (x 71B)
Class kotlin.jvm.internal.CallableReference$NoReceiver                                : loaded 2 times (x 71B)
Class org.gradle.api.internal.classpath.GlobalCacheRootsProvider                      : loaded 2 times (x 70B)
Class com.google.common.collect.CollectCollectors                                     : loaded 2 times (x 71B)
Class org.objectweb.asm.ModuleWriter                                                  : loaded 2 times (x 82B)
Class com.google.common.cache.LocalCache$EntryFactory$3                               : loaded 2 times (x 83B)
Class com.google.common.base.Ticker$1                                                 : loaded 2 times (x 72B)
Class com.google.common.collect.Maps$BiMapConverter                                   : loaded 2 times (x 90B)
Class com.google.common.collect.ImmutableMapEntrySet$RegularEntrySet                  : loaded 2 times (x 152B)
Class org.jetbrains.kotlin.idea.gradleTooling.KotlinMPPGradleModel                    : loaded 2 times (x 70B)
Class com.intellij.gradle.toolingExtension.impl.model.dependencyDownloadPolicyModel.GradleDependencyDownloadPolicy: loaded 2 times (x 70B)
Class org.gradle.tooling.model.BuildIdentifier                                        : loaded 2 times (x 70B)
Class kotlin.NoWhenBranchMatchedException                                             : loaded 2 times (x 82B)
Class com.android.builder.model.v2.ide.VectorDrawablesOptions                         : loaded 2 times (x 70B)
Class com.android.ide.gradle.model.dependencies.DeclaredDependencies                  : loaded 2 times (x 70B)
Class com.google.common.cache.LocalCache$EntryFactory$4                               : loaded 2 times (x 83B)
Class com.google.common.collect.ImmutableSet$Builder                                  : loaded 2 times (x 85B)
Class org.jetbrains.kotlin.idea.gradleTooling.PrepareKotlinIdeImportTaskModel         : loaded 2 times (x 70B)
Class com.android.builder.model.v2.ide.Edge                                           : loaded 2 times (x 70B)
Class com.android.builder.model.v2.models.VariantDependenciesFlatList                 : loaded 2 times (x 70B)
Class com.google.common.cache.LocalCache$EntryFactory$5                               : loaded 2 times (x 83B)
Class com.android.ide.gradle.model.GradlePluginModel                                  : loaded 2 times (x 70B)
Class com.google.common.collect.ReverseOrdering                                       : loaded 2 times (x 115B)
Class org.gradle.tooling.model.build.JavaEnvironment                                  : loaded 2 times (x 70B)
Class org.jetbrains.plugins.gradle.tooling.serialization.internal.IdeaProjectSerializationService$ReadContext: loaded 2 times (x 72B)
Class com.android.builder.model.v2.ide.SourceSetContainer                             : loaded 2 times (x 70B)
Class com.google.common.cache.LocalCache$EntryFactory$6                               : loaded 2 times (x 83B)
Class org.gradle.internal.time.Timer                                                  : loaded 2 times (x 70B)
Class kotlin.jvm.internal.markers.KMappedMarker                                       : loaded 2 times (x 70B)
Class org.gradle.internal.installation.CurrentGradleInstallationLocator               : loaded 2 times (x 71B)
Class com.google.common.collect.ImmutableMultimap$Builder                             : loaded 2 times (x 86B)
Class com.android.builder.model.v2.ide.LintOptions                                    : loaded 2 times (x 70B)
Class com.google.common.collect.Maps$KeySet                                           : loaded 2 times (x 137B)
Class com.google.common.cache.LocalCache$EntryFactory$7                               : loaded 2 times (x 83B)
Class com.google.common.collect.ImmutableSet$EmptySetBuilderImpl                      : loaded 2 times (x 76B)
Class com.google.common.collect.RegularImmutableMap$KeySet                            : loaded 2 times (x 152B)
Class org.gradle.tooling.internal.adapter.ProtocolToModelAdapter$ViewGraphDetails     : loaded 2 times (x 72B)
Class org.gradle.tooling.model.idea.IdeaProject                                       : loaded 2 times (x 70B)
Class org.gradle.tooling.model.DomainObjectSet                                        : loaded 2 times (x 70B)
Class org.gradle.internal.service.DefaultServiceLocator                               : loaded 2 times (x 83B)
Class com.google.common.collect.ImmutableMultimap$EntryCollection                     : loaded 2 times (x 128B)
Class com.android.builder.model.v2.ide.BasicArtifact                                  : loaded 2 times (x 70B)
Class com.google.common.cache.LocalCache$EntryFactory$8                               : loaded 2 times (x 83B)
Class com.google.common.base.Equivalence$Identity                                     : loaded 2 times (x 82B)
Class kotlin.coroutines.jvm.internal.SuspendFunction                                  : loaded 2 times (x 70B)
Class org.gradle.util.GradleVersion                                                   : loaded 2 times (x 81B)
Class org.gradle.internal.installation.CurrentGradleInstallation                      : loaded 2 times (x 73B)
Class com.google.common.cache.CacheLoader$1                                           : loaded 2 times (x 75B)
Class com.google.common.collect.ForwardingObject                                      : loaded 2 times (x 72B)
Class com.google.common.base.PairwiseEquivalence                                      : loaded 2 times (x 83B)
Class org.jetbrains.plugins.gradle.javaModel.JavaGradleManifestModel                  : loaded 2 times (x 70B)
Class org.jetbrains.plugins.gradle.tooling.serialization.GradleExtensionsSerializationService$WriteContext: loaded 2 times (x 72B)
Class com.intellij.gradle.toolingExtension.impl.model.taskModel.GradleTaskSerialisationService$Companion: loaded 2 times (x 71B)
Class kotlin.jvm.internal.Ref$BooleanRef                                              : loaded 2 times (x 71B)
Class kotlin.jvm.internal.StringCompanionObject                                       : loaded 2 times (x 71B)
Class kotlin.coroutines.intrinsics.IntrinsicsKt__IntrinsicsJvmKt                      : loaded 2 times (x 71B)
Class kotlin.coroutines.jvm.internal.CoroutineStackFrame                              : loaded 2 times (x 70B)
Class org.gradle.tooling.internal.adapter.ProtocolToModelAdapter$MethodInvocationCache$MethodInvocationKey: loaded 2 times (x 73B)
Class org.gradle.util.internal.GUtil                                                  : loaded 2 times (x 71B)
Class com.android.utils.StringHelper                                                  : loaded 2 times (x 71B)
Class com.google.common.util.concurrent.AbstractFuture$SetFuture                      : loaded 2 times (x 75B)
Class com.google.common.cache.AbstractCache$StatsCounter                              : loaded 2 times (x 70B)
Class com.intellij.gradle.toolingExtension.impl.model.utilTurnOffDefaultTasksModel.TurnOffDefaultTasks: loaded 2 times (x 70B)
Class com.intellij.gradle.toolingExtension.impl.model.sourceSetModel.GradleSourceSetSerialisationService$SourceSetModelReadContext: loaded 2 times (x 72B)
Class kotlin.io.NoSuchFileException                                                   : loaded 2 times (x 82B)
Class kotlin.collections.CollectionsKt                                                : loaded 2 times (x 71B)
Class com.android.builder.model.v2.dsl.BuildType                                      : loaded 2 times (x 70B)
Class com.google.common.base.CommonPattern                                            : loaded 2 times (x 74B)
Class com.android.builder.model.v2.ide.ViewBindingOptions                             : loaded 2 times (x 70B)
Class com.intellij.gradle.toolingExtension.impl.model.sourceSetModel.GradleSourceSetSerialisationService$SourceSetModelWriteContext: loaded 2 times (x 72B)
Class kotlin.ranges.IntProgressionIterator                                            : loaded 2 times (x 82B)
Class kotlin.coroutines.CoroutineContext                                              : loaded 2 times (x 70B)
Class kotlin.coroutines.jvm.internal.DebugProbesKt                                    : loaded 2 times (x 71B)
Class org.gradle.tooling.internal.adapter.WeakIdentityHashMap                         : loaded 2 times (x 76B)
Class org.gradle.tooling.GradleConnectionException                                    : loaded 2 times (x 83B)
Class org.gradle.tooling.internal.adapter.ProtocolToModelAdapter$1                    : loaded 2 times (x 75B)
Class org.gradle.tooling.internal.adapter.ProtocolToModelAdapter$ViewDecoration       : loaded 2 times (x 70B)
Class org.gradle.internal.installation.GradleInstallation                             : loaded 2 times (x 75B)
Class com.google.common.collect.Iterables                                             : loaded 2 times (x 71B)
Class org.jetbrains.plugins.gradle.tooling.serialization.GradleExtensionsSerializationService$ReadContext: loaded 2 times (x 72B)
Class com.google.common.collect.LexicographicalOrdering                               : loaded 2 times (x 115B)
Class org.gradle.tooling.internal.adapter.MethodInvoker                               : loaded 2 times (x 70B)
Class com.android.ide.common.gradle.Part                                              : loaded 2 times (x 77B)
Class com.google.common.collect.Lists$RandomAccessReverseList                         : loaded 2 times (x 200B)
Class org.jetbrains.plugins.gradle.tooling.serialization.RepositoriesModelSerializationService$WriteContext: loaded 2 times (x 72B)
Class com.android.ide.gradle.model.LegacyAndroidGradlePluginProperties                : loaded 2 times (x 70B)
Class kotlin.ranges.IntProgression                                                    : loaded 2 times (x 81B)
Class kotlin.jvm.KotlinReflectionNotSupportedError                                    : loaded 2 times (x 82B)
Class org.gradle.tooling.model.gradle.GradleScript                                    : loaded 2 times (x 70B)

---------------  S Y S T E M  ---------------

OS:
 Windows 11 , 64 bit Build 26100 (10.0.26100.8115)
OS uptime: 4 days 20:49 hours
Hyper-V role detected

CPU: total 12 (initial active 12) (12 cores per cpu, 2 threads per core) family 23 model 104 stepping 1 microcode 0x8608103, cx8, cmov, fxsr, ht, mmx, 3dnowpref, sse, sse2, sse3, ssse3, sse4a, sse4.1, sse4.2, popcnt, lzcnt, tsc, tscinvbit, avx, avx2, aes, clmul, bmi1, bmi2, adx, sha, fma, vzeroupper, clflush, clflushopt, hv, rdtscp, rdpid, f16c
Processor Information for processor 0
  Max Mhz: 2100, Current Mhz: 2100, Mhz Limit: 2100
Processor Information for processor 1
  Max Mhz: 2100, Current Mhz: 2100, Mhz Limit: 2100
Processor Information for processor 2
  Max Mhz: 2100, Current Mhz: 2100, Mhz Limit: 2100
Processor Information for processor 3
  Max Mhz: 2100, Current Mhz: 1988, Mhz Limit: 2100
Processor Information for processor 4
  Max Mhz: 2100, Current Mhz: 1988, Mhz Limit: 2100
Processor Information for processor 5
  Max Mhz: 2100, Current Mhz: 1988, Mhz Limit: 2100
Processor Information for processor 6
  Max Mhz: 2100, Current Mhz: 1988, Mhz Limit: 2100
Processor Information for processor 7
  Max Mhz: 2100, Current Mhz: 2100, Mhz Limit: 2100
Processor Information for processor 8
  Max Mhz: 2100, Current Mhz: 2100, Mhz Limit: 2100
Processor Information for processor 9
  Max Mhz: 2100, Current Mhz: 1988, Mhz Limit: 2100
Processor Information for processor 10
  Max Mhz: 2100, Current Mhz: 1988, Mhz Limit: 2100
Processor Information for processor 11
  Max Mhz: 2100, Current Mhz: 2100, Mhz Limit: 2100

Memory: 4k page, system-wide physical 7563M (899M free)
TotalPageFile size 31115M (AvailPageFile size 0M)
current process WorkingSet (physical memory assigned to process): 159M, peak: 459M
current process commit charge ("private bytes"): 978M, peak: 1163M

vm_info: OpenJDK 64-Bit Server VM (21.0.10+-14961533-b1163.108) for windows-amd64 JRE (21.0.10+-14961533-b1163.108), built on 2026-03-02T19:58:50Z by "builder" with MS VC++ 16.10 / 16.11 (VS2019)

END.
